bandwidth_0,time_0,bandwidth_1,time_1,bandwidth_2,time_2,bandwidth_3,time_3,bandwidth_4,time_4,bandwidth_5,time_5,bandwidth_6,time_6,bandwidth_7,time_7,bandwidth_8,time_8,bandwidth_9,time_9,bandwidth_10,time_10,bandwidth_11,time_11,bandwidth_12,time_12,bandwidth_13,time_13,
0.0113636,0.011264,0.05,0.01024,0.2,0.01024,0.8,0.01024,3.2,0.01024,11.6364,0.011264,46.5455,0.011264,157.538,0.013312,431.158,0.019456,655.36,0.0512,744.727,0.180224,751.129,0.714752,748.448,2.86925,712.287,12.0596,
0.0125,0.01024,0.05,0.01024,0.2,0.01024,0.8,0.01024,3.2,0.01024,10.6667,0.012288,46.5455,0.011264,170.667,0.012288,431.158,0.019456,655.36,0.0512,744.727,0.180224,753.287,0.712704,750.054,2.8631,712.408,12.0576,
0.0125,0.01024,0.05,0.01024,0.2,0.01024,0.727273,0.011264,2.90909,0.011264,10.6667,0.012288,46.5455,0.011264,170.667,0.012288,455.111,0.018432,655.36,0.0512,753.287,0.178176,751.129,0.714752,749.25,2.86618,711.804,12.0678,
0.0125,0.01024,0.05,0.01024,0.2,0.01024,0.8,0.01024,2.90909,0.011264,11.6364,0.011264,46.5455,0.011264,170.667,0.012288,431.158,0.019456,642.51,0.052224,736.36,0.182272,753.287,0.712704,748.983,2.8672,712.893,12.0494,
0.0125,0.01024,0.05,0.01024,0.181818,0.011264,0.727273,0.011264,3.2,0.01024,11.6364,0.011264,46.5455,0.011264,157.538,0.013312,455.111,0.018432,655.36,0.0512,748.983,0.1792,752.207,0.713728,750.323,2.86208,712.227,12.0607,
0.0125,0.01024,0.05,0.01024,0.2,0.01024,0.8,0.01024,2.90909,0.011264,11.6364,0.011264,46.5455,0.011264,157.538,0.013312,455.111,0.018432,655.36,0.0512,748.983,0.1792,754.371,0.71168,748.181,2.87027,712.59,12.0545,
0.0113636,0.011264,0.05,0.01024,0.181818,0.011264,0.8,0.01024,2.90909,0.011264,11.6364,0.011264,46.5455,0.011264,157.538,0.013312,455.111,0.018432,668.735,0.050176,744.727,0.180224,752.207,0.713728,750.323,2.86208,713.014,12.0474,
0.0125,0.01024,0.05,0.01024,0.2,0.01024,0.8,0.01024,3.2,0.01024,11.6364,0.011264,46.5455,0.011264,157.538,0.013312,455.111,0.018432,655.36,0.0512,744.727,0.180224,756.548,0.709632,749.786,2.86413,712.893,12.0494,
0.0113636,0.011264,0.05,0.01024,0.181818,0.011264,0.727273,0.011264,3.2,0.01024,11.6364,0.011264,46.5455,0.011264,157.538,0.013312,455.111,0.018432,642.51,0.052224,744.727,0.180224,752.207,0.713728,748.181,2.87027,712.832,12.0504,
0.0125,0.01024,0.05,0.01024,0.2,0.01024,0.727273,0.011264,2.90909,0.011264,12.8,0.01024,51.2,0.01024,157.538,0.013312,455.111,0.018432,642.51,0.052224,744.727,0.180224,754.371,0.71168,747.381,2.87334,716.302,11.9921,
0.0125,0.01024,0.05,0.01024,0.181818,0.011264,0.8,0.01024,2.90909,0.011264,11.6364,0.011264,46.5455,0.011264,170.667,0.012288,455.111,0.018432,655.36,0.0512,744.727,0.180224,754.371,0.71168,747.381,2.87334,744.397,11.5395,
0.0125,0.01024,0.05,0.01024,0.2,0.01024,0.8,0.01024,2.90909,0.011264,11.6364,0.011264,46.5455,0.011264,157.538,0.013312,455.111,0.018432,655.36,0.0512,740.52,0.181248,757.642,0.708608,747.914,2.8713,743.341,11.5558,
0.0113636,0.011264,0.0454545,0.011264,0.181818,0.011264,0.8,0.01024,2.90909,0.011264,11.6364,0.011264,46.5455,0.011264,170.667,0.012288,455.111,0.018432,655.36,0.0512,740.52,0.181248,755.458,0.710656,748.715,2.86822,744.86,11.5323,
0.0125,0.01024,0.0555556,0.009216,0.2,0.01024,0.8,0.01024,3.2,0.01024,12.8,0.01024,46.5455,0.011264,170.667,0.012288,455.111,0.018432,642.51,0.052224,740.52,0.181248,754.371,0.71168,750.323,2.86208,744.661,11.5354,
0.0125,0.01024,0.05,0.01024,0.181818,0.011264,0.727273,0.011264,3.2,0.01024,12.8,0.01024,46.5455,0.011264,157.538,0.013312,455.111,0.018432,655.36,0.0512,736.36,0.182272,753.287,0.712704,749.786,2.86413,744.067,11.5446,
0.0125,0.01024,0.05,0.01024,0.2,0.01024,0.8,0.01024,2.90909,0.011264,11.6364,0.011264,46.5455,0.011264,157.538,0.013312,455.111,0.018432,642.51,0.052224,736.36,0.182272,755.458,0.710656,748.715,2.86822,744.199,11.5425,
0.0125,0.01024,0.0454545,0.011264,0.181818,0.011264,0.727273,0.011264,2.90909,0.011264,11.6364,0.011264,51.2,0.01024,157.538,0.013312,455.111,0.018432,655.36,0.0512,748.983,0.1792,752.207,0.713728,747.648,2.87232,744.926,11.5313,
0.0125,0.01024,0.05,0.01024,0.2,0.01024,0.8,0.01024,2.90909,0.011264,12.8,0.01024,46.5455,0.011264,157.538,0.013312,455.111,0.018432,630.154,0.053248,736.36,0.182272,754.371,0.71168,749.25,2.86618,744.529,11.5374,
0.0125,0.01024,0.05,0.01024,0.181818,0.011264,0.8,0.01024,3.2,0.01024,11.6364,0.011264,46.5455,0.011264,170.667,0.012288,455.111,0.018432,668.735,0.050176,736.36,0.182272,754.371,0.71168,750.054,2.8631,744.397,11.5395,
0.0125,0.01024,0.05,0.01024,0.2,0.01024,0.8,0.01024,3.2,0.01024,11.6364,0.011264,46.5455,0.011264,157.538,0.013312,455.111,0.018432,642.51,0.052224,728.178,0.18432,755.458,0.710656,749.518,2.86515,743.671,11.5507,
0.0125,0.01024,0.0357143,0.014336,0.2,0.01024,0.727273,0.011264,2.90909,0.011264,11.6364,0.011264,42.6667,0.012288,170.667,0.012288,431.158,0.019456,642.51,0.052224,744.727,0.180224,753.287,0.712704,747.115,2.87437,744.265,11.5415,
0.0113636,0.011264,0.05,0.01024,0.2,0.01024,0.727273,0.011264,2.90909,0.011264,11.6364,0.011264,46.5455,0.011264,157.538,0.013312,455.111,0.018432,642.51,0.052224,732.246,0.183296,756.548,0.709632,751.129,2.85901,744.793,11.5333,
0.0113636,0.011264,0.0454545,0.011264,0.2,0.01024,0.8,0.01024,2.90909,0.011264,12.8,0.01024,46.5455,0.011264,157.538,0.013312,455.111,0.018432,642.51,0.052224,732.246,0.183296,753.287,0.712704,750.591,2.86106,744.199,11.5425,
0.0125,0.01024,0.0555556,0.009216,0.2,0.01024,0.8,0.01024,2.90909,0.011264,11.6364,0.011264,46.5455,0.011264,157.538,0.013312,455.111,0.018432,630.154,0.053248,740.52,0.181248,754.371,0.71168,748.181,2.87027,744.793,11.5333,
0.0113636,0.011264,0.0454545,0.011264,0.2,0.01024,0.727273,0.011264,2.90909,0.011264,11.6364,0.011264,46.5455,0.011264,170.667,0.012288,455.111,0.018432,642.51,0.052224,740.52,0.181248,755.458,0.710656,751.398,2.85798,745.124,11.5282,
0.0125,0.01024,0.05,0.01024,0.2,0.01024,0.8,0.01024,2.90909,0.011264,12.8,0.01024,34.1333,0.01536,170.667,0.012288,431.158,0.019456,642.51,0.052224,748.983,0.1792,753.287,0.712704,750.323,2.86208,744.992,11.5302,
0.0125,0.01024,0.05,0.01024,0.2,0.01024,0.8,0.01024,2.46154,0.013312,12.8,0.01024,42.6667,0.012288,170.667,0.012288,431.158,0.019456,642.51,0.052224,736.36,0.182272,756.548,0.709632,751.937,2.85594,744.926,11.5313,
0.0125,0.01024,0.05,0.01024,0.2,0.01024,0.8,0.01024,3.2,0.01024,11.6364,0.011264,46.5455,0.011264,170.667,0.012288,455.111,0.018432,642.51,0.052224,744.727,0.180224,754.371,0.71168,750.591,2.86106,744.595,11.5364,
0.0125,0.01024,0.05,0.01024,0.2,0.01024,0.8,0.01024,3.2,0.01024,11.6364,0.011264,46.5455,0.011264,170.667,0.012288,455.111,0.018432,585.143,0.057344,740.52,0.181248,755.458,0.710656,751.129,2.85901,744.463,11.5384,
0.0125,0.01024,0.05,0.01024,0.2,0.01024,0.8,0.01024,3.2,0.01024,11.6364,0.011264,46.5455,0.011264,157.538,0.013312,431.158,0.019456,630.154,0.053248,748.983,0.1792,753.287,0.712704,750.323,2.86208,744.793,11.5333,
0.0113636,0.011264,0.0454545,0.011264,0.2,0.01024,0.8,0.01024,2.90909,0.011264,11.6364,0.011264,46.5455,0.011264,170.667,0.012288,455.111,0.018432,642.51,0.052224,753.287,0.178176,757.642,0.708608,749.518,2.86515,744.86,11.5323,
0.0125,0.01024,0.0454545,0.011264,0.2,0.01024,0.8,0.01024,2.90909,0.011264,11.6364,0.011264,46.5455,0.011264,157.538,0.013312,455.111,0.018432,630.154,0.053248,753.287,0.178176,752.207,0.713728,749.786,2.86413,744.86,11.5323,
0.0113636,0.011264,0.0454545,0.011264,0.181818,0.011264,0.8,0.01024,2.90909,0.011264,12.8,0.01024,46.5455,0.011264,157.538,0.013312,431.158,0.019456,642.51,0.052224,748.983,0.1792,754.371,0.71168,748.448,2.86925,744.133,11.5436,
0.0125,0.01024,0.05,0.01024,0.2,0.01024,0.8,0.01024,3.2,0.01024,11.6364,0.011264,46.5455,0.011264,157.538,0.013312,455.111,0.018432,655.36,0.0512,748.983,0.1792,757.642,0.708608,751.937,2.85594,744.463,11.5384,
0.0113636,0.011264,0.0454545,0.011264,0.181818,0.011264,0.8,0.01024,3.2,0.01024,11.6364,0.011264,46.5455,0.011264,170.667,0.012288,455.111,0.018432,655.36,0.0512,736.36,0.182272,757.642,0.708608,749.786,2.86413,744.331,11.5405,
0.0113636,0.011264,0.05,0.01024,0.2,0.01024,0.8,0.01024,3.2,0.01024,12.8,0.01024,46.5455,0.011264,157.538,0.013312,455.111,0.018432,655.36,0.0512,740.52,0.181248,752.207,0.713728,750.054,2.8631,744.661,11.5354,
0.0113636,0.011264,0.0454545,0.011264,0.2,0.01024,0.727273,0.011264,2.90909,0.011264,12.8,0.01024,46.5455,0.011264,157.538,0.013312,455.111,0.018432,655.36,0.0512,740.52,0.181248,753.287,0.712704,751.129,2.85901,744.595,11.5364,
0.0125,0.01024,0.05,0.01024,0.2,0.01024,0.8,0.01024,2.90909,0.011264,12.8,0.01024,46.5455,0.011264,170.667,0.012288,455.111,0.018432,642.51,0.052224,744.727,0.180224,754.371,0.71168,750.323,2.86208,744.001,11.5456,
0.0113636,0.011264,0.05,0.01024,0.181818,0.011264,0.727273,0.011264,2.90909,0.011264,12.8,0.01024,42.6667,0.012288,170.667,0.012288,455.111,0.018432,655.36,0.0512,744.727,0.180224,753.287,0.712704,749.786,2.86413,743.671,11.5507,
0.0125,0.01024,0.05,0.01024,0.181818,0.011264,0.8,0.01024,3.2,0.01024,11.6364,0.011264,46.5455,0.011264,170.667,0.012288,455.111,0.018432,655.36,0.0512,744.727,0.180224,756.548,0.709632,750.591,2.86106,744.265,11.5415,
0.0125,0.01024,0.05,0.01024,0.181818,0.011264,0.727273,0.011264,3.2,0.01024,11.6364,0.011264,42.6667,0.012288,170.667,0.012288,455.111,0.018432,655.36,0.0512,740.52,0.181248,754.371,0.71168,751.129,2.85901,744.397,11.5395,
0.0125,0.01024,0.05,0.01024,0.222222,0.009216,0.8,0.01024,3.2,0.01024,11.6364,0.011264,46.5455,0.011264,170.667,0.012288,431.158,0.019456,655.36,0.0512,744.727,0.180224,755.458,0.710656,752.207,2.85491,743.671,11.5507,
0.0113636,0.011264,0.0454545,0.011264,0.181818,0.011264,0.8,0.01024,2.90909,0.011264,12.8,0.01024,46.5455,0.011264,170.667,0.012288,455.111,0.018432,630.154,0.053248,744.727,0.180224,754.371,0.71168,747.381,2.87334,743.737,11.5497,
0.0113636,0.011264,0.05,0.01024,0.2,0.01024,0.8,0.01024,2.90909,0.011264,11.6364,0.011264,46.5455,0.011264,170.667,0.012288,455.111,0.018432,655.36,0.0512,748.983,0.1792,756.548,0.709632,750.323,2.86208,744.133,11.5436,
0.0113636,0.011264,0.05,0.01024,0.181818,0.011264,0.727273,0.011264,2.90909,0.011264,11.6364,0.011264,46.5455,0.011264,170.667,0.012288,455.111,0.018432,655.36,0.0512,753.287,0.178176,754.371,0.71168,751.667,2.85696,744.133,11.5436,
0.0125,0.01024,0.05,0.01024,0.2,0.01024,0.8,0.01024,3.2,0.01024,12.8,0.01024,46.5455,0.011264,170.667,0.012288,455.111,0.018432,642.51,0.052224,740.52,0.181248,756.548,0.709632,750.323,2.86208,743.935,11.5466,
0.0113636,0.011264,0.05,0.01024,0.2,0.01024,0.727273,0.011264,2.90909,0.011264,12.8,0.01024,46.5455,0.011264,170.667,0.012288,455.111,0.018432,618.264,0.054272,732.246,0.183296,754.371,0.71168,749.786,2.86413,744.265,11.5415,
0.0125,0.01024,0.05,0.01024,0.2,0.01024,0.8,0.01024,2.90909,0.011264,11.6364,0.011264,46.5455,0.011264,157.538,0.013312,455.111,0.018432,630.154,0.053248,736.36,0.182272,755.458,0.710656,751.937,2.85594,744.001,11.5456,
0.0113636,0.011264,0.05,0.01024,0.2,0.01024,0.727273,0.011264,3.2,0.01024,12.8,0.01024,46.5455,0.011264,170.667,0.012288,455.111,0.018432,630.154,0.053248,748.983,0.1792,754.371,0.71168,750.323,2.86208,743.935,11.5466,
0.0113636,0.011264,0.05,0.01024,0.2,0.01024,0.8,0.01024,2.90909,0.011264,12.8,0.01024,46.5455,0.011264,170.667,0.012288,455.111,0.018432,655.36,0.0512,748.983,0.1792,756.548,0.709632,751.937,2.85594,743.539,11.5528,
0.0113636,0.011264,0.05,0.01024,0.181818,0.011264,0.8,0.01024,3.2,0.01024,11.6364,0.011264,46.5455,0.011264,170.667,0.012288,455.111,0.018432,642.51,0.052224,736.36,0.182272,750.054,0.715776,750.591,2.86106,743.407,11.5548,
0.0125,0.01024,0.05,0.01024,0.2,0.01024,0.8,0.01024,2.90909,0.011264,11.6364,0.011264,46.5455,0.011264,157.538,0.013312,455.111,0.018432,630.154,0.053248,748.983,0.1792,756.548,0.709632,750.86,2.86003,743.935,11.5466,
0.0113636,0.011264,0.05,0.01024,0.181818,0.011264,0.727273,0.011264,3.2,0.01024,11.6364,0.011264,46.5455,0.011264,157.538,0.013312,455.111,0.018432,655.36,0.0512,748.983,0.1792,750.054,0.715776,750.591,2.86106,743.605,11.5517,
0.0113636,0.011264,0.05,0.01024,0.2,0.01024,0.8,0.01024,2.90909,0.011264,12.8,0.01024,46.5455,0.011264,170.667,0.012288,455.111,0.018432,642.51,0.052224,744.727,0.180224,756.548,0.709632,749.25,2.86618,743.803,11.5487,
0.0125,0.01024,0.05,0.01024,0.2,0.01024,0.8,0.01024,2.90909,0.011264,11.6364,0.011264,46.5455,0.011264,170.667,0.012288,455.111,0.018432,655.36,0.0512,740.52,0.181248,752.207,0.713728,748.715,2.86822,743.539,11.5528,
0.0125,0.01024,0.05,0.01024,0.2,0.01024,0.8,0.01024,3.2,0.01024,11.6364,0.011264,46.5455,0.011264,170.667,0.012288,455.111,0.018432,642.51,0.052224,748.983,0.1792,755.458,0.710656,750.86,2.86003,743.144,11.5589,
0.0104167,0.012288,0.05,0.01024,0.2,0.01024,0.8,0.01024,3.2,0.01024,11.6364,0.011264,46.5455,0.011264,157.538,0.013312,455.111,0.018432,642.51,0.052224,740.52,0.181248,754.371,0.71168,749.786,2.86413,743.407,11.5548,
0.0113636,0.011264,0.05,0.01024,0.2,0.01024,0.8,0.01024,2.90909,0.011264,11.6364,0.011264,46.5455,0.011264,157.538,0.013312,455.111,0.018432,618.264,0.054272,728.178,0.18432,752.207,0.713728,749.518,2.86515,743.539,11.5528,
0.0113636,0.011264,0.05,0.01024,0.2,0.01024,0.8,0.01024,2.90909,0.011264,11.6364,0.011264,46.5455,0.011264,170.667,0.012288,455.111,0.018432,642.51,0.052224,744.727,0.180224,754.371,0.71168,749.25,2.86618,744.133,11.5436,
0.0125,0.01024,0.05,0.01024,0.2,0.01024,0.8,0.01024,2.90909,0.011264,11.6364,0.011264,46.5455,0.011264,170.667,0.012288,455.111,0.018432,642.51,0.052224,740.52,0.181248,755.458,0.710656,750.323,2.86208,744.661,11.5354,
0.0125,0.01024,0.05,0.01024,0.2,0.01024,0.727273,0.011264,3.2,0.01024,12.8,0.01024,46.5455,0.011264,170.667,0.012288,455.111,0.018432,630.154,0.053248,736.36,0.182272,754.371,0.71168,751.667,2.85696,743.803,11.5487,
0.0125,0.01024,0.05,0.01024,0.2,0.01024,0.727273,0.011264,2.90909,0.011264,11.6364,0.011264,46.5455,0.011264,157.538,0.013312,455.111,0.018432,668.735,0.050176,740.52,0.181248,755.458,0.710656,749.786,2.86413,744.265,11.5415,
0.0125,0.01024,0.0454545,0.011264,0.2,0.01024,0.727273,0.011264,2.90909,0.011264,11.6364,0.011264,46.5455,0.011264,157.538,0.013312,455.111,0.018432,655.36,0.0512,744.727,0.180224,756.548,0.709632,750.323,2.86208,744.727,11.5343,
0.0125,0.01024,0.05,0.01024,0.2,0.01024,0.727273,0.011264,3.2,0.01024,11.6364,0.011264,46.5455,0.011264,157.538,0.013312,431.158,0.019456,642.51,0.052224,736.36,0.182272,753.287,0.712704,750.86,2.86003,744.133,11.5436,
0.0125,0.01024,0.0454545,0.011264,0.2,0.01024,0.727273,0.011264,2.90909,0.011264,12.8,0.01024,46.5455,0.011264,157.538,0.013312,455.111,0.018432,618.264,0.054272,748.983,0.1792,756.548,0.709632,751.398,2.85798,744.397,11.5395,
0.0125,0.01024,0.05,0.01024,0.2,0.01024,0.8,0.01024,3.2,0.01024,11.6364,0.011264,46.5455,0.011264,170.667,0.012288,455.111,0.018432,655.36,0.0512,740.52,0.181248,748.983,0.7168,751.129,2.85901,744.529,11.5374,
0.0113636,0.011264,0.05,0.01024,0.181818,0.011264,0.8,0.01024,3.2,0.01024,11.6364,0.011264,46.5455,0.011264,170.667,0.012288,455.111,0.018432,655.36,0.0512,740.52,0.181248,753.287,0.712704,749.786,2.86413,744.661,11.5354,
0.0125,0.01024,0.05,0.01024,0.2,0.01024,0.8,0.01024,2.90909,0.011264,12.8,0.01024,46.5455,0.011264,170.667,0.012288,431.158,0.019456,630.154,0.053248,724.155,0.185344,755.458,0.710656,752.207,2.85491,744.463,11.5384,
0.0113636,0.011264,0.05,0.01024,0.2,0.01024,0.727273,0.011264,2.90909,0.011264,12.8,0.01024,46.5455,0.011264,170.667,0.012288,455.111,0.018432,668.735,0.050176,744.727,0.180224,753.287,0.712704,751.937,2.85594,745.19,11.5272,
0.0125,0.01024,0.05,0.01024,0.2,0.01024,0.8,0.01024,2.90909,0.011264,11.6364,0.011264,46.5455,0.011264,157.538,0.013312,455.111,0.018432,642.51,0.052224,748.983,0.1792,753.287,0.712704,750.86,2.86003,744.727,11.5343,
0.0125,0.01024,0.0454545,0.011264,0.181818,0.011264,0.727273,0.011264,2.90909,0.011264,12.8,0.01024,46.5455,0.011264,157.538,0.013312,431.158,0.019456,642.51,0.052224,736.36,0.182272,756.548,0.709632,750.86,2.86003,744.397,11.5395,
0.0125,0.01024,0.0454545,0.011264,0.2,0.01024,0.8,0.01024,2.90909,0.011264,11.6364,0.011264,46.5455,0.011264,157.538,0.013312,455.111,0.018432,642.51,0.052224,748.983,0.1792,756.548,0.709632,750.323,2.86208,744.463,11.5384,
0.0125,0.01024,0.05,0.01024,0.181818,0.011264,0.727273,0.011264,2.90909,0.011264,11.6364,0.011264,42.6667,0.012288,157.538,0.013312,455.111,0.018432,642.51,0.052224,736.36,0.182272,752.207,0.713728,748.181,2.87027,744.727,11.5343,
0.0125,0.01024,0.05,0.01024,0.2,0.01024,0.8,0.01024,2.90909,0.011264,12.8,0.01024,42.6667,0.012288,170.667,0.012288,455.111,0.018432,630.154,0.053248,732.246,0.183296,753.287,0.712704,751.667,2.85696,743.407,11.5548,
0.0113636,0.011264,0.0454545,0.011264,0.2,0.01024,0.727273,0.011264,2.90909,0.011264,12.8,0.01024,46.5455,0.011264,170.667,0.012288,455.111,0.018432,655.36,0.0512,740.52,0.181248,754.371,0.71168,750.86,2.86003,743.276,11.5569,
0.0113636,0.011264,0.05,0.01024,0.2,0.01024,0.8,0.01024,3.2,0.01024,12.8,0.01024,42.6667,0.012288,157.538,0.013312,455.111,0.018432,630.154,0.053248,736.36,0.182272,753.287,0.712704,747.914,2.8713,743.276,11.5569,
0.0125,0.01024,0.05,0.01024,0.2,0.01024,0.8,0.01024,2.90909,0.011264,12.8,0.01024,39.3846,0.013312,170.667,0.012288,455.111,0.018432,642.51,0.052224,740.52,0.181248,755.458,0.710656,752.207,2.85491,743.144,11.5589,
0.0125,0.01024,0.05,0.01024,0.2,0.01024,0.8,0.01024,3.2,0.01024,11.6364,0.011264,46.5455,0.011264,170.667,0.012288,455.111,0.018432,668.735,0.050176,748.983,0.1792,755.458,0.710656,750.323,2.86208,743.341,11.5558,
0.0104167,0.012288,0.0454545,0.011264,0.2,0.01024,0.727273,0.011264,2.90909,0.011264,11.6364,0.011264,42.6667,0.012288,170.667,0.012288,455.111,0.018432,642.51,0.052224,740.52,0.181248,754.371,0.71168,749.25,2.86618,743.671,11.5507,
0.0125,0.01024,0.05,0.01024,0.2,0.01024,0.8,0.01024,2.90909,0.011264,12.8,0.01024,46.5455,0.011264,170.667,0.012288,455.111,0.018432,655.36,0.0512,736.36,0.182272,753.287,0.712704,751.667,2.85696,743.012,11.561,
0.0113636,0.011264,0.0454545,0.011264,0.181818,0.011264,0.8,0.01024,3.2,0.01024,11.6364,0.011264,46.5455,0.011264,170.667,0.012288,455.111,0.018432,642.51,0.052224,740.52,0.181248,752.207,0.713728,751.667,2.85696,743.605,11.5517,
0.0113636,0.011264,0.05,0.01024,0.2,0.01024,0.8,0.01024,3.2,0.01024,11.6364,0.011264,42.6667,0.012288,170.667,0.012288,455.111,0.018432,668.735,0.050176,748.983,0.1792,756.548,0.709632,749.518,2.86515,743.539,11.5528,
0.0113636,0.011264,0.0454545,0.011264,0.2,0.01024,0.8,0.01024,3.2,0.01024,12.8,0.01024,46.5455,0.011264,170.667,0.012288,455.111,0.018432,655.36,0.0512,744.727,0.180224,755.458,0.710656,749.786,2.86413,743.539,11.5528,
0.0125,0.01024,0.05,0.01024,0.222222,0.009216,0.8,0.01024,2.90909,0.011264,12.8,0.01024,46.5455,0.011264,170.667,0.012288,455.111,0.018432,642.51,0.052224,748.983,0.1792,750.054,0.715776,751.398,2.85798,743.341,11.5558,
0.0113636,0.011264,0.05,0.01024,0.2,0.01024,0.8,0.01024,2.90909,0.011264,12.8,0.01024,42.6667,0.012288,170.667,0.012288,455.111,0.018432,642.51,0.052224,744.727,0.180224,757.642,0.708608,751.937,2.85594,743.21,11.5579,
0.0125,0.01024,0.05,0.01024,0.2,0.01024,0.8,0.01024,2.90909,0.011264,11.6364,0.011264,42.6667,0.012288,170.667,0.012288,455.111,0.018432,655.36,0.0512,732.246,0.183296,754.371,0.71168,750.591,2.86106,743.737,11.5497,
0.0125,0.01024,0.05,0.01024,0.181818,0.011264,0.8,0.01024,3.2,0.01024,11.6364,0.011264,46.5455,0.011264,170.667,0.012288,431.158,0.019456,668.735,0.050176,736.36,0.182272,755.458,0.710656,749.25,2.86618,744.661,11.5354,
0.0125,0.01024,0.05,0.01024,0.2,0.01024,0.8,0.01024,3.2,0.01024,11.6364,0.011264,46.5455,0.011264,157.538,0.013312,431.158,0.019456,642.51,0.052224,748.983,0.1792,753.287,0.712704,750.86,2.86003,744.727,11.5343,
0.0125,0.01024,0.0454545,0.011264,0.181818,0.011264,0.8,0.01024,3.2,0.01024,11.6364,0.011264,42.6667,0.012288,157.538,0.013312,455.111,0.018432,642.51,0.052224,748.983,0.1792,753.287,0.712704,750.323,2.86208,744.86,11.5323,
0.0125,0.01024,0.05,0.01024,0.2,0.01024,0.8,0.01024,3.2,0.01024,11.6364,0.011264,42.6667,0.012288,157.538,0.013312,455.111,0.018432,655.36,0.0512,744.727,0.180224,751.129,0.714752,751.937,2.85594,745.19,11.5272,
0.0113636,0.011264,0.05,0.01024,0.2,0.01024,0.8,0.01024,3.2,0.01024,12.8,0.01024,46.5455,0.011264,157.538,0.013312,455.111,0.018432,642.51,0.052224,744.727,0.180224,751.129,0.714752,750.86,2.86003,745.389,11.5241,
0.0113636,0.011264,0.05,0.01024,0.2,0.01024,0.8,0.01024,3.2,0.01024,11.6364,0.011264,46.5455,0.011264,170.667,0.012288,455.111,0.018432,655.36,0.0512,736.36,0.182272,756.548,0.709632,749.786,2.86413,744.992,11.5302,
0.0113636,0.011264,0.05,0.01024,0.2,0.01024,0.8,0.01024,3.2,0.01024,11.6364,0.011264,46.5455,0.011264,170.667,0.012288,431.158,0.019456,655.36,0.0512,748.983,0.1792,752.207,0.713728,751.129,2.85901,744.992,11.5302,
0.0125,0.01024,0.05,0.01024,0.2,0.01024,0.8,0.01024,2.90909,0.011264,11.6364,0.011264,42.6667,0.012288,170.667,0.012288,455.111,0.018432,630.154,0.053248,740.52,0.181248,755.458,0.710656,748.983,2.8672,745.257,11.5261,
0.0113636,0.011264,0.05,0.01024,0.181818,0.011264,0.727273,0.011264,3.2,0.01024,11.6364,0.011264,42.6667,0.012288,170.667,0.012288,356.174,0.023552,642.51,0.052224,736.36,0.182272,754.371,0.71168,750.591,2.86106,744.793,11.5333,
0.0125,0.01024,0.05,0.01024,0.222222,0.009216,0.727273,0.011264,3.2,0.01024,12.8,0.01024,42.6667,0.012288,170.667,0.012288,431.158,0.019456,655.36,0.0512,736.36,0.182272,747.914,0.717824,750.054,2.8631,744.793,11.5333,
0.0113636,0.011264,0.05,0.01024,0.181818,0.011264,0.8,0.01024,2.90909,0.011264,11.6364,0.011264,42.6667,0.012288,170.667,0.012288,455.111,0.018432,642.51,0.052224,728.178,0.18432,754.371,0.71168,750.591,2.86106,744.595,11.5364,
0.0113636,0.011264,0.05,0.01024,0.2,0.01024,0.8,0.01024,2.90909,0.011264,11.6364,0.011264,42.6667,0.012288,170.667,0.012288,455.111,0.018432,668.735,0.050176,732.246,0.183296,752.207,0.713728,749.25,2.86618,744.661,11.5354,
0.0113636,0.011264,0.05,0.01024,0.2,0.01024,0.8,0.01024,3.2,0.01024,12.8,0.01024,46.5455,0.011264,170.667,0.012288,455.111,0.018432,655.36,0.0512,744.727,0.180224,755.458,0.710656,751.937,2.85594,745.654,11.52,
0.0125,0.01024,0.05,0.01024,0.2,0.01024,0.8,0.01024,2.90909,0.011264,9.84615,0.013312,46.5455,0.011264,170.667,0.012288,390.095,0.021504,642.51,0.052224,744.727,0.180224,755.458,0.710656,750.323,2.86208,744.595,11.5364,
0.0125,0.01024,0.0416667,0.012288,0.166667,0.012288,0.666667,0.012288,2.90909,0.011264,11.6364,0.011264,42.6667,0.012288,157.538,0.013312,431.158,0.019456,668.735,0.050176,736.36,0.182272,748.983,0.7168,746.849,2.87539,711.743,12.0689,
0.0113636,0.011264,0.0384615,0.013312,0.181818,0.011264,0.571429,0.014336,2.90909,0.011264,10.6667,0.012288,42.6667,0.012288,157.538,0.013312,431.158,0.019456,655.36,0.0512,736.36,0.182272,755.458,0.710656,748.448,2.86925,712.529,12.0556,
0.0113636,0.011264,0.0416667,0.012288,0.166667,0.012288,0.666667,0.012288,2.90909,0.011264,11.6364,0.011264,42.6667,0.012288,157.538,0.013312,431.158,0.019456,642.51,0.052224,744.727,0.180224,754.371,0.71168,751.129,2.85901,711.502,12.073,
0.0125,0.01024,0.0416667,0.012288,0.166667,0.012288,0.8,0.01024,2.90909,0.011264,11.6364,0.011264,46.5455,0.011264,157.538,0.013312,431.158,0.019456,642.51,0.052224,744.727,0.180224,755.458,0.710656,749.518,2.86515,711.502,12.073,
0.0113636,0.011264,0.0384615,0.013312,0.153846,0.013312,0.666667,0.012288,2.90909,0.011264,11.6364,0.011264,42.6667,0.012288,157.538,0.013312,409.6,0.02048,642.51,0.052224,744.727,0.180224,753.287,0.712704,748.448,2.86925,712.106,12.0627,
0.0113636,0.011264,0.0454545,0.011264,0.153846,0.013312,0.666667,0.012288,2.90909,0.011264,11.6364,0.011264,46.5455,0.011264,157.538,0.013312,431.158,0.019456,642.51,0.052224,740.52,0.181248,751.129,0.714752,750.054,2.8631,711.502,12.073,
0.0113636,0.011264,0.0416667,0.012288,0.166667,0.012288,0.666667,0.012288,2.90909,0.011264,11.6364,0.011264,46.5455,0.011264,157.538,0.013312,455.111,0.018432,642.51,0.052224,736.36,0.182272,752.207,0.713728,747.648,2.87232,711.804,12.0678,
0.0125,0.01024,0.0454545,0.011264,0.2,0.01024,0.727273,0.011264,2.90909,0.011264,10.6667,0.012288,46.5455,0.011264,157.538,0.013312,431.158,0.019456,642.51,0.052224,740.52,0.181248,753.287,0.712704,748.448,2.86925,710.718,12.0863,
0.0113636,0.011264,0.0416667,0.012288,0.166667,0.012288,0.615385,0.013312,2.90909,0.011264,11.6364,0.011264,42.6667,0.012288,170.667,0.012288,455.111,0.018432,642.51,0.052224,740.52,0.181248,753.287,0.712704,750.054,2.8631,710.959,12.0822,
0.0125,0.01024,0.0416667,0.012288,0.181818,0.011264,0.727273,0.011264,2.90909,0.011264,11.6364,0.011264,46.5455,0.011264,157.538,0.013312,372.364,0.022528,630.154,0.053248,744.727,0.180224,751.129,0.714752,749.25,2.86618,711.623,12.0709,
0.0113636,0.011264,0.0416667,0.012288,0.153846,0.013312,0.727273,0.011264,2.90909,0.011264,11.6364,0.011264,42.6667,0.012288,157.538,0.013312,431.158,0.019456,668.735,0.050176,748.983,0.1792,754.371,0.71168,748.715,2.86822,711.502,12.073,
0.0125,0.01024,0.0416667,0.012288,0.166667,0.012288,0.727273,0.011264,2.90909,0.011264,10.6667,0.012288,42.6667,0.012288,157.538,0.013312,431.158,0.019456,642.51,0.052224,744.727,0.180224,753.287,0.712704,748.448,2.86925,711.864,12.0668,
0.0113636,0.011264,0.0384615,0.013312,0.153846,0.013312,0.727273,0.011264,2.90909,0.011264,11.6364,0.011264,46.5455,0.011264,170.667,0.012288,431.158,0.019456,280.068,0.119808,744.727,0.180224,757.642,0.708608,747.381,2.87334,711.985,12.0648,
0.0125,0.01024,0.0294118,0.017408,0.181818,0.011264,0.727273,0.011264,2.90909,0.011264,11.6364,0.011264,42.6667,0.012288,157.538,0.013312,455.111,0.018432,642.51,0.052224,748.983,0.1792,755.458,0.710656,748.715,2.86822,711.321,12.076,
0.0113636,0.011264,0.0384615,0.013312,0.181818,0.011264,0.727273,0.011264,2.90909,0.011264,11.6364,0.011264,42.6667,0.012288,157.538,0.013312,431.158,0.019456,642.51,0.052224,744.727,0.180224,755.458,0.710656,749.518,2.86515,712.711,12.0525,
0.0125,0.01024,0.05,0.01024,0.181818,0.011264,0.727273,0.011264,3.2,0.01024,11.6364,0.011264,42.6667,0.012288,157.538,0.013312,455.111,0.018432,642.51,0.052224,744.727,0.180224,751.129,0.714752,749.518,2.86515,711.019,12.0812,
0.0113636,0.011264,0.0454545,0.011264,0.181818,0.011264,0.727273,0.011264,2.90909,0.011264,11.6364,0.011264,42.6667,0.012288,157.538,0.013312,431.158,0.019456,630.154,0.053248,748.983,0.1792,755.458,0.710656,747.381,2.87334,721.042,11.9132,
0.0125,0.01024,0.0454545,0.011264,0.133333,0.01536,0.727273,0.011264,3.2,0.01024,10.6667,0.012288,46.5455,0.011264,146.286,0.014336,455.111,0.018432,655.36,0.0512,748.983,0.1792,753.287,0.712704,747.648,2.87232,742.749,11.5651,
0.0113636,0.011264,0.0454545,0.011264,0.153846,0.013312,0.727273,0.011264,2.90909,0.011264,10.6667,0.012288,42.6667,0.012288,157.538,0.013312,431.158,0.019456,642.51,0.052224,732.246,0.183296,751.129,0.714752,749.786,2.86413,743.737,11.5497,
0.0125,0.01024,0.0416667,0.012288,0.153846,0.013312,0.8,0.01024,2.90909,0.011264,10.6667,0.012288,42.6667,0.012288,157.538,0.013312,431.158,0.019456,655.36,0.0512,740.52,0.181248,755.458,0.710656,747.381,2.87334,743.803,11.5487,
0.0113636,0.011264,0.0454545,0.011264,0.153846,0.013312,0.727273,0.011264,3.2,0.01024,10.6667,0.012288,46.5455,0.011264,157.538,0.013312,431.158,0.019456,642.51,0.052224,748.983,0.1792,756.548,0.709632,747.914,2.8713,743.276,11.5569,
0.0125,0.01024,0.0416667,0.012288,0.166667,0.012288,0.727273,0.011264,2.90909,0.011264,10.6667,0.012288,46.5455,0.011264,157.538,0.013312,431.158,0.019456,642.51,0.052224,753.287,0.178176,752.207,0.713728,748.448,2.86925,743.144,11.5589,
0.0113636,0.011264,0.0416667,0.012288,0.153846,0.013312,0.727273,0.011264,2.90909,0.011264,11.6364,0.011264,42.6667,0.012288,157.538,0.013312,431.158,0.019456,642.51,0.052224,748.983,0.1792,753.287,0.712704,749.25,2.86618,742.552,11.5681,
0.0125,0.01024,0.0416667,0.012288,0.181818,0.011264,0.666667,0.012288,3.2,0.01024,10.6667,0.012288,46.5455,0.011264,157.538,0.013312,431.158,0.019456,642.51,0.052224,744.727,0.180224,756.548,0.709632,749.25,2.86618,743.341,11.5558,
0.0113636,0.011264,0.0384615,0.013312,0.166667,0.012288,0.666667,0.012288,2.90909,0.011264,12.8,0.01024,46.5455,0.011264,157.538,0.013312,431.158,0.019456,642.51,0.052224,740.52,0.181248,755.458,0.710656,751.129,2.85901,743.671,11.5507,
0.0125,0.01024,0.0416667,0.012288,0.181818,0.011264,0.727273,0.011264,2.90909,0.011264,11.6364,0.011264,42.6667,0.012288,157.538,0.013312,431.158,0.019456,630.154,0.053248,748.983,0.1792,757.642,0.708608,751.129,2.85901,743.21,11.5579,
0.0113636,0.011264,0.0416667,0.012288,0.181818,0.011264,0.727273,0.011264,2.90909,0.011264,11.6364,0.011264,46.5455,0.011264,170.667,0.012288,455.111,0.018432,642.51,0.052224,736.36,0.182272,753.287,0.712704,749.25,2.86618,743.276,11.5569,
0.0125,0.01024,0.0384615,0.013312,0.181818,0.011264,0.666667,0.012288,2.90909,0.011264,10.6667,0.012288,46.5455,0.011264,157.538,0.013312,431.158,0.019456,642.51,0.052224,740.52,0.181248,756.548,0.709632,750.86,2.86003,743.671,11.5507,
0.0113636,0.011264,0.0384615,0.013312,0.166667,0.012288,0.666667,0.012288,2.66667,0.012288,11.6364,0.011264,42.6667,0.012288,157.538,0.013312,455.111,0.018432,630.154,0.053248,748.983,0.1792,754.371,0.71168,750.86,2.86003,743.605,11.5517,
0.0125,0.01024,0.0454545,0.011264,0.181818,0.011264,0.8,0.01024,2.90909,0.011264,10.6667,0.012288,46.5455,0.011264,170.667,0.012288,431.158,0.019456,655.36,0.0512,748.983,0.1792,753.287,0.712704,751.667,2.85696,743.276,11.5569,
0.0113636,0.011264,0.0454545,0.011264,0.166667,0.012288,0.727273,0.011264,2.90909,0.011264,10.6667,0.012288,46.5455,0.011264,157.538,0.013312,431.158,0.019456,642.51,0.052224,748.983,0.1792,755.458,0.710656,751.129,2.85901,743.539,11.5528,
0.0125,0.01024,0.0454545,0.011264,0.181818,0.011264,0.727273,0.011264,2.90909,0.011264,11.6364,0.011264,42.6667,0.012288,157.538,0.013312,455.111,0.018432,630.154,0.053248,748.983,0.1792,754.371,0.71168,751.129,2.85901,743.803,11.5487,
0.0113636,0.011264,0.0416667,0.012288,0.166667,0.012288,0.727273,0.011264,2.90909,0.011264,10.6667,0.012288,46.5455,0.011264,157.538,0.013312,431.158,0.019456,642.51,0.052224,753.287,0.178176,753.287,0.712704,750.86,2.86003,743.605,11.5517,
0.0113636,0.011264,0.0454545,0.011264,0.181818,0.011264,0.666667,0.012288,2.90909,0.011264,10.6667,0.012288,46.5455,0.011264,157.538,0.013312,431.158,0.019456,618.264,0.054272,748.983,0.1792,754.371,0.71168,749.25,2.86618,743.737,11.5497,
0.0113636,0.011264,0.0454545,0.011264,0.166667,0.012288,0.571429,0.014336,2.90909,0.011264,11.6364,0.011264,42.6667,0.012288,170.667,0.012288,455.111,0.018432,642.51,0.052224,748.983,0.1792,754.371,0.71168,751.398,2.85798,743.276,11.5569,
0.0125,0.01024,0.0454545,0.011264,0.181818,0.011264,0.727273,0.011264,2.90909,0.011264,11.6364,0.011264,42.6667,0.012288,157.538,0.013312,431.158,0.019456,655.36,0.0512,744.727,0.180224,754.371,0.71168,751.129,2.85901,743.737,11.5497,
0.0113636,0.011264,0.0384615,0.013312,0.166667,0.012288,0.666667,0.012288,2.90909,0.011264,11.6364,0.011264,46.5455,0.011264,157.538,0.013312,431.158,0.019456,630.154,0.053248,744.727,0.180224,754.371,0.71168,750.86,2.86003,743.539,11.5528,
0.0113636,0.011264,0.0384615,0.013312,0.181818,0.011264,0.666667,0.012288,2.90909,0.011264,10.6667,0.012288,42.6667,0.012288,157.538,0.013312,431.158,0.019456,655.36,0.0512,748.983,0.1792,755.458,0.710656,750.591,2.86106,743.144,11.5589,
0.0125,0.01024,0.0416667,0.012288,0.181818,0.011264,0.727273,0.011264,2.90909,0.011264,11.6364,0.011264,46.5455,0.011264,157.538,0.013312,455.111,0.018432,630.154,0.053248,748.983,0.1792,755.458,0.710656,750.591,2.86106,743.341,11.5558,
0.0125,0.01024,0.0454545,0.011264,0.181818,0.011264,0.727273,0.011264,2.90909,0.011264,10.6667,0.012288,46.5455,0.011264,146.286,0.014336,431.158,0.019456,642.51,0.052224,736.36,0.182272,754.371,0.71168,750.591,2.86106,743.407,11.5548,
0.0125,0.01024,0.0454545,0.011264,0.153846,0.013312,0.727273,0.011264,2.90909,0.011264,11.6364,0.011264,42.6667,0.012288,157.538,0.013312,455.111,0.018432,655.36,0.0512,744.727,0.180224,754.371,0.71168,751.937,2.85594,743.671,11.5507,
0.0125,0.01024,0.0454545,0.011264,0.166667,0.012288,0.666667,0.012288,2.90909,0.011264,11.6364,0.011264,46.5455,0.011264,157.538,0.013312,431.158,0.019456,642.51,0.052224,744.727,0.180224,756.548,0.709632,750.323,2.86208,743.869,11.5476,
0.0125,0.01024,0.0454545,0.011264,0.153846,0.013312,0.727273,0.011264,2.90909,0.011264,10.6667,0.012288,46.5455,0.011264,146.286,0.014336,431.158,0.019456,630.154,0.053248,753.287,0.178176,757.642,0.708608,751.129,2.85901,744.529,11.5374,
0.0125,0.01024,0.0454545,0.011264,0.166667,0.012288,0.666667,0.012288,3.2,0.01024,10.6667,0.012288,42.6667,0.012288,157.538,0.013312,431.158,0.019456,630.154,0.053248,748.983,0.1792,755.458,0.710656,750.323,2.86208,744.133,11.5436,
0.0125,0.01024,0.0454545,0.011264,0.166667,0.012288,0.666667,0.012288,2.90909,0.011264,11.6364,0.011264,42.6667,0.012288,157.538,0.013312,431.158,0.019456,642.51,0.052224,748.983,0.1792,755.458,0.710656,748.181,2.87027,744.727,11.5343,
0.0125,0.01024,0.0416667,0.012288,0.166667,0.012288,0.666667,0.012288,2.90909,0.011264,11.6364,0.011264,46.5455,0.011264,157.538,0.013312,431.158,0.019456,642.51,0.052224,744.727,0.180224,752.207,0.713728,750.86,2.86003,744.463,11.5384,
0.0125,0.01024,0.0454545,0.011264,0.181818,0.011264,0.666667,0.012288,2.90909,0.011264,10.6667,0.012288,46.5455,0.011264,157.538,0.013312,455.111,0.018432,655.36,0.0512,753.287,0.178176,751.129,0.714752,751.129,2.85901,744.727,11.5343,
0.0125,0.01024,0.0454545,0.011264,0.181818,0.011264,0.727273,0.011264,2.90909,0.011264,11.6364,0.011264,42.6667,0.012288,170.667,0.012288,431.158,0.019456,642.51,0.052224,740.52,0.181248,753.287,0.712704,751.398,2.85798,744.926,11.5313,
0.0125,0.01024,0.0384615,0.013312,0.181818,0.011264,0.727273,0.011264,2.90909,0.011264,11.6364,0.011264,46.5455,0.011264,146.286,0.014336,431.158,0.019456,642.51,0.052224,753.287,0.178176,754.371,0.71168,748.181,2.87027,744.595,11.5364,
0.0125,0.01024,0.0416667,0.012288,0.166667,0.012288,0.8,0.01024,3.2,0.01024,10.6667,0.012288,42.6667,0.012288,157.538,0.013312,431.158,0.019456,655.36,0.0512,736.36,0.182272,756.548,0.709632,750.591,2.86106,744.992,11.5302,
0.0125,0.01024,0.0384615,0.013312,0.181818,0.011264,0.727273,0.011264,2.90909,0.011264,11.6364,0.011264,42.6667,0.012288,146.286,0.014336,431.158,0.019456,630.154,0.053248,748.983,0.1792,755.458,0.710656,750.86,2.86003,744.199,11.5425,
0.0125,0.01024,0.0416667,0.012288,0.181818,0.011264,0.727273,0.011264,2.90909,0.011264,11.6364,0.011264,42.6667,0.012288,146.286,0.014336,431.158,0.019456,655.36,0.0512,740.52,0.181248,756.548,0.709632,749.518,2.86515,744.199,11.5425,
0.0125,0.01024,0.0416667,0.012288,0.166667,0.012288,0.666667,0.012288,2.90909,0.011264,10.6667,0.012288,42.6667,0.012288,146.286,0.014336,431.158,0.019456,642.51,0.052224,736.36,0.182272,754.371,0.71168,750.591,2.86106,744.661,11.5354,
0.0125,0.01024,0.0454545,0.011264,0.181818,0.011264,0.727273,0.011264,3.2,0.01024,9.84615,0.013312,46.5455,0.011264,157.538,0.013312,455.111,0.018432,642.51,0.052224,736.36,0.182272,755.458,0.710656,750.591,2.86106,744.86,11.5323,
0.0125,0.01024,0.0416667,0.012288,0.181818,0.011264,0.666667,0.012288,2.90909,0.011264,11.6364,0.011264,46.5455,0.011264,157.538,0.013312,431.158,0.019456,642.51,0.052224,748.983,0.1792,757.642,0.708608,750.591,2.86106,744.727,11.5343,
0.0125,0.01024,0.0454545,0.011264,0.166667,0.012288,0.727273,0.011264,2.90909,0.011264,11.6364,0.011264,46.5455,0.011264,157.538,0.013312,431.158,0.019456,655.36,0.0512,740.52,0.181248,754.371,0.71168,750.591,2.86106,744.86,11.5323,
0.0113636,0.011264,0.0384615,0.013312,0.181818,0.011264,0.666667,0.012288,2.90909,0.011264,11.6364,0.011264,42.6667,0.012288,157.538,0.013312,431.158,0.019456,642.51,0.052224,744.727,0.180224,753.287,0.712704,751.129,2.85901,744.661,11.5354,
0.0125,0.01024,0.0416667,0.012288,0.2,0.01024,0.666667,0.012288,2.90909,0.011264,10.6667,0.012288,46.5455,0.011264,170.667,0.012288,431.158,0.019456,630.154,0.053248,736.36,0.182272,755.458,0.710656,747.914,2.8713,744.331,11.5405,
0.0113636,0.011264,0.03125,0.016384,0.181818,0.011264,0.8,0.01024,2.90909,0.011264,10.6667,0.012288,42.6667,0.012288,146.286,0.014336,431.158,0.019456,642.51,0.052224,744.727,0.180224,753.287,0.712704,751.398,2.85798,744.199,11.5425,
0.0125,0.01024,0.0454545,0.011264,0.181818,0.011264,0.727273,0.011264,2.90909,0.011264,10.6667,0.012288,42.6667,0.012288,157.538,0.013312,431.158,0.019456,642.51,0.052224,740.52,0.181248,750.054,0.715776,751.398,2.85798,743.869,11.5476,
0.0113636,0.011264,0.0416667,0.012288,0.166667,0.012288,0.727273,0.011264,2.90909,0.011264,9.84615,0.013312,42.6667,0.012288,157.538,0.013312,431.158,0.019456,630.154,0.053248,753.287,0.178176,754.371,0.71168,750.323,2.86208,744.595,11.5364,
0.0125,0.01024,0.0454545,0.011264,0.181818,0.011264,0.8,0.01024,2.90909,0.011264,10.6667,0.012288,46.5455,0.011264,170.667,0.012288,455.111,0.018432,655.36,0.0512,736.36,0.182272,756.548,0.709632,750.86,2.86003,744.067,11.5446,
0.0113636,0.011264,0.0384615,0.013312,0.166667,0.012288,0.727273,0.011264,2.90909,0.011264,10.6667,0.012288,42.6667,0.012288,157.538,0.013312,431.158,0.019456,655.36,0.0512,736.36,0.182272,753.287,0.712704,750.591,2.86106,743.671,11.5507,
0.0125,0.01024,0.0454545,0.011264,0.166667,0.012288,0.727273,0.011264,2.90909,0.011264,11.6364,0.011264,42.6667,0.012288,157.538,0.013312,431.158,0.019456,655.36,0.0512,753.287,0.178176,756.548,0.709632,750.591,2.86106,744.397,11.5395,
0.0125,0.01024,0.0416667,0.012288,0.166667,0.012288,0.727273,0.011264,2.90909,0.011264,11.6364,0.011264,42.6667,0.012288,170.667,0.012288,431.158,0.019456,630.154,0.053248,748.983,0.1792,753.287,0.712704,750.591,2.86106,744.595,11.5364,
0.0125,0.01024,0.0454545,0.011264,0.166667,0.012288,0.727273,0.011264,2.90909,0.011264,11.6364,0.011264,46.5455,0.011264,157.538,0.013312,455.111,0.018432,655.36,0.0512,740.52,0.181248,756.548,0.709632,751.667,2.85696,744.793,11.5333,
0.0125,0.01024,0.0454545,0.011264,0.153846,0.013312,0.727273,0.011264,2.90909,0.011264,11.6364,0.011264,42.6667,0.012288,157.538,0.013312,431.158,0.019456,642.51,0.052224,748.983,0.1792,753.287,0.712704,750.591,2.86106,744.727,11.5343,
0.0125,0.01024,0.0454545,0.011264,0.166667,0.012288,0.8,0.01024,2.90909,0.011264,10.6667,0.012288,42.6667,0.012288,146.286,0.014336,431.158,0.019456,642.51,0.052224,744.727,0.180224,757.642,0.708608,749.25,2.86618,744.529,11.5374,
0.0113636,0.011264,0.0416667,0.012288,0.166667,0.012288,0.727273,0.011264,2.90909,0.011264,11.6364,0.011264,46.5455,0.011264,157.538,0.013312,431.158,0.019456,618.264,0.054272,753.287,0.178176,756.548,0.709632,748.181,2.87027,744.727,11.5343,
0.0113636,0.011264,0.0416667,0.012288,0.181818,0.011264,0.8,0.01024,2.66667,0.012288,11.6364,0.011264,46.5455,0.011264,146.286,0.014336,455.111,0.018432,630.154,0.053248,748.983,0.1792,756.548,0.709632,750.054,2.8631,744.793,11.5333,
0.0113636,0.011264,0.0416667,0.012288,0.166667,0.012288,0.727273,0.011264,2.66667,0.012288,10.6667,0.012288,46.5455,0.011264,157.538,0.013312,431.158,0.019456,642.51,0.052224,748.983,0.1792,755.458,0.710656,748.181,2.87027,744.331,11.5405,
0.0125,0.01024,0.0416667,0.012288,0.181818,0.011264,0.8,0.01024,2.90909,0.011264,11.6364,0.011264,46.5455,0.011264,146.286,0.014336,431.158,0.019456,655.36,0.0512,748.983,0.1792,756.548,0.709632,748.448,2.86925,743.935,11.5466,
0.0125,0.01024,0.0384615,0.013312,0.153846,0.013312,0.727273,0.011264,2.90909,0.011264,11.6364,0.011264,46.5455,0.011264,146.286,0.014336,409.6,0.02048,642.51,0.052224,736.36,0.182272,755.458,0.710656,747.648,2.87232,744.595,11.5364,
0.0125,0.01024,0.0384615,0.013312,0.166667,0.012288,0.727273,0.011264,2.90909,0.011264,11.6364,0.011264,46.5455,0.011264,157.538,0.013312,431.158,0.019456,642.51,0.052224,748.983,0.1792,755.458,0.710656,748.448,2.86925,744.199,11.5425,
0.0113636,0.011264,0.0384615,0.013312,0.166667,0.012288,0.727273,0.011264,2.90909,0.011264,11.6364,0.011264,46.5455,0.011264,157.538,0.013312,431.158,0.019456,642.51,0.052224,744.727,0.180224,755.458,0.710656,749.786,2.86413,744.992,11.5302,
0.0125,0.01024,0.0416667,0.012288,0.181818,0.011264,0.8,0.01024,2.90909,0.011264,12.8,0.01024,46.5455,0.011264,157.538,0.013312,431.158,0.019456,655.36,0.0512,748.983,0.1792,755.458,0.710656,749.786,2.86413,744.331,11.5405,
0.0125,0.01024,0.0416667,0.012288,0.181818,0.011264,0.727273,0.011264,2.90909,0.011264,11.6364,0.011264,42.6667,0.012288,157.538,0.013312,431.158,0.019456,630.154,0.053248,740.52,0.181248,755.458,0.710656,748.983,2.8672,744.992,11.5302,
0.0125,0.01024,0.0416667,0.012288,0.2,0.01024,0.8,0.01024,3.2,0.01024,11.6364,0.011264,42.6667,0.012288,157.538,0.013312,409.6,0.02048,630.154,0.053248,748.983,0.1792,754.371,0.71168,748.983,2.8672,744.133,11.5436,
0.0113636,0.011264,0.0384615,0.013312,0.166667,0.012288,0.727273,0.011264,2.90909,0.011264,11.6364,0.011264,42.6667,0.012288,146.286,0.014336,431.158,0.019456,642.51,0.052224,744.727,0.180224,752.207,0.713728,749.25,2.86618,744.992,11.5302,
0.0125,0.01024,0.0416667,0.012288,0.181818,0.011264,0.727273,0.011264,2.66667,0.012288,11.6364,0.011264,42.6667,0.012288,146.286,0.014336,431.158,0.019456,655.36,0.0512,744.727,0.180224,756.548,0.709632,747.648,2.87232,744.067,11.5446,
0.0125,0.01024,0.0416667,0.012288,0.181818,0.011264,0.8,0.01024,2.90909,0.011264,11.6364,0.011264,46.5455,0.011264,157.538,0.013312,431.158,0.019456,642.51,0.052224,744.727,0.180224,752.207,0.713728,748.181,2.87027,744.926,11.5313,
0.0125,0.01024,0.05,0.01024,0.181818,0.011264,0.727273,0.011264,3.2,0.01024,10.6667,0.012288,46.5455,0.011264,157.538,0.013312,455.111,0.018432,642.51,0.052224,748.983,0.1792,754.371,0.71168,749.786,2.86413,744.331,11.5405,
0.0125,0.01024,0.0416667,0.012288,0.181818,0.011264,0.727273,0.011264,2.90909,0.011264,11.6364,0.011264,46.5455,0.011264,170.667,0.012288,431.158,0.019456,642.51,0.052224,744.727,0.180224,758.738,0.707584,746.583,2.87642,744.727,11.5343,
0.0125,0.01024,0.0454545,0.011264,0.166667,0.012288,0.8,0.01024,2.90909,0.011264,11.6364,0.011264,42.6667,0.012288,157.538,0.013312,431.158,0.019456,630.154,0.053248,736.36,0.182272,756.548,0.709632,750.054,2.8631,744.992,11.5302,
0.0125,0.01024,0.0416667,0.012288,0.166667,0.012288,0.727273,0.011264,2.90909,0.011264,11.6364,0.011264,42.6667,0.012288,146.286,0.014336,431.158,0.019456,655.36,0.0512,744.727,0.180224,755.458,0.710656,745.787,2.87949,744.397,11.5395,
0.0125,0.01024,0.0416667,0.012288,0.166667,0.012288,0.727273,0.011264,2.90909,0.011264,11.6364,0.011264,42.6667,0.012288,157.538,0.013312,431.158,0.019456,655.36,0.0512,748.983,0.1792,755.458,0.710656,748.715,2.86822,744.595,11.5364,
0.0125,0.01024,0.0416667,0.012288,0.166667,0.012288,0.727273,0.011264,2.90909,0.011264,11.6364,0.011264,46.5455,0.011264,157.538,0.013312,455.111,0.018432,630.154,0.053248,748.983,0.1792,751.129,0.714752,750.054,2.8631,743.935,11.5466,
0.0125,0.01024,0.0454545,0.011264,0.181818,0.011264,0.727273,0.011264,3.2,0.01024,11.6364,0.011264,46.5455,0.011264,146.286,0.014336,409.6,0.02048,642.51,0.052224,748.983,0.1792,757.642,0.708608,750.054,2.8631,744.133,11.5436,
0.0125,0.01024,0.0416667,0.012288,0.153846,0.013312,0.727273,0.011264,2.90909,0.011264,11.6364,0.011264,46.5455,0.011264,146.286,0.014336,431.158,0.019456,642.51,0.052224,744.727,0.180224,754.371,0.71168,747.914,2.8713,744.397,11.5395,
0.0125,0.01024,0.0454545,0.011264,0.153846,0.013312,0.727273,0.011264,2.90909,0.011264,12.8,0.01024,46.5455,0.011264,146.286,0.014336,409.6,0.02048,655.36,0.0512,740.52,0.181248,755.458,0.710656,749.786,2.86413,744.992,11.5302,
0.0125,0.01024,0.0416667,0.012288,0.166667,0.012288,0.727273,0.011264,2.90909,0.011264,11.6364,0.011264,46.5455,0.011264,146.286,0.014336,431.158,0.019456,642.51,0.052224,748.983,0.1792,756.548,0.709632,748.448,2.86925,744.926,11.5313,
0.0104167,0.012288,0.0416667,0.012288,0.166667,0.012288,0.8,0.01024,2.90909,0.011264,11.6364,0.011264,46.5455,0.011264,157.538,0.013312,431.158,0.019456,642.51,0.052224,740.52,0.181248,757.642,0.708608,748.715,2.86822,743.935,11.5466,
0.0113636,0.011264,0.0416667,0.012288,0.166667,0.012288,0.727273,0.011264,2.90909,0.011264,11.6364,0.011264,46.5455,0.011264,170.667,0.012288,431.158,0.019456,642.51,0.052224,753.287,0.178176,756.548,0.709632,749.786,2.86413,744.397,11.5395,
0.0125,0.01024,0.0416667,0.012288,0.166667,0.012288,0.8,0.01024,2.90909,0.011264,8.53333,0.01536,46.5455,0.011264,157.538,0.013312,409.6,0.02048,630.154,0.053248,748.983,0.1792,757.642,0.708608,747.648,2.87232,744.001,11.5456,
0.0113636,0.011264,0.0416667,0.012288,0.181818,0.011264,0.727273,0.011264,2.90909,0.011264,11.6364,0.011264,46.5455,0.011264,146.286,0.014336,341.333,0.024576,630.154,0.053248,748.983,0.1792,754.371,0.71168,747.381,2.87334,744.595,11.5364,
0.0125,0.01024,0.0416667,0.012288,0.181818,0.011264,0.727273,0.011264,2.90909,0.011264,11.6364,0.011264,46.5455,0.011264,157.538,0.013312,409.6,0.02048,642.51,0.052224,744.727,0.180224,754.371,0.71168,749.518,2.86515,744.926,11.5313,
0.0113636,0.011264,0.0416667,0.012288,0.166667,0.012288,0.727273,0.011264,2.90909,0.011264,11.6364,0.011264,46.5455,0.011264,157.538,0.013312,431.158,0.019456,630.154,0.053248,744.727,0.180224,755.458,0.710656,749.25,2.86618,745.521,11.522,
0.0125,0.01024,0.0384615,0.013312,0.181818,0.011264,0.727273,0.011264,3.2,0.01024,11.6364,0.011264,46.5455,0.011264,157.538,0.013312,431.158,0.019456,655.36,0.0512,744.727,0.180224,756.548,0.709632,748.448,2.86925,744.199,11.5425,
0.0113636,0.011264,0.0384615,0.013312,0.166667,0.012288,0.727273,0.011264,2.90909,0.011264,12.8,0.01024,46.5455,0.011264,157.538,0.013312,431.158,0.019456,642.51,0.052224,740.52,0.181248,753.287,0.712704,748.448,2.86925,744.595,11.5364,
0.0113636,0.011264,0.0454545,0.011264,0.181818,0.011264,0.533333,0.01536,2.90909,0.011264,11.6364,0.011264,46.5455,0.011264,157.538,0.013312,431.158,0.019456,642.51,0.052224,744.727,0.180224,755.458,0.710656,749.786,2.86413,744.595,11.5364,
0.0125,0.01024,0.0454545,0.011264,0.181818,0.011264,0.727273,0.011264,2.66667,0.012288,11.6364,0.011264,46.5455,0.011264,146.286,0.014336,390.095,0.021504,618.264,0.054272,748.983,0.1792,743.671,0.72192,715.019,3.00339,713.62,12.0371,
0.0113636,0.011264,0.0454545,0.011264,0.181818,0.011264,0.8,0.01024,2.90909,0.011264,11.6364,0.011264,42.6667,0.012288,146.286,0.014336,409.6,0.02048,630.154,0.053248,458.294,0.292864,747.914,0.717824,750.591,2.86106,712.106,12.0627,
0.0113636,0.011264,0.0454545,0.011264,0.181818,0.011264,0.727273,0.011264,2.90909,0.011264,10.6667,0.012288,42.6667,0.012288,146.286,0.014336,409.6,0.02048,630.154,0.053248,748.983,0.1792,750.054,0.715776,750.323,2.86208,712.711,12.0525,
0.0125,0.01024,0.05,0.01024,0.181818,0.011264,0.727273,0.011264,2.90909,0.011264,11.6364,0.011264,46.5455,0.011264,146.286,0.014336,431.158,0.019456,618.264,0.054272,753.287,0.178176,748.983,0.7168,750.054,2.8631,712.408,12.0576,
0.0104167,0.012288,0.0454545,0.011264,0.181818,0.011264,0.727273,0.011264,2.90909,0.011264,10.6667,0.012288,42.6667,0.012288,136.533,0.01536,390.095,0.021504,642.51,0.052224,748.983,0.1792,747.914,0.717824,748.448,2.86925,712.771,12.0515,
0.0113636,0.011264,0.0454545,0.011264,0.2,0.01024,0.8,0.01024,2.66667,0.012288,11.6364,0.011264,42.6667,0.012288,128,0.016384,409.6,0.02048,630.154,0.053248,740.52,0.181248,748.983,0.7168,749.25,2.86618,711.864,12.0668,
0.0113636,0.011264,0.0454545,0.011264,0.181818,0.011264,0.727273,0.011264,2.66667,0.012288,10.6667,0.012288,42.6667,0.012288,136.533,0.01536,431.158,0.019456,630.154,0.053248,744.727,0.180224,742.618,0.722944,749.786,2.86413,712.771,12.0515,
0.0125,0.01024,0.0454545,0.011264,0.181818,0.011264,0.727273,0.011264,2.90909,0.011264,11.6364,0.011264,42.6667,0.012288,136.533,0.01536,431.158,0.019456,630.154,0.053248,740.52,0.181248,747.914,0.717824,748.448,2.86925,712.65,12.0535,
0.0113636,0.011264,0.0454545,0.011264,0.181818,0.011264,0.727273,0.011264,2.66667,0.012288,11.6364,0.011264,42.6667,0.012288,136.533,0.01536,409.6,0.02048,630.154,0.053248,740.52,0.181248,745.787,0.719872,750.054,2.8631,712.711,12.0525,
0.0125,0.01024,0.0454545,0.011264,0.181818,0.011264,0.8,0.01024,2.66667,0.012288,10.6667,0.012288,46.5455,0.011264,146.286,0.014336,409.6,0.02048,618.264,0.054272,748.983,0.1792,750.054,0.715776,749.518,2.86515,712.711,12.0525,
0.0113636,0.011264,0.0454545,0.011264,0.181818,0.011264,0.727273,0.011264,2.66667,0.012288,11.6364,0.011264,42.6667,0.012288,136.533,0.01536,409.6,0.02048,618.264,0.054272,740.52,0.181248,748.983,0.7168,750.054,2.8631,712.529,12.0556,
0.0113636,0.011264,0.0454545,0.011264,0.2,0.01024,0.727273,0.011264,2.90909,0.011264,11.6364,0.011264,42.6667,0.012288,146.286,0.014336,409.6,0.02048,630.154,0.053248,736.36,0.182272,747.914,0.717824,748.448,2.86925,741.633,11.5825,
0.0113636,0.011264,0.0454545,0.011264,0.181818,0.011264,0.727273,0.011264,2.90909,0.011264,10.6667,0.012288,39.3846,0.013312,136.533,0.01536,431.158,0.019456,630.154,0.053248,748.983,0.1792,746.849,0.718848,747.115,2.87437,744.397,11.5395,
0.0125,0.01024,0.05,0.01024,0.2,0.01024,0.8,0.01024,2.90909,0.011264,11.6364,0.011264,42.6667,0.012288,146.286,0.014336,409.6,0.02048,618.264,0.054272,740.52,0.181248,750.054,0.715776,746.849,2.87539,744.133,11.5436,
0.0113636,0.011264,0.0454545,0.011264,0.181818,0.011264,0.727273,0.011264,2.90909,0.011264,11.6364,0.011264,42.6667,0.012288,146.286,0.014336,409.6,0.02048,642.51,0.052224,744.727,0.180224,747.914,0.717824,749.786,2.86413,744.463,11.5384,
0.0125,0.01024,0.05,0.01024,0.181818,0.011264,0.727273,0.011264,2.90909,0.011264,10.6667,0.012288,46.5455,0.011264,136.533,0.01536,431.158,0.019456,630.154,0.053248,748.983,0.1792,748.983,0.7168,749.25,2.86618,744.199,11.5425,
0.0113636,0.011264,0.0454545,0.011264,0.166667,0.012288,0.727273,0.011264,2.90909,0.011264,11.6364,0.011264,42.6667,0.012288,146.286,0.014336,409.6,0.02048,630.154,0.053248,744.727,0.180224,747.914,0.717824,750.054,2.8631,744.529,11.5374,
0.0113636,0.011264,0.0454545,0.011264,0.181818,0.011264,0.8,0.01024,2.66667,0.012288,10.6667,0.012288,42.6667,0.012288,146.286,0.014336,431.158,0.019456,642.51,0.052224,753.287,0.178176,747.914,0.717824,749.518,2.86515,744.727,11.5343,
0.0125,0.01024,0.05,0.01024,0.181818,0.011264,0.727273,0.011264,2.66667,0.012288,10.6667,0.012288,42.6667,0.012288,146.286,0.014336,409.6,0.02048,642.51,0.052224,748.983,0.1792,752.207,0.713728,750.054,2.8631,744.265,11.5415,
0.0125,0.01024,0.0454545,0.011264,0.181818,0.011264,0.727273,0.011264,2.90909,0.011264,11.6364,0.011264,46.5455,0.011264,157.538,0.013312,409.6,0.02048,618.264,0.054272,744.727,0.180224,745.787,0.719872,748.715,2.86822,744.463,11.5384,
0.0113636,0.011264,0.0454545,0.011264,0.181818,0.011264,0.727273,0.011264,2.66667,0.012288,11.6364,0.011264,42.6667,0.012288,136.533,0.01536,409.6,0.02048,642.51,0.052224,744.727,0.180224,751.129,0.714752,750.591,2.86106,743.803,11.5487,
0.0113636,0.011264,0.0454545,0.011264,0.181818,0.011264,0.8,0.01024,2.90909,0.011264,10.6667,0.012288,42.6667,0.012288,146.286,0.014336,431.158,0.019456,642.51,0.052224,744.727,0.180224,744.727,0.720896,749.786,2.86413,743.671,11.5507,
0.0113636,0.011264,0.0454545,0.011264,0.181818,0.011264,0.727273,0.011264,2.66667,0.012288,11.6364,0.011264,46.5455,0.011264,146.286,0.014336,409.6,0.02048,630.154,0.053248,740.52,0.181248,750.054,0.715776,752.477,2.85389,743.935,11.5466,
0.0125,0.01024,0.0454545,0.011264,0.181818,0.011264,0.8,0.01024,2.66667,0.012288,10.6667,0.012288,46.5455,0.011264,136.533,0.01536,409.6,0.02048,630.154,0.053248,753.287,0.178176,747.914,0.717824,750.86,2.86003,744.001,11.5456,
0.0113636,0.011264,0.0454545,0.011264,0.181818,0.011264,0.727273,0.011264,2.90909,0.011264,11.6364,0.011264,42.6667,0.012288,136.533,0.01536,409.6,0.02048,655.36,0.0512,744.727,0.180224,752.207,0.713728,751.129,2.85901,744.331,11.5405,
0.0125,0.01024,0.05,0.01024,0.2,0.01024,0.8,0.01024,2.90909,0.011264,10.6667,0.012288,42.6667,0.012288,136.533,0.01536,409.6,0.02048,630.154,0.053248,748.983,0.1792,745.787,0.719872,750.591,2.86106,744.992,11.5302,
0.0125,0.01024,0.0454545,0.011264,0.181818,0.011264,0.727273,0.011264,2.90909,0.011264,11.6364,0.011264,42.6667,0.012288,146.286,0.014336,431.158,0.019456,630.154,0.053248,748.983,0.1792,748.983,0.7168,751.129,2.85901,744.86,11.5323,
0.0113636,0.011264,0.0454545,0.011264,0.181818,0.011264,0.727273,0.011264,2.90909,0.011264,11.6364,0.011264,42.6667,0.012288,136.533,0.01536,431.158,0.019456,630.154,0.053248,744.727,0.180224,745.787,0.719872,750.054,2.8631,744.727,11.5343,
0.0125,0.01024,0.0454545,0.011264,0.181818,0.011264,0.727273,0.011264,2.66667,0.012288,11.6364,0.011264,46.5455,0.011264,146.286,0.014336,409.6,0.02048,642.51,0.052224,744.727,0.180224,751.129,0.714752,749.518,2.86515,744.727,11.5343,
0.0113636,0.011264,0.0454545,0.011264,0.2,0.01024,0.727273,0.011264,2.66667,0.012288,10.6667,0.012288,42.6667,0.012288,136.533,0.01536,431.158,0.019456,630.154,0.053248,744.727,0.180224,754.371,0.71168,750.054,2.8631,744.133,11.5436,
0.0113636,0.011264,0.0454545,0.011264,0.181818,0.011264,0.727273,0.011264,2.90909,0.011264,10.6667,0.012288,42.6667,0.012288,146.286,0.014336,409.6,0.02048,642.51,0.052224,748.983,0.1792,752.207,0.713728,751.667,2.85696,744.397,11.5395,
0.0113636,0.011264,0.05,0.01024,0.181818,0.011264,0.8,0.01024,2.90909,0.011264,11.6364,0.011264,42.6667,0.012288,157.538,0.013312,431.158,0.019456,630.154,0.053248,753.287,0.178176,757.642,0.708608,749.786,2.86413,744.397,11.5395,
0.0104167,0.012288,0.0357143,0.014336,0.181818,0.011264,0.727273,0.011264,2.90909,0.011264,11.6364,0.011264,42.6667,0.012288,146.286,0.014336,431.158,0.019456,642.51,0.052224,744.727,0.180224,752.207,0.713728,751.667,2.85696,744.199,11.5425,
0.0113636,0.011264,0.0454545,0.011264,0.181818,0.011264,0.727273,0.011264,2.90909,0.011264,11.6364,0.011264,46.5455,0.011264,136.533,0.01536,431.158,0.019456,618.264,0.054272,744.727,0.180224,756.548,0.709632,750.591,2.86106,744.661,11.5354,
0.0113636,0.011264,0.0454545,0.011264,0.181818,0.011264,0.727273,0.011264,2.90909,0.011264,10.6667,0.012288,39.3846,0.013312,157.538,0.013312,431.158,0.019456,655.36,0.0512,744.727,0.180224,752.207,0.713728,750.86,2.86003,744.661,11.5354,
0.0125,0.01024,0.05,0.01024,0.2,0.01024,0.727273,0.011264,2.90909,0.011264,10.6667,0.012288,42.6667,0.012288,146.286,0.014336,409.6,0.02048,642.51,0.052224,744.727,0.180224,755.458,0.710656,751.398,2.85798,744.595,11.5364,
0.0113636,0.011264,0.0454545,0.011264,0.181818,0.011264,0.727273,0.011264,2.66667,0.012288,11.6364,0.011264,42.6667,0.012288,157.538,0.013312,409.6,0.02048,630.154,0.053248,748.983,0.1792,753.287,0.712704,750.054,2.8631,744.595,11.5364,
0.0125,0.01024,0.0454545,0.011264,0.2,0.01024,0.8,0.01024,2.90909,0.011264,11.6364,0.011264,42.6667,0.012288,136.533,0.01536,409.6,0.02048,642.51,0.052224,740.52,0.181248,757.642,0.708608,749.25,2.86618,744.529,11.5374,
0.0113636,0.011264,0.0454545,0.011264,0.181818,0.011264,0.727273,0.011264,2.90909,0.011264,10.6667,0.012288,46.5455,0.011264,157.538,0.013312,409.6,0.02048,642.51,0.052224,744.727,0.180224,753.287,0.712704,749.25,2.86618,744.331,11.5405,
0.0113636,0.011264,0.05,0.01024,0.181818,0.011264,0.727273,0.011264,2.90909,0.011264,10.6667,0.012288,42.6667,0.012288,146.286,0.014336,409.6,0.02048,630.154,0.053248,744.727,0.180224,756.548,0.709632,749.25,2.86618,744.595,11.5364,
0.0113636,0.011264,0.0454545,0.011264,0.181818,0.011264,0.727273,0.011264,2.90909,0.011264,9.84615,0.013312,42.6667,0.012288,146.286,0.014336,409.6,0.02048,642.51,0.052224,748.983,0.1792,750.054,0.715776,750.591,2.86106,744.463,11.5384,
0.0125,0.01024,0.0454545,0.011264,0.181818,0.011264,0.727273,0.011264,2.90909,0.011264,11.6364,0.011264,46.5455,0.011264,136.533,0.01536,409.6,0.02048,642.51,0.052224,748.983,0.1792,754.371,0.71168,750.591,2.86106,744.397,11.5395,
0.0113636,0.011264,0.0454545,0.011264,0.181818,0.011264,0.727273,0.011264,2.90909,0.011264,10.6667,0.012288,42.6667,0.012288,128,0.016384,431.158,0.019456,642.51,0.052224,748.983,0.1792,754.371,0.71168,748.448,2.86925,744.661,11.5354,
0.0113636,0.011264,0.05,0.01024,0.181818,0.011264,0.8,0.01024,2.90909,0.011264,10.6667,0.012288,42.6667,0.012288,146.286,0.014336,431.158,0.019456,630.154,0.053248,740.52,0.181248,756.548,0.709632,751.398,2.85798,744.331,11.5405,
0.0113636,0.011264,0.05,0.01024,0.181818,0.011264,0.666667,0.012288,2.90909,0.011264,11.6364,0.011264,42.6667,0.012288,136.533,0.01536,409.6,0.02048,630.154,0.053248,740.52,0.181248,755.458,0.710656,750.323,2.86208,744.331,11.5405,
0.0125,0.01024,0.05,0.01024,0.181818,0.011264,0.8,0.01024,2.90909,0.011264,11.6364,0.011264,46.5455,0.011264,146.286,0.014336,409.6,0.02048,642.51,0.052224,744.727,0.180224,753.287,0.712704,749.518,2.86515,744.133,11.5436,
0.0113636,0.011264,0.0454545,0.011264,0.2,0.01024,0.727273,0.011264,2.66667,0.012288,11.6364,0.011264,42.6667,0.012288,136.533,0.01536,409.6,0.02048,642.51,0.052224,748.983,0.1792,754.371,0.71168,749.518,2.86515,744.001,11.5456,
0.0125,0.01024,0.0454545,0.011264,0.181818,0.011264,0.727273,0.011264,2.90909,0.011264,10.6667,0.012288,46.5455,0.011264,146.286,0.014336,409.6,0.02048,630.154,0.053248,753.287,0.178176,751.129,0.714752,748.715,2.86822,743.803,11.5487,
0.0113636,0.011264,0.0454545,0.011264,0.181818,0.011264,0.727273,0.011264,2.90909,0.011264,11.6364,0.011264,42.6667,0.012288,146.286,0.014336,409.6,0.02048,630.154,0.053248,740.52,0.181248,751.129,0.714752,748.983,2.8672,744.397,11.5395,
0.0125,0.01024,0.0454545,0.011264,0.2,0.01024,0.727273,0.011264,2.90909,0.011264,10.6667,0.012288,39.3846,0.013312,146.286,0.014336,431.158,0.019456,642.51,0.052224,744.727,0.180224,755.458,0.710656,750.591,2.86106,744.926,11.5313,
0.0113636,0.011264,0.0454545,0.011264,0.181818,0.011264,0.727273,0.011264,2.66667,0.012288,10.6667,0.012288,39.3846,0.013312,136.533,0.01536,409.6,0.02048,642.51,0.052224,736.36,0.182272,757.642,0.708608,748.983,2.8672,744.463,11.5384,
0.0113636,0.011264,0.0454545,0.011264,0.181818,0.011264,0.727273,0.011264,2.90909,0.011264,11.6364,0.011264,42.6667,0.012288,113.778,0.018432,409.6,0.02048,618.264,0.054272,744.727,0.180224,755.458,0.710656,751.937,2.85594,743.935,11.5466,
0.0125,0.01024,0.0454545,0.011264,0.181818,0.011264,0.727273,0.011264,2.90909,0.011264,11.6364,0.011264,42.6667,0.012288,146.286,0.014336,431.158,0.019456,630.154,0.053248,748.983,0.1792,756.548,0.709632,750.86,2.86003,744.727,11.5343,
0.0113636,0.011264,0.05,0.01024,0.181818,0.011264,0.727273,0.011264,2.66667,0.012288,10.6667,0.012288,42.6667,0.012288,136.533,0.01536,431.158,0.019456,630.154,0.053248,744.727,0.180224,754.371,0.71168,749.518,2.86515,744.793,11.5333,
0.0113636,0.011264,0.05,0.01024,0.181818,0.011264,0.666667,0.012288,2.90909,0.011264,11.6364,0.011264,39.3846,0.013312,146.286,0.014336,390.095,0.021504,642.51,0.052224,740.52,0.181248,753.287,0.712704,748.983,2.8672,744.001,11.5456,
0.0113636,0.011264,0.0454545,0.011264,0.181818,0.011264,0.727273,0.011264,2.66667,0.012288,10.6667,0.012288,42.6667,0.012288,136.533,0.01536,431.158,0.019456,642.51,0.052224,748.983,0.1792,754.371,0.71168,748.448,2.86925,744.595,11.5364,
0.0113636,0.011264,0.0454545,0.011264,0.181818,0.011264,0.727273,0.011264,2.66667,0.012288,10.6667,0.012288,39.3846,0.013312,146.286,0.014336,431.158,0.019456,630.154,0.053248,744.727,0.180224,757.642,0.708608,748.715,2.86822,744.727,11.5343,
0.0125,0.01024,0.0454545,0.011264,0.2,0.01024,0.727273,0.011264,2.90909,0.011264,11.6364,0.011264,42.6667,0.012288,136.533,0.01536,409.6,0.02048,630.154,0.053248,740.52,0.181248,754.371,0.71168,747.914,2.8713,744.463,11.5384,
0.0113636,0.011264,0.0454545,0.011264,0.181818,0.011264,0.727273,0.011264,2.90909,0.011264,11.6364,0.011264,42.6667,0.012288,136.533,0.01536,409.6,0.02048,618.264,0.054272,744.727,0.180224,753.287,0.712704,750.054,2.8631,744.86,11.5323,
0.0125,0.01024,0.05,0.01024,0.181818,0.011264,0.8,0.01024,2.66667,0.012288,10.6667,0.012288,42.6667,0.012288,136.533,0.01536,409.6,0.02048,630.154,0.053248,753.287,0.178176,754.371,0.71168,748.983,2.8672,744.067,11.5446,
0.0113636,0.011264,0.0454545,0.011264,0.181818,0.011264,0.727273,0.011264,2.90909,0.011264,10.6667,0.012288,42.6667,0.012288,128,0.016384,409.6,0.02048,618.264,0.054272,740.52,0.181248,755.458,0.710656,748.448,2.86925,744.661,11.5354,
0.0125,0.01024,0.0454545,0.011264,0.181818,0.011264,0.727273,0.011264,2.90909,0.011264,11.6364,0.011264,39.3846,0.013312,136.533,0.01536,409.6,0.02048,642.51,0.052224,740.52,0.181248,756.548,0.709632,748.715,2.86822,743.869,11.5476,
0.0113636,0.011264,0.0454545,0.011264,0.181818,0.011264,0.727273,0.011264,2.90909,0.011264,10.6667,0.012288,42.6667,0.012288,136.533,0.01536,409.6,0.02048,618.264,0.054272,736.36,0.182272,754.371,0.71168,749.25,2.86618,743.935,11.5466,
0.0125,0.01024,0.05,0.01024,0.181818,0.011264,0.727273,0.011264,2.90909,0.011264,10.6667,0.012288,42.6667,0.012288,146.286,0.014336,409.6,0.02048,618.264,0.054272,740.52,0.181248,755.458,0.710656,749.518,2.86515,743.803,11.5487,
0.0113636,0.011264,0.0454545,0.011264,0.181818,0.011264,0.727273,0.011264,2.66667,0.012288,11.6364,0.011264,42.6667,0.012288,136.533,0.01536,409.6,0.02048,630.154,0.053248,736.36,0.182272,753.287,0.712704,748.448,2.86925,744.595,11.5364,
0.0113636,0.011264,0.0454545,0.011264,0.166667,0.012288,0.727273,0.011264,2.90909,0.011264,10.6667,0.012288,42.6667,0.012288,136.533,0.01536,431.158,0.019456,618.264,0.054272,728.178,0.18432,755.458,0.710656,749.518,2.86515,744.793,11.5333,
0.0113636,0.011264,0.05,0.01024,0.181818,0.011264,0.727273,0.011264,2.90909,0.011264,11.6364,0.011264,42.6667,0.012288,146.286,0.014336,431.158,0.019456,630.154,0.053248,748.983,0.1792,754.371,0.71168,748.448,2.86925,744.463,11.5384,
0.0125,0.01024,0.05,0.01024,0.181818,0.011264,0.727273,0.011264,2.90909,0.011264,10.6667,0.012288,39.3846,0.013312,146.286,0.014336,431.158,0.019456,630.154,0.053248,753.287,0.178176,750.054,0.715776,750.323,2.86208,744.529,11.5374,
0.0113636,0.011264,0.0454545,0.011264,0.181818,0.011264,0.727273,0.011264,2.66667,0.012288,10.6667,0.012288,42.6667,0.012288,136.533,0.01536,431.158,0.019456,642.51,0.052224,740.52,0.181248,752.207,0.713728,749.25,2.86618,744.661,11.5354,
0.0113636,0.011264,0.0454545,0.011264,0.181818,0.011264,0.727273,0.011264,2.90909,0.011264,11.6364,0.011264,46.5455,0.011264,146.286,0.014336,409.6,0.02048,630.154,0.053248,736.36,0.182272,755.458,0.710656,749.25,2.86618,744.463,11.5384,
0.0113636,0.011264,0.05,0.01024,0.181818,0.011264,0.727273,0.011264,2.66667,0.012288,11.6364,0.011264,42.6667,0.012288,146.286,0.014336,409.6,0.02048,630.154,0.053248,744.727,0.180224,752.207,0.713728,749.518,2.86515,745.058,11.5292,
0.0125,0.01024,0.05,0.01024,0.2,0.01024,0.8,0.01024,2.90909,0.011264,11.6364,0.011264,42.6667,0.012288,146.286,0.014336,431.158,0.019456,618.264,0.054272,748.983,0.1792,753.287,0.712704,746.849,2.87539,744.529,11.5374,
0.0125,0.01024,0.0454545,0.011264,0.181818,0.011264,0.666667,0.012288,2.66667,0.012288,10.6667,0.012288,42.6667,0.012288,157.538,0.013312,390.095,0.021504,630.154,0.053248,748.983,0.1792,756.548,0.709632,749.25,2.86618,744.331,11.5405,
0.0113636,0.011264,0.0454545,0.011264,0.181818,0.011264,0.727273,0.011264,2.90909,0.011264,11.6364,0.011264,42.6667,0.012288,136.533,0.01536,431.158,0.019456,630.154,0.053248,748.983,0.1792,757.642,0.708608,748.715,2.86822,744.001,11.5456,
0.0113636,0.011264,0.0454545,0.011264,0.181818,0.011264,0.727273,0.011264,2.90909,0.011264,10.6667,0.012288,36.5714,0.014336,146.286,0.014336,431.158,0.019456,630.154,0.053248,740.52,0.181248,756.548,0.709632,747.115,2.87437,743.144,11.5589,
0.0125,0.01024,0.05,0.01024,0.181818,0.011264,0.727273,0.011264,2.66667,0.012288,11.6364,0.011264,46.5455,0.011264,146.286,0.014336,409.6,0.02048,618.264,0.054272,740.52,0.181248,755.458,0.710656,747.381,2.87334,743.605,11.5517,
0.0125,0.01024,0.0454545,0.011264,0.181818,0.011264,0.727273,0.011264,2.90909,0.011264,11.6364,0.011264,42.6667,0.012288,136.533,0.01536,409.6,0.02048,642.51,0.052224,740.52,0.181248,756.548,0.709632,748.448,2.86925,743.144,11.5589,
0.0125,0.01024,0.0454545,0.011264,0.181818,0.011264,0.8,0.01024,2.90909,0.011264,10.6667,0.012288,42.6667,0.012288,128,0.016384,409.6,0.02048,630.154,0.053248,757.642,0.177152,755.458,0.710656,747.914,2.8713,743.276,11.5569,
0.0113636,0.011264,0.0454545,0.011264,0.2,0.01024,0.727273,0.011264,2.66667,0.012288,11.6364,0.011264,42.6667,0.012288,128,0.016384,431.158,0.019456,618.264,0.054272,744.727,0.180224,752.207,0.713728,746.849,2.87539,742.881,11.563,
0.0125,0.01024,0.05,0.01024,0.2,0.01024,0.727273,0.011264,2.90909,0.011264,11.6364,0.011264,42.6667,0.012288,128,0.016384,431.158,0.019456,630.154,0.053248,740.52,0.181248,754.371,0.71168,747.381,2.87334,744.199,11.5425,
0.0113636,0.011264,0.0454545,0.011264,0.181818,0.011264,0.727273,0.011264,2.90909,0.011264,10.6667,0.012288,42.6667,0.012288,146.286,0.014336,409.6,0.02048,630.154,0.053248,736.36,0.182272,754.371,0.71168,746.583,2.87642,743.869,11.5476,
0.0113636,0.011264,0.0454545,0.011264,0.181818,0.011264,0.8,0.01024,2.90909,0.011264,10.6667,0.012288,42.6667,0.012288,136.533,0.01536,409.6,0.02048,642.51,0.052224,744.727,0.180224,756.548,0.709632,748.715,2.86822,743.341,11.5558,
0.0113636,0.011264,0.0454545,0.011264,0.181818,0.011264,0.727273,0.011264,2.90909,0.011264,11.6364,0.011264,39.3846,0.013312,136.533,0.01536,409.6,0.02048,630.154,0.053248,748.983,0.1792,755.458,0.710656,747.115,2.87437,743.539,11.5528,
0.0125,0.01024,0.0454545,0.011264,0.181818,0.011264,0.727273,0.011264,2.90909,0.011264,11.6364,0.011264,39.3846,0.013312,136.533,0.01536,409.6,0.02048,630.154,0.053248,748.983,0.1792,753.287,0.712704,746.849,2.87539,743.473,11.5538,
0.0113636,0.011264,0.0454545,0.011264,0.181818,0.011264,0.727273,0.011264,2.66667,0.012288,10.6667,0.012288,46.5455,0.011264,136.533,0.01536,431.158,0.019456,630.154,0.053248,744.727,0.180224,753.287,0.712704,748.983,2.8672,743.803,11.5487,
0.0113636,0.011264,0.0454545,0.011264,0.181818,0.011264,0.727273,0.011264,2.66667,0.012288,11.6364,0.011264,42.6667,0.012288,146.286,0.014336,409.6,0.02048,642.51,0.052224,748.983,0.1792,754.371,0.71168,746.317,2.87744,743.473,11.5538,
0.0125,0.01024,0.0454545,0.011264,0.181818,0.011264,0.727273,0.011264,2.66667,0.012288,11.6364,0.011264,42.6667,0.012288,136.533,0.01536,409.6,0.02048,630.154,0.053248,740.52,0.181248,754.371,0.71168,748.448,2.86925,743.276,11.5569,
0.0113636,0.011264,0.05,0.01024,0.181818,0.011264,0.727273,0.011264,2.90909,0.011264,10.6667,0.012288,42.6667,0.012288,146.286,0.014336,409.6,0.02048,630.154,0.053248,748.983,0.1792,756.548,0.709632,748.715,2.86822,743.605,11.5517,
0.0113636,0.011264,0.0454545,0.011264,0.181818,0.011264,0.666667,0.012288,2.66667,0.012288,9.84615,0.013312,42.6667,0.012288,146.286,0.014336,409.6,0.02048,630.154,0.053248,748.983,0.1792,755.458,0.710656,748.448,2.86925,743.078,11.5599,
0.0125,0.01024,0.05,0.01024,0.2,0.01024,0.727273,0.011264,2.90909,0.011264,11.6364,0.011264,39.3846,0.013312,146.286,0.014336,409.6,0.02048,618.264,0.054272,753.287,0.178176,753.287,0.712704,746.849,2.87539,743.012,11.561,
0.0113636,0.011264,0.0454545,0.011264,0.181818,0.011264,0.727273,0.011264,2.90909,0.011264,11.6364,0.011264,42.6667,0.012288,120.471,0.017408,409.6,0.02048,630.154,0.053248,753.287,0.178176,755.458,0.710656,748.448,2.86925,743.276,11.5569,
0.0125,0.01024,0.0454545,0.011264,0.181818,0.011264,0.8,0.01024,2.66667,0.012288,10.6667,0.012288,42.6667,0.012288,128,0.016384,409.6,0.02048,630.154,0.053248,740.52,0.181248,753.287,0.712704,747.914,2.8713,743.737,11.5497,
0.0113636,0.011264,0.0454545,0.011264,0.181818,0.011264,0.727273,0.011264,2.66667,0.012288,11.6364,0.011264,39.3846,0.013312,146.286,0.014336,431.158,0.019456,642.51,0.052224,736.36,0.182272,752.207,0.713728,748.715,2.86822,743.407,11.5548,
0.0113636,0.011264,0.05,0.01024,0.181818,0.011264,0.727273,0.011264,2.90909,0.011264,10.6667,0.012288,42.6667,0.012288,146.286,0.014336,431.158,0.019456,618.264,0.054272,744.727,0.180224,752.207,0.713728,746.317,2.87744,743.341,11.5558,
0.0113636,0.011264,0.0454545,0.011264,0.181818,0.011264,0.727273,0.011264,2.90909,0.011264,11.6364,0.011264,42.6667,0.012288,157.538,0.013312,315.077,0.026624,655.36,0.0512,753.287,0.178176,755.458,0.710656,746.849,2.87539,742.946,11.562,
0.0125,0.01024,0.0454545,0.011264,0.2,0.01024,0.8,0.01024,2.90909,0.011264,10.6667,0.012288,39.3846,0.013312,120.471,0.017408,409.6,0.02048,630.154,0.053248,744.727,0.180224,746.849,0.718848,747.914,2.8713,743.869,11.5476,
0.00961538,0.013312,0.0454545,0.011264,0.2,0.01024,0.727273,0.011264,2.90909,0.011264,11.6364,0.011264,39.3846,0.013312,136.533,0.01536,409.6,0.02048,618.264,0.054272,744.727,0.180224,755.458,0.710656,748.983,2.8672,743.803,11.5487,
0.0104167,0.012288,0.05,0.01024,0.181818,0.011264,0.8,0.01024,2.90909,0.011264,10.6667,0.012288,42.6667,0.012288,136.533,0.01536,409.6,0.02048,618.264,0.054272,744.727,0.180224,757.642,0.708608,748.715,2.86822,743.539,11.5528,
0.0125,0.01024,0.0454545,0.011264,0.181818,0.011264,0.615385,0.013312,2.90909,0.011264,11.6364,0.011264,39.3846,0.013312,146.286,0.014336,409.6,0.02048,618.264,0.054272,740.52,0.181248,754.371,0.71168,748.715,2.86822,743.407,11.5548,
0.0113636,0.011264,0.0454545,0.011264,0.181818,0.011264,0.8,0.01024,2.90909,0.011264,11.6364,0.011264,42.6667,0.012288,128,0.016384,409.6,0.02048,630.154,0.053248,744.727,0.180224,757.642,0.708608,746.849,2.87539,743.605,11.5517,
0.0138889,0.009216,0.05,0.01024,0.2,0.01024,0.888889,0.009216,3.2,0.01024,12.8,0.01024,46.5455,0.011264,186.182,0.011264,455.111,0.018432,642.51,0.052224,748.983,0.1792,746.849,0.718848,742.618,2.89178,712.469,12.0566,
0.0125,0.01024,0.0555556,0.009216,0.222222,0.009216,0.888889,0.009216,3.2,0.01024,12.8,0.01024,46.5455,0.011264,170.667,0.012288,481.882,0.017408,642.51,0.052224,748.983,0.1792,748.983,0.7168,744.199,2.88563,711.925,12.0658,
0.0125,0.01024,0.0555556,0.009216,0.2,0.01024,0.8,0.01024,3.2,0.01024,12.8,0.01024,51.2,0.01024,170.667,0.012288,481.882,0.017408,642.51,0.052224,753.287,0.178176,745.787,0.719872,743.671,2.88768,711.442,12.074,
0.0125,0.01024,0.0555556,0.009216,0.2,0.01024,0.8,0.01024,3.2,0.01024,12.8,0.01024,51.2,0.01024,170.667,0.012288,512,0.016384,642.51,0.052224,744.727,0.180224,746.849,0.718848,744.199,2.88563,712.348,12.0586,
0.0113636,0.011264,0.0555556,0.009216,0.2,0.01024,0.8,0.01024,3.2,0.01024,12.8,0.01024,51.2,0.01024,170.667,0.012288,512,0.016384,642.51,0.052224,744.727,0.180224,752.207,0.713728,745.787,2.87949,711.683,12.0699,
0.0125,0.01024,0.0555556,0.009216,0.2,0.01024,0.8,0.01024,3.55556,0.009216,12.8,0.01024,51.2,0.01024,170.667,0.012288,512,0.016384,630.154,0.053248,740.52,0.181248,750.054,0.715776,747.914,2.8713,712.046,12.0637,
0.0113636,0.011264,0.05,0.01024,0.2,0.01024,0.8,0.01024,3.2,0.01024,12.8,0.01024,46.5455,0.011264,170.667,0.012288,481.882,0.017408,181.039,0.185344,757.642,0.177152,751.129,0.714752,748.715,2.86822,711.08,12.0801,
0.0125,0.01024,0.05,0.01024,0.222222,0.009216,0.8,0.01024,3.2,0.01024,12.8,0.01024,51.2,0.01024,170.667,0.012288,481.882,0.017408,606.815,0.055296,748.983,0.1792,748.983,0.7168,747.914,2.8713,711.321,12.076,
0.0125,0.01024,0.05,0.01024,0.2,0.01024,0.888889,0.009216,3.2,0.01024,12.8,0.01024,51.2,0.01024,170.667,0.012288,512,0.016384,630.154,0.053248,748.983,0.1792,751.129,0.714752,748.181,2.87027,710.899,12.0832,
0.0138889,0.009216,0.05,0.01024,0.2,0.01024,0.666667,0.012288,3.2,0.01024,11.6364,0.011264,51.2,0.01024,170.667,0.012288,481.882,0.017408,642.51,0.052224,744.727,0.180224,745.787,0.719872,748.181,2.87027,712.046,12.0637,
0.0125,0.01024,0.05,0.01024,0.2,0.01024,0.8,0.01024,3.2,0.01024,12.8,0.01024,46.5455,0.011264,170.667,0.012288,481.882,0.017408,642.51,0.052224,744.727,0.180224,748.983,0.7168,747.914,2.8713,726.853,11.818,
0.0138889,0.009216,0.0555556,0.009216,0.2,0.01024,0.8,0.01024,3.2,0.01024,11.6364,0.011264,46.5455,0.011264,170.667,0.012288,481.882,0.017408,655.36,0.0512,744.727,0.180224,747.914,0.717824,747.914,2.8713,744.001,11.5456,
0.0125,0.01024,0.05,0.01024,0.222222,0.009216,0.8,0.01024,3.2,0.01024,12.8,0.01024,51.2,0.01024,170.667,0.012288,481.882,0.017408,630.154,0.053248,748.983,0.1792,751.129,0.714752,748.715,2.86822,744.199,11.5425,
0.0138889,0.009216,0.0555556,0.009216,0.222222,0.009216,0.8,0.01024,3.2,0.01024,12.8,0.01024,51.2,0.01024,170.667,0.012288,481.882,0.017408,642.51,0.052224,744.727,0.180224,746.849,0.718848,748.181,2.87027,744.595,11.5364,
0.0138889,0.009216,0.0555556,0.009216,0.2,0.01024,0.8,0.01024,3.2,0.01024,12.8,0.01024,51.2,0.01024,170.667,0.012288,512,0.016384,642.51,0.052224,744.727,0.180224,746.849,0.718848,748.448,2.86925,743.276,11.5569,
0.0113636,0.011264,0.0555556,0.009216,0.2,0.01024,0.8,0.01024,3.2,0.01024,12.8,0.01024,51.2,0.01024,186.182,0.011264,512,0.016384,642.51,0.052224,744.727,0.180224,750.054,0.715776,748.448,2.86925,744.727,11.5343,
0.0125,0.01024,0.05,0.01024,0.2,0.01024,0.888889,0.009216,3.2,0.01024,12.8,0.01024,46.5455,0.011264,186.182,0.011264,512,0.016384,618.264,0.054272,736.36,0.182272,751.129,0.714752,749.25,2.86618,744.067,11.5446,
0.0125,0.01024,0.0555556,0.009216,0.222222,0.009216,0.888889,0.009216,3.2,0.01024,12.8,0.01024,46.5455,0.011264,186.182,0.011264,481.882,0.017408,630.154,0.053248,740.52,0.181248,750.054,0.715776,748.983,2.8672,744.595,11.5364,
0.0125,0.01024,0.05,0.01024,0.2,0.01024,0.888889,0.009216,3.2,0.01024,12.8,0.01024,46.5455,0.011264,186.182,0.011264,481.882,0.017408,630.154,0.053248,748.983,0.1792,751.129,0.714752,749.25,2.86618,744.265,11.5415,
0.0125,0.01024,0.05,0.01024,0.222222,0.009216,0.888889,0.009216,3.2,0.01024,11.6364,0.011264,51.2,0.01024,170.667,0.012288,481.882,0.017408,642.51,0.052224,744.727,0.180224,742.618,0.722944,750.86,2.86003,744.463,11.5384,
0.0138889,0.009216,0.05,0.01024,0.2,0.01024,0.888889,0.009216,3.55556,0.009216,12.8,0.01024,51.2,0.01024,170.667,0.012288,481.882,0.017408,642.51,0.052224,748.983,0.1792,753.287,0.712704,750.054,2.8631,744.331,11.5405,
0.0138889,0.009216,0.0555556,0.009216,0.2,0.01024,0.888889,0.009216,3.2,0.01024,12.8,0.01024,51.2,0.01024,186.182,0.011264,481.882,0.017408,642.51,0.052224,740.52,0.181248,748.983,0.7168,750.054,2.8631,744.397,11.5395,
0.0125,0.01024,0.0555556,0.009216,0.2,0.01024,0.888889,0.009216,3.2,0.01024,12.8,0.01024,51.2,0.01024,186.182,0.011264,481.882,0.017408,618.264,0.054272,748.983,0.1792,747.914,0.717824,751.398,2.85798,744.793,11.5333,
0.0125,0.01024,0.0555556,0.009216,0.222222,0.009216,0.888889,0.009216,3.2,0.01024,12.8,0.01024,51.2,0.01024,186.182,0.011264,481.882,0.017408,618.264,0.054272,744.727,0.180224,750.054,0.715776,750.86,2.86003,744.86,11.5323,
0.0125,0.01024,0.0555556,0.009216,0.2,0.01024,0.8,0.01024,2.90909,0.011264,14.2222,0.009216,51.2,0.01024,146.286,0.014336,481.882,0.017408,630.154,0.053248,748.983,0.1792,746.849,0.718848,750.591,2.86106,744.86,11.5323,
0.0125,0.01024,0.05,0.01024,0.222222,0.009216,0.888889,0.009216,3.2,0.01024,12.8,0.01024,51.2,0.01024,170.667,0.012288,481.882,0.017408,642.51,0.052224,740.52,0.181248,748.983,0.7168,750.86,2.86003,744.331,11.5405,
0.0125,0.01024,0.0555556,0.009216,0.2,0.01024,0.888889,0.009216,3.2,0.01024,12.8,0.01024,51.2,0.01024,170.667,0.012288,481.882,0.017408,630.154,0.053248,748.983,0.1792,752.207,0.713728,748.181,2.87027,744.397,11.5395,
0.0138889,0.009216,0.0555556,0.009216,0.2,0.01024,0.888889,0.009216,3.55556,0.009216,12.8,0.01024,51.2,0.01024,170.667,0.012288,481.882,0.017408,642.51,0.052224,753.287,0.178176,747.914,0.717824,751.129,2.85901,744.265,11.5415,
0.0113636,0.011264,0.0555556,0.009216,0.2,0.01024,0.888889,0.009216,3.2,0.01024,12.8,0.01024,46.5455,0.011264,170.667,0.012288,481.882,0.017408,630.154,0.053248,748.983,0.1792,748.983,0.7168,750.054,2.8631,743.012,11.561,
0.0138889,0.009216,0.0555556,0.009216,0.222222,0.009216,0.888889,0.009216,3.2,0.01024,12.8,0.01024,51.2,0.01024,170.667,0.012288,481.882,0.017408,642.51,0.052224,753.287,0.178176,752.207,0.713728,749.786,2.86413,742.946,11.562,
0.0125,0.01024,0.0555556,0.009216,0.222222,0.009216,0.8,0.01024,3.2,0.01024,12.8,0.01024,46.5455,0.011264,186.182,0.011264,481.882,0.017408,642.51,0.052224,740.52,0.181248,747.914,0.717824,749.25,2.86618,743.21,11.5579,
0.0125,0.01024,0.0555556,0.009216,0.222222,0.009216,0.888889,0.009216,3.2,0.01024,12.8,0.01024,51.2,0.01024,170.667,0.012288,481.882,0.017408,618.264,0.054272,744.727,0.180224,748.983,0.7168,748.983,2.8672,743.539,11.5528,
0.0125,0.01024,0.05,0.01024,0.2,0.01024,0.888889,0.009216,3.2,0.01024,12.8,0.01024,51.2,0.01024,186.182,0.011264,481.882,0.017408,630.154,0.053248,740.52,0.181248,753.287,0.712704,751.937,2.85594,743.473,11.5538,
0.0138889,0.009216,0.05,0.01024,0.222222,0.009216,0.888889,0.009216,3.55556,0.009216,12.8,0.01024,46.5455,0.011264,186.182,0.011264,481.882,0.017408,668.735,0.050176,740.52,0.181248,755.458,0.710656,751.398,2.85798,742.815,11.564,
0.0138889,0.009216,0.05,0.01024,0.2,0.01024,0.888889,0.009216,3.55556,0.009216,12.8,0.01024,51.2,0.01024,186.182,0.011264,512,0.016384,618.264,0.054272,740.52,0.181248,756.548,0.709632,750.323,2.86208,743.276,11.5569,
0.0125,0.01024,0.0555556,0.009216,0.222222,0.009216,0.888889,0.009216,3.55556,0.009216,9.84615,0.013312,46.5455,0.011264,186.182,0.011264,512,0.016384,630.154,0.053248,744.727,0.180224,753.287,0.712704,750.591,2.86106,743.407,11.5548,
0.0113636,0.011264,0.0416667,0.012288,0.2,0.01024,0.888889,0.009216,3.2,0.01024,12.8,0.01024,46.5455,0.011264,186.182,0.011264,512,0.016384,630.154,0.053248,740.52,0.181248,756.548,0.709632,749.786,2.86413,742.815,11.564,
0.0138889,0.009216,0.0555556,0.009216,0.2,0.01024,0.888889,0.009216,3.55556,0.009216,12.8,0.01024,46.5455,0.011264,186.182,0.011264,512,0.016384,655.36,0.0512,736.36,0.182272,755.458,0.710656,750.86,2.86003,743.341,11.5558,
0.0125,0.01024,0.05,0.01024,0.2,0.01024,0.8,0.01024,3.2,0.01024,14.2222,0.009216,46.5455,0.011264,186.182,0.011264,512,0.016384,642.51,0.052224,744.727,0.180224,751.129,0.714752,750.054,2.8631,743.671,11.5507,
0.0125,0.01024,0.0555556,0.009216,0.2,0.01024,0.8,0.01024,3.2,0.01024,12.8,0.01024,46.5455,0.011264,170.667,0.012288,481.882,0.017408,642.51,0.052224,744.727,0.180224,755.458,0.710656,750.323,2.86208,743.473,11.5538,
0.0125,0.01024,0.05,0.01024,0.2,0.01024,0.8,0.01024,3.2,0.01024,12.8,0.01024,46.5455,0.011264,186.182,0.011264,512,0.016384,618.264,0.054272,748.983,0.1792,757.642,0.708608,750.323,2.86208,744.331,11.5405,
0.0125,0.01024,0.05,0.01024,0.222222,0.009216,0.8,0.01024,3.2,0.01024,12.8,0.01024,51.2,0.01024,186.182,0.011264,481.882,0.017408,642.51,0.052224,748.983,0.1792,756.548,0.709632,751.129,2.85901,745.058,11.5292,
0.0125,0.01024,0.05,0.01024,0.2,0.01024,0.8,0.01024,3.55556,0.009216,12.8,0.01024,51.2,0.01024,170.667,0.012288,481.882,0.017408,630.154,0.053248,740.52,0.181248,751.129,0.714752,752.477,2.85389,744.397,11.5395,
0.0138889,0.009216,0.05,0.01024,0.222222,0.009216,0.8,0.01024,3.2,0.01024,12.8,0.01024,51.2,0.01024,186.182,0.011264,512,0.016384,630.154,0.053248,748.983,0.1792,756.548,0.709632,751.667,2.85696,744.595,11.5364,
0.0125,0.01024,0.05,0.01024,0.2,0.01024,0.8,0.01024,3.2,0.01024,12.8,0.01024,51.2,0.01024,170.667,0.012288,512,0.016384,630.154,0.053248,753.287,0.178176,752.207,0.713728,749.25,2.86618,744.793,11.5333,
0.0138889,0.009216,0.0555556,0.009216,0.2,0.01024,0.888889,0.009216,3.2,0.01024,12.8,0.01024,51.2,0.01024,186.182,0.011264,62.5344,0.134144,630.154,0.053248,740.52,0.181248,752.207,0.713728,750.323,2.86208,744.86,11.5323,
0.0138889,0.009216,0.05,0.01024,0.2,0.01024,0.8,0.01024,3.2,0.01024,12.8,0.01024,46.5455,0.011264,186.182,0.011264,481.882,0.017408,630.154,0.053248,744.727,0.180224,753.287,0.712704,750.591,2.86106,744.529,11.5374,
0.0138889,0.009216,0.0555556,0.009216,0.222222,0.009216,0.8,0.01024,3.2,0.01024,12.8,0.01024,51.2,0.01024,186.182,0.011264,481.882,0.017408,630.154,0.053248,748.983,0.1792,758.738,0.707584,750.86,2.86003,744.727,11.5343,
0.0125,0.01024,0.05,0.01024,0.2,0.01024,0.8,0.01024,3.2,0.01024,14.2222,0.009216,51.2,0.01024,186.182,0.011264,481.882,0.017408,642.51,0.052224,748.983,0.1792,753.287,0.712704,750.591,2.86106,744.727,11.5343,
0.0138889,0.009216,0.0555556,0.009216,0.2,0.01024,0.888889,0.009216,3.2,0.01024,12.8,0.01024,51.2,0.01024,170.667,0.012288,512,0.016384,642.51,0.052224,744.727,0.180224,754.371,0.71168,750.86,2.86003,744.397,11.5395,
0.0138889,0.009216,0.05,0.01024,0.2,0.01024,0.8,0.01024,3.2,0.01024,12.8,0.01024,46.5455,0.011264,170.667,0.012288,481.882,0.017408,655.36,0.0512,740.52,0.181248,756.548,0.709632,751.129,2.85901,744.133,11.5436,
0.0138889,0.009216,0.05,0.01024,0.2,0.01024,0.8,0.01024,3.2,0.01024,11.6364,0.011264,46.5455,0.011264,170.667,0.012288,512,0.016384,618.264,0.054272,744.727,0.180224,754.371,0.71168,749.786,2.86413,744.529,11.5374,
0.0125,0.01024,0.05,0.01024,0.2,0.01024,0.8,0.01024,3.2,0.01024,12.8,0.01024,51.2,0.01024,170.667,0.012288,512,0.016384,630.154,0.053248,753.287,0.178176,753.287,0.712704,745.787,2.87949,744.397,11.5395,
0.0138889,0.009216,0.05,0.01024,0.2,0.01024,0.888889,0.009216,3.2,0.01024,12.8,0.01024,51.2,0.01024,170.667,0.012288,512,0.016384,630.154,0.053248,748.983,0.1792,756.548,0.709632,749.786,2.86413,744.661,11.5354,
0.0138889,0.009216,0.0555556,0.009216,0.2,0.01024,0.888889,0.009216,3.2,0.01024,12.8,0.01024,46.5455,0.011264,186.182,0.011264,512,0.016384,642.51,0.052224,744.727,0.180224,755.458,0.710656,751.667,2.85696,743.869,11.5476,
0.0138889,0.009216,0.0555556,0.009216,0.222222,0.009216,0.888889,0.009216,3.2,0.01024,12.8,0.01024,46.5455,0.011264,170.667,0.012288,512,0.016384,655.36,0.0512,736.36,0.182272,753.287,0.712704,750.054,2.8631,743.935,11.5466,
0.0125,0.01024,0.0555556,0.009216,0.2,0.01024,0.8,0.01024,3.55556,0.009216,12.8,0.01024,46.5455,0.011264,186.182,0.011264,481.882,0.017408,630.154,0.053248,744.727,0.180224,754.371,0.71168,751.398,2.85798,743.407,11.5548,
0.0125,0.01024,0.0555556,0.009216,0.222222,0.009216,0.888889,0.009216,3.2,0.01024,12.8,0.01024,46.5455,0.011264,186.182,0.011264,481.882,0.017408,630.154,0.053248,740.52,0.181248,756.548,0.709632,750.591,2.86106,742.749,11.5651,
0.0125,0.01024,0.0555556,0.009216,0.2,0.01024,0.8,0.01024,3.2,0.01024,12.8,0.01024,46.5455,0.011264,186.182,0.011264,481.882,0.017408,618.264,0.054272,753.287,0.178176,754.371,0.71168,748.181,2.87027,742.881,11.563,
0.0138889,0.009216,0.0555556,0.009216,0.222222,0.009216,0.888889,0.009216,3.2,0.01024,12.8,0.01024,46.5455,0.011264,186.182,0.011264,481.882,0.017408,618.264,0.054272,744.727,0.180224,754.371,0.71168,748.448,2.86925,743.341,11.5558,
0.0125,0.01024,0.0555556,0.009216,0.2,0.01024,0.8,0.01024,3.2,0.01024,12.8,0.01024,46.5455,0.011264,170.667,0.012288,481.882,0.017408,618.264,0.054272,753.287,0.178176,755.458,0.710656,749.25,2.86618,743.144,11.5589,
0.0138889,0.009216,0.0555556,0.009216,0.222222,0.009216,0.8,0.01024,3.2,0.01024,11.6364,0.011264,46.5455,0.011264,170.667,0.012288,481.882,0.017408,630.154,0.053248,740.52,0.181248,754.371,0.71168,750.591,2.86106,743.407,11.5548,
0.0138889,0.009216,0.05,0.01024,0.2,0.01024,0.8,0.01024,3.2,0.01024,12.8,0.01024,51.2,0.01024,170.667,0.012288,481.882,0.017408,630.154,0.053248,748.983,0.1792,759.838,0.70656,751.667,2.85696,743.21,11.5579,
0.0138889,0.009216,0.0555556,0.009216,0.222222,0.009216,0.888889,0.009216,3.2,0.01024,12.8,0.01024,51.2,0.01024,170.667,0.012288,481.882,0.017408,668.735,0.050176,744.727,0.180224,755.458,0.710656,750.054,2.8631,743.671,11.5507,
0.0125,0.01024,0.05,0.01024,0.2,0.01024,0.8,0.01024,3.2,0.01024,12.8,0.01024,46.5455,0.011264,186.182,0.011264,481.882,0.017408,655.36,0.0512,753.287,0.178176,753.287,0.712704,748.448,2.86925,743.671,11.5507,
0.0125,0.01024,0.05,0.01024,0.222222,0.009216,0.888889,0.009216,3.2,0.01024,12.8,0.01024,51.2,0.01024,186.182,0.011264,481.882,0.017408,630.154,0.053248,744.727,0.180224,753.287,0.712704,749.518,2.86515,743.671,11.5507,
0.0125,0.01024,0.05,0.01024,0.222222,0.009216,0.8,0.01024,3.2,0.01024,12.8,0.01024,51.2,0.01024,170.667,0.012288,481.882,0.017408,630.154,0.053248,744.727,0.180224,753.287,0.712704,750.323,2.86208,743.869,11.5476,
0.0138889,0.009216,0.0555556,0.009216,0.222222,0.009216,0.888889,0.009216,3.2,0.01024,12.8,0.01024,51.2,0.01024,170.667,0.012288,512,0.016384,618.264,0.054272,740.52,0.181248,756.548,0.709632,751.667,2.85696,744.595,11.5364,
0.0125,0.01024,0.0555556,0.009216,0.2,0.01024,0.888889,0.009216,3.2,0.01024,12.8,0.01024,46.5455,0.011264,186.182,0.011264,512,0.016384,630.154,0.053248,748.983,0.1792,754.371,0.71168,750.591,2.86106,744.529,11.5374,
0.0138889,0.009216,0.0555556,0.009216,0.222222,0.009216,0.888889,0.009216,3.2,0.01024,12.8,0.01024,51.2,0.01024,186.182,0.011264,512,0.016384,668.735,0.050176,740.52,0.181248,756.548,0.709632,749.786,2.86413,744.001,11.5456,
0.0138889,0.009216,0.0555556,0.009216,0.2,0.01024,0.8,0.01024,3.2,0.01024,12.8,0.01024,51.2,0.01024,186.182,0.011264,512,0.016384,630.154,0.053248,744.727,0.180224,754.371,0.71168,749.786,2.86413,744.199,11.5425,
0.0138889,0.009216,0.0555556,0.009216,0.222222,0.009216,0.888889,0.009216,3.2,0.01024,12.8,0.01024,51.2,0.01024,186.182,0.011264,512,0.016384,630.154,0.053248,736.36,0.182272,752.207,0.713728,751.398,2.85798,744.992,11.5302,
0.0138889,0.009216,0.05,0.01024,0.2,0.01024,0.8,0.01024,3.2,0.01024,12.8,0.01024,46.5455,0.011264,186.182,0.011264,481.882,0.017408,642.51,0.052224,740.52,0.181248,756.548,0.709632,751.937,2.85594,744.595,11.5364,
0.0138889,0.009216,0.0555556,0.009216,0.222222,0.009216,0.888889,0.009216,3.2,0.01024,12.8,0.01024,51.2,0.01024,170.667,0.012288,512,0.016384,655.36,0.0512,748.983,0.1792,753.287,0.712704,747.914,2.8713,744.793,11.5333,
0.0125,0.01024,0.05,0.01024,0.2,0.01024,0.888889,0.009216,3.2,0.01024,12.8,0.01024,51.2,0.01024,186.182,0.011264,481.882,0.017408,630.154,0.053248,748.983,0.1792,754.371,0.71168,749.786,2.86413,744.595,11.5364,
0.0125,0.01024,0.0555556,0.009216,0.222222,0.009216,0.888889,0.009216,3.2,0.01024,12.8,0.01024,51.2,0.01024,170.667,0.012288,481.882,0.017408,630.154,0.053248,740.52,0.181248,755.458,0.710656,750.054,2.8631,744.529,11.5374,
0.0125,0.01024,0.05,0.01024,0.2,0.01024,0.888889,0.009216,3.2,0.01024,12.8,0.01024,46.5455,0.011264,170.667,0.012288,481.882,0.017408,618.264,0.054272,736.36,0.182272,756.548,0.709632,749.786,2.86413,745.058,11.5292,
0.0138889,0.009216,0.0555556,0.009216,0.2,0.01024,0.888889,0.009216,3.2,0.01024,11.6364,0.011264,46.5455,0.011264,170.667,0.012288,481.882,0.017408,630.154,0.053248,748.983,0.1792,750.054,0.715776,751.398,2.85798,744.133,11.5436,
0.0138889,0.009216,0.05,0.01024,0.2,0.01024,0.888889,0.009216,3.2,0.01024,12.8,0.01024,46.5455,0.011264,170.667,0.012288,481.882,0.017408,630.154,0.053248,753.287,0.178176,750.054,0.715776,749.518,2.86515,745.323,11.5251,
0.0125,0.01024,0.05,0.01024,0.2,0.01024,0.888889,0.009216,3.2,0.01024,12.8,0.01024,46.5455,0.011264,170.667,0.012288,455.111,0.018432,630.154,0.053248,753.287,0.178176,753.287,0.712704,750.591,2.86106,744.397,11.5395,
0.0125,0.01024,0.05,0.01024,0.2,0.01024,0.8,0.01024,3.2,0.01024,12.8,0.01024,46.5455,0.011264,186.182,0.011264,481.882,0.017408,630.154,0.053248,748.983,0.1792,756.548,0.709632,750.86,2.86003,744.793,11.5333,
0.0125,0.01024,0.0555556,0.009216,0.2,0.01024,0.888889,0.009216,3.2,0.01024,12.8,0.01024,46.5455,0.011264,186.182,0.011264,481.882,0.017408,618.264,0.054272,740.52,0.181248,754.371,0.71168,747.115,2.87437,744.265,11.5415,
0.0138889,0.009216,0.05,0.01024,0.2,0.01024,0.888889,0.009216,3.2,0.01024,12.8,0.01024,51.2,0.01024,186.182,0.011264,481.882,0.017408,630.154,0.053248,753.287,0.178176,755.458,0.710656,749.518,2.86515,744.199,11.5425,
0.0125,0.01024,0.0555556,0.009216,0.2,0.01024,0.8,0.01024,3.55556,0.009216,12.8,0.01024,51.2,0.01024,186.182,0.011264,481.882,0.017408,642.51,0.052224,740.52,0.181248,755.458,0.710656,749.518,2.86515,744.199,11.5425,
0.0125,0.01024,0.05,0.01024,0.222222,0.009216,0.8,0.01024,3.55556,0.009216,12.8,0.01024,51.2,0.01024,186.182,0.011264,481.882,0.017408,595.782,0.05632,744.727,0.180224,756.548,0.709632,750.86,2.86003,743.737,11.5497,
0.0138889,0.009216,0.0555556,0.009216,0.222222,0.009216,0.888889,0.009216,3.2,0.01024,12.8,0.01024,51.2,0.01024,170.667,0.012288,455.111,0.018432,642.51,0.052224,744.727,0.180224,754.371,0.71168,751.129,2.85901,743.803,11.5487,
0.0138889,0.009216,0.05,0.01024,0.2,0.01024,0.8,0.01024,3.2,0.01024,12.8,0.01024,46.5455,0.011264,170.667,0.012288,481.882,0.017408,642.51,0.052224,744.727,0.180224,756.548,0.709632,751.129,2.85901,743.407,11.5548,
0.0138889,0.009216,0.0555556,0.009216,0.222222,0.009216,0.888889,0.009216,3.2,0.01024,12.8,0.01024,51.2,0.01024,170.667,0.012288,481.882,0.017408,642.51,0.052224,753.287,0.178176,754.371,0.71168,750.054,2.8631,743.869,11.5476,
0.0125,0.01024,0.05,0.01024,0.222222,0.009216,0.8,0.01024,3.2,0.01024,12.8,0.01024,51.2,0.01024,170.667,0.012288,481.882,0.017408,618.264,0.054272,732.246,0.183296,754.371,0.71168,751.398,2.85798,744.067,11.5446,
0.0125,0.01024,0.0555556,0.009216,0.2,0.01024,0.888889,0.009216,3.2,0.01024,12.8,0.01024,51.2,0.01024,170.667,0.012288,455.111,0.018432,630.154,0.053248,744.727,0.180224,753.287,0.712704,748.448,2.86925,743.407,11.5548,
0.0125,0.01024,0.0357143,0.014336,0.2,0.01024,0.8,0.01024,3.2,0.01024,12.8,0.01024,46.5455,0.011264,186.182,0.011264,481.882,0.017408,630.154,0.053248,748.983,0.1792,754.371,0.71168,750.86,2.86003,743.539,11.5528,
0.0104167,0.012288,0.0555556,0.009216,0.2,0.01024,0.888889,0.009216,3.55556,0.009216,12.8,0.01024,51.2,0.01024,186.182,0.011264,512,0.016384,655.36,0.0512,748.983,0.1792,755.458,0.710656,751.398,2.85798,743.803,11.5487,
0.0125,0.01024,0.05,0.01024,0.2,0.01024,0.888889,0.009216,3.2,0.01024,12.8,0.01024,51.2,0.01024,186.182,0.011264,481.882,0.017408,642.51,0.052224,744.727,0.180224,756.548,0.709632,747.914,2.8713,744.397,11.5395,
0.0138889,0.009216,0.0555556,0.009216,0.222222,0.009216,0.8,0.01024,3.2,0.01024,11.6364,0.011264,51.2,0.01024,170.667,0.012288,455.111,0.018432,630.154,0.053248,748.983,0.1792,759.838,0.70656,751.937,2.85594,744.793,11.5333,
0.0138889,0.009216,0.05,0.01024,0.2,0.01024,0.8,0.01024,3.55556,0.009216,11.6364,0.011264,51.2,0.01024,170.667,0.012288,372.364,0.022528,642.51,0.052224,744.727,0.180224,754.371,0.71168,751.937,2.85594,744.595,11.5364,
0.0138889,0.009216,0.0555556,0.009216,0.2,0.01024,0.8,0.01024,3.2,0.01024,12.8,0.01024,46.5455,0.011264,170.667,0.012288,455.111,0.018432,618.264,0.054272,744.727,0.180224,753.287,0.712704,749.786,2.86413,744.265,11.5415,
0.0138889,0.009216,0.0555556,0.009216,0.2,0.01024,0.8,0.01024,3.2,0.01024,12.8,0.01024,51.2,0.01024,170.667,0.012288,481.882,0.017408,630.154,0.053248,753.287,0.178176,755.458,0.710656,751.937,2.85594,744.595,11.5364,
0.0138889,0.009216,0.0555556,0.009216,0.222222,0.009216,0.888889,0.009216,3.55556,0.009216,12.8,0.01024,51.2,0.01024,186.182,0.011264,455.111,0.018432,642.51,0.052224,740.52,0.181248,758.738,0.707584,750.323,2.86208,744.595,11.5364,
0.0138889,0.009216,0.0555556,0.009216,0.2,0.01024,0.888889,0.009216,3.2,0.01024,12.8,0.01024,46.5455,0.011264,186.182,0.011264,512,0.016384,642.51,0.052224,748.983,0.1792,752.207,0.713728,750.86,2.86003,744.86,11.5323,
0.0138889,0.009216,0.0555556,0.009216,0.2,0.01024,0.888889,0.009216,3.2,0.01024,12.8,0.01024,51.2,0.01024,170.667,0.012288,481.882,0.017408,630.154,0.053248,748.983,0.1792,757.642,0.708608,749.518,2.86515,745.058,11.5292,
0.0113636,0.011264,0.0384615,0.013312,0.181818,0.011264,0.615385,0.013312,2.46154,0.013312,9.84615,0.013312,36.5714,0.014336,146.286,0.014336,409.6,0.02048,642.51,0.052224,387.787,0.346112,741.567,0.723968,749.518,2.86515,712.348,12.0586,
0.0113636,0.011264,0.0416667,0.012288,0.166667,0.012288,0.666667,0.012288,2.46154,0.013312,9.84615,0.013312,36.5714,0.014336,146.286,0.014336,409.6,0.02048,642.51,0.052224,720.176,0.186368,747.914,0.717824,750.591,2.86106,713.378,12.0412,
0.00892857,0.014336,0.0416667,0.012288,0.153846,0.013312,0.666667,0.012288,2.66667,0.012288,10.6667,0.012288,36.5714,0.014336,146.286,0.014336,431.158,0.019456,642.51,0.052224,724.155,0.185344,748.983,0.7168,749.786,2.86413,712.59,12.0545,
0.00961538,0.013312,0.0454545,0.011264,0.153846,0.013312,0.666667,0.012288,2.28571,0.014336,9.84615,0.013312,39.3846,0.013312,146.286,0.014336,409.6,0.02048,630.154,0.053248,724.155,0.185344,748.983,0.7168,748.715,2.86822,713.014,12.0474,
0.00892857,0.014336,0.0384615,0.013312,0.153846,0.013312,0.727273,0.011264,2.28571,0.014336,9.84615,0.013312,39.3846,0.013312,146.286,0.014336,431.158,0.019456,630.154,0.053248,728.178,0.18432,751.129,0.714752,747.381,2.87334,712.046,12.0637,
0.0104167,0.012288,0.0416667,0.012288,0.166667,0.012288,0.666667,0.012288,2.46154,0.013312,9.14286,0.014336,42.6667,0.012288,146.286,0.014336,409.6,0.02048,630.154,0.053248,720.176,0.186368,747.914,0.717824,748.715,2.86822,712.832,12.0504,
0.0113636,0.011264,0.0357143,0.014336,0.142857,0.014336,0.666667,0.012288,2.46154,0.013312,9.84615,0.013312,39.3846,0.013312,157.538,0.013312,409.6,0.02048,630.154,0.053248,728.178,0.18432,751.129,0.714752,746.583,2.87642,712.711,12.0525,
0.0113636,0.011264,0.0416667,0.012288,0.166667,0.012288,0.727273,0.011264,2.66667,0.012288,9.84615,0.013312,36.5714,0.014336,157.538,0.013312,409.6,0.02048,618.264,0.054272,728.178,0.18432,750.054,0.715776,748.983,2.8672,710.779,12.0852,
0.0104167,0.012288,0.0384615,0.013312,0.166667,0.012288,0.727273,0.011264,2.46154,0.013312,10.6667,0.012288,39.3846,0.013312,157.538,0.013312,431.158,0.019456,642.51,0.052224,728.178,0.18432,750.054,0.715776,747.648,2.87232,711.502,12.073,
0.0125,0.01024,0.0416667,0.012288,0.166667,0.012288,0.727273,0.011264,2.66667,0.012288,9.84615,0.013312,42.6667,0.012288,157.538,0.013312,409.6,0.02048,642.51,0.052224,724.155,0.185344,753.287,0.712704,749.786,2.86413,711.2,12.0781,
0.0104167,0.012288,0.0416667,0.012288,0.153846,0.013312,0.666667,0.012288,2.46154,0.013312,10.6667,0.012288,36.5714,0.014336,157.538,0.013312,409.6,0.02048,630.154,0.053248,720.176,0.186368,747.914,0.717824,748.448,2.86925,712.832,12.0504,
0.0113636,0.011264,0.0416667,0.012288,0.166667,0.012288,0.666667,0.012288,2.66667,0.012288,10.6667,0.012288,42.6667,0.012288,157.538,0.013312,431.158,0.019456,618.264,0.054272,720.176,0.186368,748.983,0.7168,748.448,2.86925,711.321,12.076,
0.00961538,0.013312,0.0416667,0.012288,0.142857,0.014336,0.666667,0.012288,2.66667,0.012288,10.6667,0.012288,39.3846,0.013312,146.286,0.014336,409.6,0.02048,630.154,0.053248,724.155,0.185344,750.054,0.715776,749.518,2.86515,711.019,12.0812,
0.0113636,0.011264,0.0416667,0.012288,0.181818,0.011264,0.666667,0.012288,2.66667,0.012288,11.6364,0.011264,42.6667,0.012288,146.286,0.014336,431.158,0.019456,630.154,0.053248,720.176,0.186368,746.849,0.718848,749.25,2.86618,712.166,12.0617,
0.0104167,0.012288,0.0416667,0.012288,0.153846,0.013312,0.666667,0.012288,2.46154,0.013312,10.6667,0.012288,42.6667,0.012288,157.538,0.013312,409.6,0.02048,630.154,0.053248,724.155,0.185344,752.207,0.713728,748.983,2.8672,711.019,12.0812,
0.0104167,0.012288,0.0416667,0.012288,0.166667,0.012288,0.727273,0.011264,2.46154,0.013312,9.84615,0.013312,39.3846,0.013312,146.286,0.014336,431.158,0.019456,630.154,0.053248,732.246,0.183296,748.983,0.7168,749.25,2.86618,718.757,11.9511,
0.0104167,0.012288,0.0416667,0.012288,0.153846,0.013312,0.615385,0.013312,2.66667,0.012288,10.6667,0.012288,39.3846,0.013312,146.286,0.014336,409.6,0.02048,642.51,0.052224,716.24,0.187392,751.129,0.714752,747.648,2.87232,743.869,11.5476,
0.0113636,0.011264,0.0416667,0.012288,0.181818,0.011264,0.615385,0.013312,2.28571,0.014336,9.84615,0.013312,30.1176,0.017408,146.286,0.014336,409.6,0.02048,642.51,0.052224,724.155,0.185344,748.983,0.7168,746.583,2.87642,744.727,11.5343,
0.0104167,0.012288,0.0384615,0.013312,0.181818,0.011264,0.615385,0.013312,2.46154,0.013312,9.84615,0.013312,39.3846,0.013312,157.538,0.013312,431.158,0.019456,655.36,0.0512,728.178,0.18432,747.914,0.717824,745.787,2.87949,745.058,11.5292,
0.0113636,0.011264,0.0416667,0.012288,0.181818,0.011264,0.615385,0.013312,2.66667,0.012288,9.84615,0.013312,36.5714,0.014336,146.286,0.014336,409.6,0.02048,630.154,0.053248,724.155,0.185344,751.129,0.714752,747.914,2.8713,744.463,11.5384,
0.0078125,0.016384,0.0357143,0.014336,0.166667,0.012288,0.666667,0.012288,2.46154,0.013312,9.14286,0.014336,36.5714,0.014336,157.538,0.013312,431.158,0.019456,630.154,0.053248,728.178,0.18432,750.054,0.715776,749.786,2.86413,744.463,11.5384,
0.00961538,0.013312,0.0416667,0.012288,0.181818,0.011264,0.666667,0.012288,2.66667,0.012288,9.84615,0.013312,36.5714,0.014336,146.286,0.014336,431.158,0.019456,630.154,0.053248,728.178,0.18432,747.914,0.717824,751.667,2.85696,744.265,11.5415,
0.00961538,0.013312,0.0416667,0.012288,0.166667,0.012288,0.666667,0.012288,2.66667,0.012288,9.84615,0.013312,36.5714,0.014336,113.778,0.018432,409.6,0.02048,630.154,0.053248,724.155,0.185344,752.207,0.713728,751.129,2.85901,744.86,11.5323,
0.00892857,0.014336,0.03125,0.016384,0.166667,0.012288,0.666667,0.012288,2.66667,0.012288,9.84615,0.013312,39.3846,0.013312,146.286,0.014336,431.158,0.019456,642.51,0.052224,728.178,0.18432,753.287,0.712704,749.518,2.86515,744.992,11.5302,
0.0104167,0.012288,0.0416667,0.012288,0.142857,0.014336,0.666667,0.012288,2.28571,0.014336,10.6667,0.012288,39.3846,0.013312,157.538,0.013312,431.158,0.019456,630.154,0.053248,724.155,0.185344,751.129,0.714752,750.591,2.86106,744.265,11.5415,
0.00961538,0.013312,0.0416667,0.012288,0.166667,0.012288,0.666667,0.012288,2.46154,0.013312,9.84615,0.013312,39.3846,0.013312,157.538,0.013312,431.158,0.019456,642.51,0.052224,724.155,0.185344,752.207,0.713728,749.518,2.86515,744.199,11.5425,
0.00961538,0.013312,0.0416667,0.012288,0.153846,0.013312,0.666667,0.012288,2.46154,0.013312,10.6667,0.012288,39.3846,0.013312,157.538,0.013312,409.6,0.02048,642.51,0.052224,716.24,0.187392,752.207,0.713728,750.86,2.86003,743.935,11.5466,
0.0104167,0.012288,0.0416667,0.012288,0.153846,0.013312,0.727273,0.011264,2.28571,0.014336,9.84615,0.013312,39.3846,0.013312,146.286,0.014336,409.6,0.02048,642.51,0.052224,724.155,0.185344,753.287,0.712704,749.25,2.86618,744.397,11.5395,
0.00961538,0.013312,0.0416667,0.012288,0.153846,0.013312,0.615385,0.013312,2.28571,0.014336,11.6364,0.011264,39.3846,0.013312,157.538,0.013312,409.6,0.02048,630.154,0.053248,728.178,0.18432,746.849,0.718848,750.86,2.86003,744.199,11.5425,
0.0113636,0.011264,0.0384615,0.013312,0.153846,0.013312,0.666667,0.012288,2.46154,0.013312,9.84615,0.013312,39.3846,0.013312,157.538,0.013312,409.6,0.02048,630.154,0.053248,732.246,0.183296,748.983,0.7168,748.181,2.87027,744.661,11.5354,
0.00961538,0.013312,0.0416667,0.012288,0.166667,0.012288,0.727273,0.011264,2.46154,0.013312,9.84615,0.013312,39.3846,0.013312,146.286,0.014336,431.158,0.019456,630.154,0.053248,724.155,0.185344,751.129,0.714752,750.86,2.86003,744.133,11.5436,
0.0104167,0.012288,0.0454545,0.011264,0.181818,0.011264,0.727273,0.011264,2.46154,0.013312,9.84615,0.013312,39.3846,0.013312,157.538,0.013312,409.6,0.02048,642.51,0.052224,728.178,0.18432,752.207,0.713728,750.323,2.86208,744.001,11.5456,
0.0104167,0.012288,0.0416667,0.012288,0.166667,0.012288,0.615385,0.013312,2.46154,0.013312,10.6667,0.012288,42.6667,0.012288,157.538,0.013312,431.158,0.019456,630.154,0.053248,728.178,0.18432,751.129,0.714752,751.667,2.85696,744.86,11.5323,
0.0104167,0.012288,0.0454545,0.011264,0.153846,0.013312,0.666667,0.012288,2.46154,0.013312,10.6667,0.012288,42.6667,0.012288,146.286,0.014336,51.2,0.16384,630.154,0.053248,720.176,0.186368,750.054,0.715776,749.786,2.86413,744.265,11.5415,
0.0104167,0.012288,0.0384615,0.013312,0.166667,0.012288,0.666667,0.012288,2.66667,0.012288,9.84615,0.013312,39.3846,0.013312,157.538,0.013312,372.364,0.022528,655.36,0.0512,724.155,0.185344,750.054,0.715776,750.86,2.86003,743.341,11.5558,
0.0125,0.01024,0.0416667,0.012288,0.166667,0.012288,0.727273,0.011264,2.66667,0.012288,10.6667,0.012288,39.3846,0.013312,157.538,0.013312,431.158,0.019456,618.264,0.054272,708.497,0.18944,744.727,0.720896,748.983,2.8672,742.946,11.562,
0.0113636,0.011264,0.0416667,0.012288,0.166667,0.012288,0.666667,0.012288,2.66667,0.012288,9.84615,0.013312,39.3846,0.013312,157.538,0.013312,409.6,0.02048,618.264,0.054272,724.155,0.185344,750.054,0.715776,749.25,2.86618,743.341,11.5558,
0.0113636,0.011264,0.0384615,0.013312,0.166667,0.012288,0.666667,0.012288,2.66667,0.012288,10.6667,0.012288,39.3846,0.013312,157.538,0.013312,431.158,0.019456,642.51,0.052224,728.178,0.18432,750.054,0.715776,750.054,2.8631,743.539,11.5528,
0.0113636,0.011264,0.0416667,0.012288,0.153846,0.013312,0.666667,0.012288,2.46154,0.013312,9.84615,0.013312,39.3846,0.013312,157.538,0.013312,409.6,0.02048,655.36,0.0512,724.155,0.185344,753.287,0.712704,751.937,2.85594,743.341,11.5558,
0.0104167,0.012288,0.0384615,0.013312,0.153846,0.013312,0.615385,0.013312,2.66667,0.012288,9.14286,0.014336,36.5714,0.014336,157.538,0.013312,431.158,0.019456,630.154,0.053248,728.178,0.18432,751.129,0.714752,750.86,2.86003,743.144,11.5589,
0.00961538,0.013312,0.0384615,0.013312,0.153846,0.013312,0.571429,0.014336,2.66667,0.012288,9.14286,0.014336,36.5714,0.014336,146.286,0.014336,390.095,0.021504,630.154,0.053248,732.246,0.183296,752.207,0.713728,750.323,2.86208,743.671,11.5507,
0.00961538,0.013312,0.0384615,0.013312,0.166667,0.012288,0.666667,0.012288,2.46154,0.013312,9.84615,0.013312,39.3846,0.013312,157.538,0.013312,409.6,0.02048,642.51,0.052224,720.176,0.186368,751.129,0.714752,749.786,2.86413,742.815,11.564,
0.00961538,0.013312,0.0384615,0.013312,0.166667,0.012288,0.615385,0.013312,2.46154,0.013312,9.84615,0.013312,39.3846,0.013312,146.286,0.014336,409.6,0.02048,630.154,0.053248,720.176,0.186368,746.849,0.718848,749.25,2.86618,743.737,11.5497,
0.00892857,0.014336,0.0416667,0.012288,0.181818,0.011264,0.727273,0.011264,2.46154,0.013312,9.84615,0.013312,36.5714,0.014336,157.538,0.013312,431.158,0.019456,642.51,0.052224,720.176,0.186368,751.129,0.714752,749.786,2.86413,744.463,11.5384,
0.0104167,0.012288,0.0416667,0.012288,0.153846,0.013312,0.666667,0.012288,2.66667,0.012288,9.84615,0.013312,39.3846,0.013312,146.286,0.014336,409.6,0.02048,606.815,0.055296,736.36,0.182272,750.054,0.715776,748.448,2.86925,744.331,11.5405,
0.0104167,0.012288,0.0454545,0.011264,0.166667,0.012288,0.666667,0.012288,2.46154,0.013312,9.84615,0.013312,36.5714,0.014336,157.538,0.013312,431.158,0.019456,630.154,0.053248,716.24,0.187392,752.207,0.713728,751.667,2.85696,744.595,11.5364,
0.0104167,0.012288,0.0416667,0.012288,0.153846,0.013312,0.727273,0.011264,2.66667,0.012288,10.6667,0.012288,39.3846,0.013312,146.286,0.014336,409.6,0.02048,642.51,0.052224,724.155,0.185344,748.983,0.7168,749.25,2.86618,744.133,11.5436,
0.0104167,0.012288,0.0454545,0.011264,0.153846,0.013312,0.666667,0.012288,2.46154,0.013312,10.6667,0.012288,42.6667,0.012288,146.286,0.014336,409.6,0.02048,618.264,0.054272,728.178,0.18432,751.129,0.714752,750.591,2.86106,744.529,11.5374,
0.00961538,0.013312,0.0416667,0.012288,0.153846,0.013312,0.666667,0.012288,2.28571,0.014336,10.6667,0.012288,39.3846,0.013312,157.538,0.013312,409.6,0.02048,642.51,0.052224,728.178,0.18432,752.207,0.713728,750.323,2.86208,744.199,11.5425,
0.0104167,0.012288,0.0454545,0.011264,0.166667,0.012288,0.666667,0.012288,2.28571,0.014336,9.84615,0.013312,39.3846,0.013312,146.286,0.014336,431.158,0.019456,630.154,0.053248,732.246,0.183296,753.287,0.712704,750.86,2.86003,744.331,11.5405,
0.0113636,0.011264,0.0454545,0.011264,0.142857,0.014336,0.666667,0.012288,2.46154,0.013312,10.6667,0.012288,42.6667,0.012288,157.538,0.013312,409.6,0.02048,642.51,0.052224,716.24,0.187392,750.054,0.715776,748.983,2.8672,745.257,11.5261,
0.0113636,0.011264,0.0384615,0.013312,0.153846,0.013312,0.727273,0.011264,2.13333,0.01536,10.6667,0.012288,42.6667,0.012288,146.286,0.014336,409.6,0.02048,630.154,0.053248,720.176,0.186368,750.054,0.715776,751.129,2.85901,744.529,11.5374,
0.00961538,0.013312,0.0416667,0.012288,0.166667,0.012288,0.666667,0.012288,2.28571,0.014336,10.6667,0.012288,42.6667,0.012288,157.538,0.013312,431.158,0.019456,630.154,0.053248,724.155,0.185344,753.287,0.712704,749.25,2.86618,743.935,11.5466,
0.0113636,0.011264,0.0454545,0.011264,0.166667,0.012288,0.666667,0.012288,2.66667,0.012288,9.84615,0.013312,42.6667,0.012288,157.538,0.013312,409.6,0.02048,642.51,0.052224,728.178,0.18432,750.054,0.715776,750.323,2.86208,744.133,11.5436,
0.0104167,0.012288,0.0416667,0.012288,0.166667,0.012288,0.615385,0.013312,2.46154,0.013312,10.6667,0.012288,42.6667,0.012288,157.538,0.013312,431.158,0.019456,630.154,0.053248,724.155,0.185344,751.129,0.714752,751.937,2.85594,744.331,11.5405,
0.0113636,0.011264,0.0416667,0.012288,0.166667,0.012288,0.727273,0.011264,2.66667,0.012288,10.6667,0.012288,39.3846,0.013312,146.286,0.014336,409.6,0.02048,642.51,0.052224,732.246,0.183296,751.129,0.714752,750.323,2.86208,744.529,11.5374,
0.0113636,0.011264,0.0416667,0.012288,0.166667,0.012288,0.5,0.016384,2.28571,0.014336,10.6667,0.012288,39.3846,0.013312,157.538,0.013312,431.158,0.019456,630.154,0.053248,728.178,0.18432,747.914,0.717824,751.129,2.85901,744.727,11.5343,
0.0113636,0.011264,0.0454545,0.011264,0.181818,0.011264,0.666667,0.012288,2.46154,0.013312,10.6667,0.012288,42.6667,0.012288,146.286,0.014336,431.158,0.019456,630.154,0.053248,728.178,0.18432,747.914,0.717824,749.518,2.86515,744.595,11.5364,
0.0104167,0.012288,0.0416667,0.012288,0.153846,0.013312,0.615385,0.013312,2.66667,0.012288,9.14286,0.014336,36.5714,0.014336,157.538,0.013312,431.158,0.019456,630.154,0.053248,720.176,0.186368,750.054,0.715776,751.398,2.85798,744.727,11.5343,
0.0113636,0.011264,0.0454545,0.011264,0.153846,0.013312,0.666667,0.012288,2.28571,0.014336,9.84615,0.013312,34.1333,0.01536,146.286,0.014336,409.6,0.02048,630.154,0.053248,728.178,0.18432,750.054,0.715776,749.786,2.86413,744.595,11.5364,
0.0104167,0.012288,0.0416667,0.012288,0.166667,0.012288,0.571429,0.014336,2.46154,0.013312,9.84615,0.013312,36.5714,0.014336,146.286,0.014336,390.095,0.021504,630.154,0.053248,728.178,0.18432,741.567,0.723968,751.129,2.85901,743.935,11.5466,
0.0113636,0.011264,0.0416667,0.012288,0.181818,0.011264,0.615385,0.013312,2.66667,0.012288,9.14286,0.014336,36.5714,0.014336,146.286,0.014336,409.6,0.02048,642.51,0.052224,736.36,0.182272,742.618,0.722944,748.715,2.86822,743.276,11.5569,
0.00961538,0.013312,0.0384615,0.013312,0.166667,0.012288,0.615385,0.013312,2.66667,0.012288,9.84615,0.013312,39.3846,0.013312,146.286,0.014336,390.095,0.021504,630.154,0.053248,728.178,0.18432,748.983,0.7168,750.323,2.86208,743.21,11.5579,
0.0104167,0.012288,0.0416667,0.012288,0.166667,0.012288,0.666667,0.012288,2.46154,0.013312,10.6667,0.012288,39.3846,0.013312,157.538,0.013312,409.6,0.02048,642.51,0.052224,728.178,0.18432,747.914,0.717824,751.129,2.85901,743.276,11.5569,
0.0078125,0.016384,0.0384615,0.013312,0.166667,0.012288,0.615385,0.013312,2.46154,0.013312,9.84615,0.013312,39.3846,0.013312,146.286,0.014336,409.6,0.02048,630.154,0.053248,728.178,0.18432,745.787,0.719872,750.323,2.86208,743.803,11.5487,
0.0104167,0.012288,0.0384615,0.013312,0.181818,0.011264,0.727273,0.011264,2.66667,0.012288,10.6667,0.012288,36.5714,0.014336,146.286,0.014336,431.158,0.019456,618.264,0.054272,724.155,0.185344,747.914,0.717824,751.667,2.85696,743.21,11.5579,
0.00961538,0.013312,0.0384615,0.013312,0.166667,0.012288,0.666667,0.012288,2.66667,0.012288,9.84615,0.013312,39.3846,0.013312,146.286,0.014336,409.6,0.02048,630.154,0.053248,724.155,0.185344,750.054,0.715776,750.323,2.86208,743.341,11.5558,
0.0104167,0.012288,0.00282486,0.181248,0.166667,0.012288,0.666667,0.012288,2.46154,0.013312,10.6667,0.012288,39.3846,0.013312,146.286,0.014336,409.6,0.02048,630.154,0.053248,720.176,0.186368,747.914,0.717824,750.323,2.86208,743.078,11.5599,
0.0113636,0.011264,0.0384615,0.013312,0.166667,0.012288,0.666667,0.012288,2.66667,0.012288,9.84615,0.013312,42.6667,0.012288,157.538,0.013312,409.6,0.02048,642.51,0.052224,728.178,0.18432,750.054,0.715776,748.983,2.8672,742.618,11.5671,
0.0104167,0.012288,0.0454545,0.011264,0.166667,0.012288,0.666667,0.012288,2.66667,0.012288,10.6667,0.012288,36.5714,0.014336,146.286,0.014336,409.6,0.02048,630.154,0.053248,728.178,0.18432,747.914,0.717824,750.591,2.86106,743.078,11.5599,
0.00961538,0.013312,0.0416667,0.012288,0.142857,0.014336,0.727273,0.011264,2.66667,0.012288,11.6364,0.011264,39.3846,0.013312,157.538,0.013312,409.6,0.02048,630.154,0.053248,728.178,0.18432,748.983,0.7168,751.398,2.85798,743.078,11.5599,
0.0113636,0.011264,0.0416667,0.012288,0.166667,0.012288,0.666667,0.012288,2.46154,0.013312,10.6667,0.012288,42.6667,0.012288,146.286,0.014336,409.6,0.02048,630.154,0.053248,728.178,0.18432,751.129,0.714752,750.054,2.8631,743.21,11.5579,
0.00961538,0.013312,0.0454545,0.011264,0.153846,0.013312,0.615385,0.013312,2.46154,0.013312,10.6667,0.012288,42.6667,0.012288,146.286,0.014336,409.6,0.02048,630.154,0.053248,724.155,0.185344,750.054,0.715776,747.914,2.8713,744.265,11.5415,
0.0125,0.01024,0.0416667,0.012288,0.166667,0.012288,0.727273,0.011264,2.28571,0.014336,10.6667,0.012288,42.6667,0.012288,157.538,0.013312,409.6,0.02048,642.51,0.052224,724.155,0.185344,747.914,0.717824,751.667,2.85696,744.793,11.5333,
0.0104167,0.012288,0.0416667,0.012288,0.153846,0.013312,0.666667,0.012288,2.46154,0.013312,9.84615,0.013312,39.3846,0.013312,157.538,0.013312,390.095,0.021504,630.154,0.053248,724.155,0.185344,748.983,0.7168,750.591,2.86106,744.595,11.5364,
0.0113636,0.011264,0.0416667,0.012288,0.166667,0.012288,0.727273,0.011264,2.46154,0.013312,9.84615,0.013312,42.6667,0.012288,146.286,0.014336,431.158,0.019456,642.51,0.052224,732.246,0.183296,750.054,0.715776,749.786,2.86413,744.926,11.5313,
0.0113636,0.011264,0.0416667,0.012288,0.166667,0.012288,0.615385,0.013312,2.66667,0.012288,10.6667,0.012288,42.6667,0.012288,157.538,0.013312,409.6,0.02048,642.51,0.052224,732.246,0.183296,747.914,0.717824,751.937,2.85594,744.529,11.5374,
0.0125,0.01024,0.0384615,0.013312,0.166667,0.012288,0.727273,0.011264,2.66667,0.012288,10.6667,0.012288,36.5714,0.014336,146.286,0.014336,390.095,0.021504,618.264,0.054272,744.727,0.180224,748.983,0.7168,750.591,2.86106,744.067,11.5446,
0.0113636,0.011264,0.0384615,0.013312,0.166667,0.012288,0.666667,0.012288,2.66667,0.012288,9.84615,0.013312,36.5714,0.014336,146.286,0.014336,409.6,0.02048,642.51,0.052224,740.52,0.181248,751.129,0.714752,750.591,2.86106,744.463,11.5384,
0.0113636,0.011264,0.0384615,0.013312,0.181818,0.011264,0.666667,0.012288,2.66667,0.012288,10.6667,0.012288,39.3846,0.013312,146.286,0.014336,409.6,0.02048,630.154,0.053248,736.36,0.182272,747.914,0.717824,750.323,2.86208,745.058,11.5292,
0.0113636,0.011264,0.0416667,0.012288,0.181818,0.011264,0.666667,0.012288,2.46154,0.013312,9.84615,0.013312,39.3846,0.013312,157.538,0.013312,431.158,0.019456,642.51,0.052224,736.36,0.182272,750.054,0.715776,750.86,2.86003,744.595,11.5364,
0.0113636,0.011264,0.0384615,0.013312,0.125,0.016384,0.666667,0.012288,2.66667,0.012288,9.14286,0.014336,36.5714,0.014336,146.286,0.014336,390.095,0.021504,630.154,0.053248,732.246,0.183296,708.497,0.75776,750.323,2.86208,744.86,11.5323,
0.0104167,0.012288,0.0416667,0.012288,0.181818,0.011264,0.666667,0.012288,2.46154,0.013312,9.84615,0.013312,39.3846,0.013312,157.538,0.013312,390.095,0.021504,642.51,0.052224,732.246,0.183296,753.287,0.712704,750.591,2.86106,744.661,11.5354,
0.0104167,0.012288,0.0416667,0.012288,0.166667,0.012288,0.666667,0.012288,2.46154,0.013312,9.84615,0.013312,36.5714,0.014336,157.538,0.013312,409.6,0.02048,642.51,0.052224,728.178,0.18432,745.787,0.719872,750.323,2.86208,744.397,11.5395,
0.00833333,0.01536,0.0416667,0.012288,0.153846,0.013312,0.615385,0.013312,2.28571,0.014336,10.6667,0.012288,42.6667,0.012288,157.538,0.013312,409.6,0.02048,630.154,0.053248,740.52,0.181248,747.914,0.717824,750.323,2.86208,744.265,11.5415,
0.0104167,0.012288,0.0454545,0.011264,0.166667,0.012288,0.615385,0.013312,2.66667,0.012288,9.84615,0.013312,42.6667,0.012288,157.538,0.013312,431.158,0.019456,630.154,0.053248,732.246,0.183296,747.914,0.717824,750.323,2.86208,744.133,11.5436,
0.0104167,0.012288,0.0416667,0.012288,0.166667,0.012288,0.666667,0.012288,2.46154,0.013312,10.6667,0.012288,42.6667,0.012288,146.286,0.014336,409.6,0.02048,642.51,0.052224,736.36,0.182272,747.914,0.717824,751.667,2.85696,743.935,11.5466,
0.0113636,0.011264,0.0454545,0.011264,0.181818,0.011264,0.666667,0.012288,2.66667,0.012288,9.84615,0.013312,39.3846,0.013312,146.286,0.014336,409.6,0.02048,630.154,0.053248,732.246,0.183296,751.129,0.714752,750.86,2.86003,744.199,11.5425,
0.00961538,0.013312,0.0384615,0.013312,0.181818,0.011264,0.666667,0.012288,2.46154,0.013312,11.6364,0.011264,39.3846,0.013312,157.538,0.013312,431.158,0.019456,642.51,0.052224,728.178,0.18432,747.914,0.717824,750.86,2.86003,743.869,11.5476,
0.0113636,0.011264,0.0416667,0.012288,0.181818,0.011264,0.666667,0.012288,2.66667,0.012288,10.6667,0.012288,39.3846,0.013312,146.286,0.014336,409.6,0.02048,642.51,0.052224,732.246,0.183296,752.207,0.713728,750.86,2.86003,743.473,11.5538,
0.0104167,0.012288,0.0416667,0.012288,0.166667,0.012288,0.666667,0.012288,2.46154,0.013312,10.6667,0.012288,42.6667,0.012288,157.538,0.013312,409.6,0.02048,642.51,0.052224,728.178,0.18432,754.371,0.71168,750.323,2.86208,743.078,11.5599,
0.0113636,0.011264,0.0384615,0.013312,0.166667,0.012288,0.666667,0.012288,2.46154,0.013312,10.6667,0.012288,46.5455,0.011264,157.538,0.013312,409.6,0.02048,630.154,0.053248,740.52,0.181248,751.129,0.714752,747.914,2.8713,743.473,11.5538,
0.0113636,0.011264,0.0384615,0.013312,0.166667,0.012288,0.666667,0.012288,2.46154,0.013312,10.6667,0.012288,42.6667,0.012288,157.538,0.013312,409.6,0.02048,630.154,0.053248,732.246,0.183296,756.548,0.709632,749.786,2.86413,743.21,11.5579,
0.0104167,0.012288,0.0416667,0.012288,0.181818,0.011264,0.666667,0.012288,2.46154,0.013312,7.52941,0.017408,39.3846,0.013312,146.286,0.014336,409.6,0.02048,642.51,0.052224,732.246,0.183296,752.207,0.713728,750.591,2.86106,743.144,11.5589,
0.0113636,0.011264,0.0384615,0.013312,0.153846,0.013312,0.615385,0.013312,2.13333,0.01536,10.6667,0.012288,39.3846,0.013312,146.286,0.014336,315.077,0.026624,618.264,0.054272,732.246,0.183296,755.458,0.710656,751.937,2.85594,743.671,11.5507,
0.0104167,0.012288,0.0416667,0.012288,0.142857,0.014336,0.727273,0.011264,2.28571,0.014336,10.6667,0.012288,39.3846,0.013312,157.538,0.013312,409.6,0.02048,630.154,0.053248,744.727,0.180224,748.983,0.7168,751.667,2.85696,743.144,11.5589,
0.0104167,0.012288,0.0384615,0.013312,0.166667,0.012288,0.666667,0.012288,2.13333,0.01536,10.6667,0.012288,39.3846,0.013312,157.538,0.013312,409.6,0.02048,642.51,0.052224,728.178,0.18432,755.458,0.710656,750.591,2.86106,743.341,11.5558,
0.0113636,0.011264,0.0416667,0.012288,0.166667,0.012288,0.727273,0.011264,2.28571,0.014336,9.14286,0.014336,39.3846,0.013312,157.538,0.013312,409.6,0.02048,618.264,0.054272,732.246,0.183296,752.207,0.713728,752.477,2.85389,743.144,11.5589,
0.0113636,0.011264,0.0384615,0.013312,0.153846,0.013312,0.666667,0.012288,2.46154,0.013312,9.14286,0.014336,32,0.016384,157.538,0.013312,409.6,0.02048,642.51,0.052224,732.246,0.183296,755.458,0.710656,749.786,2.86413,743.144,11.5589,
0.0113636,0.011264,0.0416667,0.012288,0.166667,0.012288,0.666667,0.012288,2.46154,0.013312,9.14286,0.014336,36.5714,0.014336,146.286,0.014336,409.6,0.02048,630.154,0.053248,736.36,0.182272,754.371,0.71168,751.129,2.85901,743.473,11.5538,
0.0104167,0.012288,0.0454545,0.011264,0.181818,0.011264,0.666667,0.012288,2.90909,0.011264,10.6667,0.012288,42.6667,0.012288,146.286,0.014336,431.158,0.019456,630.154,0.053248,748.983,0.1792,751.129,0.714752,746.317,2.87744,712.408,12.0576,
0.0113636,0.011264,0.0454545,0.011264,0.181818,0.011264,0.8,0.01024,2.90909,0.011264,10.6667,0.012288,46.5455,0.011264,157.538,0.013312,431.158,0.019456,642.51,0.052224,744.727,0.180224,751.129,0.714752,747.914,2.8713,712.832,12.0504,
0.0113636,0.011264,0.05,0.01024,0.166667,0.012288,0.727273,0.011264,2.90909,0.011264,10.6667,0.012288,42.6667,0.012288,157.538,0.013312,431.158,0.019456,630.154,0.053248,744.727,0.180224,752.207,0.713728,747.648,2.87232,713.317,12.0422,
0.0113636,0.011264,0.0454545,0.011264,0.181818,0.011264,0.8,0.01024,2.90909,0.011264,10.6667,0.012288,39.3846,0.013312,146.286,0.014336,431.158,0.019456,630.154,0.053248,740.52,0.181248,753.287,0.712704,748.983,2.8672,712.65,12.0535,
0.0113636,0.011264,0.0454545,0.011264,0.181818,0.011264,0.727273,0.011264,2.90909,0.011264,11.6364,0.011264,42.6667,0.012288,157.538,0.013312,431.158,0.019456,630.154,0.053248,740.52,0.181248,755.458,0.710656,748.715,2.86822,713.135,12.0453,
0.0125,0.01024,0.0454545,0.011264,0.2,0.01024,0.727273,0.011264,2.90909,0.011264,10.6667,0.012288,42.6667,0.012288,157.538,0.013312,431.158,0.019456,595.782,0.05632,748.983,0.1792,754.371,0.71168,749.518,2.86515,712.771,12.0515,
0.0113636,0.011264,0.0454545,0.011264,0.181818,0.011264,0.727273,0.011264,2.90909,0.011264,10.6667,0.012288,42.6667,0.012288,146.286,0.014336,409.6,0.02048,642.51,0.052224,744.727,0.180224,754.371,0.71168,746.849,2.87539,713.317,12.0422,
0.0113636,0.011264,0.0454545,0.011264,0.181818,0.011264,0.727273,0.011264,2.90909,0.011264,11.6364,0.011264,42.6667,0.012288,157.538,0.013312,431.158,0.019456,618.264,0.054272,753.287,0.178176,757.642,0.708608,751.398,2.85798,712.711,12.0525,
0.0113636,0.011264,0.0454545,0.011264,0.181818,0.011264,0.8,0.01024,2.90909,0.011264,11.6364,0.011264,42.6667,0.012288,146.286,0.014336,431.158,0.019456,642.51,0.052224,736.36,0.182272,752.207,0.713728,750.054,2.8631,726.538,11.8231,
0.0113636,0.011264,0.0454545,0.011264,0.181818,0.011264,0.666667,0.012288,2.66667,0.012288,10.6667,0.012288,39.3846,0.013312,157.538,0.013312,431.158,0.019456,642.51,0.052224,744.727,0.180224,755.458,0.710656,747.914,2.8713,745.19,11.5272,
0.0113636,0.011264,0.0454545,0.011264,0.181818,0.011264,0.666667,0.012288,2.90909,0.011264,11.6364,0.011264,42.6667,0.012288,157.538,0.013312,409.6,0.02048,630.154,0.053248,732.246,0.183296,754.371,0.71168,746.849,2.87539,744.397,11.5395,
0.0113636,0.011264,0.0454545,0.011264,0.181818,0.011264,0.727273,0.011264,2.28571,0.014336,10.6667,0.012288,42.6667,0.012288,146.286,0.014336,431.158,0.019456,630.154,0.053248,740.52,0.181248,756.548,0.709632,748.983,2.8672,744.463,11.5384,
0.0113636,0.011264,0.0454545,0.011264,0.181818,0.011264,0.727273,0.011264,2.66667,0.012288,10.6667,0.012288,39.3846,0.013312,157.538,0.013312,431.158,0.019456,630.154,0.053248,753.287,0.178176,756.548,0.709632,749.786,2.86413,744.529,11.5374,
0.0113636,0.011264,0.0454545,0.011264,0.181818,0.011264,0.727273,0.011264,2.90909,0.011264,11.6364,0.011264,39.3846,0.013312,157.538,0.013312,409.6,0.02048,642.51,0.052224,744.727,0.180224,752.207,0.713728,750.054,2.8631,744.397,11.5395,
0.0113636,0.011264,0.0454545,0.011264,0.181818,0.011264,0.666667,0.012288,2.90909,0.011264,11.6364,0.011264,42.6667,0.012288,146.286,0.014336,431.158,0.019456,642.51,0.052224,736.36,0.182272,754.371,0.71168,750.86,2.86003,744.331,11.5405,
0.0113636,0.011264,0.0454545,0.011264,0.181818,0.011264,0.727273,0.011264,2.90909,0.011264,11.6364,0.011264,42.6667,0.012288,146.286,0.014336,431.158,0.019456,642.51,0.052224,744.727,0.180224,755.458,0.710656,748.715,2.86822,744.331,11.5405,
0.0113636,0.011264,0.0454545,0.011264,0.181818,0.011264,0.727273,0.011264,2.66667,0.012288,11.6364,0.011264,46.5455,0.011264,146.286,0.014336,431.158,0.019456,630.154,0.053248,740.52,0.181248,753.287,0.712704,750.054,2.8631,744.397,11.5395,
0.0113636,0.011264,0.0454545,0.011264,0.2,0.01024,0.727273,0.011264,2.90909,0.011264,10.6667,0.012288,42.6667,0.012288,157.538,0.013312,431.158,0.019456,642.51,0.052224,444.312,0.30208,756.548,0.709632,750.054,2.8631,744.661,11.5354,
0.0113636,0.011264,0.0454545,0.011264,0.166667,0.012288,0.727273,0.011264,2.90909,0.011264,10.6667,0.012288,42.6667,0.012288,157.538,0.013312,409.6,0.02048,642.51,0.052224,744.727,0.180224,756.548,0.709632,750.591,2.86106,744.265,11.5415,
0.0113636,0.011264,0.0454545,0.011264,0.181818,0.011264,0.666667,0.012288,2.66667,0.012288,11.6364,0.011264,46.5455,0.011264,146.286,0.014336,431.158,0.019456,642.51,0.052224,744.727,0.180224,754.371,0.71168,748.448,2.86925,744.265,11.5415,
0.0113636,0.011264,0.0454545,0.011264,0.181818,0.011264,0.666667,0.012288,2.66667,0.012288,10.6667,0.012288,39.3846,0.013312,146.286,0.014336,431.158,0.019456,630.154,0.053248,753.287,0.178176,754.371,0.71168,749.518,2.86515,744.265,11.5415,
0.0113636,0.011264,0.0454545,0.011264,0.181818,0.011264,0.666667,0.012288,2.66667,0.012288,11.6364,0.011264,42.6667,0.012288,146.286,0.014336,431.158,0.019456,630.154,0.053248,748.983,0.1792,755.458,0.710656,751.129,2.85901,744.397,11.5395,
0.0104167,0.012288,0.0454545,0.011264,0.181818,0.011264,0.727273,0.011264,2.90909,0.011264,11.6364,0.011264,42.6667,0.012288,146.286,0.014336,409.6,0.02048,630.154,0.053248,740.52,0.181248,757.642,0.708608,748.715,2.86822,744.529,11.5374,
0.0125,0.01024,0.0454545,0.011264,0.181818,0.011264,0.727273,0.011264,2.90909,0.011264,10.6667,0.012288,42.6667,0.012288,146.286,0.014336,409.6,0.02048,630.154,0.053248,744.727,0.180224,755.458,0.710656,749.25,2.86618,744.529,11.5374,
0.0113636,0.011264,0.0454545,0.011264,0.166667,0.012288,0.727273,0.011264,2.90909,0.011264,11.6364,0.011264,42.6667,0.012288,157.538,0.013312,431.158,0.019456,618.264,0.054272,744.727,0.180224,754.371,0.71168,752.747,2.85286,745.389,11.5241,
0.0125,0.01024,0.0454545,0.011264,0.2,0.01024,0.615385,0.013312,2.90909,0.011264,11.6364,0.011264,42.6667,0.012288,146.286,0.014336,409.6,0.02048,630.154,0.053248,744.727,0.180224,753.287,0.712704,748.181,2.87027,744.595,11.5364,
0.0113636,0.011264,0.0454545,0.011264,0.181818,0.011264,0.727273,0.011264,2.90909,0.011264,10.6667,0.012288,42.6667,0.012288,146.286,0.014336,431.158,0.019456,630.154,0.053248,753.287,0.178176,753.287,0.712704,751.129,2.85901,744.397,11.5395,
0.0125,0.01024,0.05,0.01024,0.181818,0.011264,0.8,0.01024,2.90909,0.011264,11.6364,0.011264,42.6667,0.012288,146.286,0.014336,431.158,0.019456,630.154,0.053248,744.727,0.180224,753.287,0.712704,750.054,2.8631,744.727,11.5343,
0.0125,0.01024,0.0454545,0.011264,0.181818,0.011264,0.727273,0.011264,2.90909,0.011264,11.6364,0.011264,46.5455,0.011264,146.286,0.014336,409.6,0.02048,655.36,0.0512,753.287,0.178176,753.287,0.712704,751.937,2.85594,744.133,11.5436,
0.0113636,0.011264,0.0454545,0.011264,0.2,0.01024,0.727273,0.011264,2.90909,0.011264,11.6364,0.011264,46.5455,0.011264,146.286,0.014336,431.158,0.019456,618.264,0.054272,748.983,0.1792,752.207,0.713728,748.448,2.86925,743.803,11.5487,
0.0113636,0.011264,0.0454545,0.011264,0.181818,0.011264,0.727273,0.011264,2.66667,0.012288,10.6667,0.012288,42.6667,0.012288,146.286,0.014336,431.158,0.019456,630.154,0.053248,736.36,0.182272,756.548,0.709632,748.715,2.86822,743.737,11.5497,
0.0125,0.01024,0.05,0.01024,0.181818,0.011264,0.727273,0.011264,2.90909,0.011264,10.6667,0.012288,42.6667,0.012288,146.286,0.014336,409.6,0.02048,630.154,0.053248,740.52,0.181248,755.458,0.710656,749.786,2.86413,743.935,11.5466,
0.0113636,0.011264,0.0416667,0.012288,0.181818,0.011264,0.727273,0.011264,2.90909,0.011264,11.6364,0.011264,42.6667,0.012288,157.538,0.013312,431.158,0.019456,630.154,0.053248,744.727,0.180224,756.548,0.709632,750.323,2.86208,743.539,11.5528,
0.0113636,0.011264,0.05,0.01024,0.2,0.01024,0.727273,0.011264,2.66667,0.012288,11.6364,0.011264,42.6667,0.012288,146.286,0.014336,431.158,0.019456,630.154,0.053248,736.36,0.182272,754.371,0.71168,749.518,2.86515,743.276,11.5569,
0.0113636,0.011264,0.0454545,0.011264,0.181818,0.011264,0.727273,0.011264,2.66667,0.012288,11.6364,0.011264,42.6667,0.012288,157.538,0.013312,431.158,0.019456,630.154,0.053248,744.727,0.180224,755.458,0.710656,752.207,2.85491,742.552,11.5681,
0.0113636,0.011264,0.0454545,0.011264,0.181818,0.011264,0.727273,0.011264,2.66667,0.012288,11.6364,0.011264,42.6667,0.012288,157.538,0.013312,431.158,0.019456,618.264,0.054272,748.983,0.1792,753.287,0.712704,750.323,2.86208,742.683,11.5661,
0.0113636,0.011264,0.0454545,0.011264,0.181818,0.011264,0.666667,0.012288,2.90909,0.011264,11.6364,0.011264,42.6667,0.012288,146.286,0.014336,431.158,0.019456,630.154,0.053248,740.52,0.181248,754.371,0.71168,749.786,2.86413,743.078,11.5599,
0.0113636,0.011264,0.0454545,0.011264,0.2,0.01024,0.727273,0.011264,2.90909,0.011264,11.6364,0.011264,42.6667,0.012288,146.286,0.014336,409.6,0.02048,595.782,0.05632,744.727,0.180224,754.371,0.71168,750.86,2.86003,743.078,11.5599,
0.0113636,0.011264,0.0416667,0.012288,0.181818,0.011264,0.727273,0.011264,2.90909,0.011264,11.6364,0.011264,42.6667,0.012288,146.286,0.014336,431.158,0.019456,630.154,0.053248,748.983,0.1792,754.371,0.71168,751.398,2.85798,743.539,11.5528,
0.00961538,0.013312,0.05,0.01024,0.181818,0.011264,0.666667,0.012288,2.66667,0.012288,11.6364,0.011264,42.6667,0.012288,157.538,0.013312,409.6,0.02048,618.264,0.054272,740.52,0.181248,755.458,0.710656,751.129,2.85901,743.407,11.5548,
0.0113636,0.011264,0.0454545,0.011264,0.181818,0.011264,0.727273,0.011264,2.66667,0.012288,10.6667,0.012288,46.5455,0.011264,146.286,0.014336,409.6,0.02048,630.154,0.053248,740.52,0.181248,752.207,0.713728,751.667,2.85696,743.737,11.5497,
0.0113636,0.011264,0.0454545,0.011264,0.181818,0.011264,0.727273,0.011264,2.90909,0.011264,11.6364,0.011264,42.6667,0.012288,146.286,0.014336,431.158,0.019456,606.815,0.055296,748.983,0.1792,757.642,0.708608,751.129,2.85901,743.671,11.5507,
0.0113636,0.011264,0.0454545,0.011264,0.181818,0.011264,0.727273,0.011264,2.90909,0.011264,11.6364,0.011264,42.6667,0.012288,157.538,0.013312,431.158,0.019456,618.264,0.054272,744.727,0.180224,754.371,0.71168,750.86,2.86003,743.935,11.5466,
0.0113636,0.011264,0.0454545,0.011264,0.181818,0.011264,0.727273,0.011264,2.66667,0.012288,11.6364,0.011264,42.6667,0.012288,146.286,0.014336,431.158,0.019456,630.154,0.053248,736.36,0.182272,754.371,0.71168,750.591,2.86106,744.265,11.5415,
0.0113636,0.011264,0.0454545,0.011264,0.166667,0.012288,0.666667,0.012288,2.90909,0.011264,11.6364,0.011264,42.6667,0.012288,146.286,0.014336,431.158,0.019456,642.51,0.052224,744.727,0.180224,754.371,0.71168,750.054,2.8631,744.199,11.5425,
0.0113636,0.011264,0.05,0.01024,0.2,0.01024,0.727273,0.011264,2.90909,0.011264,10.6667,0.012288,42.6667,0.012288,146.286,0.014336,409.6,0.02048,618.264,0.054272,748.983,0.1792,752.207,0.713728,751.129,2.85901,743.737,11.5497,
0.0113636,0.011264,0.0454545,0.011264,0.181818,0.011264,0.727273,0.011264,2.66667,0.012288,11.6364,0.011264,42.6667,0.012288,146.286,0.014336,431.158,0.019456,642.51,0.052224,753.287,0.178176,754.371,0.71168,751.667,2.85696,743.473,11.5538,
0.0125,0.01024,0.0454545,0.011264,0.2,0.01024,0.727273,0.011264,2.90909,0.011264,10.6667,0.012288,42.6667,0.012288,157.538,0.013312,409.6,0.02048,630.154,0.053248,753.287,0.178176,755.458,0.710656,750.054,2.8631,743.144,11.5589,
0.0104167,0.012288,0.0454545,0.011264,0.181818,0.011264,0.666667,0.012288,2.66667,0.012288,11.6364,0.011264,42.6667,0.012288,157.538,0.013312,409.6,0.02048,618.264,0.054272,748.983,0.1792,755.458,0.710656,751.667,2.85696,743.671,11.5507,
0.0113636,0.011264,0.05,0.01024,0.181818,0.011264,0.666667,0.012288,2.66667,0.012288,11.6364,0.011264,42.6667,0.012288,157.538,0.013312,409.6,0.02048,642.51,0.052224,740.52,0.181248,750.054,0.715776,749.518,2.86515,743.407,11.5548,
0.0113636,0.011264,0.0454545,0.011264,0.181818,0.011264,0.727273,0.011264,2.90909,0.011264,11.6364,0.011264,42.6667,0.012288,146.286,0.014336,431.158,0.019456,630.154,0.053248,748.983,0.1792,755.458,0.710656,739.997,2.90202,743.407,11.5548,
0.0113636,0.011264,0.0454545,0.011264,0.181818,0.011264,0.727273,0.011264,2.90909,0.011264,10.6667,0.012288,42.6667,0.012288,157.538,0.013312,431.158,0.019456,630.154,0.053248,740.52,0.181248,756.548,0.709632,748.983,2.8672,743.012,11.561,
0.0113636,0.011264,0.0454545,0.011264,0.181818,0.011264,0.727273,0.011264,2.66667,0.012288,11.6364,0.011264,42.6667,0.012288,146.286,0.014336,431.158,0.019456,642.51,0.052224,744.727,0.180224,755.458,0.710656,749.786,2.86413,743.341,11.5558,
0.0113636,0.011264,0.0454545,0.011264,0.181818,0.011264,0.8,0.01024,2.90909,0.011264,11.6364,0.011264,42.6667,0.012288,157.538,0.013312,431.158,0.019456,618.264,0.054272,736.36,0.182272,753.287,0.712704,751.398,2.85798,743.144,11.5589,
0.0113636,0.011264,0.0454545,0.011264,0.181818,0.011264,0.666667,0.012288,2.66667,0.012288,11.6364,0.011264,42.6667,0.012288,157.538,0.013312,431.158,0.019456,642.51,0.052224,748.983,0.1792,754.371,0.71168,751.129,2.85901,743.012,11.561,
0.0125,0.01024,0.0454545,0.011264,0.2,0.01024,0.727273,0.011264,2.90909,0.011264,11.6364,0.011264,42.6667,0.012288,146.286,0.014336,409.6,0.02048,630.154,0.053248,740.52,0.181248,755.458,0.710656,751.398,2.85798,743.869,11.5476,
0.0125,0.01024,0.0454545,0.011264,0.181818,0.011264,0.727273,0.011264,2.90909,0.011264,11.6364,0.011264,42.6667,0.012288,157.538,0.013312,431.158,0.019456,618.264,0.054272,753.287,0.178176,754.371,0.71168,751.129,2.85901,744.463,11.5384,
0.0113636,0.011264,0.0454545,0.011264,0.181818,0.011264,0.727273,0.011264,2.66667,0.012288,10.6667,0.012288,42.6667,0.012288,146.286,0.014336,431.158,0.019456,630.154,0.053248,744.727,0.180224,755.458,0.710656,750.591,2.86106,743.605,11.5517,
0.0113636,0.011264,0.0454545,0.011264,0.181818,0.011264,0.727273,0.011264,2.90909,0.011264,11.6364,0.011264,42.6667,0.012288,157.538,0.013312,431.158,0.019456,630.154,0.053248,748.983,0.1792,754.371,0.71168,750.591,2.86106,744.001,11.5456,
0.0113636,0.011264,0.05,0.01024,0.181818,0.011264,0.666667,0.012288,2.46154,0.013312,11.6364,0.011264,46.5455,0.011264,157.538,0.013312,409.6,0.02048,630.154,0.053248,736.36,0.182272,753.287,0.712704,749.518,2.86515,743.803,11.5487,
0.0113636,0.011264,0.0454545,0.011264,0.2,0.01024,0.666667,0.012288,2.90909,0.011264,11.6364,0.011264,39.3846,0.013312,146.286,0.014336,409.6,0.02048,630.154,0.053248,753.287,0.178176,751.129,0.714752,751.667,2.85696,743.078,11.5599,
0.0113636,0.011264,0.0454545,0.011264,0.181818,0.011264,0.727273,0.011264,2.90909,0.011264,10.6667,0.012288,42.6667,0.012288,157.538,0.013312,409.6,0.02048,630.154,0.053248,740.52,0.181248,756.548,0.709632,750.86,2.86003,743.671,11.5507,
0.0113636,0.011264,0.0454545,0.011264,0.181818,0.011264,0.727273,0.011264,2.66667,0.012288,11.6364,0.011264,42.6667,0.012288,146.286,0.014336,409.6,0.02048,655.36,0.0512,744.727,0.180224,753.287,0.712704,751.398,2.85798,743.473,11.5538,
0.0113636,0.011264,0.05,0.01024,0.181818,0.011264,0.8,0.01024,2.90909,0.011264,11.6364,0.011264,46.5455,0.011264,157.538,0.013312,431.158,0.019456,618.264,0.054272,748.983,0.1792,751.129,0.714752,750.591,2.86106,743.935,11.5466,
0.0113636,0.011264,0.0454545,0.011264,0.181818,0.011264,0.727273,0.011264,2.66667,0.012288,10.6667,0.012288,39.3846,0.013312,157.538,0.013312,431.158,0.019456,642.51,0.052224,740.52,0.181248,757.642,0.708608,750.86,2.86003,743.144,11.5589,
0.0125,0.01024,0.0454545,0.011264,0.181818,0.011264,0.727273,0.011264,2.90909,0.011264,10.6667,0.012288,42.6667,0.012288,146.286,0.014336,431.158,0.019456,630.154,0.053248,744.727,0.180224,757.642,0.708608,749.518,2.86515,743.144,11.5589,
0.0113636,0.011264,0.0454545,0.011264,0.181818,0.011264,0.666667,0.012288,2.90909,0.011264,11.6364,0.011264,42.6667,0.012288,157.538,0.013312,409.6,0.02048,642.51,0.052224,748.983,0.1792,755.458,0.710656,752.207,2.85491,743.276,11.5569,
0.0113636,0.011264,0.0454545,0.011264,0.2,0.01024,0.666667,0.012288,2.90909,0.011264,10.6667,0.012288,42.6667,0.012288,157.538,0.013312,431.158,0.019456,618.264,0.054272,748.983,0.1792,754.371,0.71168,751.129,2.85901,744.067,11.5446,
0.0113636,0.011264,0.0454545,0.011264,0.181818,0.011264,0.666667,0.012288,2.66667,0.012288,11.6364,0.011264,46.5455,0.011264,157.538,0.013312,431.158,0.019456,642.51,0.052224,740.52,0.181248,755.458,0.710656,750.591,2.86106,743.869,11.5476,
0.0113636,0.011264,0.05,0.01024,0.181818,0.011264,0.727273,0.011264,2.90909,0.011264,11.6364,0.011264,42.6667,0.012288,157.538,0.013312,431.158,0.019456,214.17,0.156672,740.52,0.181248,753.287,0.712704,750.86,2.86003,744.265,11.5415,
0.0113636,0.011264,0.0454545,0.011264,0.181818,0.011264,0.8,0.01024,2.90909,0.011264,10.6667,0.012288,42.6667,0.012288,146.286,0.014336,409.6,0.02048,642.51,0.052224,748.983,0.1792,755.458,0.710656,750.323,2.86208,744.926,11.5313,
0.0113636,0.011264,0.0454545,0.011264,0.181818,0.011264,0.727273,0.011264,2.90909,0.011264,11.6364,0.011264,46.5455,0.011264,157.538,0.013312,409.6,0.02048,630.154,0.053248,748.983,0.1792,754.371,0.71168,749.518,2.86515,744.397,11.5395,
0.0104167,0.012288,0.0454545,0.011264,0.181818,0.011264,0.727273,0.011264,2.66667,0.012288,11.6364,0.011264,42.6667,0.012288,157.538,0.013312,431.158,0.019456,630.154,0.053248,748.983,0.1792,758.738,0.707584,748.983,2.8672,744.463,11.5384,
0.0113636,0.011264,0.0454545,0.011264,0.2,0.01024,0.8,0.01024,2.90909,0.011264,11.6364,0.011264,42.6667,0.012288,157.538,0.013312,431.158,0.019456,630.154,0.053248,740.52,0.181248,754.371,0.71168,748.983,2.8672,744.992,11.5302,
0.0113636,0.011264,0.0454545,0.011264,0.181818,0.011264,0.666667,0.012288,2.90909,0.011264,10.6667,0.012288,42.6667,0.012288,157.538,0.013312,409.6,0.02048,630.154,0.053248,748.983,0.1792,755.458,0.710656,748.715,2.86822,744.727,11.5343,
0.0113636,0.011264,0.0454545,0.011264,0.181818,0.011264,0.727273,0.011264,2.46154,0.013312,11.6364,0.011264,42.6667,0.012288,146.286,0.014336,409.6,0.02048,642.51,0.052224,748.983,0.1792,752.207,0.713728,748.448,2.86925,744.727,11.5343,
0.0113636,0.011264,0.0454545,0.011264,0.181818,0.011264,0.727273,0.011264,2.90909,0.011264,11.6364,0.011264,46.5455,0.011264,157.538,0.013312,409.6,0.02048,630.154,0.053248,744.727,0.180224,756.548,0.709632,748.715,2.86822,744.529,11.5374,
0.0113636,0.011264,0.0454545,0.011264,0.2,0.01024,0.727273,0.011264,2.90909,0.011264,10.6667,0.012288,42.6667,0.012288,128,0.016384,409.6,0.02048,630.154,0.053248,744.727,0.180224,755.458,0.710656,748.448,2.86925,744.529,11.5374,
0.0104167,0.012288,0.0454545,0.011264,0.181818,0.011264,0.727273,0.011264,2.66667,0.012288,11.6364,0.011264,42.6667,0.012288,157.538,0.013312,431.158,0.019456,642.51,0.052224,740.52,0.181248,755.458,0.710656,749.25,2.86618,744.397,11.5395,
0.0125,0.01024,0.0454545,0.011264,0.181818,0.011264,0.727273,0.011264,2.90909,0.011264,10.6667,0.012288,42.6667,0.012288,146.286,0.014336,431.158,0.019456,630.154,0.053248,744.727,0.180224,755.458,0.710656,747.648,2.87232,744.001,11.5456,
0.0113636,0.011264,0.0416667,0.012288,0.181818,0.011264,0.666667,0.012288,2.90909,0.011264,11.6364,0.011264,42.6667,0.012288,157.538,0.013312,409.6,0.02048,642.51,0.052224,753.287,0.178176,754.371,0.71168,749.25,2.86618,744.661,11.5354,
0.0125,0.01024,0.05,0.01024,0.2,0.01024,0.727273,0.011264,2.66667,0.012288,10.6667,0.012288,42.6667,0.012288,157.538,0.013312,409.6,0.02048,630.154,0.053248,744.727,0.180224,757.642,0.708608,749.25,2.86618,744.992,11.5302,
0.0113636,0.011264,0.0454545,0.011264,0.181818,0.011264,0.727273,0.011264,2.90909,0.011264,10.6667,0.012288,42.6667,0.012288,146.286,0.014336,431.158,0.019456,655.36,0.0512,744.727,0.180224,753.287,0.712704,750.054,2.8631,744.793,11.5333,
0.0113636,0.011264,0.05,0.01024,0.181818,0.011264,0.727273,0.011264,2.90909,0.011264,11.6364,0.011264,42.6667,0.012288,157.538,0.013312,409.6,0.02048,618.264,0.054272,744.727,0.180224,754.371,0.71168,750.054,2.8631,744.86,11.5323,
0.0113636,0.011264,0.0454545,0.011264,0.181818,0.011264,0.666667,0.012288,2.90909,0.011264,10.6667,0.012288,42.6667,0.012288,157.538,0.013312,431.158,0.019456,630.154,0.053248,744.727,0.180224,753.287,0.712704,750.591,2.86106,743.803,11.5487,
0.0125,0.01024,0.0454545,0.011264,0.181818,0.011264,0.727273,0.011264,2.90909,0.011264,11.6364,0.011264,42.6667,0.012288,157.538,0.013312,431.158,0.019456,630.154,0.053248,748.983,0.1792,756.548,0.709632,749.786,2.86413,744.265,11.5415,
0.0113636,0.011264,0.0454545,0.011264,0.181818,0.011264,0.727273,0.011264,2.90909,0.011264,10.6667,0.012288,42.6667,0.012288,146.286,0.014336,409.6,0.02048,630.154,0.053248,744.727,0.180224,753.287,0.712704,748.448,2.86925,743.737,11.5497,
0.0125,0.01024,0.0416667,0.012288,0.2,0.01024,0.727273,0.011264,2.90909,0.011264,11.6364,0.011264,42.6667,0.012288,128,0.016384,431.158,0.019456,630.154,0.053248,744.727,0.180224,755.458,0.710656,750.054,2.8631,744.001,11.5456,
0.0113636,0.011264,0.0454545,0.011264,0.181818,0.011264,0.727273,0.011264,2.90909,0.011264,11.6364,0.011264,42.6667,0.012288,157.538,0.013312,409.6,0.02048,642.51,0.052224,736.36,0.182272,754.371,0.71168,750.323,2.86208,744.397,11.5395,
0.0113636,0.011264,0.0454545,0.011264,0.181818,0.011264,0.727273,0.011264,2.90909,0.011264,10.6667,0.012288,39.3846,0.013312,146.286,0.014336,431.158,0.019456,618.264,0.054272,740.52,0.181248,756.548,0.709632,749.786,2.86413,744.199,11.5425,
0.0113636,0.011264,0.0454545,0.011264,0.181818,0.011264,0.727273,0.011264,2.66667,0.012288,11.6364,0.011264,46.5455,0.011264,157.538,0.013312,431.158,0.019456,642.51,0.052224,744.727,0.180224,756.548,0.709632,748.715,2.86822,744.463,11.5384,
0.0113636,0.011264,0.0454545,0.011264,0.181818,0.011264,0.8,0.01024,2.66667,0.012288,10.6667,0.012288,42.6667,0.012288,157.538,0.013312,409.6,0.02048,630.154,0.053248,744.727,0.180224,757.642,0.708608,746.849,2.87539,743.671,11.5507,
0.0113636,0.011264,0.0454545,0.011264,0.181818,0.011264,0.727273,0.011264,2.66667,0.012288,11.6364,0.011264,42.6667,0.012288,157.538,0.013312,431.158,0.019456,630.154,0.053248,740.52,0.181248,758.738,0.707584,749.518,2.86515,744.727,11.5343,
0.0125,0.01024,0.05,0.01024,0.181818,0.011264,0.727273,0.011264,2.66667,0.012288,10.6667,0.012288,42.6667,0.012288,157.538,0.013312,409.6,0.02048,630.154,0.053248,744.727,0.180224,756.548,0.709632,750.323,2.86208,744.529,11.5374,
0.0113636,0.011264,0.0454545,0.011264,0.181818,0.011264,0.727273,0.011264,2.90909,0.011264,11.6364,0.011264,42.6667,0.012288,157.538,0.013312,372.364,0.022528,618.264,0.054272,744.727,0.180224,757.642,0.708608,748.983,2.8672,744.661,11.5354,
0.0113636,0.011264,0.05,0.01024,0.2,0.01024,0.8,0.01024,2.90909,0.011264,11.6364,0.011264,42.6667,0.012288,157.538,0.013312,431.158,0.019456,630.154,0.053248,740.52,0.181248,752.207,0.713728,749.786,2.86413,744.463,11.5384,
0.0113636,0.011264,0.0454545,0.011264,0.181818,0.011264,0.727273,0.011264,2.66667,0.012288,11.6364,0.011264,42.6667,0.012288,157.538,0.013312,431.158,0.019456,630.154,0.053248,744.727,0.180224,754.371,0.71168,749.518,2.86515,744.926,11.5313,
0.0113636,0.011264,0.0454545,0.011264,0.181818,0.011264,0.727273,0.011264,2.66667,0.012288,10.6667,0.012288,42.6667,0.012288,146.286,0.014336,431.158,0.019456,618.264,0.054272,744.727,0.180224,754.371,0.71168,748.983,2.8672,744.727,11.5343,
0.0113636,0.011264,0.0454545,0.011264,0.181818,0.011264,0.727273,0.011264,2.90909,0.011264,11.6364,0.011264,42.6667,0.012288,157.538,0.013312,409.6,0.02048,642.51,0.052224,748.983,0.1792,756.548,0.709632,747.115,2.87437,744.529,11.5374,
0.0113636,0.011264,0.0454545,0.011264,0.181818,0.011264,0.727273,0.011264,2.90909,0.011264,10.6667,0.012288,46.5455,0.011264,157.538,0.013312,431.158,0.019456,630.154,0.053248,748.983,0.1792,751.129,0.714752,750.054,2.8631,744.133,11.5436,
0.0113636,0.011264,0.0357143,0.014336,0.181818,0.011264,0.615385,0.013312,2.66667,0.012288,11.6364,0.011264,42.6667,0.012288,157.538,0.013312,431.158,0.019456,655.36,0.0512,537.18,0.249856,750.054,0.715776,747.914,2.8713,711.08,12.0801,
0.0125,0.01024,0.0416667,0.012288,0.2,0.01024,0.727273,0.011264,2.66667,0.012288,11.6364,0.011264,42.6667,0.012288,157.538,0.013312,431.158,0.019456,668.735,0.050176,712.348,0.188416,755.458,0.710656,750.323,2.86208,712.166,12.0617,
0.00892857,0.014336,0.0416667,0.012288,0.181818,0.011264,0.727273,0.011264,2.90909,0.011264,11.6364,0.011264,46.5455,0.011264,146.286,0.014336,431.158,0.019456,642.51,0.052224,724.155,0.185344,757.642,0.708608,748.181,2.87027,711.381,12.075,
0.0113636,0.011264,0.0454545,0.011264,0.181818,0.011264,0.727273,0.011264,2.90909,0.011264,11.6364,0.011264,42.6667,0.012288,157.538,0.013312,431.158,0.019456,630.154,0.053248,720.176,0.186368,754.371,0.71168,749.786,2.86413,712.408,12.0576,
0.0113636,0.011264,0.0384615,0.013312,0.166667,0.012288,0.666667,0.012288,2.66667,0.012288,11.6364,0.011264,42.6667,0.012288,157.538,0.013312,431.158,0.019456,642.51,0.052224,728.178,0.18432,754.371,0.71168,748.448,2.86925,711.321,12.076,
0.0113636,0.011264,0.0416667,0.012288,0.181818,0.011264,0.727273,0.011264,2.66667,0.012288,10.6667,0.012288,42.6667,0.012288,157.538,0.013312,455.111,0.018432,655.36,0.0512,732.246,0.183296,753.287,0.712704,750.323,2.86208,711.683,12.0699,
0.0113636,0.011264,0.0384615,0.013312,0.181818,0.011264,0.727273,0.011264,2.90909,0.011264,11.6364,0.011264,42.6667,0.012288,146.286,0.014336,431.158,0.019456,655.36,0.0512,724.155,0.185344,754.371,0.71168,749.518,2.86515,711.442,12.074,
0.0125,0.01024,0.0416667,0.012288,0.181818,0.011264,0.727273,0.011264,2.90909,0.011264,10.6667,0.012288,42.6667,0.012288,157.538,0.013312,431.158,0.019456,642.51,0.052224,732.246,0.183296,754.371,0.71168,749.518,2.86515,712.59,12.0545,
0.0113636,0.011264,0.0416667,0.012288,0.181818,0.011264,0.666667,0.012288,2.66667,0.012288,11.6364,0.011264,42.6667,0.012288,157.538,0.013312,431.158,0.019456,655.36,0.0512,728.178,0.18432,756.548,0.709632,746.849,2.87539,712.166,12.0617,
0.0113636,0.011264,0.0454545,0.011264,0.181818,0.011264,0.727273,0.011264,2.90909,0.011264,10.6667,0.012288,42.6667,0.012288,157.538,0.013312,409.6,0.02048,642.51,0.052224,732.246,0.183296,751.129,0.714752,749.25,2.86618,713.014,12.0474,
0.0113636,0.011264,0.0416667,0.012288,0.181818,0.011264,0.727273,0.011264,2.90909,0.011264,11.6364,0.011264,42.6667,0.012288,157.538,0.013312,431.158,0.019456,630.154,0.053248,728.178,0.18432,756.548,0.709632,750.054,2.8631,712.106,12.0627,
0.0113636,0.011264,0.0384615,0.013312,0.2,0.01024,0.727273,0.011264,2.90909,0.011264,10.6667,0.012288,42.6667,0.012288,146.286,0.014336,431.158,0.019456,642.51,0.052224,728.178,0.18432,750.054,0.715776,748.181,2.87027,713.135,12.0453,
0.0113636,0.011264,0.0454545,0.011264,0.181818,0.011264,0.727273,0.011264,2.66667,0.012288,10.6667,0.012288,42.6667,0.012288,157.538,0.013312,455.111,0.018432,642.51,0.052224,736.36,0.182272,756.548,0.709632,749.25,2.86618,713.56,12.0381,
0.0113636,0.011264,0.0416667,0.012288,0.181818,0.011264,0.666667,0.012288,2.90909,0.011264,10.6667,0.012288,42.6667,0.012288,146.286,0.014336,431.158,0.019456,655.36,0.0512,712.348,0.188416,752.207,0.713728,747.914,2.8713,713.196,12.0443,
0.0113636,0.011264,0.0454545,0.011264,0.181818,0.011264,0.727273,0.011264,2.90909,0.011264,11.6364,0.011264,42.6667,0.012288,157.538,0.013312,431.158,0.019456,630.154,0.053248,720.176,0.186368,753.287,0.712704,748.983,2.8672,713.014,12.0474,
0.0125,0.01024,0.0416667,0.012288,0.181818,0.011264,0.727273,0.011264,2.90909,0.011264,11.6364,0.011264,46.5455,0.011264,157.538,0.013312,431.158,0.019456,642.51,0.052224,728.178,0.18432,751.129,0.714752,748.715,2.86822,713.256,12.0433,
0.0113636,0.011264,0.0357143,0.014336,0.181818,0.011264,0.666667,0.012288,2.90909,0.011264,10.6667,0.012288,42.6667,0.012288,157.538,0.013312,431.158,0.019456,655.36,0.0512,720.176,0.186368,756.548,0.709632,748.983,2.8672,713.196,12.0443,
0.0113636,0.011264,0.0454545,0.011264,0.181818,0.011264,0.727273,0.011264,2.90909,0.011264,11.6364,0.011264,42.6667,0.012288,146.286,0.014336,431.158,0.019456,642.51,0.052224,724.155,0.185344,753.287,0.712704,747.914,2.8713,712.771,12.0515,
0.0113636,0.011264,0.0454545,0.011264,0.181818,0.011264,0.666667,0.012288,2.90909,0.011264,10.6667,0.012288,42.6667,0.012288,157.538,0.013312,431.158,0.019456,642.51,0.052224,712.348,0.188416,756.548,0.709632,748.983,2.8672,713.256,12.0433,
0.0125,0.01024,0.0454545,0.011264,0.2,0.01024,0.727273,0.011264,2.90909,0.011264,11.6364,0.011264,42.6667,0.012288,157.538,0.013312,431.158,0.019456,642.51,0.052224,728.178,0.18432,753.287,0.712704,751.129,2.85901,716.424,11.99,
0.0113636,0.011264,0.0384615,0.013312,0.181818,0.011264,0.727273,0.011264,2.90909,0.011264,10.6667,0.012288,42.6667,0.012288,157.538,0.013312,431.158,0.019456,655.36,0.0512,732.246,0.183296,755.458,0.710656,751.129,2.85901,744.133,11.5436,
0.0113636,0.011264,0.0416667,0.012288,0.181818,0.011264,0.727273,0.011264,2.90909,0.011264,11.6364,0.011264,46.5455,0.011264,157.538,0.013312,455.111,0.018432,642.51,0.052224,724.155,0.185344,754.371,0.71168,749.25,2.86618,744.727,11.5343,
0.0125,0.01024,0.0384615,0.013312,0.181818,0.011264,0.727273,0.011264,2.66667,0.012288,11.6364,0.011264,42.6667,0.012288,157.538,0.013312,431.158,0.019456,655.36,0.0512,728.178,0.18432,756.548,0.709632,748.181,2.87027,744.793,11.5333,
0.0113636,0.011264,0.0384615,0.013312,0.181818,0.011264,0.727273,0.011264,2.90909,0.011264,10.6667,0.012288,42.6667,0.012288,157.538,0.013312,431.158,0.019456,630.154,0.053248,736.36,0.182272,753.287,0.712704,750.323,2.86208,745.058,11.5292,
0.0113636,0.011264,0.0384615,0.013312,0.181818,0.011264,0.727273,0.011264,2.90909,0.011264,11.6364,0.011264,42.6667,0.012288,157.538,0.013312,431.158,0.019456,642.51,0.052224,724.155,0.185344,754.371,0.71168,750.591,2.86106,743.869,11.5476,
0.0125,0.01024,0.0416667,0.012288,0.166667,0.012288,0.727273,0.011264,2.90909,0.011264,11.6364,0.011264,42.6667,0.012288,157.538,0.013312,455.111,0.018432,642.51,0.052224,728.178,0.18432,754.371,0.71168,750.591,2.86106,744.529,11.5374,
0.0113636,0.011264,0.0384615,0.013312,0.181818,0.011264,0.727273,0.011264,2.90909,0.011264,10.6667,0.012288,42.6667,0.012288,157.538,0.013312,431.158,0.019456,642.51,0.052224,724.155,0.185344,757.642,0.708608,750.054,2.8631,744.463,11.5384,
0.0125,0.01024,0.0454545,0.011264,0.181818,0.011264,0.8,0.01024,2.90909,0.011264,11.6364,0.011264,42.6667,0.012288,146.286,0.014336,431.158,0.019456,642.51,0.052224,728.178,0.18432,753.287,0.712704,747.914,2.8713,744.001,11.5456,
0.0113636,0.011264,0.0384615,0.013312,0.181818,0.011264,0.727273,0.011264,2.66667,0.012288,10.6667,0.012288,46.5455,0.011264,157.538,0.013312,431.158,0.019456,642.51,0.052224,732.246,0.183296,755.458,0.710656,748.715,2.86822,744.331,11.5405,
0.0125,0.01024,0.0416667,0.012288,0.181818,0.011264,0.8,0.01024,2.90909,0.011264,10.6667,0.012288,46.5455,0.011264,157.538,0.013312,431.158,0.019456,642.51,0.052224,728.178,0.18432,756.548,0.709632,750.323,2.86208,744.661,11.5354,
0.0113636,0.011264,0.0416667,0.012288,0.181818,0.011264,0.727273,0.011264,2.66667,0.012288,11.6364,0.011264,42.6667,0.012288,157.538,0.013312,431.158,0.019456,642.51,0.052224,732.246,0.183296,754.371,0.71168,750.591,2.86106,744.265,11.5415,
0.0125,0.01024,0.0384615,0.013312,0.181818,0.011264,0.727273,0.011264,2.90909,0.011264,11.6364,0.011264,42.6667,0.012288,157.538,0.013312,455.111,0.018432,642.51,0.052224,724.155,0.185344,753.287,0.712704,750.054,2.8631,744.265,11.5415,
0.0113636,0.011264,0.0384615,0.013312,0.166667,0.012288,0.727273,0.011264,2.90909,0.011264,10.6667,0.012288,42.6667,0.012288,157.538,0.013312,431.158,0.019456,642.51,0.052224,732.246,0.183296,757.642,0.708608,750.054,2.8631,744.661,11.5354,
0.0113636,0.011264,0.0416667,0.012288,0.181818,0.011264,0.8,0.01024,2.90909,0.011264,11.6364,0.011264,42.6667,0.012288,146.286,0.014336,431.158,0.019456,630.154,0.053248,732.246,0.183296,753.287,0.712704,750.86,2.86003,744.86,11.5323,
0.0113636,0.011264,0.0384615,0.013312,0.166667,0.012288,0.666667,0.012288,2.90909,0.011264,11.6364,0.011264,46.5455,0.011264,146.286,0.014336,455.111,0.018432,655.36,0.0512,736.36,0.182272,754.371,0.71168,750.86,2.86003,745.124,11.5282,
0.0125,0.01024,0.0454545,0.011264,0.181818,0.011264,0.727273,0.011264,2.90909,0.011264,11.6364,0.011264,39.3846,0.013312,157.538,0.013312,431.158,0.019456,642.51,0.052224,724.155,0.185344,754.371,0.71168,749.786,2.86413,745.058,11.5292,
0.0113636,0.011264,0.0416667,0.012288,0.166667,0.012288,0.666667,0.012288,2.66667,0.012288,10.6667,0.012288,42.6667,0.012288,157.538,0.013312,431.158,0.019456,630.154,0.053248,732.246,0.183296,754.371,0.71168,751.129,2.85901,745.257,11.5261,
0.0125,0.01024,0.0384615,0.013312,0.181818,0.011264,0.727273,0.011264,2.90909,0.011264,11.6364,0.011264,46.5455,0.011264,157.538,0.013312,431.158,0.019456,642.51,0.052224,732.246,0.183296,752.207,0.713728,751.398,2.85798,745.124,11.5282,
0.0113636,0.011264,0.0454545,0.011264,0.181818,0.011264,0.727273,0.011264,2.90909,0.011264,10.6667,0.012288,42.6667,0.012288,157.538,0.013312,431.158,0.019456,642.51,0.052224,724.155,0.185344,748.983,0.7168,748.448,2.86925,744.727,11.5343,
0.0125,0.01024,0.0416667,0.012288,0.181818,0.011264,0.727273,0.011264,2.90909,0.011264,10.6667,0.012288,42.6667,0.012288,157.538,0.013312,431.158,0.019456,642.51,0.052224,720.176,0.186368,752.207,0.713728,751.129,2.85901,745.19,11.5272,
0.0113636,0.011264,0.0416667,0.012288,0.181818,0.011264,0.727273,0.011264,2.90909,0.011264,11.6364,0.011264,42.6667,0.012288,157.538,0.013312,431.158,0.019456,642.51,0.052224,736.36,0.182272,751.129,0.714752,751.398,2.85798,744.793,11.5333,
0.0113636,0.011264,0.0277778,0.018432,0.181818,0.011264,0.727273,0.011264,2.66667,0.012288,10.6667,0.012288,42.6667,0.012288,146.286,0.014336,431.158,0.019456,630.154,0.053248,724.155,0.185344,748.983,0.7168,751.398,2.85798,744.793,11.5333,
0.0113636,0.011264,0.0357143,0.014336,0.181818,0.011264,0.666667,0.012288,2.90909,0.011264,10.6667,0.012288,42.6667,0.012288,157.538,0.013312,431.158,0.019456,642.51,0.052224,724.155,0.185344,751.129,0.714752,750.591,2.86106,744.397,11.5395,
0.0125,0.01024,0.0416667,0.012288,0.181818,0.011264,0.727273,0.011264,2.66667,0.012288,11.6364,0.011264,42.6667,0.012288,157.538,0.013312,455.111,0.018432,642.51,0.052224,716.24,0.187392,753.287,0.712704,751.398,2.85798,744.133,11.5436,
0.0113636,0.011264,0.0384615,0.013312,0.166667,0.012288,0.727273,0.011264,2.90909,0.011264,11.6364,0.011264,42.6667,0.012288,157.538,0.013312,455.111,0.018432,642.51,0.052224,724.155,0.185344,750.054,0.715776,751.398,2.85798,744.199,11.5425,
0.0113636,0.011264,0.0384615,0.013312,0.181818,0.011264,0.727273,0.011264,2.90909,0.011264,10.6667,0.012288,46.5455,0.011264,146.286,0.014336,431.158,0.019456,642.51,0.052224,720.176,0.186368,754.371,0.71168,750.054,2.8631,744.727,11.5343,
0.0113636,0.011264,0.0454545,0.011264,0.181818,0.011264,0.727273,0.011264,2.66667,0.012288,11.6364,0.011264,34.1333,0.01536,157.538,0.013312,431.158,0.019456,642.51,0.052224,724.155,0.185344,751.129,0.714752,748.715,2.86822,744.199,11.5425,
0.0125,0.01024,0.0416667,0.012288,0.181818,0.011264,0.666667,0.012288,2.90909,0.011264,11.6364,0.011264,42.6667,0.012288,157.538,0.013312,431.158,0.019456,630.154,0.053248,732.246,0.183296,753.287,0.712704,751.398,2.85798,744.793,11.5333,
0.0113636,0.011264,0.0333333,0.01536,0.181818,0.011264,0.666667,0.012288,2.90909,0.011264,11.6364,0.011264,42.6667,0.012288,157.538,0.013312,455.111,0.018432,642.51,0.052224,736.36,0.182272,756.548,0.709632,749.25,2.86618,744.463,11.5384,
0.0113636,0.011264,0.0416667,0.012288,0.181818,0.011264,0.727273,0.011264,2.66667,0.012288,10.6667,0.012288,42.6667,0.012288,157.538,0.013312,431.158,0.019456,642.51,0.052224,724.155,0.185344,753.287,0.712704,749.786,2.86413,744.463,11.5384,
0.0125,0.01024,0.0416667,0.012288,0.181818,0.011264,0.727273,0.011264,2.90909,0.011264,11.6364,0.011264,46.5455,0.011264,157.538,0.013312,455.111,0.018432,655.36,0.0512,720.176,0.186368,753.287,0.712704,750.86,2.86003,744.727,11.5343,
0.00961538,0.013312,0.0416667,0.012288,0.2,0.01024,0.727273,0.011264,2.90909,0.011264,10.6667,0.012288,46.5455,0.011264,157.538,0.013312,431.158,0.019456,630.154,0.053248,724.155,0.185344,753.287,0.712704,749.25,2.86618,744.727,11.5343,
0.0113636,0.011264,0.0416667,0.012288,0.181818,0.011264,0.727273,0.011264,2.66667,0.012288,10.6667,0.012288,42.6667,0.012288,146.286,0.014336,455.111,0.018432,642.51,0.052224,736.36,0.182272,755.458,0.710656,750.86,2.86003,744.727,11.5343,
0.0125,0.01024,0.0416667,0.012288,0.181818,0.011264,0.8,0.01024,2.90909,0.011264,10.6667,0.012288,42.6667,0.012288,157.538,0.013312,431.158,0.019456,642.51,0.052224,728.178,0.18432,755.458,0.710656,750.054,2.8631,744.397,11.5395,
0.0113636,0.011264,0.0416667,0.012288,0.181818,0.011264,0.727273,0.011264,2.90909,0.011264,11.6364,0.011264,42.6667,0.012288,146.286,0.014336,431.158,0.019456,655.36,0.0512,740.52,0.181248,755.458,0.710656,750.591,2.86106,744.727,11.5343,
0.0125,0.01024,0.0416667,0.012288,0.181818,0.011264,0.727273,0.011264,2.90909,0.011264,10.6667,0.012288,42.6667,0.012288,157.538,0.013312,455.111,0.018432,630.154,0.053248,728.178,0.18432,755.458,0.710656,751.129,2.85901,744.331,11.5405,
0.0113636,0.011264,0.0384615,0.013312,0.181818,0.011264,0.727273,0.011264,2.90909,0.011264,11.6364,0.011264,42.6667,0.012288,157.538,0.013312,431.158,0.019456,655.36,0.0512,732.246,0.183296,752.207,0.713728,748.181,2.87027,744.397,11.5395,
0.0113636,0.011264,0.0454545,0.011264,0.181818,0.011264,0.727273,0.011264,2.90909,0.011264,11.6364,0.011264,46.5455,0.011264,157.538,0.013312,431.158,0.019456,642.51,0.052224,724.155,0.185344,758.738,0.707584,749.786,2.86413,744.86,11.5323,
0.0113636,0.011264,0.0454545,0.011264,0.166667,0.012288,0.666667,0.012288,2.66667,0.012288,10.6667,0.012288,42.6667,0.012288,128,0.016384,455.111,0.018432,642.51,0.052224,728.178,0.18432,756.548,0.709632,750.323,2.86208,744.86,11.5323,
0.0113636,0.011264,0.0384615,0.013312,0.181818,0.011264,0.727273,0.011264,2.90909,0.011264,11.6364,0.011264,42.6667,0.012288,146.286,0.014336,431.158,0.019456,642.51,0.052224,740.52,0.181248,752.207,0.713728,750.86,2.86003,744.331,11.5405,
0.0113636,0.011264,0.0384615,0.013312,0.166667,0.012288,0.666667,0.012288,2.66667,0.012288,11.6364,0.011264,42.6667,0.012288,157.538,0.013312,431.158,0.019456,642.51,0.052224,724.155,0.185344,754.371,0.71168,751.398,2.85798,745.124,11.5282,
0.0125,0.01024,0.0454545,0.011264,0.181818,0.011264,0.727273,0.011264,2.90909,0.011264,10.6667,0.012288,42.6667,0.012288,157.538,0.013312,431.158,0.019456,655.36,0.0512,728.178,0.18432,754.371,0.71168,748.983,2.8672,744.992,11.5302,
0.0113636,0.011264,0.0416667,0.012288,0.166667,0.012288,0.727273,0.011264,2.90909,0.011264,10.6667,0.012288,42.6667,0.012288,157.538,0.013312,390.095,0.021504,655.36,0.0512,716.24,0.187392,753.287,0.712704,750.323,2.86208,744.793,11.5333,
0.0113636,0.011264,0.0384615,0.013312,0.181818,0.011264,0.8,0.01024,2.90909,0.011264,11.6364,0.011264,46.5455,0.011264,157.538,0.013312,390.095,0.021504,642.51,0.052224,728.178,0.18432,756.548,0.709632,750.86,2.86003,744.133,11.5436,
0.0113636,0.011264,0.0384615,0.013312,0.0110497,0.185344,0.727273,0.011264,2.66667,0.012288,10.6667,0.012288,42.6667,0.012288,157.538,0.013312,431.158,0.019456,642.51,0.052224,720.176,0.186368,754.371,0.71168,748.715,2.86822,744.463,11.5384,
0.0125,0.01024,0.0384615,0.013312,0.142857,0.014336,0.727273,0.011264,2.90909,0.011264,11.6364,0.011264,42.6667,0.012288,157.538,0.013312,455.111,0.018432,642.51,0.052224,732.246,0.183296,755.458,0.710656,747.381,2.87334,744.463,11.5384,
0.0113636,0.011264,0.0416667,0.012288,0.181818,0.011264,0.666667,0.012288,2.90909,0.011264,11.6364,0.011264,39.3846,0.013312,157.538,0.013312,431.158,0.019456,630.154,0.053248,732.246,0.183296,754.371,0.71168,748.448,2.86925,744.331,11.5405,
0.0125,0.01024,0.0454545,0.011264,0.181818,0.011264,0.8,0.01024,2.90909,0.011264,10.6667,0.012288,46.5455,0.011264,157.538,0.013312,431.158,0.019456,655.36,0.0512,728.178,0.18432,753.287,0.712704,751.398,2.85798,744.529,11.5374,
0.0113636,0.011264,0.0384615,0.013312,0.166667,0.012288,0.666667,0.012288,2.66667,0.012288,10.6667,0.012288,42.6667,0.012288,146.286,0.014336,431.158,0.019456,655.36,0.0512,732.246,0.183296,753.287,0.712704,751.667,2.85696,744.595,11.5364,
0.0113636,0.011264,0.0416667,0.012288,0.2,0.01024,0.727273,0.011264,2.90909,0.011264,10.6667,0.012288,46.5455,0.011264,146.286,0.014336,431.158,0.019456,630.154,0.053248,732.246,0.183296,755.458,0.710656,749.25,2.86618,744.727,11.5343,
0.0125,0.01024,0.0454545,0.011264,0.181818,0.011264,0.727273,0.011264,2.66667,0.012288,11.6364,0.011264,42.6667,0.012288,157.538,0.013312,455.111,0.018432,642.51,0.052224,724.155,0.185344,755.458,0.710656,748.715,2.86822,744.793,11.5333,
0.0125,0.01024,0.0416667,0.012288,0.181818,0.011264,0.727273,0.011264,2.90909,0.011264,10.6667,0.012288,46.5455,0.011264,146.286,0.014336,431.158,0.019456,630.154,0.053248,732.246,0.183296,756.548,0.709632,751.129,2.85901,744.595,11.5364,
0.0113636,0.011264,0.0384615,0.013312,0.181818,0.011264,0.727273,0.011264,2.90909,0.011264,11.6364,0.011264,42.6667,0.012288,157.538,0.013312,431.158,0.019456,655.36,0.0512,724.155,0.185344,755.458,0.710656,751.398,2.85798,744.463,11.5384,
0.0125,0.01024,0.0416667,0.012288,0.181818,0.011264,0.727273,0.011264,2.66667,0.012288,10.6667,0.012288,42.6667,0.012288,146.286,0.014336,431.158,0.019456,655.36,0.0512,724.155,0.185344,754.371,0.71168,751.398,2.85798,744.86,11.5323,
0.0104167,0.012288,0.0416667,0.012288,0.153846,0.013312,0.727273,0.011264,2.90909,0.011264,10.6667,0.012288,42.6667,0.012288,157.538,0.013312,431.158,0.019456,606.815,0.055296,732.246,0.183296,755.458,0.710656,750.323,2.86208,744.992,11.5302,
0.0125,0.01024,0.0416667,0.012288,0.181818,0.011264,0.727273,0.011264,2.90909,0.011264,11.6364,0.011264,46.5455,0.011264,157.538,0.013312,455.111,0.018432,642.51,0.052224,732.246,0.183296,753.287,0.712704,750.591,2.86106,745.058,11.5292,
0.0113636,0.011264,0.0416667,0.012288,0.181818,0.011264,0.727273,0.011264,2.66667,0.012288,10.6667,0.012288,42.6667,0.012288,157.538,0.013312,431.158,0.019456,630.154,0.053248,732.246,0.183296,755.458,0.710656,750.86,2.86003,744.463,11.5384,
0.0113636,0.011264,0.0454545,0.011264,0.181818,0.011264,0.727273,0.011264,2.66667,0.012288,10.6667,0.012288,42.6667,0.012288,146.286,0.014336,431.158,0.019456,655.36,0.0512,728.178,0.18432,756.548,0.709632,751.398,2.85798,744.661,11.5354,
0.0113636,0.011264,0.0416667,0.012288,0.181818,0.011264,0.727273,0.011264,2.90909,0.011264,10.6667,0.012288,46.5455,0.011264,157.538,0.013312,431.158,0.019456,630.154,0.053248,728.178,0.18432,755.458,0.710656,748.715,2.86822,743.935,11.5466,
0.0125,0.01024,0.0416667,0.012288,0.181818,0.011264,0.727273,0.011264,2.66667,0.012288,10.6667,0.012288,42.6667,0.012288,157.538,0.013312,431.158,0.019456,642.51,0.052224,728.178,0.18432,755.458,0.710656,749.518,2.86515,743.869,11.5476,
0.0113636,0.011264,0.0416667,0.012288,0.181818,0.011264,0.727273,0.011264,2.90909,0.011264,10.6667,0.012288,42.6667,0.012288,157.538,0.013312,431.158,0.019456,642.51,0.052224,736.36,0.182272,755.458,0.710656,749.25,2.86618,744.595,11.5364,
0.0113636,0.011264,0.0454545,0.011264,0.2,0.01024,0.8,0.01024,2.90909,0.011264,11.6364,0.011264,42.6667,0.012288,146.286,0.014336,431.158,0.019456,655.36,0.0512,712.348,0.188416,756.548,0.709632,751.129,2.85901,744.661,11.5354,
0.0113636,0.011264,0.0454545,0.011264,0.181818,0.011264,0.727273,0.011264,2.90909,0.011264,11.6364,0.011264,46.5455,0.011264,157.538,0.013312,431.158,0.019456,668.735,0.050176,732.246,0.183296,754.371,0.71168,748.983,2.8672,744.595,11.5364,
0.0113636,0.011264,0.0416667,0.012288,0.181818,0.011264,0.727273,0.011264,2.90909,0.011264,10.6667,0.012288,42.6667,0.012288,157.538,0.013312,455.111,0.018432,630.154,0.053248,728.178,0.18432,756.548,0.709632,751.398,2.85798,744.529,11.5374,
0.0113636,0.011264,0.0384615,0.013312,0.181818,0.011264,0.727273,0.011264,2.66667,0.012288,11.6364,0.011264,42.6667,0.012288,157.538,0.013312,431.158,0.019456,618.264,0.054272,736.36,0.182272,756.548,0.709632,750.591,2.86106,744.661,11.5354,
0.0125,0.01024,0.03125,0.016384,0.181818,0.011264,0.727273,0.011264,2.90909,0.011264,11.6364,0.011264,42.6667,0.012288,157.538,0.013312,431.158,0.019456,642.51,0.052224,724.155,0.185344,754.371,0.71168,750.591,2.86106,744.926,11.5313,
0.0113636,0.011264,0.0357143,0.014336,0.181818,0.011264,0.727273,0.011264,2.90909,0.011264,10.6667,0.012288,42.6667,0.012288,157.538,0.013312,431.158,0.019456,642.51,0.052224,708.497,0.18944,754.371,0.71168,749.786,2.86413,744.595,11.5364,
0.0125,0.01024,0.0454545,0.011264,0.181818,0.011264,0.727273,0.011264,2.66667,0.012288,11.6364,0.011264,42.6667,0.012288,146.286,0.014336,455.111,0.018432,642.51,0.052224,728.178,0.18432,754.371,0.71168,749.25,2.86618,744.661,11.5354,
0.0113636,0.011264,0.0416667,0.012288,0.181818,0.011264,0.727273,0.011264,2.90909,0.011264,10.6667,0.012288,42.6667,0.012288,157.538,0.013312,431.158,0.019456,630.154,0.053248,732.246,0.183296,758.738,0.707584,751.129,2.85901,743.869,11.5476,
0.0125,0.01024,0.0454545,0.011264,0.181818,0.011264,0.8,0.01024,2.90909,0.011264,10.6667,0.012288,42.6667,0.012288,157.538,0.013312,431.158,0.019456,668.735,0.050176,728.178,0.18432,754.371,0.71168,749.518,2.86515,743.341,11.5558,
0.0113636,0.011264,0.0454545,0.011264,0.166667,0.012288,0.727273,0.011264,2.66667,0.012288,11.6364,0.011264,42.6667,0.012288,157.538,0.013312,431.158,0.019456,642.51,0.052224,728.178,0.18432,756.548,0.709632,751.129,2.85901,742.946,11.562,
0.0113636,0.011264,0.0454545,0.011264,0.2,0.01024,0.727273,0.011264,2.90909,0.011264,10.6667,0.012288,46.5455,0.011264,157.538,0.013312,431.158,0.019456,642.51,0.052224,732.246,0.183296,753.287,0.712704,747.115,2.87437,743.737,11.5497,
0.0125,0.01024,0.0454545,0.011264,0.166667,0.012288,0.727273,0.011264,2.90909,0.011264,11.6364,0.011264,42.6667,0.012288,146.286,0.014336,455.111,0.018432,630.154,0.053248,740.52,0.181248,755.458,0.710656,751.937,2.85594,742.749,11.5651,
0.0125,0.01024,0.0454545,0.011264,0.181818,0.011264,0.727273,0.011264,2.90909,0.011264,10.6667,0.012288,42.6667,0.012288,146.286,0.014336,431.158,0.019456,642.51,0.052224,724.155,0.185344,757.642,0.708608,751.398,2.85798,743.473,11.5538,
0.0113636,0.011264,0.0454545,0.011264,0.181818,0.011264,0.727273,0.011264,2.90909,0.011264,10.6667,0.012288,42.6667,0.012288,157.538,0.013312,356.174,0.023552,655.36,0.0512,724.155,0.185344,754.371,0.71168,748.715,2.86822,743.276,11.5569,
0.0113636,0.011264,0.05,0.01024,0.181818,0.011264,0.727273,0.011264,2.90909,0.011264,10.6667,0.012288,42.6667,0.012288,157.538,0.013312,431.158,0.019456,642.51,0.052224,724.155,0.185344,750.054,0.715776,751.129,2.85901,743.078,11.5599,
0.0113636,0.011264,0.0454545,0.011264,0.181818,0.011264,0.727273,0.011264,2.90909,0.011264,11.6364,0.011264,42.6667,0.012288,157.538,0.013312,431.158,0.019456,642.51,0.052224,724.155,0.185344,754.371,0.71168,748.983,2.8672,743.012,11.561,
0.0125,0.01024,0.0454545,0.011264,0.181818,0.011264,0.727273,0.011264,2.90909,0.011264,11.6364,0.011264,46.5455,0.011264,157.538,0.013312,390.095,0.021504,655.36,0.0512,732.246,0.183296,753.287,0.712704,747.914,2.8713,744.331,11.5405,
0.0125,0.01024,0.0454545,0.011264,0.166667,0.012288,0.666667,0.012288,2.66667,0.012288,11.6364,0.011264,42.6667,0.012288,157.538,0.013312,431.158,0.019456,630.154,0.053248,724.155,0.185344,755.458,0.710656,750.323,2.86208,744.265,11.5415,
0.0125,0.01024,0.0454545,0.011264,0.181818,0.011264,0.727273,0.011264,2.90909,0.011264,10.6667,0.012288,42.6667,0.012288,157.538,0.013312,431.158,0.019456,630.154,0.053248,732.246,0.183296,755.458,0.710656,750.323,2.86208,743.869,11.5476,
0.0113636,0.011264,0.0454545,0.011264,0.181818,0.011264,0.727273,0.011264,2.66667,0.012288,10.6667,0.012288,42.6667,0.012288,157.538,0.013312,409.6,0.02048,668.735,0.050176,537.18,0.249856,751.129,0.714752,748.983,2.8672,711.2,12.0781,
0.0113636,0.011264,0.05,0.01024,0.181818,0.011264,0.727273,0.011264,2.90909,0.011264,10.6667,0.012288,42.6667,0.012288,157.538,0.013312,409.6,0.02048,630.154,0.053248,724.155,0.185344,753.287,0.712704,748.983,2.8672,711.2,12.0781,
0.0113636,0.011264,0.0416667,0.012288,0.181818,0.011264,0.727273,0.011264,2.66667,0.012288,11.6364,0.011264,46.5455,0.011264,136.533,0.01536,409.6,0.02048,630.154,0.053248,732.246,0.183296,757.642,0.708608,747.648,2.87232,711.08,12.0801,
0.0125,0.01024,0.05,0.01024,0.2,0.01024,0.727273,0.011264,2.66667,0.012288,10.6667,0.012288,42.6667,0.012288,146.286,0.014336,431.158,0.019456,630.154,0.053248,736.36,0.182272,755.458,0.710656,750.323,2.86208,710.839,12.0842,
0.0113636,0.011264,0.0454545,0.011264,0.181818,0.011264,0.727273,0.011264,2.66667,0.012288,10.6667,0.012288,42.6667,0.012288,157.538,0.013312,409.6,0.02048,630.154,0.053248,728.178,0.18432,756.548,0.709632,749.25,2.86618,712.046,12.0637,
0.0125,0.01024,0.05,0.01024,0.181818,0.011264,0.727273,0.011264,2.66667,0.012288,10.6667,0.012288,46.5455,0.011264,146.286,0.014336,390.095,0.021504,282.483,0.118784,724.155,0.185344,756.548,0.709632,748.448,2.86925,712.832,12.0504,
0.0113636,0.011264,0.0454545,0.011264,0.181818,0.011264,0.666667,0.012288,2.90909,0.011264,10.6667,0.012288,42.6667,0.012288,157.538,0.013312,409.6,0.02048,642.51,0.052224,716.24,0.187392,755.458,0.710656,749.786,2.86413,712.529,12.0556,
0.0125,0.01024,0.0454545,0.011264,0.2,0.01024,0.8,0.01024,2.90909,0.011264,9.84615,0.013312,42.6667,0.012288,146.286,0.014336,431.158,0.019456,630.154,0.053248,732.246,0.183296,756.548,0.709632,748.983,2.8672,712.529,12.0556,
0.0113636,0.011264,0.0454545,0.011264,0.181818,0.011264,0.727273,0.011264,2.66667,0.012288,9.84615,0.013312,46.5455,0.011264,157.538,0.013312,409.6,0.02048,642.51,0.052224,728.178,0.18432,747.914,0.717824,750.591,2.86106,712.166,12.0617,
0.0113636,0.011264,0.0454545,0.011264,0.166667,0.012288,0.727273,0.011264,2.90909,0.011264,9.84615,0.013312,42.6667,0.012288,157.538,0.013312,431.158,0.019456,630.154,0.053248,728.178,0.18432,752.207,0.713728,749.518,2.86515,712.771,12.0515,
0.0113636,0.011264,0.0454545,0.011264,0.181818,0.011264,0.727273,0.011264,2.90909,0.011264,10.6667,0.012288,42.6667,0.012288,157.538,0.013312,409.6,0.02048,642.51,0.052224,728.178,0.18432,753.287,0.712704,747.648,2.87232,712.711,12.0525,
0.0113636,0.011264,0.0454545,0.011264,0.2,0.01024,0.727273,0.011264,2.90909,0.011264,11.6364,0.011264,42.6667,0.012288,146.286,0.014336,390.095,0.021504,642.51,0.052224,732.246,0.183296,755.458,0.710656,747.648,2.87232,712.832,12.0504,
0.0113636,0.011264,0.0454545,0.011264,0.181818,0.011264,0.727273,0.011264,2.66667,0.012288,11.6364,0.011264,42.6667,0.012288,157.538,0.013312,390.095,0.021504,630.154,0.053248,732.246,0.183296,753.287,0.712704,749.25,2.86618,712.59,12.0545,
0.0113636,0.011264,0.0454545,0.011264,0.181818,0.011264,0.727273,0.011264,2.90909,0.011264,10.6667,0.012288,46.5455,0.011264,157.538,0.013312,431.158,0.019456,642.51,0.052224,740.52,0.181248,758.738,0.707584,749.518,2.86515,712.832,12.0504,
0.0113636,0.011264,0.0454545,0.011264,0.181818,0.011264,0.727273,0.011264,2.90909,0.011264,10.6667,0.012288,42.6667,0.012288,157.538,0.013312,431.158,0.019456,655.36,0.0512,724.155,0.185344,756.548,0.709632,750.054,2.8631,712.832,12.0504,
0.0104167,0.012288,0.05,0.01024,0.181818,0.011264,0.727273,0.011264,2.90909,0.011264,10.6667,0.012288,46.5455,0.011264,157.538,0.013312,409.6,0.02048,642.51,0.052224,740.52,0.181248,754.371,0.71168,749.518,2.86515,711.985,12.0648,
0.0104167,0.012288,0.0416667,0.012288,0.166667,0.012288,0.727273,0.011264,2.90909,0.011264,10.6667,0.012288,42.6667,0.012288,157.538,0.013312,409.6,0.02048,630.154,0.053248,736.36,0.182272,756.548,0.709632,748.448,2.86925,712.469,12.0566,
0.0113636,0.011264,0.05,0.01024,0.181818,0.011264,0.8,0.01024,2.66667,0.012288,9.84615,0.013312,42.6667,0.012288,157.538,0.013312,431.158,0.019456,618.264,0.054272,736.36,0.182272,753.287,0.712704,748.715,2.86822,712.953,12.0484,
0.0113636,0.011264,0.0454545,0.011264,0.181818,0.011264,0.727273,0.011264,2.66667,0.012288,11.6364,0.011264,42.6667,0.012288,146.286,0.014336,431.158,0.019456,630.154,0.053248,736.36,0.182272,755.458,0.710656,750.323,2.86208,712.953,12.0484,
0.0113636,0.011264,0.0454545,0.011264,0.181818,0.011264,0.727273,0.011264,2.66667,0.012288,10.6667,0.012288,42.6667,0.012288,157.538,0.013312,431.158,0.019456,642.51,0.052224,732.246,0.183296,756.548,0.709632,751.398,2.85798,722.284,11.8927,
0.00892857,0.014336,0.0454545,0.011264,0.181818,0.011264,0.727273,0.011264,2.66667,0.012288,9.14286,0.014336,46.5455,0.011264,146.286,0.014336,431.158,0.019456,642.51,0.052224,732.246,0.183296,755.458,0.710656,749.518,2.86515,742.355,11.5712,
0.0104167,0.012288,0.05,0.01024,0.2,0.01024,0.727273,0.011264,2.66667,0.012288,10.6667,0.012288,42.6667,0.012288,157.538,0.013312,409.6,0.02048,630.154,0.053248,724.155,0.185344,757.642,0.708608,748.448,2.86925,742.946,11.562,
0.0113636,0.011264,0.0416667,0.012288,0.181818,0.011264,0.666667,0.012288,2.90909,0.011264,10.6667,0.012288,42.6667,0.012288,157.538,0.013312,409.6,0.02048,630.154,0.053248,736.36,0.182272,755.458,0.710656,747.648,2.87232,743.012,11.561,
0.0125,0.01024,0.05,0.01024,0.181818,0.011264,0.727273,0.011264,2.66667,0.012288,10.6667,0.012288,42.6667,0.012288,146.286,0.014336,409.6,0.02048,642.51,0.052224,736.36,0.182272,755.458,0.710656,748.448,2.86925,742.355,11.5712,
0.0125,0.01024,0.0416667,0.012288,0.181818,0.011264,0.727273,0.011264,2.66667,0.012288,11.6364,0.011264,46.5455,0.011264,157.538,0.013312,409.6,0.02048,630.154,0.053248,736.36,0.182272,755.458,0.710656,747.381,2.87334,742.618,11.5671,
0.0113636,0.011264,0.05,0.01024,0.2,0.01024,0.727273,0.011264,2.66667,0.012288,9.84615,0.013312,42.6667,0.012288,157.538,0.013312,390.095,0.021504,630.154,0.053248,728.178,0.18432,748.983,0.7168,750.054,2.8631,743.473,11.5538,
0.0104167,0.012288,0.0454545,0.011264,0.181818,0.011264,0.666667,0.012288,2.90909,0.011264,10.6667,0.012288,42.6667,0.012288,157.538,0.013312,409.6,0.02048,630.154,0.053248,736.36,0.182272,754.371,0.71168,748.448,2.86925,743.21,11.5579,
0.0113636,0.011264,0.0454545,0.011264,0.2,0.01024,0.727273,0.011264,2.66667,0.012288,11.6364,0.011264,42.6667,0.012288,146.286,0.014336,409.6,0.02048,618.264,0.054272,736.36,0.182272,757.642,0.708608,750.323,2.86208,743.407,11.5548,
0.0104167,0.012288,0.0454545,0.011264,0.181818,0.011264,0.727273,0.011264,2.66667,0.012288,11.6364,0.011264,42.6667,0.012288,157.538,0.013312,409.6,0.02048,630.154,0.053248,736.36,0.182272,754.371,0.71168,746.052,2.87846,742.683,11.5661,
0.0113636,0.011264,0.0454545,0.011264,0.2,0.01024,0.727273,0.011264,2.66667,0.012288,11.6364,0.011264,46.5455,0.011264,157.538,0.013312,390.095,0.021504,630.154,0.053248,740.52,0.181248,752.207,0.713728,748.983,2.8672,743.605,11.5517,
0.0104167,0.012288,0.05,0.01024,0.181818,0.011264,0.8,0.01024,2.66667,0.012288,11.6364,0.011264,42.6667,0.012288,157.538,0.013312,409.6,0.02048,630.154,0.053248,736.36,0.182272,745.787,0.719872,749.518,2.86515,744.199,11.5425,
0.0113636,0.011264,0.0454545,0.011264,0.2,0.01024,0.727273,0.011264,2.90909,0.011264,11.6364,0.011264,42.6667,0.012288,157.538,0.013312,431.158,0.019456,630.154,0.053248,736.36,0.182272,748.983,0.7168,749.25,2.86618,744.661,11.5354,
0.0113636,0.011264,0.0454545,0.011264,0.181818,0.011264,0.727273,0.011264,2.90909,0.011264,11.6364,0.011264,42.6667,0.012288,157.538,0.013312,431.158,0.019456,630.154,0.053248,732.246,0.183296,755.458,0.710656,747.914,2.8713,744.661,11.5354,
0.0104167,0.012288,0.05,0.01024,0.181818,0.011264,0.727273,0.011264,2.66667,0.012288,10.6667,0.012288,46.5455,0.011264,157.538,0.013312,409.6,0.02048,630.154,0.053248,728.178,0.18432,750.054,0.715776,749.786,2.86413,745.058,11.5292,
0.0125,0.01024,0.0454545,0.011264,0.181818,0.011264,0.727273,0.011264,2.66667,0.012288,11.6364,0.011264,42.6667,0.012288,146.286,0.014336,409.6,0.02048,642.51,0.052224,736.36,0.182272,753.287,0.712704,749.786,2.86413,744.529,11.5374,
0.0125,0.01024,0.0454545,0.011264,0.2,0.01024,0.8,0.01024,2.90909,0.011264,10.6667,0.012288,42.6667,0.012288,146.286,0.014336,409.6,0.02048,630.154,0.053248,736.36,0.182272,752.207,0.713728,748.448,2.86925,745.058,11.5292,
0.0104167,0.012288,0.0454545,0.011264,0.181818,0.011264,0.666667,0.012288,2.66667,0.012288,10.6667,0.012288,42.6667,0.012288,146.286,0.014336,409.6,0.02048,642.51,0.052224,744.727,0.180224,750.054,0.715776,748.983,2.8672,745.19,11.5272,
0.0113636,0.011264,0.0454545,0.011264,0.181818,0.011264,0.727273,0.011264,2.66667,0.012288,10.6667,0.012288,42.6667,0.012288,157.538,0.013312,409.6,0.02048,618.264,0.054272,732.246,0.183296,752.207,0.713728,749.518,2.86515,745.058,11.5292,
0.0113636,0.011264,0.0454545,0.011264,0.181818,0.011264,0.727273,0.011264,2.90909,0.011264,11.6364,0.011264,42.6667,0.012288,136.533,0.01536,390.095,0.021504,630.154,0.053248,736.36,0.182272,751.129,0.714752,749.786,2.86413,744.992,11.5302,
0.0104167,0.012288,0.0454545,0.011264,0.2,0.01024,0.727273,0.011264,2.90909,0.011264,10.6667,0.012288,42.6667,0.012288,136.533,0.01536,431.158,0.019456,630.154,0.053248,732.246,0.183296,751.129,0.714752,749.518,2.86515,745.19,11.5272,
0.0104167,0.012288,0.0454545,0.011264,0.181818,0.011264,0.727273,0.011264,2.66667,0.012288,10.6667,0.012288,39.3846,0.013312,146.286,0.014336,409.6,0.02048,642.51,0.052224,732.246,0.183296,747.914,0.717824,746.052,2.87846,745.124,11.5282,
0.0113636,0.011264,0.05,0.01024,0.181818,0.011264,0.727273,0.011264,2.90909,0.011264,11.6364,0.011264,46.5455,0.011264,146.286,0.014336,431.158,0.019456,630.154,0.053248,732.246,0.183296,756.548,0.709632,747.381,2.87334,745.257,11.5261,
0.0104167,0.012288,0.0454545,0.011264,0.181818,0.011264,0.727273,0.011264,2.66667,0.012288,11.6364,0.011264,42.6667,0.012288,146.286,0.014336,431.158,0.019456,642.51,0.052224,736.36,0.182272,748.983,0.7168,747.115,2.87437,744.793,11.5333,
0.0113636,0.011264,0.0454545,0.011264,0.181818,0.011264,0.8,0.01024,2.90909,0.011264,11.6364,0.011264,42.6667,0.012288,136.533,0.01536,431.158,0.019456,642.51,0.052224,732.246,0.183296,751.129,0.714752,748.983,2.8672,744.199,11.5425,
0.0113636,0.011264,0.0454545,0.011264,0.181818,0.011264,0.727273,0.011264,2.66667,0.012288,11.6364,0.011264,42.6667,0.012288,146.286,0.014336,431.158,0.019456,630.154,0.053248,736.36,0.182272,751.129,0.714752,746.317,2.87744,744.595,11.5364,
0.0113636,0.011264,0.0454545,0.011264,0.2,0.01024,0.727273,0.011264,2.90909,0.011264,10.6667,0.012288,42.6667,0.012288,146.286,0.014336,431.158,0.019456,642.51,0.052224,728.178,0.18432,754.371,0.71168,746.583,2.87642,744.727,11.5343,
0.0113636,0.011264,0.0454545,0.011264,0.166667,0.012288,0.727273,0.011264,2.90909,0.011264,11.6364,0.011264,42.6667,0.012288,157.538,0.013312,431.158,0.019456,630.154,0.053248,736.36,0.182272,748.983,0.7168,747.648,2.87232,744.727,11.5343,
0.0113636,0.011264,0.0454545,0.011264,0.181818,0.011264,0.727273,0.011264,2.66667,0.012288,11.6364,0.011264,42.6667,0.012288,157.538,0.013312,431.158,0.019456,642.51,0.052224,732.246,0.183296,750.054,0.715776,747.648,2.87232,744.265,11.5415,
0.0113636,0.011264,0.0454545,0.011264,0.181818,0.011264,0.727273,0.011264,2.46154,0.013312,11.6364,0.011264,42.6667,0.012288,157.538,0.013312,409.6,0.02048,630.154,0.053248,732.246,0.183296,747.914,0.717824,748.448,2.86925,743.605,11.5517,
0.0113636,0.011264,0.0454545,0.011264,0.2,0.01024,0.727273,0.011264,2.66667,0.012288,10.6667,0.012288,46.5455,0.011264,157.538,0.013312,431.158,0.019456,642.51,0.052224,732.246,0.183296,744.727,0.720896,747.648,2.87232,743.605,11.5517,
0.0113636,0.011264,0.0454545,0.011264,0.181818,0.011264,0.727273,0.011264,2.90909,0.011264,11.6364,0.011264,42.6667,0.012288,136.533,0.01536,409.6,0.02048,642.51,0.052224,732.246,0.183296,746.849,0.718848,748.448,2.86925,743.144,11.5589,
0.0113636,0.011264,0.05,0.01024,0.181818,0.011264,0.727273,0.011264,2.90909,0.011264,11.6364,0.011264,42.6667,0.012288,146.286,0.014336,431.158,0.019456,630.154,0.053248,736.36,0.182272,751.129,0.714752,747.648,2.87232,743.012,11.561,
0.0113636,0.011264,0.0454545,0.011264,0.181818,0.011264,0.727273,0.011264,2.66667,0.012288,10.6667,0.012288,42.6667,0.012288,146.286,0.014336,431.158,0.019456,630.154,0.053248,732.246,0.183296,754.371,0.71168,746.583,2.87642,743.803,11.5487,
0.0125,0.01024,0.0454545,0.011264,0.181818,0.011264,0.727273,0.011264,2.66667,0.012288,10.6667,0.012288,42.6667,0.012288,146.286,0.014336,409.6,0.02048,630.154,0.053248,736.36,0.182272,746.849,0.718848,746.583,2.87642,742.946,11.562,
0.0113636,0.011264,0.0416667,0.012288,0.181818,0.011264,0.727273,0.011264,2.66667,0.012288,11.6364,0.011264,46.5455,0.011264,146.286,0.014336,409.6,0.02048,618.264,0.054272,736.36,0.182272,753.287,0.712704,748.715,2.86822,743.473,11.5538,
0.0125,0.01024,0.05,0.01024,0.2,0.01024,0.8,0.01024,2.66667,0.012288,10.6667,0.012288,46.5455,0.011264,136.533,0.01536,409.6,0.02048,642.51,0.052224,724.155,0.185344,745.787,0.719872,747.914,2.8713,743.21,11.5579,
0.0113636,0.011264,0.0454545,0.011264,0.181818,0.011264,0.727273,0.011264,2.66667,0.012288,11.6364,0.011264,42.6667,0.012288,146.286,0.014336,431.158,0.019456,655.36,0.0512,732.246,0.183296,751.129,0.714752,746.849,2.87539,743.473,11.5538,
0.0125,0.01024,0.0357143,0.014336,0.181818,0.011264,0.727273,0.011264,2.66667,0.012288,10.6667,0.012288,42.6667,0.012288,157.538,0.013312,431.158,0.019456,642.51,0.052224,724.155,0.185344,751.129,0.714752,747.914,2.8713,743.276,11.5569,
0.0113636,0.011264,0.0454545,0.011264,0.181818,0.011264,0.666667,0.012288,2.90909,0.011264,11.6364,0.011264,42.6667,0.012288,157.538,0.013312,431.158,0.019456,630.154,0.053248,740.52,0.181248,747.914,0.717824,747.115,2.87437,744.199,11.5425,
0.0113636,0.011264,0.05,0.01024,0.2,0.01024,0.8,0.01024,2.90909,0.011264,11.6364,0.011264,42.6667,0.012288,146.286,0.014336,431.158,0.019456,630.154,0.053248,732.246,0.183296,751.129,0.714752,747.115,2.87437,744.727,11.5343,
0.0113636,0.011264,0.0454545,0.011264,0.181818,0.011264,0.666667,0.012288,2.90909,0.011264,11.6364,0.011264,42.6667,0.012288,146.286,0.014336,409.6,0.02048,642.51,0.052224,736.36,0.182272,748.983,0.7168,748.983,2.8672,744.331,11.5405,
0.0113636,0.011264,0.0454545,0.011264,0.181818,0.011264,0.8,0.01024,2.90909,0.011264,10.6667,0.012288,42.6667,0.012288,146.286,0.014336,431.158,0.019456,642.51,0.052224,732.246,0.183296,750.054,0.715776,746.849,2.87539,744.199,11.5425,
0.0113636,0.011264,0.0454545,0.011264,0.181818,0.011264,0.727273,0.011264,2.90909,0.011264,11.6364,0.011264,42.6667,0.012288,146.286,0.014336,431.158,0.019456,630.154,0.053248,724.155,0.185344,752.207,0.713728,746.052,2.87846,744.331,11.5405,
0.0125,0.01024,0.0454545,0.011264,0.2,0.01024,0.727273,0.011264,2.66667,0.012288,10.6667,0.012288,42.6667,0.012288,136.533,0.01536,431.158,0.019456,630.154,0.053248,736.36,0.182272,751.129,0.714752,746.583,2.87642,744.86,11.5323,
0.0113636,0.011264,0.0454545,0.011264,0.181818,0.011264,0.727273,0.011264,2.90909,0.011264,11.6364,0.011264,42.6667,0.012288,146.286,0.014336,431.158,0.019456,618.264,0.054272,736.36,0.182272,748.983,0.7168,749.518,2.86515,744.661,11.5354,
0.0113636,0.011264,0.0384615,0.013312,0.2,0.01024,0.727273,0.011264,2.90909,0.011264,10.6667,0.012288,42.6667,0.012288,146.286,0.014336,409.6,0.02048,630.154,0.053248,728.178,0.18432,750.054,0.715776,747.648,2.87232,744.199,11.5425,
0.0113636,0.011264,0.0416667,0.012288,0.181818,0.011264,0.727273,0.011264,2.66667,0.012288,10.6667,0.012288,42.6667,0.012288,157.538,0.013312,409.6,0.02048,642.51,0.052224,744.727,0.180224,748.983,0.7168,749.786,2.86413,744.529,11.5374,
0.0125,0.01024,0.0454545,0.011264,0.181818,0.011264,0.8,0.01024,2.90909,0.011264,10.6667,0.012288,46.5455,0.011264,146.286,0.014336,431.158,0.019456,618.264,0.054272,744.727,0.180224,751.129,0.714752,747.914,2.8713,744.331,11.5405,
0.0113636,0.011264,0.0454545,0.011264,0.181818,0.011264,0.727273,0.011264,2.90909,0.011264,10.6667,0.012288,42.6667,0.012288,146.286,0.014336,409.6,0.02048,630.154,0.053248,753.287,0.178176,746.849,0.718848,748.181,2.87027,744.86,11.5323,
0.0113636,0.011264,0.0454545,0.011264,0.2,0.01024,0.727273,0.011264,2.66667,0.012288,11.6364,0.011264,42.6667,0.012288,146.286,0.014336,431.158,0.019456,630.154,0.053248,736.36,0.182272,750.054,0.715776,747.115,2.87437,744.529,11.5374,
0.0113636,0.011264,0.0454545,0.011264,0.2,0.01024,0.727273,0.011264,2.90909,0.011264,10.6667,0.012288,42.6667,0.012288,146.286,0.014336,431.158,0.019456,642.51,0.052224,748.983,0.1792,748.983,0.7168,747.648,2.87232,744.992,11.5302,
0.0113636,0.011264,0.0454545,0.011264,0.181818,0.011264,0.727273,0.011264,2.90909,0.011264,11.6364,0.011264,42.6667,0.012288,157.538,0.013312,409.6,0.02048,630.154,0.053248,736.36,0.182272,750.054,0.715776,746.849,2.87539,744.331,11.5405,
0.0113636,0.011264,0.0416667,0.012288,0.181818,0.011264,0.727273,0.011264,2.90909,0.011264,11.6364,0.011264,42.6667,0.012288,146.286,0.014336,409.6,0.02048,642.51,0.052224,740.52,0.181248,748.983,0.7168,748.715,2.86822,744.595,11.5364,
0.0125,0.01024,0.05,0.01024,0.2,0.01024,0.8,0.01024,2.90909,0.011264,10.6667,0.012288,42.6667,0.012288,136.533,0.01536,431.158,0.019456,630.154,0.053248,744.727,0.180224,747.914,0.717824,748.448,2.86925,744.992,11.5302,
0.0113636,0.011264,0.0454545,0.011264,0.166667,0.012288,0.727273,0.011264,2.90909,0.011264,11.6364,0.011264,42.6667,0.012288,157.538,0.013312,431.158,0.019456,630.154,0.053248,748.983,0.1792,747.914,0.717824,747.115,2.87437,744.727,11.5343,
0.0113636,0.011264,0.0454545,0.011264,0.181818,0.011264,0.727273,0.011264,2.90909,0.011264,11.6364,0.011264,42.6667,0.012288,146.286,0.014336,431.158,0.019456,642.51,0.052224,748.983,0.1792,752.207,0.713728,747.381,2.87334,743.935,11.5466,
0.0113636,0.011264,0.0454545,0.011264,0.181818,0.011264,0.727273,0.011264,2.90909,0.011264,10.6667,0.012288,42.6667,0.012288,157.538,0.013312,431.158,0.019456,630.154,0.053248,748.983,0.1792,750.054,0.715776,748.983,2.8672,742.749,11.5651,
0.0125,0.01024,0.0454545,0.011264,0.2,0.01024,0.727273,0.011264,2.66667,0.012288,11.6364,0.011264,42.6667,0.012288,146.286,0.014336,431.158,0.019456,618.264,0.054272,744.727,0.180224,753.287,0.712704,749.786,2.86413,743.276,11.5569,
0.0104167,0.012288,0.0454545,0.011264,0.181818,0.011264,0.666667,0.012288,2.90909,0.011264,10.6667,0.012288,42.6667,0.012288,146.286,0.014336,431.158,0.019456,642.51,0.052224,744.727,0.180224,751.129,0.714752,749.518,2.86515,744.067,11.5446,
0.0125,0.01024,0.05,0.01024,0.181818,0.011264,0.727273,0.011264,2.90909,0.011264,10.6667,0.012288,46.5455,0.011264,146.286,0.014336,431.158,0.019456,630.154,0.053248,744.727,0.180224,751.129,0.714752,748.983,2.8672,743.671,11.5507,
0.0113636,0.011264,0.0416667,0.012288,0.181818,0.011264,0.727273,0.011264,2.66667,0.012288,11.6364,0.011264,42.6667,0.012288,146.286,0.014336,431.158,0.019456,630.154,0.053248,753.287,0.178176,751.129,0.714752,747.115,2.87437,743.671,11.5507,
0.0113636,0.011264,0.05,0.01024,0.153846,0.013312,0.727273,0.011264,2.90909,0.011264,11.6364,0.011264,42.6667,0.012288,157.538,0.013312,431.158,0.019456,630.154,0.053248,736.36,0.182272,751.129,0.714752,750.054,2.8631,743.407,11.5548,
0.0113636,0.011264,0.0454545,0.011264,0.181818,0.011264,0.727273,0.011264,2.90909,0.011264,10.6667,0.012288,42.6667,0.012288,157.538,0.013312,409.6,0.02048,642.51,0.052224,744.727,0.180224,747.914,0.717824,747.648,2.87232,742.749,11.5651,
0.0125,0.01024,0.0454545,0.011264,0.181818,0.011264,0.8,0.01024,2.90909,0.011264,11.6364,0.011264,42.6667,0.012288,157.538,0.013312,409.6,0.02048,630.154,0.053248,740.52,0.181248,753.287,0.712704,748.715,2.86822,743.671,11.5507,
0.0113636,0.011264,0.0454545,0.011264,0.181818,0.011264,0.727273,0.011264,2.66667,0.012288,10.6667,0.012288,42.6667,0.012288,146.286,0.014336,431.158,0.019456,630.154,0.053248,736.36,0.182272,750.054,0.715776,746.583,2.87642,743.737,11.5497,
0.0113636,0.011264,0.0454545,0.011264,0.2,0.01024,0.727273,0.011264,2.90909,0.011264,11.6364,0.011264,42.6667,0.012288,146.286,0.014336,431.158,0.019456,630.154,0.053248,748.983,0.1792,747.914,0.717824,748.983,2.8672,743.341,11.5558,
0.0113636,0.011264,0.0454545,0.011264,0.181818,0.011264,0.727273,0.011264,2.90909,0.011264,10.6667,0.012288,46.5455,0.011264,146.286,0.014336,409.6,0.02048,630.154,0.053248,736.36,0.182272,751.129,0.714752,749.25,2.86618,743.803,11.5487,
0.0125,0.01024,0.05,0.01024,0.181818,0.011264,0.727273,0.011264,2.90909,0.011264,10.6667,0.012288,42.6667,0.012288,146.286,0.014336,431.158,0.019456,630.154,0.053248,744.727,0.180224,750.054,0.715776,748.983,2.8672,744.331,11.5405,
0.0113636,0.011264,0.0416667,0.012288,0.181818,0.011264,0.727273,0.011264,2.66667,0.012288,11.6364,0.011264,42.6667,0.012288,146.286,0.014336,409.6,0.02048,642.51,0.052224,740.52,0.181248,751.129,0.714752,748.983,2.8672,743.605,11.5517,
0.0113636,0.011264,0.05,0.01024,0.181818,0.011264,0.8,0.01024,2.66667,0.012288,11.6364,0.011264,46.5455,0.011264,146.286,0.014336,431.158,0.019456,630.154,0.053248,748.983,0.1792,748.983,0.7168,748.983,2.8672,743.473,11.5538,
0.0113636,0.011264,0.0454545,0.011264,0.181818,0.011264,0.727273,0.011264,2.90909,0.011264,11.6364,0.011264,42.6667,0.012288,146.286,0.014336,431.158,0.019456,642.51,0.052224,748.983,0.1792,752.207,0.713728,748.448,2.86925,743.737,11.5497,
0.0113636,0.011264,0.0454545,0.011264,0.2,0.01024,0.727273,0.011264,2.90909,0.011264,11.6364,0.011264,46.5455,0.011264,157.538,0.013312,431.158,0.019456,618.264,0.054272,748.983,0.1792,748.983,0.7168,748.715,2.86822,743.803,11.5487,
0.0113636,0.011264,0.0454545,0.011264,0.181818,0.011264,0.666667,0.012288,2.90909,0.011264,10.6667,0.012288,42.6667,0.012288,146.286,0.014336,431.158,0.019456,630.154,0.053248,736.36,0.182272,752.207,0.713728,748.448,2.86925,743.539,11.5528,
0.0113636,0.011264,0.0454545,0.011264,0.181818,0.011264,0.666667,0.012288,2.90909,0.011264,10.6667,0.012288,42.6667,0.012288,146.286,0.014336,409.6,0.02048,630.154,0.053248,748.983,0.1792,751.129,0.714752,750.323,2.86208,743.012,11.561,
0.0125,0.01024,0.0454545,0.011264,0.181818,0.011264,0.666667,0.012288,2.90909,0.011264,10.6667,0.012288,42.6667,0.012288,157.538,0.013312,372.364,0.022528,630.154,0.053248,736.36,0.182272,748.983,0.7168,748.181,2.87027,743.012,11.561,
0.0113636,0.011264,0.0454545,0.011264,0.181818,0.011264,0.666667,0.012288,2.66667,0.012288,10.6667,0.012288,42.6667,0.012288,157.538,0.013312,409.6,0.02048,630.154,0.053248,744.727,0.180224,737.395,0.728064,746.849,2.87539,742.815,11.564,
0.0113636,0.011264,0.0454545,0.011264,0.181818,0.011264,0.666667,0.012288,2.90909,0.011264,11.6364,0.011264,42.6667,0.012288,157.538,0.013312,431.158,0.019456,642.51,0.052224,744.727,0.180224,748.983,0.7168,750.323,2.86208,743.341,11.5558,
0.0125,0.01024,0.0454545,0.011264,0.181818,0.011264,0.727273,0.011264,2.90909,0.011264,11.6364,0.011264,42.6667,0.012288,157.538,0.013312,409.6,0.02048,618.264,0.054272,744.727,0.180224,752.207,0.713728,750.054,2.8631,743.473,11.5538,
0.0104167,0.012288,0.0454545,0.011264,0.181818,0.011264,0.727273,0.011264,2.90909,0.011264,10.6667,0.012288,42.6667,0.012288,157.538,0.013312,431.158,0.019456,642.51,0.052224,748.983,0.1792,751.129,0.714752,750.054,2.8631,743.737,11.5497,
0.00961538,0.013312,0.0454545,0.011264,0.2,0.01024,0.8,0.01024,2.90909,0.011264,10.6667,0.012288,42.6667,0.012288,157.538,0.013312,431.158,0.019456,630.154,0.053248,724.155,0.185344,750.054,0.715776,749.25,2.86618,744.265,11.5415,
0.00961538,0.013312,0.0384615,0.013312,0.153846,0.013312,0.666667,0.012288,2.46154,0.013312,8,0.016384,39.3846,0.013312,146.286,0.014336,409.6,0.02048,655.36,0.0512,724.155,0.185344,738.434,0.72704,748.448,2.86925,711.743,12.0689,
0.0104167,0.012288,0.0416667,0.012288,0.166667,0.012288,0.571429,0.014336,2.90909,0.011264,9.84615,0.013312,39.3846,0.013312,157.538,0.013312,409.6,0.02048,642.51,0.052224,724.155,0.185344,747.914,0.717824,748.983,2.8672,712.711,12.0525,
0.0104167,0.012288,0.0384615,0.013312,0.166667,0.012288,0.666667,0.012288,2.66667,0.012288,9.14286,0.014336,36.5714,0.014336,146.286,0.014336,409.6,0.02048,642.51,0.052224,736.36,0.182272,750.054,0.715776,750.054,2.8631,712.711,12.0525,
0.0104167,0.012288,0.0416667,0.012288,0.181818,0.011264,0.727273,0.011264,2.66667,0.012288,9.14286,0.014336,36.5714,0.014336,146.286,0.014336,431.158,0.019456,235.741,0.142336,724.155,0.185344,744.727,0.720896,747.381,2.87334,712.893,12.0494,
0.0113636,0.011264,0.0416667,0.012288,0.166667,0.012288,0.666667,0.012288,2.90909,0.011264,10.6667,0.012288,39.3846,0.013312,146.286,0.014336,409.6,0.02048,618.264,0.054272,728.178,0.18432,752.207,0.713728,749.786,2.86413,713.014,12.0474,
0.0113636,0.011264,0.0416667,0.012288,0.166667,0.012288,0.666667,0.012288,2.90909,0.011264,10.6667,0.012288,42.6667,0.012288,157.538,0.013312,431.158,0.019456,642.51,0.052224,736.36,0.182272,750.054,0.715776,749.786,2.86413,712.893,12.0494,
0.0104167,0.012288,0.0416667,0.012288,0.181818,0.011264,0.727273,0.011264,2.66667,0.012288,9.84615,0.013312,39.3846,0.013312,157.538,0.013312,409.6,0.02048,642.51,0.052224,724.155,0.185344,745.787,0.719872,749.518,2.86515,712.953,12.0484,
0.0104167,0.012288,0.0357143,0.014336,0.166667,0.012288,0.727273,0.011264,2.90909,0.011264,9.84615,0.013312,39.3846,0.013312,146.286,0.014336,409.6,0.02048,630.154,0.053248,732.246,0.183296,750.054,0.715776,749.25,2.86618,712.711,12.0525,
0.0104167,0.012288,0.0416667,0.012288,0.181818,0.011264,0.666667,0.012288,2.28571,0.014336,9.14286,0.014336,42.6667,0.012288,146.286,0.014336,409.6,0.02048,630.154,0.053248,728.178,0.18432,751.129,0.714752,749.786,2.86413,738.499,11.6316,
0.0113636,0.011264,0.0454545,0.011264,0.166667,0.012288,0.5,0.016384,2.46154,0.013312,9.84615,0.013312,39.3846,0.013312,146.286,0.014336,409.6,0.02048,642.51,0.052224,736.36,0.182272,750.054,0.715776,749.25,2.86618,744.463,11.5384,
0.0104167,0.012288,0.0454545,0.011264,0.181818,0.011264,0.615385,0.013312,2.46154,0.013312,9.14286,0.014336,36.5714,0.014336,146.286,0.014336,431.158,0.019456,630.154,0.053248,732.246,0.183296,748.983,0.7168,749.518,2.86515,744.463,11.5384,
0.0113636,0.011264,0.0454545,0.011264,0.181818,0.011264,0.727273,0.011264,1.88235,0.017408,10.6667,0.012288,36.5714,0.014336,146.286,0.014336,409.6,0.02048,642.51,0.052224,728.178,0.18432,750.054,0.715776,748.983,2.8672,744.529,11.5374,
0.0104167,0.012288,0.0416667,0.012288,0.181818,0.011264,0.666667,0.012288,2.46154,0.013312,10.6667,0.012288,36.5714,0.014336,157.538,0.013312,431.158,0.019456,630.154,0.053248,740.52,0.181248,750.054,0.715776,749.25,2.86618,743.935,11.5466,
0.0113636,0.011264,0.0454545,0.011264,0.181818,0.011264,0.615385,0.013312,2.66667,0.012288,9.14286,0.014336,36.5714,0.014336,157.538,0.013312,431.158,0.019456,630.154,0.053248,716.24,0.187392,750.054,0.715776,749.25,2.86618,743.935,11.5466,
0.0104167,0.012288,0.0384615,0.013312,0.181818,0.011264,0.615385,0.013312,2.66667,0.012288,9.14286,0.014336,39.3846,0.013312,146.286,0.014336,409.6,0.02048,642.51,0.052224,736.36,0.182272,751.129,0.714752,748.448,2.86925,743.869,11.5476,
0.0113636,0.011264,0.0384615,0.013312,0.181818,0.011264,0.666667,0.012288,2.28571,0.014336,10.6667,0.012288,39.3846,0.013312,157.538,0.013312,431.158,0.019456,630.154,0.053248,732.246,0.183296,751.129,0.714752,750.591,2.86106,745.323,11.5251,
0.0113636,0.011264,0.0357143,0.014336,0.153846,0.013312,0.666667,0.012288,2.66667,0.012288,10.6667,0.012288,36.5714,0.014336,146.286,0.014336,409.6,0.02048,642.51,0.052224,732.246,0.183296,751.129,0.714752,750.591,2.86106,745.389,11.5241,
0.0113636,0.011264,0.0384615,0.013312,0.153846,0.013312,0.666667,0.012288,2.66667,0.012288,10.6667,0.012288,30.1176,0.017408,157.538,0.013312,431.158,0.019456,618.264,0.054272,732.246,0.183296,748.983,0.7168,750.054,2.8631,744.397,11.5395,
0.00961538,0.013312,0.0416667,0.012288,0.153846,0.013312,0.615385,0.013312,2.46154,0.013312,9.84615,0.013312,39.3846,0.013312,157.538,0.013312,409.6,0.02048,630.154,0.053248,724.155,0.185344,750.054,0.715776,749.25,2.86618,744.86,11.5323,
0.0113636,0.011264,0.0454545,0.011264,0.153846,0.013312,0.666667,0.012288,2.66667,0.012288,9.14286,0.014336,39.3846,0.013312,157.538,0.013312,409.6,0.02048,630.154,0.053248,732.246,0.183296,750.054,0.715776,750.591,2.86106,744.331,11.5405,
0.00833333,0.01536,0.0416667,0.012288,0.166667,0.012288,0.666667,0.012288,2.90909,0.011264,9.84615,0.013312,39.3846,0.013312,146.286,0.014336,431.158,0.019456,630.154,0.053248,732.246,0.183296,753.287,0.712704,749.518,2.86515,744.529,11.5374,
0.00961538,0.013312,0.0416667,0.012288,0.166667,0.012288,0.666667,0.012288,2.66667,0.012288,9.84615,0.013312,39.3846,0.013312,146.286,0.014336,409.6,0.02048,642.51,0.052224,736.36,0.182272,750.054,0.715776,748.983,2.8672,745.323,11.5251,
0.00961538,0.013312,0.0416667,0.012288,0.166667,0.012288,0.666667,0.012288,2.66667,0.012288,9.84615,0.013312,42.6667,0.012288,157.538,0.013312,431.158,0.019456,630.154,0.053248,736.36,0.182272,750.054,0.715776,750.86,2.86003,745.124,11.5282,
0.0104167,0.012288,0.0416667,0.012288,0.166667,0.012288,0.666667,0.012288,2.90909,0.011264,9.84615,0.013312,42.6667,0.012288,157.538,0.013312,409.6,0.02048,642.51,0.052224,732.246,0.183296,751.129,0.714752,748.181,2.87027,745.588,11.521,
0.00961538,0.013312,0.0416667,0.012288,0.153846,0.013312,0.666667,0.012288,2.66667,0.012288,9.14286,0.014336,42.6667,0.012288,157.538,0.013312,431.158,0.019456,642.51,0.052224,728.178,0.18432,747.914,0.717824,750.323,2.86208,744.529,11.5374,
0.00961538,0.013312,0.0416667,0.012288,0.181818,0.011264,0.727273,0.011264,2.66667,0.012288,9.84615,0.013312,39.3846,0.013312,157.538,0.013312,409.6,0.02048,630.154,0.053248,740.52,0.181248,747.914,0.717824,751.667,2.85696,744.86,11.5323,
0.00892857,0.014336,0.0454545,0.011264,0.166667,0.012288,0.727273,0.011264,2.66667,0.012288,9.84615,0.013312,42.6667,0.012288,146.286,0.014336,431.158,0.019456,630.154,0.053248,732.246,0.183296,751.129,0.714752,751.667,2.85696,744.926,11.5313,
0.0113636,0.011264,0.0416667,0.012288,0.166667,0.012288,0.727273,0.011264,2.46154,0.013312,9.14286,0.014336,42.6667,0.012288,146.286,0.014336,409.6,0.02048,630.154,0.053248,732.246,0.183296,751.129,0.714752,750.323,2.86208,744.463,11.5384,
0.0113636,0.011264,0.0416667,0.012288,0.166667,0.012288,0.727273,0.011264,2.46154,0.013312,11.6364,0.011264,42.6667,0.012288,157.538,0.013312,431.158,0.019456,642.51,0.052224,732.246,0.183296,751.129,0.714752,749.25,2.86618,744.463,11.5384,
0.0104167,0.012288,0.0454545,0.011264,0.166667,0.012288,0.666667,0.012288,2.46154,0.013312,9.14286,0.014336,39.3846,0.013312,157.538,0.013312,431.158,0.019456,618.264,0.054272,736.36,0.182272,746.849,0.718848,749.786,2.86413,744.793,11.5333,
0.0113636,0.011264,0.0416667,0.012288,0.181818,0.011264,0.615385,0.013312,2.28571,0.014336,9.84615,0.013312,34.1333,0.01536,157.538,0.013312,409.6,0.02048,642.51,0.052224,728.178,0.18432,753.287,0.712704,751.937,2.85594,744.067,11.5446,
0.00961538,0.013312,0.0454545,0.011264,0.166667,0.012288,0.666667,0.012288,2.66667,0.012288,10.6667,0.012288,39.3846,0.013312,157.538,0.013312,431.158,0.019456,630.154,0.053248,736.36,0.182272,753.287,0.712704,749.518,2.86515,744.265,11.5415,
0.0104167,0.012288,0.0416667,0.012288,0.166667,0.012288,0.615385,0.013312,2.66667,0.012288,9.84615,0.013312,39.3846,0.013312,146.286,0.014336,431.158,0.019456,642.51,0.052224,732.246,0.183296,751.129,0.714752,750.591,2.86106,743.341,11.5558,
0.0113636,0.011264,0.0416667,0.012288,0.181818,0.011264,0.615385,0.013312,2.66667,0.012288,9.84615,0.013312,39.3846,0.013312,157.538,0.013312,409.6,0.02048,606.815,0.055296,736.36,0.182272,748.983,0.7168,750.86,2.86003,744.793,11.5333,
0.0104167,0.012288,0.0384615,0.013312,0.166667,0.012288,0.666667,0.012288,2.46154,0.013312,10.6667,0.012288,36.5714,0.014336,157.538,0.013312,409.6,0.02048,630.154,0.053248,732.246,0.183296,752.207,0.713728,751.937,2.85594,743.671,11.5507,
0.0104167,0.012288,0.0416667,0.012288,0.166667,0.012288,0.666667,0.012288,2.66667,0.012288,10.6667,0.012288,36.5714,0.014336,146.286,0.014336,409.6,0.02048,630.154,0.053248,736.36,0.182272,752.207,0.713728,751.129,2.85901,744.199,11.5425,
0.0104167,0.012288,0.0357143,0.014336,0.153846,0.013312,0.615385,0.013312,2.66667,0.012288,9.84615,0.013312,42.6667,0.012288,157.538,0.013312,409.6,0.02048,642.51,0.052224,740.52,0.181248,751.129,0.714752,748.715,2.86822,744.001,11.5456,
0.0113636,0.011264,0.0416667,0.012288,0.166667,0.012288,0.666667,0.012288,2.66667,0.012288,10.6667,0.012288,39.3846,0.013312,120.471,0.017408,409.6,0.02048,618.264,0.054272,724.155,0.185344,748.983,0.7168,749.518,2.86515,744.397,11.5395,
0.0113636,0.011264,0.0454545,0.011264,0.153846,0.013312,0.666667,0.012288,2.46154,0.013312,10.6667,0.012288,36.5714,0.014336,146.286,0.014336,431.158,0.019456,630.154,0.053248,736.36,0.182272,748.983,0.7168,750.591,2.86106,744.661,11.5354,
0.0104167,0.012288,0.0416667,0.012288,0.181818,0.011264,0.666667,0.012288,2.66667,0.012288,9.84615,0.013312,42.6667,0.012288,157.538,0.013312,431.158,0.019456,630.154,0.053248,732.246,0.183296,748.983,0.7168,750.323,2.86208,744.86,11.5323,
0.0104167,0.012288,0.0384615,0.013312,0.153846,0.013312,0.615385,0.013312,2.66667,0.012288,9.84615,0.013312,39.3846,0.013312,157.538,0.013312,409.6,0.02048,618.264,0.054272,732.246,0.183296,751.129,0.714752,749.786,2.86413,744.992,11.5302,
0.00961538,0.013312,0.0416667,0.012288,0.166667,0.012288,0.666667,0.012288,2.66667,0.012288,8.53333,0.01536,42.6667,0.012288,157.538,0.013312,409.6,0.02048,642.51,0.052224,732.246,0.183296,750.054,0.715776,750.86,2.86003,744.595,11.5364,
0.00892857,0.014336,0.0416667,0.012288,0.166667,0.012288,0.615385,0.013312,2.66667,0.012288,8,0.016384,39.3846,0.013312,146.286,0.014336,431.158,0.019456,630.154,0.053248,720.176,0.186368,747.914,0.717824,748.715,2.86822,744.529,11.5374,
0.00892857,0.014336,0.0416667,0.012288,0.153846,0.013312,0.727273,0.011264,2.66667,0.012288,9.84615,0.013312,36.5714,0.014336,146.286,0.014336,409.6,0.02048,630.154,0.053248,736.36,0.182272,751.129,0.714752,749.518,2.86515,744.463,11.5384,
0.0078125,0.016384,0.0454545,0.011264,0.166667,0.012288,0.615385,0.013312,2.66667,0.012288,9.14286,0.014336,42.6667,0.012288,157.538,0.013312,409.6,0.02048,642.51,0.052224,736.36,0.182272,751.129,0.714752,750.86,2.86003,744.793,11.5333,
0.0113636,0.011264,0.0416667,0.012288,0.166667,0.012288,0.666667,0.012288,2.90909,0.011264,9.84615,0.013312,42.6667,0.012288,157.538,0.013312,431.158,0.019456,630.154,0.053248,724.155,0.185344,753.287,0.712704,749.518,2.86515,744.595,11.5364,
0.00961538,0.013312,0.0454545,0.011264,0.181818,0.011264,0.666667,0.012288,2.90909,0.011264,9.84615,0.013312,39.3846,0.013312,157.538,0.013312,431.158,0.019456,618.264,0.054272,740.52,0.181248,748.983,0.7168,750.054,2.8631,744.793,11.5333,
0.0113636,0.011264,0.0416667,0.012288,0.181818,0.011264,0.727273,0.011264,2.46154,0.013312,9.84615,0.013312,36.5714,0.014336,157.538,0.013312,431.158,0.019456,642.51,0.052224,732.246,0.183296,750.054,0.715776,751.667,2.85696,744.793,11.5333,
0.0104167,0.012288,0.0416667,0.012288,0.166667,0.012288,0.666667,0.012288,2.46154,0.013312,10.6667,0.012288,39.3846,0.013312,157.538,0.013312,409.6,0.02048,630.154,0.053248,732.246,0.183296,750.054,0.715776,749.518,2.86515,744.133,11.5436,
0.0104167,0.012288,0.0454545,0.011264,0.181818,0.011264,0.727273,0.011264,2.66667,0.012288,10.6667,0.012288,39.3846,0.013312,146.286,0.014336,409.6,0.02048,606.815,0.055296,732.246,0.183296,748.983,0.7168,745.787,2.87949,744.793,11.5333,
0.0113636,0.011264,0.03125,0.016384,0.181818,0.011264,0.727273,0.011264,2.66667,0.012288,11.6364,0.011264,36.5714,0.014336,157.538,0.013312,431.158,0.019456,642.51,0.052224,724.155,0.185344,751.129,0.714752,751.667,2.85696,743.737,11.5497,
0.0125,0.01024,0.0416667,0.012288,0.181818,0.011264,0.727273,0.011264,2.46154,0.013312,10.6667,0.012288,36.5714,0.014336,157.538,0.013312,409.6,0.02048,630.154,0.053248,728.178,0.18432,750.054,0.715776,751.129,2.85901,743.605,11.5517,
0.00892857,0.014336,0.0454545,0.011264,0.166667,0.012288,0.727273,0.011264,2.28571,0.014336,9.14286,0.014336,36.5714,0.014336,146.286,0.014336,431.158,0.019456,630.154,0.053248,740.52,0.181248,752.207,0.713728,750.86,2.86003,744.199,11.5425,
0.0113636,0.011264,0.0454545,0.011264,0.181818,0.011264,0.533333,0.01536,2.46154,0.013312,10.6667,0.012288,42.6667,0.012288,146.286,0.014336,409.6,0.02048,642.51,0.052224,732.246,0.183296,750.054,0.715776,750.86,2.86003,744.529,11.5374,
0.0113636,0.011264,0.0384615,0.013312,0.166667,0.012288,0.571429,0.014336,2.28571,0.014336,10.6667,0.012288,39.3846,0.013312,146.286,0.014336,409.6,0.02048,630.154,0.053248,724.155,0.185344,750.054,0.715776,750.86,2.86003,744.992,11.5302,
0.0113636,0.011264,0.0384615,0.013312,0.181818,0.011264,0.615385,0.013312,2.46154,0.013312,10.6667,0.012288,36.5714,0.014336,146.286,0.014336,431.158,0.019456,630.154,0.053248,740.52,0.181248,750.054,0.715776,750.591,2.86106,744.397,11.5395,
0.0113636,0.011264,0.0416667,0.012288,0.153846,0.013312,0.571429,0.014336,2.46154,0.013312,9.84615,0.013312,39.3846,0.013312,157.538,0.013312,431.158,0.019456,630.154,0.053248,724.155,0.185344,747.914,0.717824,750.054,2.8631,744.595,11.5364,
0.0113636,0.011264,0.0384615,0.013312,0.153846,0.013312,0.666667,0.012288,2.66667,0.012288,9.84615,0.013312,39.3846,0.013312,146.286,0.014336,431.158,0.019456,642.51,0.052224,724.155,0.185344,752.207,0.713728,750.591,2.86106,744.926,11.5313,
0.0104167,0.012288,0.0416667,0.012288,0.153846,0.013312,0.615385,0.013312,2.66667,0.012288,9.14286,0.014336,39.3846,0.013312,146.286,0.014336,409.6,0.02048,642.51,0.052224,732.246,0.183296,750.054,0.715776,750.591,2.86106,744.397,11.5395,
0.0104167,0.012288,0.0416667,0.012288,0.166667,0.012288,0.727273,0.011264,2.66667,0.012288,9.14286,0.014336,30.1176,0.017408,146.286,0.014336,431.158,0.019456,618.264,0.054272,732.246,0.183296,750.054,0.715776,749.786,2.86413,745.19,11.5272,
0.0104167,0.012288,0.0416667,0.012288,0.166667,0.012288,0.666667,0.012288,2.66667,0.012288,9.14286,0.014336,39.3846,0.013312,146.286,0.014336,409.6,0.02048,630.154,0.053248,732.246,0.183296,750.054,0.715776,749.786,2.86413,744.331,11.5405,
0.00892857,0.014336,0.0416667,0.012288,0.166667,0.012288,0.666667,0.012288,2.66667,0.012288,9.84615,0.013312,39.3846,0.013312,146.286,0.014336,431.158,0.019456,630.154,0.053248,728.178,0.18432,748.983,0.7168,750.054,2.8631,744.992,11.5302,
0.0104167,0.012288,0.0384615,0.013312,0.166667,0.012288,0.666667,0.012288,2.66667,0.012288,9.84615,0.013312,42.6667,0.012288,157.538,0.013312,409.6,0.02048,642.51,0.052224,728.178,0.18432,753.287,0.712704,751.398,2.85798,744.529,11.5374,
0.0104167,0.012288,0.0416667,0.012288,0.181818,0.011264,0.666667,0.012288,2.66667,0.012288,10.6667,0.012288,42.6667,0.012288,146.286,0.014336,431.158,0.019456,630.154,0.053248,732.246,0.183296,746.849,0.718848,751.129,2.85901,744.661,11.5354,
0.00892857,0.014336,0.0384615,0.013312,0.166667,0.012288,0.666667,0.012288,2.46154,0.013312,9.84615,0.013312,42.6667,0.012288,146.286,0.014336,409.6,0.02048,630.154,0.053248,732.246,0.183296,747.914,0.717824,750.86,2.86003,744.793,11.5333,
0.0104167,0.012288,0.0416667,0.012288,0.181818,0.011264,0.727273,0.011264,2.66667,0.012288,10.6667,0.012288,42.6667,0.012288,146.286,0.014336,409.6,0.02048,630.154,0.053248,732.246,0.183296,748.983,0.7168,751.129,2.85901,744.529,11.5374,
0.00961538,0.013312,0.0416667,0.012288,0.166667,0.012288,0.727273,0.011264,2.66667,0.012288,10.6667,0.012288,42.6667,0.012288,157.538,0.013312,409.6,0.02048,642.51,0.052224,736.36,0.182272,750.054,0.715776,751.937,2.85594,744.793,11.5333,
0.0104167,0.012288,0.0454545,0.011264,0.166667,0.012288,0.727273,0.011264,2.66667,0.012288,10.6667,0.012288,39.3846,0.013312,146.286,0.014336,431.158,0.019456,630.154,0.053248,732.246,0.183296,748.983,0.7168,751.667,2.85696,744.86,11.5323,
0.0104167,0.012288,0.0416667,0.012288,0.166667,0.012288,0.666667,0.012288,2.46154,0.013312,10.6667,0.012288,36.5714,0.014336,157.538,0.013312,431.158,0.019456,642.51,0.052224,732.246,0.183296,748.983,0.7168,750.323,2.86208,744.595,11.5364,
0.0104167,0.012288,0.0454545,0.011264,0.181818,0.011264,0.666667,0.012288,2.46154,0.013312,10.6667,0.012288,36.5714,0.014336,146.286,0.014336,409.6,0.02048,630.154,0.053248,736.36,0.182272,752.207,0.713728,750.323,2.86208,744.727,11.5343,
0.00892857,0.014336,0.0416667,0.012288,0.181818,0.011264,0.666667,0.012288,2.28571,0.014336,10.6667,0.012288,36.5714,0.014336,157.538,0.013312,431.158,0.019456,642.51,0.052224,732.246,0.183296,750.054,0.715776,750.054,2.8631,744.067,11.5446,
0.0104167,0.012288,0.0454545,0.011264,0.181818,0.011264,0.727273,0.011264,2.46154,0.013312,10.6667,0.012288,36.5714,0.014336,113.778,0.018432,409.6,0.02048,630.154,0.053248,724.155,0.185344,752.207,0.713728,751.398,2.85798,744.397,11.5395,
0.0113636,0.011264,0.0454545,0.011264,0.166667,0.012288,0.666667,0.012288,2.46154,0.013312,10.6667,0.012288,36.5714,0.014336,146.286,0.014336,431.158,0.019456,630.154,0.053248,732.246,0.183296,747.914,0.717824,750.591,2.86106,744.133,11.5436,
0.0125,0.01024,0.0416667,0.012288,0.166667,0.012288,0.615385,0.013312,2.66667,0.012288,10.6667,0.012288,36.5714,0.014336,157.538,0.013312,431.158,0.019456,630.154,0.053248,736.36,0.182272,752.207,0.713728,751.937,2.85594,745.058,11.5292,
0.0113636,0.011264,0.0416667,0.012288,0.166667,0.012288,0.666667,0.012288,2.66667,0.012288,10.6667,0.012288,36.5714,0.014336,157.538,0.013312,409.6,0.02048,630.154,0.053248,728.178,0.18432,747.914,0.717824,751.129,2.85901,744.661,11.5354,
0.0113636,0.011264,0.0384615,0.013312,0.166667,0.012288,0.615385,0.013312,2.46154,0.013312,10.6667,0.012288,39.3846,0.013312,146.286,0.014336,409.6,0.02048,618.264,0.054272,728.178,0.18432,747.914,0.717824,750.591,2.86106,744.463,11.5384,
0.0113636,0.011264,0.0357143,0.014336,0.153846,0.013312,0.571429,0.014336,2.46154,0.013312,10.6667,0.012288,39.3846,0.013312,146.286,0.014336,431.158,0.019456,630.154,0.053248,732.246,0.183296,750.054,0.715776,750.86,2.86003,744.793,11.5333,
0.0104167,0.012288,0.0384615,0.013312,0.153846,0.013312,0.666667,0.012288,2.66667,0.012288,9.84615,0.013312,39.3846,0.013312,146.286,0.014336,409.6,0.02048,630.154,0.053248,732.246,0.183296,751.129,0.714752,750.86,2.86003,744.397,11.5395,
0.0104167,0.012288,0.0384615,0.013312,0.153846,0.013312,0.666667,0.012288,2.66667,0.012288,9.14286,0.014336,36.5714,0.014336,146.286,0.014336,409.6,0.02048,642.51,0.052224,724.155,0.185344,747.914,0.717824,751.129,2.85901,744.661,11.5354,
0.00961538,0.013312,0.0454545,0.011264,0.153846,0.013312,0.666667,0.012288,2.66667,0.012288,9.84615,0.013312,39.3846,0.013312,146.286,0.014336,409.6,0.02048,630.154,0.053248,732.246,0.183296,747.914,0.717824,750.86,2.86003,744.926,11.5313,
0.00892857,0.014336,0.0454545,0.011264,0.166667,0.012288,0.615385,0.013312,2.66667,0.012288,9.84615,0.013312,39.3846,0.013312,146.286,0.014336,409.6,0.02048,642.51,0.052224,732.246,0.183296,747.914,0.717824,751.129,2.85901,744.992,11.5302,
0.0104167,0.012288,0.0416667,0.012288,0.166667,0.012288,0.666667,0.012288,2.66667,0.012288,9.84615,0.013312,39.3846,0.013312,146.286,0.014336,431.158,0.019456,618.264,0.054272,732.246,0.183296,752.207,0.713728,750.323,2.86208,744.595,11.5364,
0.00961538,0.013312,0.0416667,0.012288,0.181818,0.011264,0.727273,0.011264,2.66667,0.012288,10.6667,0.012288,39.3846,0.013312,146.286,0.014336,431.158,0.019456,630.154,0.053248,728.178,0.18432,744.727,0.720896,750.591,2.86106,745.058,11.5292,
0.0113636,0.011264,0.0454545,0.011264,0.181818,0.011264,0.727273,0.011264,2.90909,0.011264,9.84615,0.013312,39.3846,0.013312,146.286,0.014336,409.6,0.02048,618.264,0.054272,732.246,0.183296,742.618,0.722944,751.398,2.85798,744.86,11.5323,
0.0104167,0.012288,0.0416667,0.012288,0.153846,0.013312,0.666667,0.012288,2.66667,0.012288,9.84615,0.013312,39.3846,0.013312,146.286,0.014336,431.158,0.019456,618.264,0.054272,744.727,0.180224,747.914,0.717824,749.25,2.86618,744.595,11.5364,
0.0104167,0.012288,0.0454545,0.011264,0.166667,0.012288,0.727273,0.011264,2.66667,0.012288,10.6667,0.012288,39.3846,0.013312,146.286,0.014336,431.158,0.019456,606.815,0.055296,732.246,0.183296,744.727,0.720896,750.591,2.86106,744.595,11.5364,
0.0104167,0.012288,0.0384615,0.013312,0.166667,0.012288,0.666667,0.012288,2.66667,0.012288,9.84615,0.013312,42.6667,0.012288,146.286,0.014336,409.6,0.02048,618.264,0.054272,720.176,0.186368,752.207,0.713728,748.983,2.8672,744.199,11.5425,
0.0104167,0.012288,0.0416667,0.012288,0.166667,0.012288,0.666667,0.012288,2.46154,0.013312,10.6667,0.012288,36.5714,0.014336,157.538,0.013312,409.6,0.02048,618.264,0.054272,728.178,0.18432,748.983,0.7168,750.591,2.86106,744.265,11.5415,
0.0104167,0.012288,0.0416667,0.012288,0.166667,0.012288,0.666667,0.012288,2.13333,0.01536,10.6667,0.012288,34.1333,0.01536,146.286,0.014336,431.158,0.019456,618.264,0.054272,724.155,0.185344,751.129,0.714752,751.129,2.85901,744.727,11.5343,
0.0113636,0.011264,0.0454545,0.011264,0.181818,0.011264,0.666667,0.012288,2.28571,0.014336,10.6667,0.012288,36.5714,0.014336,157.538,0.013312,431.158,0.019456,630.154,0.053248,736.36,0.182272,747.914,0.717824,749.25,2.86618,744.463,11.5384,
0.0104167,0.012288,0.0416667,0.012288,0.166667,0.012288,0.666667,0.012288,2.28571,0.014336,10.6667,0.012288,36.5714,0.014336,157.538,0.013312,409.6,0.02048,630.154,0.053248,732.246,0.183296,748.983,0.7168,749.786,2.86413,744.001,11.5456,
0.00961538,0.013312,0.0416667,0.012288,0.166667,0.012288,0.727273,0.011264,2.46154,0.013312,10.6667,0.012288,36.5714,0.014336,146.286,0.014336,431.158,0.019456,642.51,0.052224,728.178,0.18432,752.207,0.713728,751.398,2.85798,743.935,11.5466,
0.0104167,0.012288,0.0416667,0.012288,0.166667,0.012288,0.666667,0.012288,2.66667,0.012288,10.6667,0.012288,39.3846,0.013312,157.538,0.013312,431.158,0.019456,630.154,0.053248,724.155,0.185344,750.054,0.715776,749.25,2.86618,744.199,11.5425,
0.0104167,0.012288,0.0416667,0.012288,0.166667,0.012288,0.666667,0.012288,2.66667,0.012288,7.52941,0.017408,39.3846,0.013312,146.286,0.014336,431.158,0.019456,630.154,0.053248,736.36,0.182272,750.054,0.715776,750.86,2.86003,743.935,11.5466,
0.0113636,0.011264,0.00301205,0.169984,0.166667,0.012288,0.666667,0.012288,2.46154,0.013312,10.6667,0.012288,39.3846,0.013312,157.538,0.013312,292.571,0.028672,642.51,0.052224,728.178,0.18432,751.129,0.714752,749.518,2.86515,744.926,11.5313,
0.0125,0.01024,0.0333333,0.01536,0.166667,0.012288,0.615385,0.013312,2.66667,0.012288,10.6667,0.012288,39.3846,0.013312,157.538,0.013312,431.158,0.019456,630.154,0.053248,732.246,0.183296,741.567,0.723968,749.786,2.86413,744.397,11.5395,
0.0104167,0.012288,0.0384615,0.013312,0.166667,0.012288,0.615385,0.013312,2.66667,0.012288,9.84615,0.013312,39.3846,0.013312,146.286,0.014336,431.158,0.019456,618.264,0.054272,736.36,0.182272,750.054,0.715776,751.667,2.85696,744.331,11.5405,
0.0104167,0.012288,0.0416667,0.012288,0.153846,0.013312,0.615385,0.013312,2.13333,0.01536,9.84615,0.013312,39.3846,0.013312,157.538,0.013312,409.6,0.02048,618.264,0.054272,728.178,0.18432,746.849,0.718848,750.323,2.86208,744.661,11.5354,
0.00961538,0.013312,0.0416667,0.012288,0.153846,0.013312,0.666667,0.012288,2.46154,0.013312,9.14286,0.014336,39.3846,0.013312,157.538,0.013312,409.6,0.02048,630.154,0.053248,732.246,0.183296,751.129,0.714752,750.86,2.86003,744.661,11.5354,
0.0125,0.01024,0.0416667,0.012288,0.142857,0.014336,0.666667,0.012288,2.66667,0.012288,8.53333,0.01536,42.6667,0.012288,146.286,0.014336,409.6,0.02048,630.154,0.053248,736.36,0.182272,751.129,0.714752,750.86,2.86003,745.521,11.522,
0.0113636,0.011264,0.05,0.01024,0.2,0.01024,0.8,0.01024,3.2,0.01024,12.8,0.01024,51.2,0.01024,170.667,0.012288,431.158,0.019456,682.667,0.049152,728.178,0.18432,742.618,0.722944,747.115,2.87437,722.098,11.8958,
0.0125,0.01024,0.0555556,0.009216,0.2,0.01024,0.888889,0.009216,3.55556,0.009216,12.8,0.01024,51.2,0.01024,170.667,0.012288,481.882,0.017408,682.667,0.049152,444.312,0.30208,748.983,0.7168,750.591,2.86106,721.911,11.8989,
0.0125,0.01024,0.05,0.01024,0.2,0.01024,0.8,0.01024,3.2,0.01024,12.8,0.01024,51.2,0.01024,170.667,0.012288,481.882,0.017408,668.735,0.050176,724.155,0.185344,746.849,0.718848,749.786,2.86413,722.098,11.8958,
0.0138889,0.009216,0.0555556,0.009216,0.2,0.01024,0.8,0.01024,3.2,0.01024,12.8,0.01024,51.2,0.01024,186.182,0.011264,481.882,0.017408,682.667,0.049152,732.246,0.183296,747.914,0.717824,750.323,2.86208,721.911,11.8989,
0.0125,0.01024,0.0555556,0.009216,0.2,0.01024,0.8,0.01024,3.55556,0.009216,12.8,0.01024,39.3846,0.013312,186.182,0.011264,481.882,0.017408,668.735,0.050176,736.36,0.182272,748.983,0.7168,747.648,2.87232,721.29,11.9091,
0.0138889,0.009216,0.0555556,0.009216,0.2,0.01024,0.8,0.01024,3.2,0.01024,12.8,0.01024,51.2,0.01024,186.182,0.011264,512,0.016384,668.735,0.050176,728.178,0.18432,748.983,0.7168,750.591,2.86106,720.98,11.9142,
0.0138889,0.009216,0.05,0.01024,0.222222,0.009216,0.888889,0.009216,3.2,0.01024,12.8,0.01024,46.5455,0.011264,170.667,0.012288,512,0.016384,668.735,0.050176,732.246,0.183296,748.983,0.7168,749.25,2.86618,721.352,11.9081,
0.0138889,0.009216,0.0555556,0.009216,0.222222,0.009216,0.888889,0.009216,3.2,0.01024,14.2222,0.009216,46.5455,0.011264,170.667,0.012288,512,0.016384,206.088,0.162816,728.178,0.18432,748.983,0.7168,750.86,2.86003,721.663,11.903,
0.0125,0.01024,0.0555556,0.009216,0.2,0.01024,0.888889,0.009216,3.2,0.01024,12.8,0.01024,51.2,0.01024,170.667,0.012288,512,0.016384,655.36,0.0512,736.36,0.182272,750.054,0.715776,748.715,2.86822,724.906,11.8497,
0.0138889,0.009216,0.0555556,0.009216,0.222222,0.009216,0.888889,0.009216,3.55556,0.009216,12.8,0.01024,51.2,0.01024,170.667,0.012288,512,0.016384,668.735,0.050176,732.246,0.183296,753.287,0.712704,748.983,2.8672,743.144,11.5589,
0.0125,0.01024,0.05,0.01024,0.166667,0.012288,0.8,0.01024,3.2,0.01024,14.2222,0.009216,46.5455,0.011264,186.182,0.011264,481.882,0.017408,682.667,0.049152,732.246,0.183296,755.458,0.710656,748.983,2.8672,743.407,11.5548,
0.0125,0.01024,0.05,0.01024,0.2,0.01024,0.888889,0.009216,3.2,0.01024,12.8,0.01024,51.2,0.01024,170.667,0.012288,481.882,0.017408,668.735,0.050176,728.178,0.18432,755.458,0.710656,749.518,2.86515,743.276,11.5569,
0.0125,0.01024,0.0555556,0.009216,0.2,0.01024,0.8,0.01024,3.2,0.01024,12.8,0.01024,51.2,0.01024,170.667,0.012288,481.882,0.017408,682.667,0.049152,732.246,0.183296,752.207,0.713728,749.518,2.86515,743.341,11.5558,
0.0125,0.01024,0.0555556,0.009216,0.222222,0.009216,0.8,0.01024,3.2,0.01024,11.6364,0.011264,46.5455,0.011264,186.182,0.011264,481.882,0.017408,642.51,0.052224,720.176,0.186368,755.458,0.710656,749.518,2.86515,743.737,11.5497,
0.0125,0.01024,0.05,0.01024,0.222222,0.009216,0.8,0.01024,3.2,0.01024,12.8,0.01024,51.2,0.01024,186.182,0.011264,481.882,0.017408,668.735,0.050176,724.155,0.185344,752.207,0.713728,750.054,2.8631,743.737,11.5497,
0.0125,0.01024,0.0555556,0.009216,0.222222,0.009216,0.888889,0.009216,3.2,0.01024,12.8,0.01024,51.2,0.01024,170.667,0.012288,481.882,0.017408,655.36,0.0512,728.178,0.18432,756.548,0.709632,749.786,2.86413,743.803,11.5487,
0.0125,0.01024,0.05,0.01024,0.222222,0.009216,0.8,0.01024,3.2,0.01024,12.8,0.01024,51.2,0.01024,186.182,0.011264,481.882,0.017408,655.36,0.0512,732.246,0.183296,752.207,0.713728,749.786,2.86413,744.331,11.5405,
0.0138889,0.009216,0.0555556,0.009216,0.2,0.01024,0.8,0.01024,3.2,0.01024,11.6364,0.011264,51.2,0.01024,186.182,0.011264,481.882,0.017408,668.735,0.050176,732.246,0.183296,755.458,0.710656,749.25,2.86618,744.001,11.5456,
0.0138889,0.009216,0.0555556,0.009216,0.2,0.01024,0.8,0.01024,3.2,0.01024,12.8,0.01024,46.5455,0.011264,170.667,0.012288,512,0.016384,655.36,0.0512,732.246,0.183296,755.458,0.710656,750.054,2.8631,743.935,11.5466,
0.0138889,0.009216,0.0555556,0.009216,0.2,0.01024,0.888889,0.009216,3.2,0.01024,11.6364,0.011264,46.5455,0.011264,186.182,0.011264,512,0.016384,655.36,0.0512,728.178,0.18432,756.548,0.709632,750.323,2.86208,743.276,11.5569,
0.0125,0.01024,0.05,0.01024,0.2,0.01024,0.888889,0.009216,3.2,0.01024,12.8,0.01024,51.2,0.01024,186.182,0.011264,512,0.016384,655.36,0.0512,732.246,0.183296,753.287,0.712704,750.591,2.86106,744.397,11.5395,
0.0138889,0.009216,0.0555556,0.009216,0.222222,0.009216,0.888889,0.009216,3.2,0.01024,11.6364,0.011264,51.2,0.01024,170.667,0.012288,512,0.016384,642.51,0.052224,728.178,0.18432,753.287,0.712704,750.86,2.86003,743.737,11.5497,
0.0138889,0.009216,0.05,0.01024,0.222222,0.009216,0.888889,0.009216,3.2,0.01024,14.2222,0.009216,46.5455,0.011264,186.182,0.011264,512,0.016384,655.36,0.0512,736.36,0.182272,754.371,0.71168,748.448,2.86925,743.539,11.5528,
0.0138889,0.009216,0.0555556,0.009216,0.222222,0.009216,0.8,0.01024,3.55556,0.009216,12.8,0.01024,51.2,0.01024,186.182,0.011264,481.882,0.017408,655.36,0.0512,732.246,0.183296,756.548,0.709632,750.86,2.86003,743.473,11.5538,
0.0125,0.01024,0.05,0.01024,0.222222,0.009216,0.8,0.01024,3.2,0.01024,12.8,0.01024,46.5455,0.011264,170.667,0.012288,481.882,0.017408,655.36,0.0512,732.246,0.183296,755.458,0.710656,748.715,2.86822,743.737,11.5497,
0.0138889,0.009216,0.05,0.01024,0.222222,0.009216,0.888889,0.009216,3.2,0.01024,11.6364,0.011264,51.2,0.01024,170.667,0.012288,512,0.016384,655.36,0.0512,740.52,0.181248,754.371,0.71168,750.86,2.86003,743.605,11.5517,
0.00833333,0.01536,0.05,0.01024,0.2,0.01024,0.888889,0.009216,3.2,0.01024,12.8,0.01024,51.2,0.01024,170.667,0.012288,481.882,0.017408,655.36,0.0512,704.688,0.190464,757.642,0.708608,750.323,2.86208,743.935,11.5466,
0.0125,0.01024,0.05,0.01024,0.2,0.01024,0.888889,0.009216,3.2,0.01024,12.8,0.01024,51.2,0.01024,170.667,0.012288,481.882,0.017408,682.667,0.049152,736.36,0.182272,753.287,0.712704,745.787,2.87949,744.067,11.5446,
0.0125,0.01024,0.05,0.01024,0.2,0.01024,0.888889,0.009216,3.55556,0.009216,12.8,0.01024,46.5455,0.011264,170.667,0.012288,481.882,0.017408,668.735,0.050176,736.36,0.182272,755.458,0.710656,749.25,2.86618,743.671,11.5507,
0.0138889,0.009216,0.05,0.01024,0.2,0.01024,0.888889,0.009216,3.2,0.01024,12.8,0.01024,51.2,0.01024,170.667,0.012288,512,0.016384,655.36,0.0512,736.36,0.182272,752.207,0.713728,747.381,2.87334,743.671,11.5507,
0.0138889,0.009216,0.05,0.01024,0.2,0.01024,0.8,0.01024,3.2,0.01024,14.2222,0.009216,51.2,0.01024,170.667,0.012288,481.882,0.017408,668.735,0.050176,736.36,0.182272,753.287,0.712704,748.715,2.86822,743.539,11.5528,
0.0125,0.01024,0.0555556,0.009216,0.2,0.01024,0.888889,0.009216,3.2,0.01024,12.8,0.01024,51.2,0.01024,186.182,0.011264,481.882,0.017408,642.51,0.052224,740.52,0.181248,752.207,0.713728,744.992,2.88256,744.133,11.5436,
0.0125,0.01024,0.05,0.01024,0.2,0.01024,0.8,0.01024,3.2,0.01024,12.8,0.01024,46.5455,0.011264,186.182,0.011264,481.882,0.017408,655.36,0.0512,732.246,0.183296,754.371,0.71168,750.323,2.86208,743.671,11.5507,
0.0138889,0.009216,0.0555556,0.009216,0.2,0.01024,0.8,0.01024,3.55556,0.009216,12.8,0.01024,51.2,0.01024,186.182,0.011264,481.882,0.017408,655.36,0.0512,732.246,0.183296,753.287,0.712704,749.518,2.86515,744.199,11.5425,
0.0125,0.01024,0.0555556,0.009216,0.2,0.01024,0.8,0.01024,3.2,0.01024,14.2222,0.009216,51.2,0.01024,170.667,0.012288,481.882,0.017408,655.36,0.0512,736.36,0.182272,753.287,0.712704,749.518,2.86515,743.605,11.5517,
0.0138889,0.009216,0.0555556,0.009216,0.222222,0.009216,0.8,0.01024,3.2,0.01024,12.8,0.01024,51.2,0.01024,170.667,0.012288,481.882,0.017408,655.36,0.0512,732.246,0.183296,754.371,0.71168,751.129,2.85901,743.605,11.5517,
0.0125,0.01024,0.05,0.01024,0.222222,0.009216,0.8,0.01024,3.2,0.01024,11.6364,0.011264,51.2,0.01024,170.667,0.012288,481.882,0.017408,642.51,0.052224,736.36,0.182272,756.548,0.709632,750.054,2.8631,743.605,11.5517,
0.0125,0.01024,0.05,0.01024,0.2,0.01024,0.888889,0.009216,3.2,0.01024,12.8,0.01024,51.2,0.01024,186.182,0.011264,481.882,0.017408,642.51,0.052224,732.246,0.183296,753.287,0.712704,750.054,2.8631,744.331,11.5405,
0.0125,0.01024,0.05,0.01024,0.2,0.01024,0.666667,0.012288,3.2,0.01024,12.8,0.01024,51.2,0.01024,186.182,0.011264,481.882,0.017408,642.51,0.052224,744.727,0.180224,755.458,0.710656,751.129,2.85901,743.935,11.5466,
0.0125,0.01024,0.05,0.01024,0.2,0.01024,0.888889,0.009216,3.2,0.01024,12.8,0.01024,51.2,0.01024,170.667,0.012288,512,0.016384,642.51,0.052224,736.36,0.182272,755.458,0.710656,749.518,2.86515,744.199,11.5425,
0.0138889,0.009216,0.05,0.01024,0.2,0.01024,0.8,0.01024,3.55556,0.009216,12.8,0.01024,51.2,0.01024,170.667,0.012288,512,0.016384,642.51,0.052224,728.178,0.18432,757.642,0.708608,751.129,2.85901,744.001,11.5456,
0.0138889,0.009216,0.05,0.01024,0.222222,0.009216,0.888889,0.009216,3.2,0.01024,12.8,0.01024,46.5455,0.011264,170.667,0.012288,512,0.016384,655.36,0.0512,724.155,0.185344,756.548,0.709632,751.129,2.85901,744.067,11.5446,
0.0125,0.01024,0.05,0.01024,0.2,0.01024,0.8,0.01024,3.55556,0.009216,12.8,0.01024,46.5455,0.011264,170.667,0.012288,512,0.016384,668.735,0.050176,720.176,0.186368,757.642,0.708608,751.398,2.85798,744.199,11.5425,
0.0125,0.01024,0.0555556,0.009216,0.2,0.01024,0.888889,0.009216,3.2,0.01024,12.8,0.01024,51.2,0.01024,170.667,0.012288,512,0.016384,668.735,0.050176,732.246,0.183296,755.458,0.710656,749.518,2.86515,744.067,11.5446,
0.0125,0.01024,0.05,0.01024,0.2,0.01024,0.888889,0.009216,3.2,0.01024,12.8,0.01024,51.2,0.01024,186.182,0.011264,481.882,0.017408,642.51,0.052224,736.36,0.182272,756.548,0.709632,751.129,2.85901,744.661,11.5354,
0.0138889,0.009216,0.0555556,0.009216,0.2,0.01024,0.888889,0.009216,3.2,0.01024,12.8,0.01024,51.2,0.01024,186.182,0.011264,481.882,0.017408,655.36,0.0512,736.36,0.182272,753.287,0.712704,750.591,2.86106,743.869,11.5476,
0.0125,0.01024,0.0555556,0.009216,0.2,0.01024,0.8,0.01024,3.2,0.01024,12.8,0.01024,46.5455,0.011264,186.182,0.011264,481.882,0.017408,682.667,0.049152,744.727,0.180224,758.738,0.707584,748.448,2.86925,743.276,11.5569,
0.0138889,0.009216,0.0555556,0.009216,0.222222,0.009216,0.888889,0.009216,3.2,0.01024,12.8,0.01024,51.2,0.01024,170.667,0.012288,481.882,0.017408,630.154,0.053248,682.667,0.196608,754.371,0.71168,750.591,2.86106,744.001,11.5456,
0.0125,0.01024,0.05,0.01024,0.222222,0.009216,0.8,0.01024,3.2,0.01024,11.6364,0.011264,51.2,0.01024,170.667,0.012288,481.882,0.017408,655.36,0.0512,740.52,0.181248,757.642,0.708608,750.323,2.86208,743.473,11.5538,
0.0125,0.01024,0.05,0.01024,0.2,0.01024,0.888889,0.009216,3.2,0.01024,12.8,0.01024,46.5455,0.011264,170.667,0.012288,481.882,0.017408,642.51,0.052224,736.36,0.182272,755.458,0.710656,751.398,2.85798,743.737,11.5497,
0.0125,0.01024,0.05,0.01024,0.2,0.01024,0.888889,0.009216,3.2,0.01024,12.8,0.01024,51.2,0.01024,170.667,0.012288,481.882,0.017408,655.36,0.0512,748.983,0.1792,751.129,0.714752,751.937,2.85594,743.803,11.5487,
0.0138889,0.009216,0.0555556,0.009216,0.222222,0.009216,0.888889,0.009216,3.2,0.01024,12.8,0.01024,51.2,0.01024,170.667,0.012288,512,0.016384,655.36,0.0512,736.36,0.182272,755.458,0.710656,749.518,2.86515,743.737,11.5497,
0.0138889,0.009216,0.0555556,0.009216,0.222222,0.009216,0.888889,0.009216,3.2,0.01024,12.8,0.01024,46.5455,0.011264,170.667,0.012288,481.882,0.017408,668.735,0.050176,748.983,0.1792,753.287,0.712704,750.323,2.86208,743.671,11.5507,
0.0138889,0.009216,0.0555556,0.009216,0.222222,0.009216,0.888889,0.009216,0.426667,0.0768,12.8,0.01024,46.5455,0.011264,170.667,0.012288,481.882,0.017408,642.51,0.052224,753.287,0.178176,756.548,0.709632,750.86,2.86003,744.397,11.5395,
0.0138889,0.009216,0.0555556,0.009216,0.2,0.01024,0.8,0.01024,3.2,0.01024,12.8,0.01024,46.5455,0.011264,170.667,0.012288,481.882,0.017408,668.735,0.050176,748.983,0.1792,757.642,0.708608,750.323,2.86208,743.869,11.5476,
0.0125,0.01024,0.0555556,0.009216,0.2,0.01024,0.8,0.01024,3.2,0.01024,12.8,0.01024,51.2,0.01024,170.667,0.012288,55.7279,0.150528,630.154,0.053248,757.642,0.177152,754.371,0.71168,750.86,2.86003,743.803,11.5487,
0.0125,0.01024,0.0555556,0.009216,0.2,0.01024,0.8,0.01024,3.2,0.01024,12.8,0.01024,42.6667,0.012288,186.182,0.011264,481.882,0.017408,642.51,0.052224,744.727,0.180224,755.458,0.710656,751.667,2.85696,743.539,11.5528,
0.0125,0.01024,0.0555556,0.009216,0.222222,0.009216,0.8,0.01024,3.2,0.01024,12.8,0.01024,51.2,0.01024,170.667,0.012288,481.882,0.017408,655.36,0.0512,753.287,0.178176,755.458,0.710656,749.786,2.86413,743.737,11.5497,
0.0138889,0.009216,0.05,0.01024,0.2,0.01024,0.8,0.01024,3.2,0.01024,12.8,0.01024,46.5455,0.011264,186.182,0.011264,481.882,0.017408,642.51,0.052224,753.287,0.178176,755.458,0.710656,750.323,2.86208,743.473,11.5538,
0.0138889,0.009216,0.05,0.01024,0.222222,0.009216,0.8,0.01024,3.2,0.01024,12.8,0.01024,51.2,0.01024,186.182,0.011264,481.882,0.017408,668.735,0.050176,748.983,0.1792,754.371,0.71168,749.786,2.86413,744.001,11.5456,
0.0125,0.01024,0.05,0.01024,0.2,0.01024,0.888889,0.009216,3.2,0.01024,12.8,0.01024,46.5455,0.011264,170.667,0.012288,481.882,0.017408,655.36,0.0512,744.727,0.180224,750.054,0.715776,750.054,2.8631,743.869,11.5476,
0.0125,0.01024,0.05,0.01024,0.222222,0.009216,0.888889,0.009216,3.2,0.01024,12.8,0.01024,46.5455,0.011264,170.667,0.012288,481.882,0.017408,630.154,0.053248,748.983,0.1792,755.458,0.710656,751.667,2.85696,743.869,11.5476,
0.0125,0.01024,0.05,0.01024,0.222222,0.009216,0.888889,0.009216,3.55556,0.009216,12.8,0.01024,51.2,0.01024,170.667,0.012288,481.882,0.017408,655.36,0.0512,748.983,0.1792,755.458,0.710656,749.518,2.86515,743.671,11.5507,
0.0125,0.01024,0.0555556,0.009216,0.222222,0.009216,0.888889,0.009216,3.2,0.01024,12.8,0.01024,46.5455,0.011264,170.667,0.012288,481.882,0.017408,655.36,0.0512,736.36,0.182272,754.371,0.71168,751.398,2.85798,743.539,11.5528,
0.0125,0.01024,0.0555556,0.009216,0.2,0.01024,0.8,0.01024,2.90909,0.011264,12.8,0.01024,51.2,0.01024,170.667,0.012288,481.882,0.017408,655.36,0.0512,740.52,0.181248,751.129,0.714752,750.591,2.86106,743.276,11.5569,
0.0138889,0.009216,0.0555556,0.009216,0.2,0.01024,0.8,0.01024,3.2,0.01024,12.8,0.01024,51.2,0.01024,170.667,0.012288,481.882,0.017408,655.36,0.0512,740.52,0.181248,754.371,0.71168,750.323,2.86208,744.265,11.5415,
0.0138889,0.009216,0.05,0.01024,0.2,0.01024,0.8,0.01024,3.2,0.01024,14.2222,0.009216,51.2,0.01024,170.667,0.012288,481.882,0.017408,682.667,0.049152,748.983,0.1792,754.371,0.71168,750.323,2.86208,744.001,11.5456,
0.0138889,0.009216,0.0555556,0.009216,0.2,0.01024,0.888889,0.009216,3.2,0.01024,12.8,0.01024,51.2,0.01024,170.667,0.012288,481.882,0.017408,668.735,0.050176,748.983,0.1792,752.207,0.713728,750.591,2.86106,744.265,11.5415,
0.0138889,0.009216,0.05,0.01024,0.222222,0.009216,0.888889,0.009216,3.2,0.01024,12.8,0.01024,51.2,0.01024,170.667,0.012288,481.882,0.017408,655.36,0.0512,748.983,0.1792,757.642,0.708608,750.054,2.8631,744.001,11.5456,
0.0138889,0.009216,0.05,0.01024,0.222222,0.009216,0.888889,0.009216,3.2,0.01024,12.8,0.01024,46.5455,0.011264,170.667,0.012288,481.882,0.017408,668.735,0.050176,740.52,0.181248,755.458,0.710656,751.398,2.85798,744.463,11.5384,
0.0125,0.01024,0.0555556,0.009216,0.2,0.01024,0.8,0.01024,2.90909,0.011264,12.8,0.01024,51.2,0.01024,170.667,0.012288,481.882,0.017408,642.51,0.052224,744.727,0.180224,756.548,0.709632,751.129,2.85901,743.869,11.5476,
0.0138889,0.009216,0.0555556,0.009216,0.2,0.01024,0.8,0.01024,3.2,0.01024,12.8,0.01024,51.2,0.01024,170.667,0.012288,512,0.016384,668.735,0.050176,748.983,0.1792,755.458,0.710656,750.054,2.8631,743.737,11.5497,
0.0138889,0.009216,0.0555556,0.009216,0.2,0.01024,0.8,0.01024,3.2,0.01024,10.6667,0.012288,51.2,0.01024,170.667,0.012288,481.882,0.017408,642.51,0.052224,748.983,0.1792,757.642,0.708608,749.786,2.86413,743.276,11.5569,
0.0138889,0.009216,0.0555556,0.009216,0.2,0.01024,0.8,0.01024,3.2,0.01024,12.8,0.01024,46.5455,0.011264,170.667,0.012288,481.882,0.017408,655.36,0.0512,740.52,0.181248,755.458,0.710656,752.207,2.85491,744.067,11.5446,
0.0125,0.01024,0.0555556,0.009216,0.222222,0.009216,0.8,0.01024,3.2,0.01024,12.8,0.01024,46.5455,0.011264,170.667,0.012288,481.882,0.017408,642.51,0.052224,748.983,0.1792,756.548,0.709632,751.937,2.85594,743.407,11.5548,
0.0125,0.01024,0.0555556,0.009216,0.222222,0.009216,0.888889,0.009216,3.2,0.01024,12.8,0.01024,51.2,0.01024,170.667,0.012288,481.882,0.017408,655.36,0.0512,748.983,0.1792,756.548,0.709632,750.323,2.86208,743.803,11.5487,
0.0138889,0.009216,0.0555556,0.009216,0.222222,0.009216,0.888889,0.009216,3.2,0.01024,12.8,0.01024,51.2,0.01024,170.667,0.012288,481.882,0.017408,642.51,0.052224,740.52,0.181248,753.287,0.712704,751.129,2.85901,743.671,11.5507,
0.0138889,0.009216,0.0555556,0.009216,0.222222,0.009216,0.8,0.01024,3.2,0.01024,12.8,0.01024,51.2,0.01024,170.667,0.012288,481.882,0.017408,642.51,0.052224,748.983,0.1792,754.371,0.71168,750.86,2.86003,743.671,11.5507,
0.0138889,0.009216,0.05,0.01024,0.2,0.01024,0.8,0.01024,3.2,0.01024,11.6364,0.011264,51.2,0.01024,170.667,0.012288,481.882,0.017408,668.735,0.050176,748.983,0.1792,753.287,0.712704,750.86,2.86003,744.397,11.5395,
0.0138889,0.009216,0.0555556,0.009216,0.222222,0.009216,0.888889,0.009216,3.2,0.01024,12.8,0.01024,51.2,0.01024,170.667,0.012288,481.882,0.017408,655.36,0.0512,736.36,0.182272,754.371,0.71168,751.129,2.85901,744.199,11.5425,
0.0125,0.01024,0.05,0.01024,0.222222,0.009216,0.8,0.01024,2.90909,0.011264,14.2222,0.009216,46.5455,0.011264,186.182,0.011264,481.882,0.017408,655.36,0.0512,753.287,0.178176,754.371,0.71168,752.477,2.85389,744.067,11.5446,
0.0138889,0.009216,0.0555556,0.009216,0.222222,0.009216,0.888889,0.009216,3.2,0.01024,12.8,0.01024,51.2,0.01024,186.182,0.011264,481.882,0.017408,655.36,0.0512,748.983,0.1792,755.458,0.710656,747.381,2.87334,743.671,11.5507,
0.0138889,0.009216,0.0555556,0.009216,0.222222,0.009216,0.8,0.01024,3.2,0.01024,12.8,0.01024,51.2,0.01024,186.182,0.011264,455.111,0.018432,655.36,0.0512,748.983,0.1792,754.371,0.71168,750.054,2.8631,743.341,11.5558,
0.0125,0.01024,0.0555556,0.009216,0.222222,0.009216,0.888889,0.009216,3.2,0.01024,12.8,0.01024,51.2,0.01024,170.667,0.012288,481.882,0.017408,655.36,0.0512,744.727,0.180224,753.287,0.712704,751.398,2.85798,743.144,11.5589,
0.0125,0.01024,0.05,0.01024,0.2,0.01024,0.8,0.01024,3.2,0.01024,12.8,0.01024,51.2,0.01024,186.182,0.011264,481.882,0.017408,668.735,0.050176,757.642,0.177152,755.458,0.710656,750.323,2.86208,743.737,11.5497,
0.0138889,0.009216,0.0555556,0.009216,0.2,0.01024,0.888889,0.009216,3.55556,0.009216,12.8,0.01024,51.2,0.01024,170.667,0.012288,512,0.016384,655.36,0.0512,744.727,0.180224,753.287,0.712704,750.323,2.86208,743.605,11.5517,
0.0138889,0.009216,0.05,0.01024,0.2,0.01024,0.8,0.01024,3.2,0.01024,14.2222,0.009216,51.2,0.01024,186.182,0.011264,481.882,0.017408,642.51,0.052224,748.983,0.1792,752.207,0.713728,750.591,2.86106,743.407,11.5548,
0.0138889,0.009216,0.05,0.01024,0.2,0.01024,0.8,0.01024,3.2,0.01024,12.8,0.01024,46.5455,0.011264,170.667,0.012288,481.882,0.017408,655.36,0.0512,753.287,0.178176,756.548,0.709632,750.86,2.86003,743.737,11.5497,
0.0138889,0.009216,0.05,0.01024,0.2,0.01024,0.8,0.01024,2.90909,0.011264,12.8,0.01024,51.2,0.01024,186.182,0.011264,481.882,0.017408,655.36,0.0512,744.727,0.180224,756.548,0.709632,751.129,2.85901,743.012,11.561,
0.0138889,0.009216,0.05,0.01024,0.222222,0.009216,0.888889,0.009216,3.2,0.01024,12.8,0.01024,51.2,0.01024,186.182,0.011264,481.882,0.017408,655.36,0.0512,748.983,0.1792,754.371,0.71168,751.667,2.85696,742.881,11.563,
0.0138889,0.009216,0.05,0.01024,0.2,0.01024,0.8,0.01024,3.2,0.01024,12.8,0.01024,51.2,0.01024,146.286,0.014336,512,0.016384,668.735,0.050176,744.727,0.180224,754.371,0.71168,751.129,2.85901,743.276,11.5569,
0.0125,0.01024,0.0555556,0.009216,0.2,0.01024,0.8,0.01024,3.2,0.01024,12.8,0.01024,51.2,0.01024,170.667,0.012288,512,0.016384,642.51,0.052224,744.727,0.180224,757.642,0.708608,751.937,2.85594,743.539,11.5528,
0.0138889,0.009216,0.05,0.01024,0.2,0.01024,0.8,0.01024,3.55556,0.009216,12.8,0.01024,46.5455,0.011264,146.286,0.014336,481.882,0.017408,655.36,0.0512,753.287,0.178176,753.287,0.712704,749.786,2.86413,742.946,11.562,
0.0138889,0.009216,0.0555556,0.009216,0.222222,0.009216,0.888889,0.009216,3.2,0.01024,11.6364,0.011264,46.5455,0.011264,186.182,0.011264,481.882,0.017408,642.51,0.052224,744.727,0.180224,754.371,0.71168,750.86,2.86003,743.144,11.5589,
0.0138889,0.009216,0.0454545,0.011264,0.2,0.01024,0.8,0.01024,3.2,0.01024,12.8,0.01024,51.2,0.01024,186.182,0.011264,390.095,0.021504,655.36,0.0512,744.727,0.180224,754.371,0.71168,749.786,2.86413,744.001,11.5456,
0.0138889,0.009216,0.0555556,0.009216,0.2,0.01024,0.8,0.01024,3.2,0.01024,12.8,0.01024,51.2,0.01024,186.182,0.011264,481.882,0.017408,655.36,0.0512,744.727,0.180224,752.207,0.713728,747.381,2.87334,743.012,11.561,
0.0138889,0.009216,0.0555556,0.009216,0.2,0.01024,0.888889,0.009216,3.2,0.01024,12.8,0.01024,51.2,0.01024,186.182,0.011264,481.882,0.017408,642.51,0.052224,740.52,0.181248,754.371,0.71168,750.323,2.86208,743.078,11.5599,
0.0138889,0.009216,0.0555556,0.009216,0.222222,0.009216,0.888889,0.009216,3.2,0.01024,12.8,0.01024,51.2,0.01024,170.667,0.012288,512,0.016384,642.51,0.052224,744.727,0.180224,754.371,0.71168,750.054,2.8631,744.199,11.5425,
0.0138889,0.009216,0.05,0.01024,0.2,0.01024,0.8,0.01024,3.2,0.01024,12.8,0.01024,51.2,0.01024,170.667,0.012288,481.882,0.017408,642.51,0.052224,740.52,0.181248,758.738,0.707584,748.983,2.8672,743.803,11.5487,
0.0125,0.01024,0.05,0.01024,0.222222,0.009216,0.888889,0.009216,3.55556,0.009216,12.8,0.01024,51.2,0.01024,170.667,0.012288,512,0.016384,682.667,0.049152,744.727,0.180224,753.287,0.712704,750.323,2.86208,743.605,11.5517,
