bandwidth_0,time_0,bandwidth_1,time_1,bandwidth_2,time_2,bandwidth_3,time_3,bandwidth_4,time_4,bandwidth_5,time_5,bandwidth_6,time_6,bandwidth_7,time_7,bandwidth_8,time_8,bandwidth_9,time_9,bandwidth_10,time_10,bandwidth_11,time_11,bandwidth_12,time_12,bandwidth_13,time_13,
0.0125,0.01024,0.05,0.01024,,,0.8,0.01024,3.2,0.01024,11.6364,0.011264,46.5455,0.011264,170.667,0.012288,431.158,0.019456,668.735,0.050176,732.246,0.183296,748.983,0.7168,746.583,2.87642,713.074,12.0463,
0.0125,0.01024,0.05,0.01024,,,0.8,0.01024,3.2,0.01024,12.8,0.01024,46.5455,0.011264,157.538,0.013312,431.158,0.019456,655.36,0.0512,740.52,0.181248,754.371,0.71168,746.583,2.87642,714.046,12.03,
0.0125,0.01024,0.05,0.01024,,,0.8,0.01024,3.2,0.01024,12.8,0.01024,46.5455,0.011264,170.667,0.012288,455.111,0.018432,668.735,0.050176,732.246,0.183296,752.207,0.713728,745.787,2.87949,714.167,12.0279,
0.0113636,0.011264,0.05,0.01024,,,0.8,0.01024,3.2,0.01024,12.8,0.01024,46.5455,0.011264,170.667,0.012288,481.882,0.017408,668.735,0.050176,736.36,0.182272,754.371,0.71168,747.648,2.87232,713.985,12.031,
0.0125,0.01024,0.05,0.01024,,,0.8,0.01024,3.2,0.01024,12.8,0.01024,51.2,0.01024,157.538,0.013312,481.882,0.017408,655.36,0.0512,740.52,0.181248,756.548,0.709632,748.983,2.8672,713.317,12.0422,
0.0113636,0.011264,0.0454545,0.011264,,,0.8,0.01024,3.2,0.01024,12.8,0.01024,46.5455,0.011264,170.667,0.012288,481.882,0.017408,655.36,0.0512,740.52,0.181248,753.287,0.712704,748.983,2.8672,713.256,12.0433,
0.0138889,0.009216,0.05,0.01024,,,0.8,0.01024,2.90909,0.011264,12.8,0.01024,46.5455,0.011264,136.533,0.01536,481.882,0.017408,655.36,0.0512,724.155,0.185344,756.548,0.709632,749.786,2.86413,712.893,12.0494,
0.0113636,0.011264,0.05,0.01024,,,0.8,0.01024,3.2,0.01024,11.6364,0.011264,51.2,0.01024,170.667,0.012288,455.111,0.018432,668.735,0.050176,736.36,0.182272,754.371,0.71168,750.591,2.86106,713.803,12.034,
0.0125,0.01024,0.05,0.01024,,,0.8,0.01024,3.2,0.01024,12.8,0.01024,46.5455,0.011264,170.667,0.012288,455.111,0.018432,655.36,0.0512,736.36,0.182272,757.642,0.708608,749.25,2.86618,713.378,12.0412,
0.0113636,0.011264,0.05,0.01024,,,0.8,0.01024,3.2,0.01024,12.8,0.01024,46.5455,0.011264,170.667,0.012288,481.882,0.017408,642.51,0.052224,732.246,0.183296,756.548,0.709632,747.648,2.87232,714.046,12.03,
0.0125,0.01024,0.05,0.01024,,,0.8,0.01024,3.2,0.01024,12.8,0.01024,51.2,0.01024,170.667,0.012288,481.882,0.017408,655.36,0.0512,728.178,0.18432,755.458,0.710656,749.786,2.86413,716.975,11.9808,
0.0113636,0.011264,0.05,0.01024,,,0.8,0.01024,3.2,0.01024,12.8,0.01024,51.2,0.01024,170.667,0.012288,481.882,0.017408,655.36,0.0512,744.727,0.180224,755.458,0.710656,749.518,2.86515,745.058,11.5292,
0.0125,0.01024,0.05,0.01024,,,0.888889,0.009216,3.2,0.01024,12.8,0.01024,46.5455,0.011264,170.667,0.012288,481.882,0.017408,668.735,0.050176,736.36,0.182272,755.458,0.710656,748.983,2.8672,745.455,11.5231,
0.0113636,0.011264,0.05,0.01024,,,0.888889,0.009216,3.2,0.01024,12.8,0.01024,46.5455,0.011264,170.667,0.012288,481.882,0.017408,668.735,0.050176,732.246,0.183296,757.642,0.708608,747.115,2.87437,743.869,11.5476,
0.0125,0.01024,0.05,0.01024,,,0.8,0.01024,2.90909,0.011264,12.8,0.01024,46.5455,0.011264,170.667,0.012288,455.111,0.018432,642.51,0.052224,732.246,0.183296,753.287,0.712704,748.448,2.86925,744.463,11.5384,
0.0113636,0.011264,0.05,0.01024,,,0.8,0.01024,3.2,0.01024,12.8,0.01024,46.5455,0.011264,170.667,0.012288,455.111,0.018432,655.36,0.0512,744.727,0.180224,756.548,0.709632,749.25,2.86618,745.124,11.5282,
0.0125,0.01024,0.05,0.01024,,,0.8,0.01024,3.2,0.01024,12.8,0.01024,46.5455,0.011264,170.667,0.012288,481.882,0.017408,642.51,0.052224,736.36,0.182272,751.129,0.714752,750.323,2.86208,745.455,11.5231,
0.0125,0.01024,0.05,0.01024,,,0.8,0.01024,2.90909,0.011264,12.8,0.01024,51.2,0.01024,170.667,0.012288,481.882,0.017408,668.735,0.050176,736.36,0.182272,756.548,0.709632,750.86,2.86003,744.86,11.5323,
0.0125,0.01024,0.0555556,0.009216,,,0.8,0.01024,3.2,0.01024,12.8,0.01024,46.5455,0.011264,170.667,0.012288,481.882,0.017408,655.36,0.0512,736.36,0.182272,754.371,0.71168,747.914,2.8713,745.455,11.5231,
0.0125,0.01024,0.05,0.01024,,,0.8,0.01024,3.2,0.01024,11.6364,0.011264,51.2,0.01024,170.667,0.012288,455.111,0.018432,655.36,0.0512,732.246,0.183296,753.287,0.712704,750.86,2.86003,745.588,11.521,
0.0125,0.01024,0.05,0.01024,,,0.8,0.01024,3.2,0.01024,12.8,0.01024,46.5455,0.011264,170.667,0.012288,455.111,0.018432,655.36,0.0512,712.348,0.188416,755.458,0.710656,746.052,2.87846,745.19,11.5272,
0.0113636,0.011264,0.05,0.01024,,,0.666667,0.012288,3.2,0.01024,12.8,0.01024,51.2,0.01024,170.667,0.012288,455.111,0.018432,642.51,0.052224,736.36,0.182272,755.458,0.710656,750.323,2.86208,744.992,11.5302,
0.0125,0.01024,0.05,0.01024,,,0.888889,0.009216,3.2,0.01024,12.8,0.01024,46.5455,0.011264,170.667,0.012288,455.111,0.018432,618.264,0.054272,732.246,0.183296,755.458,0.710656,750.591,2.86106,744.595,11.5364,
0.0113636,0.011264,0.05,0.01024,,,0.8,0.01024,3.2,0.01024,12.8,0.01024,46.5455,0.011264,170.667,0.012288,481.882,0.017408,655.36,0.0512,740.52,0.181248,758.738,0.707584,750.86,2.86003,745.323,11.5251,
0.0113636,0.011264,0.05,0.01024,,,0.888889,0.009216,3.2,0.01024,12.8,0.01024,46.5455,0.011264,170.667,0.012288,481.882,0.017408,642.51,0.052224,728.178,0.18432,756.548,0.709632,744.727,2.88358,744.992,11.5302,
0.0113636,0.011264,0.05,0.01024,,,0.8,0.01024,3.2,0.01024,11.6364,0.011264,46.5455,0.011264,170.667,0.012288,481.882,0.017408,655.36,0.0512,728.178,0.18432,755.458,0.710656,747.648,2.87232,745.058,11.5292,
0.0125,0.01024,0.0555556,0.009216,,,0.888889,0.009216,3.2,0.01024,12.8,0.01024,51.2,0.01024,170.667,0.012288,481.882,0.017408,642.51,0.052224,728.178,0.18432,757.642,0.708608,748.715,2.86822,744.661,11.5354,
0.0113636,0.011264,0.05,0.01024,,,0.8,0.01024,3.2,0.01024,11.6364,0.011264,46.5455,0.011264,170.667,0.012288,455.111,0.018432,668.735,0.050176,732.246,0.183296,755.458,0.710656,749.25,2.86618,744.793,11.5333,
0.0125,0.01024,0.05,0.01024,,,0.888889,0.009216,3.2,0.01024,11.6364,0.011264,46.5455,0.011264,170.667,0.012288,481.882,0.017408,655.36,0.0512,744.727,0.180224,755.458,0.710656,750.86,2.86003,745.19,11.5272,
0.0113636,0.011264,0.05,0.01024,,,0.8,0.01024,3.2,0.01024,11.6364,0.011264,46.5455,0.011264,170.667,0.012288,455.111,0.018432,642.51,0.052224,736.36,0.182272,756.548,0.709632,751.398,2.85798,744.86,11.5323,
0.0125,0.01024,0.0555556,0.009216,,,0.888889,0.009216,3.2,0.01024,11.6364,0.011264,51.2,0.01024,170.667,0.012288,481.882,0.017408,668.735,0.050176,732.246,0.183296,755.458,0.710656,747.115,2.87437,745.124,11.5282,
0.0104167,0.012288,0.05,0.01024,,,0.8,0.01024,3.2,0.01024,11.6364,0.011264,46.5455,0.011264,170.667,0.012288,455.111,0.018432,642.51,0.052224,744.727,0.180224,755.458,0.710656,746.583,2.87642,745.124,11.5282,
0.0125,0.01024,0.0555556,0.009216,,,0.888889,0.009216,3.2,0.01024,11.6364,0.011264,46.5455,0.011264,170.667,0.012288,372.364,0.022528,642.51,0.052224,732.246,0.183296,751.129,0.714752,749.518,2.86515,744.926,11.5313,
0.0113636,0.011264,0.05,0.01024,,,0.8,0.01024,3.2,0.01024,11.6364,0.011264,46.5455,0.011264,170.667,0.012288,481.882,0.017408,655.36,0.0512,728.178,0.18432,755.458,0.710656,744.992,2.88256,745.124,11.5282,
0.0125,0.01024,0.05,0.01024,,,0.8,0.01024,3.2,0.01024,12.8,0.01024,46.5455,0.011264,170.667,0.012288,481.882,0.017408,668.735,0.050176,736.36,0.182272,753.287,0.712704,749.25,2.86618,745.455,11.5231,
0.0125,0.01024,0.0454545,0.011264,,,0.8,0.01024,3.2,0.01024,12.8,0.01024,46.5455,0.011264,170.667,0.012288,455.111,0.018432,655.36,0.0512,736.36,0.182272,754.371,0.71168,748.983,2.8672,745.654,11.52,
0.0125,0.01024,0.0555556,0.009216,,,0.8,0.01024,3.2,0.01024,12.8,0.01024,46.5455,0.011264,170.667,0.012288,455.111,0.018432,655.36,0.0512,736.36,0.182272,756.548,0.709632,751.129,2.85901,745.19,11.5272,
0.0125,0.01024,0.05,0.01024,,,0.8,0.01024,3.2,0.01024,12.8,0.01024,46.5455,0.011264,170.667,0.012288,455.111,0.018432,630.154,0.053248,740.52,0.181248,754.371,0.71168,746.849,2.87539,745.257,11.5261,
0.0125,0.01024,0.05,0.01024,,,0.8,0.01024,2.90909,0.011264,12.8,0.01024,46.5455,0.011264,170.667,0.012288,455.111,0.018432,655.36,0.0512,740.52,0.181248,754.371,0.71168,747.115,2.87437,744.661,11.5354,
0.00961538,0.013312,0.05,0.01024,,,0.8,0.01024,3.2,0.01024,11.6364,0.011264,46.5455,0.011264,170.667,0.012288,455.111,0.018432,655.36,0.0512,740.52,0.181248,755.458,0.710656,750.323,2.86208,744.595,11.5364,
0.0125,0.01024,0.0555556,0.009216,,,0.8,0.01024,3.2,0.01024,12.8,0.01024,46.5455,0.011264,170.667,0.012288,481.882,0.017408,655.36,0.0512,740.52,0.181248,753.287,0.712704,750.054,2.8631,744.529,11.5374,
0.0125,0.01024,0.0454545,0.011264,,,0.8,0.01024,3.2,0.01024,12.8,0.01024,46.5455,0.011264,170.667,0.012288,455.111,0.018432,642.51,0.052224,728.178,0.18432,756.548,0.709632,750.86,2.86003,745.058,11.5292,
0.0125,0.01024,0.0555556,0.009216,,,0.8,0.01024,3.2,0.01024,12.8,0.01024,46.5455,0.011264,170.667,0.012288,481.882,0.017408,668.735,0.050176,728.178,0.18432,756.548,0.709632,751.129,2.85901,744.86,11.5323,
0.0125,0.01024,0.05,0.01024,,,0.8,0.01024,2.90909,0.011264,11.6364,0.011264,46.5455,0.011264,170.667,0.012288,481.882,0.017408,668.735,0.050176,728.178,0.18432,753.287,0.712704,748.983,2.8672,744.727,11.5343,
0.0125,0.01024,0.05,0.01024,,,0.888889,0.009216,3.2,0.01024,12.8,0.01024,46.5455,0.011264,170.667,0.012288,481.882,0.017408,642.51,0.052224,724.155,0.185344,756.548,0.709632,750.054,2.8631,744.86,11.5323,
0.0125,0.01024,0.05,0.01024,,,0.8,0.01024,3.2,0.01024,12.8,0.01024,51.2,0.01024,170.667,0.012288,481.882,0.017408,642.51,0.052224,736.36,0.182272,754.371,0.71168,750.323,2.86208,744.926,11.5313,
0.0125,0.01024,0.05,0.01024,,,0.888889,0.009216,3.2,0.01024,12.8,0.01024,46.5455,0.011264,170.667,0.012288,481.882,0.017408,642.51,0.052224,744.727,0.180224,757.642,0.708608,750.054,2.8631,744.926,11.5313,
0.0125,0.01024,0.05,0.01024,,,0.8,0.01024,3.2,0.01024,11.6364,0.011264,46.5455,0.011264,170.667,0.012288,481.882,0.017408,642.51,0.052224,728.178,0.18432,755.458,0.710656,746.583,2.87642,744.595,11.5364,
0.0125,0.01024,0.05,0.01024,,,0.888889,0.009216,3.2,0.01024,11.6364,0.011264,46.5455,0.011264,170.667,0.012288,481.882,0.017408,630.154,0.053248,732.246,0.183296,752.207,0.713728,747.381,2.87334,745.124,11.5282,
0.0125,0.01024,0.05,0.01024,,,0.8,0.01024,3.2,0.01024,11.6364,0.011264,46.5455,0.011264,170.667,0.012288,455.111,0.018432,642.51,0.052224,736.36,0.182272,757.642,0.708608,747.381,2.87334,744.86,11.5323,
0.0125,0.01024,0.0555556,0.009216,,,0.8,0.01024,3.2,0.01024,11.6364,0.011264,51.2,0.01024,157.538,0.013312,481.882,0.017408,655.36,0.0512,724.155,0.185344,757.642,0.708608,749.25,2.86618,744.727,11.5343,
0.0113636,0.011264,0.05,0.01024,,,0.8,0.01024,3.2,0.01024,11.6364,0.011264,46.5455,0.011264,170.667,0.012288,455.111,0.018432,668.735,0.050176,736.36,0.182272,756.548,0.709632,747.648,2.87232,745.124,11.5282,
0.0125,0.01024,0.05,0.01024,,,0.888889,0.009216,3.2,0.01024,11.6364,0.011264,46.5455,0.011264,170.667,0.012288,431.158,0.019456,655.36,0.0512,740.52,0.181248,753.287,0.712704,750.86,2.86003,744.793,11.5333,
0.0113636,0.011264,0.05,0.01024,,,0.8,0.01024,3.2,0.01024,11.6364,0.011264,42.6667,0.012288,170.667,0.012288,481.882,0.017408,642.51,0.052224,732.246,0.183296,753.287,0.712704,751.398,2.85798,745.124,11.5282,
0.0125,0.01024,0.0555556,0.009216,,,0.888889,0.009216,2.90909,0.011264,11.6364,0.011264,46.5455,0.011264,170.667,0.012288,455.111,0.018432,642.51,0.052224,744.727,0.180224,753.287,0.712704,750.591,2.86106,744.86,11.5323,
0.0125,0.01024,0.05,0.01024,,,0.727273,0.011264,2.90909,0.011264,12.8,0.01024,51.2,0.01024,170.667,0.012288,481.882,0.017408,642.51,0.052224,728.178,0.18432,755.458,0.710656,750.86,2.86003,745.323,11.5251,
0.0125,0.01024,0.05,0.01024,,,0.888889,0.009216,2.90909,0.011264,12.8,0.01024,46.5455,0.011264,170.667,0.012288,455.111,0.018432,642.51,0.052224,732.246,0.183296,751.129,0.714752,746.583,2.87642,744.727,11.5343,
0.0113636,0.011264,0.05,0.01024,,,0.8,0.01024,2.90909,0.011264,11.6364,0.011264,46.5455,0.011264,170.667,0.012288,455.111,0.018432,618.264,0.054272,732.246,0.183296,754.371,0.71168,749.786,2.86413,744.793,11.5333,
0.0113636,0.011264,0.05,0.01024,,,0.888889,0.009216,2.90909,0.011264,12.8,0.01024,51.2,0.01024,170.667,0.012288,455.111,0.018432,668.735,0.050176,740.52,0.181248,756.548,0.709632,750.591,2.86106,745.124,11.5282,
0.0125,0.01024,0.0555556,0.009216,,,0.8,0.01024,3.2,0.01024,10.6667,0.012288,46.5455,0.011264,170.667,0.012288,455.111,0.018432,655.36,0.0512,740.52,0.181248,755.458,0.710656,750.054,2.8631,744.86,11.5323,
0.0125,0.01024,0.05,0.01024,,,0.8,0.01024,2.90909,0.011264,10.6667,0.012288,51.2,0.01024,170.667,0.012288,481.882,0.017408,655.36,0.0512,736.36,0.182272,755.458,0.710656,751.398,2.85798,745.323,11.5251,
0.0125,0.01024,0.05,0.01024,,,0.8,0.01024,3.2,0.01024,11.6364,0.011264,46.5455,0.011264,170.667,0.012288,481.882,0.017408,655.36,0.0512,748.983,0.1792,756.548,0.709632,749.518,2.86515,745.455,11.5231,
0.0125,0.01024,0.05,0.01024,,,0.8,0.01024,3.2,0.01024,12.8,0.01024,51.2,0.01024,170.667,0.012288,481.882,0.017408,630.154,0.053248,753.287,0.178176,753.287,0.712704,750.054,2.8631,745.588,11.521,
0.0125,0.01024,0.05,0.01024,,,0.8,0.01024,2.90909,0.011264,12.8,0.01024,46.5455,0.011264,170.667,0.012288,481.882,0.017408,655.36,0.0512,744.727,0.180224,757.642,0.708608,749.786,2.86413,745.058,11.5292,
0.0125,0.01024,0.05,0.01024,,,0.8,0.01024,3.2,0.01024,11.6364,0.011264,51.2,0.01024,170.667,0.012288,455.111,0.018432,668.735,0.050176,732.246,0.183296,756.548,0.709632,749.518,2.86515,744.793,11.5333,
0.0125,0.01024,0.05,0.01024,,,0.727273,0.011264,3.2,0.01024,11.6364,0.011264,51.2,0.01024,170.667,0.012288,481.882,0.017408,642.51,0.052224,757.642,0.177152,754.371,0.71168,751.129,2.85901,744.727,11.5343,
0.0125,0.01024,0.05,0.01024,,,0.8,0.01024,3.2,0.01024,11.6364,0.011264,46.5455,0.011264,170.667,0.012288,481.882,0.017408,655.36,0.0512,748.983,0.1792,756.548,0.709632,749.518,2.86515,744.331,11.5405,
0.0113636,0.011264,0.05,0.01024,,,0.727273,0.011264,3.2,0.01024,11.6364,0.011264,46.5455,0.011264,170.667,0.012288,481.882,0.017408,668.735,0.050176,748.983,0.1792,756.548,0.709632,749.518,2.86515,744.331,11.5405,
0.0125,0.01024,0.05,0.01024,,,0.8,0.01024,3.2,0.01024,11.6364,0.011264,51.2,0.01024,170.667,0.012288,455.111,0.018432,642.51,0.052224,744.727,0.180224,754.371,0.71168,749.786,2.86413,744.595,11.5364,
0.0113636,0.011264,0.05,0.01024,,,0.727273,0.011264,3.2,0.01024,12.8,0.01024,46.5455,0.011264,170.667,0.012288,455.111,0.018432,668.735,0.050176,748.983,0.1792,756.548,0.709632,750.591,2.86106,744.992,11.5302,
0.0125,0.01024,0.0555556,0.009216,,,0.8,0.01024,3.2,0.01024,12.8,0.01024,46.5455,0.011264,170.667,0.012288,455.111,0.018432,642.51,0.052224,740.52,0.181248,754.371,0.71168,749.786,2.86413,745.058,11.5292,
0.0125,0.01024,0.05,0.01024,,,0.8,0.01024,3.2,0.01024,11.6364,0.011264,51.2,0.01024,170.667,0.012288,455.111,0.018432,642.51,0.052224,740.52,0.181248,754.371,0.71168,751.129,2.85901,745.124,11.5282,
0.0125,0.01024,0.0555556,0.009216,,,0.8,0.01024,3.2,0.01024,12.8,0.01024,46.5455,0.011264,170.667,0.012288,455.111,0.018432,655.36,0.0512,744.727,0.180224,756.548,0.709632,750.86,2.86003,745.19,11.5272,
0.0113636,0.011264,0.05,0.01024,,,0.727273,0.011264,3.2,0.01024,11.6364,0.011264,46.5455,0.011264,157.538,0.013312,481.882,0.017408,642.51,0.052224,748.983,0.1792,755.458,0.710656,749.25,2.86618,744.992,11.5302,
0.0125,0.01024,0.05,0.01024,,,0.888889,0.009216,3.2,0.01024,10.6667,0.012288,46.5455,0.011264,157.538,0.013312,455.111,0.018432,618.264,0.054272,740.52,0.181248,755.458,0.710656,744.727,2.88358,745.058,11.5292,
0.0113636,0.011264,0.05,0.01024,,,0.8,0.01024,3.2,0.01024,12.8,0.01024,51.2,0.01024,170.667,0.012288,481.882,0.017408,655.36,0.0512,748.983,0.1792,752.207,0.713728,748.448,2.86925,745.389,11.5241,
0.0125,0.01024,0.0555556,0.009216,,,0.8,0.01024,3.2,0.01024,11.6364,0.011264,46.5455,0.011264,170.667,0.012288,481.882,0.017408,642.51,0.052224,748.983,0.1792,754.371,0.71168,748.715,2.86822,744.397,11.5395,
0.0125,0.01024,0.05,0.01024,,,0.8,0.01024,3.2,0.01024,11.6364,0.011264,46.5455,0.011264,170.667,0.012288,455.111,0.018432,642.51,0.052224,748.983,0.1792,754.371,0.71168,749.786,2.86413,744.86,11.5323,
0.0113636,0.011264,0.05,0.01024,,,0.8,0.01024,3.2,0.01024,12.8,0.01024,46.5455,0.011264,170.667,0.012288,481.882,0.017408,630.154,0.053248,744.727,0.180224,754.371,0.71168,749.25,2.86618,744.992,11.5302,
0.0125,0.01024,0.05,0.01024,,,0.888889,0.009216,3.2,0.01024,11.6364,0.011264,51.2,0.01024,170.667,0.012288,481.882,0.017408,668.735,0.050176,740.52,0.181248,756.548,0.709632,746.317,2.87744,744.86,11.5323,
0.0125,0.01024,0.0555556,0.009216,,,0.8,0.01024,2.66667,0.012288,11.6364,0.011264,46.5455,0.011264,170.667,0.012288,481.882,0.017408,630.154,0.053248,748.983,0.1792,754.371,0.71168,748.983,2.8672,745.257,11.5261,
0.0125,0.01024,0.05,0.01024,,,0.8,0.01024,3.2,0.01024,11.6364,0.011264,46.5455,0.011264,136.533,0.01536,481.882,0.017408,655.36,0.0512,748.983,0.1792,750.054,0.715776,746.849,2.87539,744.529,11.5374,
0.0125,0.01024,0.05,0.01024,,,0.8,0.01024,3.2,0.01024,12.8,0.01024,51.2,0.01024,170.667,0.012288,481.882,0.017408,655.36,0.0512,728.178,0.18432,754.371,0.71168,743.671,2.88768,744.727,11.5343,
0.0125,0.01024,0.05,0.01024,,,0.8,0.01024,3.2,0.01024,11.6364,0.011264,46.5455,0.011264,170.667,0.012288,455.111,0.018432,655.36,0.0512,748.983,0.1792,757.642,0.708608,740.781,2.89894,744.727,11.5343,
0.0125,0.01024,0.0555556,0.009216,,,0.8,0.01024,3.2,0.01024,12.8,0.01024,46.5455,0.011264,170.667,0.012288,455.111,0.018432,642.51,0.052224,740.52,0.181248,753.287,0.712704,743.407,2.8887,744.992,11.5302,
0.0125,0.01024,0.0454545,0.011264,,,0.8,0.01024,3.2,0.01024,11.6364,0.011264,51.2,0.01024,170.667,0.012288,455.111,0.018432,655.36,0.0512,748.983,0.1792,752.207,0.713728,747.914,2.8713,745.058,11.5292,
0.0125,0.01024,0.05,0.01024,,,0.8,0.01024,2.90909,0.011264,11.6364,0.011264,46.5455,0.011264,170.667,0.012288,481.882,0.017408,642.51,0.052224,748.983,0.1792,754.371,0.71168,743.144,2.88973,745.19,11.5272,
0.0125,0.01024,0.05,0.01024,,,0.8,0.01024,2.90909,0.011264,10.6667,0.012288,46.5455,0.011264,157.538,0.013312,455.111,0.018432,655.36,0.0512,753.287,0.178176,753.287,0.712704,749.786,2.86413,744.992,11.5302,
0.0125,0.01024,0.0555556,0.009216,,,0.8,0.01024,3.2,0.01024,12.8,0.01024,46.5455,0.011264,170.667,0.012288,455.111,0.018432,655.36,0.0512,736.36,0.182272,751.129,0.714752,749.786,2.86413,744.661,11.5354,
0.0113636,0.011264,0.05,0.01024,,,0.8,0.01024,3.2,0.01024,11.6364,0.011264,46.5455,0.011264,170.667,0.012288,481.882,0.017408,668.735,0.050176,740.52,0.181248,756.548,0.709632,749.518,2.86515,745.058,11.5292,
0.0104167,0.012288,0.05,0.01024,,,0.8,0.01024,3.2,0.01024,11.6364,0.011264,46.5455,0.011264,157.538,0.013312,481.882,0.017408,642.51,0.052224,748.983,0.1792,755.458,0.710656,748.448,2.86925,745.124,11.5282,
0.0125,0.01024,0.05,0.01024,,,0.8,0.01024,3.2,0.01024,11.6364,0.011264,51.2,0.01024,170.667,0.012288,455.111,0.018432,668.735,0.050176,748.983,0.1792,757.642,0.708608,748.715,2.86822,744.529,11.5374,
0.0125,0.01024,0.05,0.01024,,,0.8,0.01024,3.2,0.01024,11.6364,0.011264,46.5455,0.011264,170.667,0.012288,481.882,0.017408,655.36,0.0512,744.727,0.180224,753.287,0.712704,749.518,2.86515,744.595,11.5364,
0.0125,0.01024,0.05,0.01024,,,0.727273,0.011264,3.2,0.01024,12.8,0.01024,46.5455,0.011264,170.667,0.012288,481.882,0.017408,630.154,0.053248,736.36,0.182272,753.287,0.712704,745.521,2.88051,744.86,11.5323,
0.0125,0.01024,0.05,0.01024,,,0.8,0.01024,3.2,0.01024,12.8,0.01024,46.5455,0.011264,170.667,0.012288,481.882,0.017408,655.36,0.0512,740.52,0.181248,753.287,0.712704,748.715,2.86822,745.323,11.5251,
0.0125,0.01024,0.05,0.01024,,,0.8,0.01024,3.2,0.01024,12.8,0.01024,46.5455,0.011264,170.667,0.012288,481.882,0.017408,655.36,0.0512,748.983,0.1792,753.287,0.712704,749.25,2.86618,744.926,11.5313,
0.0125,0.01024,0.0555556,0.009216,,,0.8,0.01024,3.2,0.01024,11.6364,0.011264,51.2,0.01024,170.667,0.012288,455.111,0.018432,642.51,0.052224,740.52,0.181248,754.371,0.71168,746.849,2.87539,745.257,11.5261,
0.0125,0.01024,0.05,0.01024,,,0.727273,0.011264,3.2,0.01024,11.6364,0.011264,51.2,0.01024,170.667,0.012288,455.111,0.018432,655.36,0.0512,748.983,0.1792,755.458,0.710656,745.521,2.88051,744.86,11.5323,
0.0125,0.01024,0.05,0.01024,,,0.8,0.01024,3.2,0.01024,12.8,0.01024,46.5455,0.011264,157.538,0.013312,455.111,0.018432,655.36,0.0512,748.983,0.1792,752.207,0.713728,742.881,2.89075,743.737,11.5497,
0.0125,0.01024,0.0454545,0.011264,,,0.8,0.01024,2.90909,0.011264,11.6364,0.011264,46.5455,0.011264,170.667,0.012288,455.111,0.018432,655.36,0.0512,740.52,0.181248,753.287,0.712704,746.583,2.87642,744.265,11.5415,
0.0125,0.01024,0.0416667,0.012288,,,0.727273,0.011264,2.66667,0.012288,11.6364,0.011264,46.5455,0.011264,170.667,0.012288,455.111,0.018432,668.735,0.050176,748.983,0.1792,751.129,0.714752,750.591,2.86106,714.167,12.0279,
0.0113636,0.011264,0.0454545,0.011264,,,0.727273,0.011264,2.90909,0.011264,11.6364,0.011264,46.5455,0.011264,170.667,0.012288,455.111,0.018432,655.36,0.0512,753.287,0.178176,753.287,0.712704,748.181,2.87027,715.446,12.0064,
0.0125,0.01024,0.0416667,0.012288,,,0.8,0.01024,2.66667,0.012288,11.6364,0.011264,46.5455,0.011264,157.538,0.013312,455.111,0.018432,655.36,0.0512,748.983,0.1792,754.371,0.71168,750.591,2.86106,714.046,12.03,
0.0113636,0.011264,0.0416667,0.012288,,,0.727273,0.011264,2.90909,0.011264,10.6667,0.012288,46.5455,0.011264,170.667,0.012288,455.111,0.018432,655.36,0.0512,736.36,0.182272,756.548,0.709632,748.181,2.87027,714.471,12.0228,
0.0125,0.01024,0.0454545,0.011264,,,0.8,0.01024,2.66667,0.012288,11.6364,0.011264,46.5455,0.011264,170.667,0.012288,455.111,0.018432,668.735,0.050176,744.727,0.180224,755.458,0.710656,750.323,2.86208,713.985,12.031,
0.0113636,0.011264,0.0416667,0.012288,,,0.727273,0.011264,2.90909,0.011264,11.6364,0.011264,46.5455,0.011264,170.667,0.012288,455.111,0.018432,655.36,0.0512,748.983,0.1792,754.371,0.71168,748.715,2.86822,714.106,12.0289,
0.0113636,0.011264,0.05,0.01024,,,0.8,0.01024,2.90909,0.011264,10.6667,0.012288,46.5455,0.011264,170.667,0.012288,455.111,0.018432,668.735,0.050176,740.52,0.181248,754.371,0.71168,750.86,2.86003,714.837,12.0166,
0.0125,0.01024,0.0454545,0.011264,,,0.8,0.01024,2.90909,0.011264,11.6364,0.011264,46.5455,0.011264,120.471,0.017408,455.111,0.018432,642.51,0.052224,744.727,0.180224,754.371,0.71168,747.648,2.87232,714.898,12.0156,
0.0113636,0.011264,0.0454545,0.011264,,,0.8,0.01024,2.90909,0.011264,11.6364,0.011264,46.5455,0.011264,170.667,0.012288,455.111,0.018432,668.735,0.050176,744.727,0.180224,755.458,0.710656,742.618,2.89178,714.958,12.0146,
0.0113636,0.011264,0.0454545,0.011264,,,0.727273,0.011264,3.2,0.01024,8.53333,0.01536,51.2,0.01024,157.538,0.013312,481.882,0.017408,655.36,0.0512,744.727,0.180224,753.287,0.712704,744.727,2.88358,714.898,12.0156,
0.0125,0.01024,0.0416667,0.012288,,,0.8,0.01024,3.2,0.01024,11.6364,0.011264,46.5455,0.011264,170.667,0.012288,431.158,0.019456,655.36,0.0512,748.983,0.1792,755.458,0.710656,748.181,2.87027,714.532,12.0218,
0.0125,0.01024,0.0384615,0.013312,,,0.8,0.01024,2.90909,0.011264,11.6364,0.011264,46.5455,0.011264,157.538,0.013312,455.111,0.018432,655.36,0.0512,744.727,0.180224,754.371,0.71168,750.054,2.8631,714.167,12.0279,
0.0125,0.01024,0.0416667,0.012288,,,0.888889,0.009216,2.90909,0.011264,12.8,0.01024,46.5455,0.011264,170.667,0.012288,455.111,0.018432,655.36,0.0512,757.642,0.177152,756.548,0.709632,748.983,2.8672,715.202,12.0105,
0.0113636,0.011264,0.0384615,0.013312,,,0.727273,0.011264,2.90909,0.011264,12.8,0.01024,51.2,0.01024,157.538,0.013312,455.111,0.018432,655.36,0.0512,740.52,0.181248,756.548,0.709632,750.86,2.86003,713.803,12.034,
0.0125,0.01024,0.0416667,0.012288,,,0.8,0.01024,2.90909,0.011264,11.6364,0.011264,46.5455,0.011264,170.667,0.012288,455.111,0.018432,655.36,0.0512,732.246,0.183296,756.548,0.709632,750.86,2.86003,715.019,12.0136,
0.0125,0.01024,0.0454545,0.011264,,,0.727273,0.011264,2.90909,0.011264,10.6667,0.012288,46.5455,0.011264,170.667,0.012288,455.111,0.018432,655.36,0.0512,744.727,0.180224,753.287,0.712704,750.054,2.8631,714.289,12.0259,
0.0113636,0.011264,0.05,0.01024,,,0.727273,0.011264,2.90909,0.011264,12.8,0.01024,42.6667,0.012288,157.538,0.013312,455.111,0.018432,642.51,0.052224,736.36,0.182272,757.642,0.708608,748.715,2.86822,714.715,12.0187,
0.0125,0.01024,0.0416667,0.012288,,,0.727273,0.011264,3.2,0.01024,11.6364,0.011264,46.5455,0.011264,170.667,0.012288,455.111,0.018432,655.36,0.0512,736.36,0.182272,751.129,0.714752,748.715,2.86822,720.733,11.9183,
0.0113636,0.011264,0.0416667,0.012288,,,0.727273,0.011264,2.90909,0.011264,10.6667,0.012288,36.5714,0.014336,157.538,0.013312,431.158,0.019456,642.51,0.052224,748.983,0.1792,754.371,0.71168,750.054,2.8631,745.124,11.5282,
0.0113636,0.011264,0.0384615,0.013312,,,0.727273,0.011264,2.90909,0.011264,11.6364,0.011264,46.5455,0.011264,157.538,0.013312,431.158,0.019456,642.51,0.052224,748.983,0.1792,754.371,0.71168,750.054,2.8631,744.661,11.5354,
0.0125,0.01024,0.0454545,0.011264,,,0.8,0.01024,3.2,0.01024,12.8,0.01024,46.5455,0.011264,170.667,0.012288,455.111,0.018432,668.735,0.050176,753.287,0.178176,757.642,0.708608,751.398,2.85798,745.323,11.5251,
0.0113636,0.011264,0.0454545,0.011264,,,0.8,0.01024,2.90909,0.011264,11.6364,0.011264,46.5455,0.011264,157.538,0.013312,455.111,0.018432,642.51,0.052224,740.52,0.181248,757.642,0.708608,747.648,2.87232,745.986,11.5149,
0.0125,0.01024,0.0454545,0.011264,,,0.8,0.01024,1.77778,0.018432,11.6364,0.011264,46.5455,0.011264,170.667,0.012288,455.111,0.018432,655.36,0.0512,748.983,0.1792,756.548,0.709632,749.25,2.86618,745.521,11.522,
0.0113636,0.011264,0.0454545,0.011264,,,0.727273,0.011264,2.90909,0.011264,11.6364,0.011264,46.5455,0.011264,157.538,0.013312,455.111,0.018432,642.51,0.052224,744.727,0.180224,751.129,0.714752,749.786,2.86413,745.588,11.521,
0.0113636,0.011264,0.0454545,0.011264,,,0.8,0.01024,2.90909,0.011264,10.6667,0.012288,46.5455,0.011264,170.667,0.012288,455.111,0.018432,668.735,0.050176,744.727,0.180224,753.287,0.712704,746.849,2.87539,746.118,11.5128,
0.0125,0.01024,0.0333333,0.01536,,,0.727273,0.011264,2.90909,0.011264,10.6667,0.012288,46.5455,0.011264,157.538,0.013312,455.111,0.018432,642.51,0.052224,744.727,0.180224,754.371,0.71168,743.144,2.88973,745.853,11.5169,
0.0113636,0.011264,0.0416667,0.012288,,,0.8,0.01024,2.90909,0.011264,11.6364,0.011264,42.6667,0.012288,170.667,0.012288,455.111,0.018432,642.51,0.052224,744.727,0.180224,758.738,0.707584,748.715,2.86822,745.72,11.519,
0.0125,0.01024,0.0416667,0.012288,,,0.8,0.01024,2.90909,0.011264,11.6364,0.011264,46.5455,0.011264,170.667,0.012288,431.158,0.019456,655.36,0.0512,740.52,0.181248,753.287,0.712704,748.448,2.86925,745.853,11.5169,
0.0125,0.01024,0.0416667,0.012288,,,0.8,0.01024,3.2,0.01024,10.6667,0.012288,46.5455,0.011264,170.667,0.012288,455.111,0.018432,256,0.131072,740.52,0.181248,757.642,0.708608,748.448,2.86925,745.853,11.5169,
0.0113636,0.011264,0.0416667,0.012288,,,0.8,0.01024,2.90909,0.011264,10.6667,0.012288,46.5455,0.011264,157.538,0.013312,455.111,0.018432,668.735,0.050176,736.36,0.182272,753.287,0.712704,749.786,2.86413,745.058,11.5292,
0.0125,0.01024,0.0454545,0.011264,,,0.8,0.01024,2.90909,0.011264,11.6364,0.011264,46.5455,0.011264,170.667,0.012288,455.111,0.018432,668.735,0.050176,736.36,0.182272,754.371,0.71168,747.914,2.8713,744.793,11.5333,
0.0104167,0.012288,0.0384615,0.013312,,,0.727273,0.011264,2.90909,0.011264,11.6364,0.011264,46.5455,0.011264,157.538,0.013312,455.111,0.018432,655.36,0.0512,744.727,0.180224,755.458,0.710656,747.648,2.87232,744.793,11.5333,
0.0125,0.01024,0.0454545,0.011264,,,0.8,0.01024,2.90909,0.011264,11.6364,0.011264,46.5455,0.011264,170.667,0.012288,455.111,0.018432,668.735,0.050176,748.983,0.1792,756.548,0.709632,748.715,2.86822,745.19,11.5272,
0.0113636,0.011264,0.0384615,0.013312,,,0.727273,0.011264,2.66667,0.012288,11.6364,0.011264,46.5455,0.011264,157.538,0.013312,455.111,0.018432,655.36,0.0512,744.727,0.180224,754.371,0.71168,748.715,2.86822,745.058,11.5292,
0.0125,0.01024,0.0416667,0.012288,,,0.727273,0.011264,2.90909,0.011264,11.6364,0.011264,46.5455,0.011264,157.538,0.013312,455.111,0.018432,655.36,0.0512,748.983,0.1792,757.642,0.708608,748.181,2.87027,744.661,11.5354,
0.0125,0.01024,0.0384615,0.013312,,,0.8,0.01024,2.90909,0.011264,11.6364,0.011264,46.5455,0.011264,170.667,0.012288,481.882,0.017408,668.735,0.050176,736.36,0.182272,756.548,0.709632,738.694,2.90714,745.058,11.5292,
0.0125,0.01024,0.0454545,0.011264,,,0.8,0.01024,2.66667,0.012288,12.8,0.01024,46.5455,0.011264,157.538,0.013312,455.111,0.018432,655.36,0.0512,744.727,0.180224,753.287,0.712704,745.257,2.88154,744.86,11.5323,
0.0125,0.01024,0.0454545,0.011264,,,0.727273,0.011264,2.66667,0.012288,11.6364,0.011264,42.6667,0.012288,170.667,0.012288,455.111,0.018432,655.36,0.0512,740.52,0.181248,752.207,0.713728,749.25,2.86618,744.86,11.5323,
0.0125,0.01024,0.0416667,0.012288,,,0.727273,0.011264,2.90909,0.011264,12.8,0.01024,42.6667,0.012288,170.667,0.012288,455.111,0.018432,642.51,0.052224,748.983,0.1792,755.458,0.710656,746.052,2.87846,744.397,11.5395,
0.0113636,0.011264,0.0454545,0.011264,,,0.8,0.01024,3.2,0.01024,12.8,0.01024,46.5455,0.011264,157.538,0.013312,455.111,0.018432,642.51,0.052224,740.52,0.181248,755.458,0.710656,748.983,2.8672,744.661,11.5354,
0.0113636,0.011264,0.0416667,0.012288,,,0.8,0.01024,2.90909,0.011264,11.6364,0.011264,46.5455,0.011264,170.667,0.012288,455.111,0.018432,668.735,0.050176,748.983,0.1792,756.548,0.709632,748.181,2.87027,744.926,11.5313,
0.0104167,0.012288,0.0238095,0.021504,,,0.8,0.01024,2.90909,0.011264,12.8,0.01024,46.5455,0.011264,170.667,0.012288,455.111,0.018432,655.36,0.0512,753.287,0.178176,754.371,0.71168,744.463,2.88461,745.124,11.5282,
0.0125,0.01024,0.0454545,0.011264,,,0.8,0.01024,2.66667,0.012288,11.6364,0.011264,46.5455,0.011264,157.538,0.013312,455.111,0.018432,655.36,0.0512,748.983,0.1792,756.548,0.709632,747.914,2.8713,745.389,11.5241,
0.0113636,0.011264,0.0416667,0.012288,,,0.8,0.01024,2.90909,0.011264,11.6364,0.011264,46.5455,0.011264,170.667,0.012288,455.111,0.018432,630.154,0.053248,740.52,0.181248,752.207,0.713728,747.381,2.87334,745.257,11.5261,
0.0125,0.01024,0.0416667,0.012288,,,0.8,0.01024,2.90909,0.011264,11.6364,0.011264,46.5455,0.011264,170.667,0.012288,455.111,0.018432,668.735,0.050176,753.287,0.178176,757.642,0.708608,747.381,2.87334,744.463,11.5384,
0.0125,0.01024,0.0384615,0.013312,,,0.727273,0.011264,2.90909,0.011264,12.8,0.01024,46.5455,0.011264,170.667,0.012288,455.111,0.018432,630.154,0.053248,736.36,0.182272,756.548,0.709632,744.992,2.88256,744.86,11.5323,
0.0125,0.01024,0.0454545,0.011264,,,0.8,0.01024,2.90909,0.011264,11.6364,0.011264,46.5455,0.011264,157.538,0.013312,481.882,0.017408,642.51,0.052224,753.287,0.178176,755.458,0.710656,747.648,2.87232,745.124,11.5282,
0.0113636,0.011264,0.0416667,0.012288,,,0.727273,0.011264,2.28571,0.014336,11.6364,0.011264,46.5455,0.011264,170.667,0.012288,455.111,0.018432,655.36,0.0512,740.52,0.181248,755.458,0.710656,745.787,2.87949,743.869,11.5476,
0.0125,0.01024,0.0454545,0.011264,,,0.8,0.01024,2.66667,0.012288,11.6364,0.011264,46.5455,0.011264,157.538,0.013312,455.111,0.018432,668.735,0.050176,744.727,0.180224,757.642,0.708608,747.914,2.8713,744.727,11.5343,
0.0125,0.01024,0.0416667,0.012288,,,0.727273,0.011264,3.2,0.01024,11.6364,0.011264,46.5455,0.011264,157.538,0.013312,455.111,0.018432,642.51,0.052224,744.727,0.180224,754.371,0.71168,747.648,2.87232,745.389,11.5241,
0.0125,0.01024,0.0416667,0.012288,,,0.8,0.01024,2.90909,0.011264,12.8,0.01024,46.5455,0.011264,170.667,0.012288,455.111,0.018432,655.36,0.0512,732.246,0.183296,755.458,0.710656,748.181,2.87027,745.058,11.5292,
0.0113636,0.011264,0.0454545,0.011264,,,0.727273,0.011264,2.90909,0.011264,11.6364,0.011264,46.5455,0.011264,157.538,0.013312,455.111,0.018432,642.51,0.052224,744.727,0.180224,755.458,0.710656,745.787,2.87949,744.926,11.5313,
0.0125,0.01024,0.0454545,0.011264,,,0.8,0.01024,3.2,0.01024,11.6364,0.011264,46.5455,0.011264,170.667,0.012288,455.111,0.018432,655.36,0.0512,748.983,0.1792,751.129,0.714752,746.849,2.87539,744.86,11.5323,
0.0113636,0.011264,0.0416667,0.012288,,,0.8,0.01024,3.2,0.01024,11.6364,0.011264,46.5455,0.011264,170.667,0.012288,431.158,0.019456,642.51,0.052224,744.727,0.180224,755.458,0.710656,744.992,2.88256,745.124,11.5282,
0.0125,0.01024,0.0454545,0.011264,,,0.8,0.01024,3.2,0.01024,12.8,0.01024,46.5455,0.011264,170.667,0.012288,455.111,0.018432,642.51,0.052224,744.727,0.180224,753.287,0.712704,748.181,2.87027,744.595,11.5364,
0.0125,0.01024,0.0416667,0.012288,,,0.8,0.01024,3.2,0.01024,11.6364,0.011264,46.5455,0.011264,157.538,0.013312,455.111,0.018432,655.36,0.0512,740.52,0.181248,753.287,0.712704,747.115,2.87437,745.058,11.5292,
0.0113636,0.011264,0.0384615,0.013312,,,0.8,0.01024,2.90909,0.011264,11.6364,0.011264,46.5455,0.011264,157.538,0.013312,455.111,0.018432,642.51,0.052224,748.983,0.1792,756.548,0.709632,748.448,2.86925,744.331,11.5405,
0.0113636,0.011264,0.0384615,0.013312,,,0.8,0.01024,2.90909,0.011264,11.6364,0.011264,46.5455,0.011264,157.538,0.013312,455.111,0.018432,668.735,0.050176,736.36,0.182272,752.207,0.713728,748.181,2.87027,744.397,11.5395,
0.0125,0.01024,0.0416667,0.012288,,,0.8,0.01024,2.90909,0.011264,11.6364,0.011264,46.5455,0.011264,157.538,0.013312,455.111,0.018432,642.51,0.052224,748.983,0.1792,758.738,0.707584,746.052,2.87846,744.463,11.5384,
0.0113636,0.011264,0.0416667,0.012288,,,0.727273,0.011264,3.2,0.01024,11.6364,0.011264,46.5455,0.011264,170.667,0.012288,455.111,0.018432,655.36,0.0512,740.52,0.181248,755.458,0.710656,746.317,2.87744,744.926,11.5313,
0.0125,0.01024,0.0454545,0.011264,,,0.727273,0.011264,3.2,0.01024,11.6364,0.011264,46.5455,0.011264,170.667,0.012288,431.158,0.019456,642.51,0.052224,740.52,0.181248,756.548,0.709632,747.914,2.8713,744.265,11.5415,
0.0113636,0.011264,0.0416667,0.012288,,,0.8,0.01024,3.2,0.01024,11.6364,0.011264,46.5455,0.011264,157.538,0.013312,455.111,0.018432,655.36,0.0512,736.36,0.182272,754.371,0.71168,743.671,2.88768,743.605,11.5517,
0.0125,0.01024,0.0454545,0.011264,,,0.8,0.01024,2.90909,0.011264,12.8,0.01024,46.5455,0.011264,170.667,0.012288,455.111,0.018432,668.735,0.050176,748.983,0.1792,754.371,0.71168,747.381,2.87334,743.144,11.5589,
0.0113636,0.011264,0.0454545,0.011264,,,0.533333,0.01536,2.90909,0.011264,11.6364,0.011264,46.5455,0.011264,157.538,0.013312,455.111,0.018432,655.36,0.0512,744.727,0.180224,755.458,0.710656,745.787,2.87949,743.803,11.5487,
0.0125,0.01024,0.0454545,0.011264,,,0.8,0.01024,3.2,0.01024,12.8,0.01024,46.5455,0.011264,157.538,0.013312,455.111,0.018432,655.36,0.0512,740.52,0.181248,755.458,0.710656,745.787,2.87949,743.737,11.5497,
0.0113636,0.011264,0.0454545,0.011264,,,0.727273,0.011264,2.90909,0.011264,12.8,0.01024,51.2,0.01024,170.667,0.012288,455.111,0.018432,668.735,0.050176,744.727,0.180224,755.458,0.710656,744.463,2.88461,744.133,11.5436,
0.0125,0.01024,0.0454545,0.011264,,,0.8,0.01024,2.90909,0.011264,11.6364,0.011264,46.5455,0.011264,170.667,0.012288,455.111,0.018432,642.51,0.052224,744.727,0.180224,755.458,0.710656,744.463,2.88461,743.869,11.5476,
0.0113636,0.011264,0.0454545,0.011264,,,0.470588,0.017408,2.90909,0.011264,11.6364,0.011264,36.5714,0.014336,157.538,0.013312,455.111,0.018432,668.735,0.050176,753.287,0.178176,754.371,0.71168,744.199,2.88563,743.407,11.5548,
0.0125,0.01024,0.0454545,0.011264,,,0.8,0.01024,2.90909,0.011264,12.8,0.01024,46.5455,0.011264,170.667,0.012288,455.111,0.018432,642.51,0.052224,744.727,0.180224,752.207,0.713728,746.583,2.87642,743.935,11.5466,
0.0113636,0.011264,0.0416667,0.012288,,,0.727273,0.011264,2.90909,0.011264,11.6364,0.011264,46.5455,0.011264,157.538,0.013312,455.111,0.018432,630.154,0.053248,744.727,0.180224,751.129,0.714752,747.115,2.87437,744.199,11.5425,
0.0113636,0.011264,0.0416667,0.012288,,,0.8,0.01024,2.90909,0.011264,11.6364,0.011264,46.5455,0.011264,170.667,0.012288,455.111,0.018432,655.36,0.0512,736.36,0.182272,750.054,0.715776,750.323,2.86208,744.067,11.5446,
0.0125,0.01024,0.0416667,0.012288,,,0.727273,0.011264,3.2,0.01024,12.8,0.01024,46.5455,0.011264,157.538,0.013312,431.158,0.019456,655.36,0.0512,748.983,0.1792,753.287,0.712704,750.054,2.8631,744.463,11.5384,
0.0125,0.01024,0.0454545,0.011264,,,0.8,0.01024,2.90909,0.011264,11.6364,0.011264,46.5455,0.011264,157.538,0.013312,455.111,0.018432,642.51,0.052224,744.727,0.180224,753.287,0.712704,750.054,2.8631,743.869,11.5476,
0.0113636,0.011264,0.0384615,0.013312,,,0.727273,0.011264,2.90909,0.011264,11.6364,0.011264,46.5455,0.011264,170.667,0.012288,455.111,0.018432,630.154,0.053248,736.36,0.182272,753.287,0.712704,749.25,2.86618,744.001,11.5456,
0.0113636,0.011264,0.0416667,0.012288,,,0.8,0.01024,2.90909,0.011264,12.8,0.01024,46.5455,0.011264,157.538,0.013312,455.111,0.018432,668.735,0.050176,748.983,0.1792,750.054,0.715776,749.786,2.86413,744.067,11.5446,
0.0113636,0.011264,0.0416667,0.012288,,,0.727273,0.011264,2.90909,0.011264,11.6364,0.011264,46.5455,0.011264,170.667,0.012288,455.111,0.018432,630.154,0.053248,744.727,0.180224,754.371,0.71168,748.181,2.87027,744.001,11.5456,
0.0125,0.01024,0.0454545,0.011264,,,0.727273,0.011264,2.90909,0.011264,11.6364,0.011264,46.5455,0.011264,157.538,0.013312,455.111,0.018432,668.735,0.050176,740.52,0.181248,754.371,0.71168,750.591,2.86106,743.21,11.5579,
0.0113636,0.011264,0.0454545,0.011264,,,0.8,0.01024,2.90909,0.011264,11.6364,0.011264,46.5455,0.011264,170.667,0.012288,455.111,0.018432,655.36,0.0512,740.52,0.181248,751.129,0.714752,749.786,2.86413,743.671,11.5507,
0.0125,0.01024,0.05,0.01024,,,0.8,0.01024,2.90909,0.011264,11.6364,0.011264,46.5455,0.011264,170.667,0.012288,455.111,0.018432,655.36,0.0512,748.983,0.1792,753.287,0.712704,749.786,2.86413,743.671,11.5507,
0.0125,0.01024,0.0454545,0.011264,,,0.8,0.01024,3.2,0.01024,11.6364,0.011264,46.5455,0.011264,157.538,0.013312,455.111,0.018432,642.51,0.052224,753.287,0.178176,755.458,0.710656,750.323,2.86208,743.935,11.5466,
0.0125,0.01024,0.0416667,0.012288,,,0.8,0.01024,2,0.016384,11.6364,0.011264,46.5455,0.011264,170.667,0.012288,455.111,0.018432,655.36,0.0512,740.52,0.181248,756.548,0.709632,747.648,2.87232,743.737,11.5497,
0.0113636,0.011264,0.0384615,0.013312,,,0.727273,0.011264,2.90909,0.011264,11.6364,0.011264,46.5455,0.011264,136.533,0.01536,455.111,0.018432,655.36,0.0512,740.52,0.181248,754.371,0.71168,749.25,2.86618,743.671,11.5507,
0.0125,0.01024,0.0384615,0.013312,,,0.8,0.01024,2.90909,0.011264,11.6364,0.011264,46.5455,0.011264,170.667,0.012288,455.111,0.018432,642.51,0.052224,736.36,0.182272,748.983,0.7168,747.648,2.87232,743.869,11.5476,
0.0113636,0.011264,0.0384615,0.013312,,,0.727273,0.011264,3.2,0.01024,12.8,0.01024,46.5455,0.011264,157.538,0.013312,455.111,0.018432,655.36,0.0512,753.287,0.178176,752.207,0.713728,744.199,2.88563,743.803,11.5487,
0.0125,0.01024,0.0454545,0.011264,,,0.8,0.01024,3.2,0.01024,11.6364,0.011264,46.5455,0.011264,170.667,0.012288,455.111,0.018432,642.51,0.052224,736.36,0.182272,756.548,0.709632,743.144,2.88973,744.529,11.5374,
0.0113636,0.011264,0.0416667,0.012288,,,0.727273,0.011264,3.2,0.01024,12.8,0.01024,46.5455,0.011264,157.538,0.013312,455.111,0.018432,655.36,0.0512,753.287,0.178176,757.642,0.708608,744.463,2.88461,744.331,11.5405,
0.0125,0.01024,0.0454545,0.011264,,,0.8,0.01024,3.2,0.01024,11.6364,0.011264,46.5455,0.011264,170.667,0.012288,455.111,0.018432,655.36,0.0512,744.727,0.180224,751.129,0.714752,750.054,2.8631,744.067,11.5446,
0.0113636,0.011264,0.0416667,0.012288,,,0.727273,0.011264,3.2,0.01024,11.6364,0.011264,46.5455,0.011264,157.538,0.013312,455.111,0.018432,642.51,0.052224,753.287,0.178176,756.548,0.709632,750.323,2.86208,743.869,11.5476,
0.0125,0.01024,0.0454545,0.011264,,,0.8,0.01024,2.90909,0.011264,11.6364,0.011264,46.5455,0.011264,157.538,0.013312,455.111,0.018432,655.36,0.0512,740.52,0.181248,758.738,0.707584,747.381,2.87334,744.265,11.5415,
0.0113636,0.011264,0.0416667,0.012288,,,0.727273,0.011264,3.2,0.01024,11.6364,0.011264,46.5455,0.011264,157.538,0.013312,455.111,0.018432,642.51,0.052224,748.983,0.1792,756.548,0.709632,750.591,2.86106,744.067,11.5446,
0.0113636,0.011264,0.0454545,0.011264,,,0.8,0.01024,3.2,0.01024,12.8,0.01024,46.5455,0.011264,157.538,0.013312,455.111,0.018432,642.51,0.052224,753.287,0.178176,755.458,0.710656,752.207,2.85491,743.737,11.5497,
0.0113636,0.011264,0.0416667,0.012288,,,0.727273,0.011264,3.2,0.01024,11.6364,0.011264,51.2,0.01024,170.667,0.012288,455.111,0.018432,655.36,0.0512,744.727,0.180224,757.642,0.708608,748.181,2.87027,744.529,11.5374,
0.0113636,0.011264,0.0454545,0.011264,,,0.8,0.01024,3.2,0.01024,11.6364,0.011264,46.5455,0.011264,170.667,0.012288,455.111,0.018432,668.735,0.050176,757.642,0.177152,753.287,0.712704,748.448,2.86925,744.992,11.5302,
0.0125,0.01024,0.0416667,0.012288,,,0.727273,0.011264,3.2,0.01024,11.6364,0.011264,46.5455,0.011264,170.667,0.012288,455.111,0.018432,642.51,0.052224,740.52,0.181248,756.548,0.709632,744.992,2.88256,745.389,11.5241,
0.0113636,0.011264,0.0454545,0.011264,,,0.8,0.01024,3.2,0.01024,11.6364,0.011264,46.5455,0.011264,157.538,0.013312,455.111,0.018432,655.36,0.0512,744.727,0.180224,755.458,0.710656,749.518,2.86515,744.529,11.5374,
0.0125,0.01024,0.0454545,0.011264,,,0.727273,0.011264,3.2,0.01024,10.6667,0.012288,46.5455,0.011264,170.667,0.012288,455.111,0.018432,655.36,0.0512,740.52,0.181248,757.642,0.708608,749.518,2.86515,744.926,11.5313,
0.0113636,0.011264,0.0454545,0.011264,,,0.8,0.01024,2.90909,0.011264,12.8,0.01024,46.5455,0.011264,157.538,0.013312,455.111,0.018432,655.36,0.0512,748.983,0.1792,754.371,0.71168,750.86,2.86003,744.727,11.5343,
0.0113636,0.011264,0.0454545,0.011264,,,0.8,0.01024,2.90909,0.011264,11.6364,0.011264,46.5455,0.011264,157.538,0.013312,455.111,0.018432,642.51,0.052224,744.727,0.180224,753.287,0.712704,749.786,2.86413,745.257,11.5261,
0.0113636,0.011264,0.0454545,0.011264,,,0.8,0.01024,3.2,0.01024,11.6364,0.011264,46.5455,0.011264,157.538,0.013312,455.111,0.018432,642.51,0.052224,748.983,0.1792,756.548,0.709632,750.86,2.86003,744.463,11.5384,
0.0113636,0.011264,0.05,0.01024,,,0.666667,0.012288,3.2,0.01024,11.6364,0.011264,46.5455,0.011264,157.538,0.013312,431.158,0.019456,668.735,0.050176,753.287,0.178176,752.207,0.713728,747.381,2.87334,744.133,11.5436,
0.0113636,0.011264,0.0454545,0.011264,,,0.8,0.01024,2.90909,0.011264,11.6364,0.011264,42.6667,0.012288,136.533,0.01536,409.6,0.02048,606.815,0.055296,736.36,0.182272,750.054,0.715776,743.407,2.8887,714.776,12.0177,
0.0113636,0.011264,0.0454545,0.011264,,,0.727273,0.011264,3.2,0.01024,11.6364,0.011264,46.5455,0.011264,146.286,0.014336,409.6,0.02048,606.815,0.055296,748.983,0.1792,754.371,0.71168,746.849,2.87539,714.167,12.0279,
0.0113636,0.011264,0.05,0.01024,,,0.8,0.01024,2.90909,0.011264,11.6364,0.011264,42.6667,0.012288,146.286,0.014336,431.158,0.019456,618.264,0.054272,492.752,0.272384,756.548,0.709632,745.257,2.88154,715.019,12.0136,
0.0125,0.01024,0.0454545,0.011264,,,0.727273,0.011264,3.2,0.01024,11.6364,0.011264,46.5455,0.011264,157.538,0.013312,455.111,0.018432,630.154,0.053248,740.52,0.181248,756.548,0.709632,746.317,2.87744,714.411,12.0238,
0.0113636,0.011264,0.0454545,0.011264,,,0.727273,0.011264,2.90909,0.011264,11.6364,0.011264,42.6667,0.012288,157.538,0.013312,455.111,0.018432,618.264,0.054272,748.983,0.1792,752.207,0.713728,747.381,2.87334,715.324,12.0084,
0.0125,0.01024,0.0416667,0.012288,,,0.727273,0.011264,3.2,0.01024,11.6364,0.011264,42.6667,0.012288,157.538,0.013312,409.6,0.02048,642.51,0.052224,748.983,0.1792,755.458,0.710656,746.052,2.87846,714.228,12.0269,
0.0113636,0.011264,0.0454545,0.011264,,,0.727273,0.011264,2.90909,0.011264,12.8,0.01024,46.5455,0.011264,146.286,0.014336,431.158,0.019456,630.154,0.053248,748.983,0.1792,755.458,0.710656,742.881,2.89075,714.411,12.0238,
0.0125,0.01024,0.0454545,0.011264,,,0.8,0.01024,2.90909,0.011264,11.6364,0.011264,46.5455,0.011264,146.286,0.014336,431.158,0.019456,642.51,0.052224,740.52,0.181248,752.207,0.713728,746.583,2.87642,714.715,12.0187,
0.0113636,0.011264,0.05,0.01024,,,0.8,0.01024,2.90909,0.011264,11.6364,0.011264,42.6667,0.012288,157.538,0.013312,431.158,0.019456,642.51,0.052224,740.52,0.181248,758.738,0.707584,747.381,2.87334,714.35,12.0248,
0.0125,0.01024,0.05,0.01024,,,0.8,0.01024,2.90909,0.011264,11.6364,0.011264,46.5455,0.011264,146.286,0.014336,431.158,0.019456,606.815,0.055296,748.983,0.1792,753.287,0.712704,743.935,2.88666,714.106,12.0289,
0.0125,0.01024,0.05,0.01024,,,0.8,0.01024,2.66667,0.012288,11.6364,0.011264,46.5455,0.011264,136.533,0.01536,431.158,0.019456,630.154,0.053248,748.983,0.1792,753.287,0.712704,742.881,2.89075,713.985,12.031,
0.0113636,0.011264,0.0454545,0.011264,,,0.727273,0.011264,2.90909,0.011264,11.6364,0.011264,42.6667,0.012288,128,0.016384,431.158,0.019456,574.877,0.058368,744.727,0.180224,756.548,0.709632,746.317,2.87744,714.411,12.0238,
0.0125,0.01024,0.0454545,0.011264,,,0.8,0.01024,2.90909,0.011264,11.6364,0.011264,42.6667,0.012288,136.533,0.01536,431.158,0.019456,618.264,0.054272,753.287,0.178176,756.548,0.709632,745.521,2.88051,714.411,12.0238,
0.0113636,0.011264,0.0416667,0.012288,,,0.727273,0.011264,2.90909,0.011264,11.6364,0.011264,46.5455,0.011264,146.286,0.014336,431.158,0.019456,630.154,0.053248,748.983,0.1792,756.548,0.709632,746.849,2.87539,713.62,12.0371,
0.0125,0.01024,0.0454545,0.011264,,,0.8,0.01024,2.90909,0.011264,11.6364,0.011264,42.6667,0.012288,146.286,0.014336,431.158,0.019456,642.51,0.052224,748.983,0.1792,754.371,0.71168,748.181,2.87027,714.167,12.0279,
0.0113636,0.011264,0.0454545,0.011264,,,0.727273,0.011264,2.90909,0.011264,11.6364,0.011264,42.6667,0.012288,146.286,0.014336,431.158,0.019456,630.154,0.053248,744.727,0.180224,753.287,0.712704,750.591,2.86106,713.742,12.0351,
0.0113636,0.011264,0.0454545,0.011264,,,0.8,0.01024,2.90909,0.011264,11.6364,0.011264,42.6667,0.012288,146.286,0.014336,431.158,0.019456,630.154,0.053248,736.36,0.182272,754.371,0.71168,747.648,2.87232,713.924,12.032,
0.0113636,0.011264,0.0454545,0.011264,,,0.8,0.01024,3.2,0.01024,11.6364,0.011264,46.5455,0.011264,146.286,0.014336,431.158,0.019456,618.264,0.054272,736.36,0.182272,756.548,0.709632,750.054,2.8631,713.924,12.032,
0.0125,0.01024,0.05,0.01024,,,0.8,0.01024,2.90909,0.011264,12.8,0.01024,46.5455,0.011264,146.286,0.014336,431.158,0.019456,618.264,0.054272,744.727,0.180224,756.548,0.709632,749.786,2.86413,713.985,12.031,
0.0113636,0.011264,0.0454545,0.011264,,,0.727273,0.011264,3.2,0.01024,10.6667,0.012288,46.5455,0.011264,157.538,0.013312,431.158,0.019456,630.154,0.053248,732.246,0.183296,753.287,0.712704,748.715,2.86822,719.62,11.9368,
0.0125,0.01024,0.05,0.01024,,,0.8,0.01024,2.90909,0.011264,11.6364,0.011264,42.6667,0.012288,136.533,0.01536,455.111,0.018432,630.154,0.053248,732.246,0.183296,758.738,0.707584,749.786,2.86413,743.671,11.5507,
0.0113636,0.011264,0.05,0.01024,,,0.727273,0.011264,2.90909,0.011264,11.6364,0.011264,46.5455,0.011264,146.286,0.014336,431.158,0.019456,630.154,0.053248,744.727,0.180224,754.371,0.71168,749.518,2.86515,744.793,11.5333,
0.0125,0.01024,0.05,0.01024,,,0.8,0.01024,2.90909,0.011264,11.6364,0.011264,46.5455,0.011264,157.538,0.013312,431.158,0.019456,618.264,0.054272,736.36,0.182272,752.207,0.713728,748.715,2.86822,745.124,11.5282,
0.0113636,0.011264,0.0416667,0.012288,,,0.727273,0.011264,2.90909,0.011264,11.6364,0.011264,42.6667,0.012288,157.538,0.013312,431.158,0.019456,630.154,0.053248,744.727,0.180224,752.207,0.713728,739.736,2.90304,744.463,11.5384,
0.0113636,0.011264,0.05,0.01024,,,0.727273,0.011264,2.90909,0.011264,11.6364,0.011264,42.6667,0.012288,146.286,0.014336,431.158,0.019456,642.51,0.052224,744.727,0.180224,756.548,0.709632,748.983,2.8672,743.869,11.5476,
0.0125,0.01024,0.0416667,0.012288,,,0.8,0.01024,2.90909,0.011264,11.6364,0.011264,46.5455,0.011264,157.538,0.013312,431.158,0.019456,606.815,0.055296,744.727,0.180224,753.287,0.712704,749.25,2.86618,744.529,11.5374,
0.0125,0.01024,0.05,0.01024,,,0.8,0.01024,2.90909,0.011264,11.6364,0.011264,42.6667,0.012288,157.538,0.013312,431.158,0.019456,618.264,0.054272,744.727,0.180224,759.838,0.70656,749.25,2.86618,744.793,11.5333,
0.0113636,0.011264,0.0454545,0.011264,,,0.8,0.01024,2.90909,0.011264,11.6364,0.011264,42.6667,0.012288,146.286,0.014336,409.6,0.02048,167.184,0.200704,748.983,0.1792,756.548,0.709632,749.25,2.86618,744.926,11.5313,
0.0125,0.01024,0.05,0.01024,,,0.8,0.01024,2.90909,0.011264,11.6364,0.011264,46.5455,0.011264,136.533,0.01536,431.158,0.019456,595.782,0.05632,744.727,0.180224,754.371,0.71168,748.983,2.8672,744.397,11.5395,
0.0113636,0.011264,0.0454545,0.011264,,,0.727273,0.011264,3.2,0.01024,11.6364,0.011264,46.5455,0.011264,97.5238,0.021504,431.158,0.019456,606.815,0.055296,757.642,0.177152,755.458,0.710656,745.521,2.88051,744.86,11.5323,
0.0125,0.01024,0.05,0.01024,,,0.8,0.01024,2.90909,0.011264,11.6364,0.011264,46.5455,0.011264,128,0.016384,327.68,0.0256,630.154,0.053248,744.727,0.180224,758.738,0.707584,748.448,2.86925,743.737,11.5497,
0.0104167,0.012288,0.0454545,0.011264,,,0.727273,0.011264,2.90909,0.011264,11.6364,0.011264,46.5455,0.011264,136.533,0.01536,431.158,0.019456,606.815,0.055296,744.727,0.180224,756.548,0.709632,750.591,2.86106,743.737,11.5497,
0.0113636,0.011264,0.05,0.01024,,,0.727273,0.011264,2.90909,0.011264,11.6364,0.011264,42.6667,0.012288,136.533,0.01536,409.6,0.02048,630.154,0.053248,744.727,0.180224,753.287,0.712704,749.786,2.86413,744.331,11.5405,
0.0125,0.01024,0.0454545,0.011264,,,0.8,0.01024,2.90909,0.011264,11.6364,0.011264,42.6667,0.012288,136.533,0.01536,431.158,0.019456,618.264,0.054272,744.727,0.180224,753.287,0.712704,751.129,2.85901,744.397,11.5395,
0.0113636,0.011264,0.0384615,0.013312,,,0.8,0.01024,2.90909,0.011264,11.6364,0.011264,46.5455,0.011264,146.286,0.014336,431.158,0.019456,618.264,0.054272,740.52,0.181248,754.371,0.71168,748.715,2.86822,744.265,11.5415,
0.0113636,0.011264,0.05,0.01024,,,0.727273,0.011264,3.2,0.01024,11.6364,0.011264,42.6667,0.012288,146.286,0.014336,431.158,0.019456,606.815,0.055296,748.983,0.1792,755.458,0.710656,748.715,2.86822,743.737,11.5497,
0.0125,0.01024,0.0454545,0.011264,,,0.8,0.01024,2.90909,0.011264,11.6364,0.011264,46.5455,0.011264,146.286,0.014336,431.158,0.019456,618.264,0.054272,740.52,0.181248,755.458,0.710656,744.992,2.88256,744.001,11.5456,
0.0113636,0.011264,0.0454545,0.011264,,,0.727273,0.011264,2.90909,0.011264,10.6667,0.012288,46.5455,0.011264,136.533,0.01536,431.158,0.019456,642.51,0.052224,744.727,0.180224,755.458,0.710656,750.054,2.8631,743.671,11.5507,
0.0125,0.01024,0.05,0.01024,,,0.8,0.01024,2.90909,0.011264,11.6364,0.011264,42.6667,0.012288,146.286,0.014336,431.158,0.019456,630.154,0.053248,748.983,0.1792,748.983,0.7168,743.671,2.88768,743.803,11.5487,
0.0113636,0.011264,0.0454545,0.011264,,,0.727273,0.011264,2.46154,0.013312,10.6667,0.012288,42.6667,0.012288,146.286,0.014336,431.158,0.019456,618.264,0.054272,740.52,0.181248,753.287,0.712704,749.518,2.86515,743.869,11.5476,
0.0125,0.01024,0.05,0.01024,,,0.8,0.01024,2.90909,0.011264,11.6364,0.011264,46.5455,0.011264,146.286,0.014336,431.158,0.019456,618.264,0.054272,748.983,0.1792,753.287,0.712704,750.054,2.8631,743.737,11.5497,
0.0113636,0.011264,0.0416667,0.012288,,,0.727273,0.011264,3.2,0.01024,11.6364,0.011264,46.5455,0.011264,146.286,0.014336,409.6,0.02048,630.154,0.053248,748.983,0.1792,754.371,0.71168,749.786,2.86413,744.133,11.5436,
0.0113636,0.011264,0.05,0.01024,,,0.8,0.01024,2.90909,0.011264,11.6364,0.011264,42.6667,0.012288,146.286,0.014336,431.158,0.019456,630.154,0.053248,753.287,0.178176,753.287,0.712704,750.323,2.86208,743.935,11.5466,
0.0125,0.01024,0.0454545,0.011264,,,0.727273,0.011264,2.90909,0.011264,11.6364,0.011264,46.5455,0.011264,146.286,0.014336,431.158,0.019456,642.51,0.052224,744.727,0.180224,753.287,0.712704,750.054,2.8631,743.539,11.5528,
0.0125,0.01024,0.05,0.01024,,,0.8,0.01024,2.90909,0.011264,11.6364,0.011264,42.6667,0.012288,157.538,0.013312,431.158,0.019456,630.154,0.053248,740.52,0.181248,755.458,0.710656,751.129,2.85901,744.199,11.5425,
0.0113636,0.011264,0.0454545,0.011264,,,0.727273,0.011264,2.90909,0.011264,11.6364,0.011264,39.3846,0.013312,146.286,0.014336,409.6,0.02048,630.154,0.053248,740.52,0.181248,755.458,0.710656,746.849,2.87539,743.935,11.5466,
0.0125,0.01024,0.05,0.01024,,,0.8,0.01024,2.90909,0.011264,11.6364,0.011264,42.6667,0.012288,146.286,0.014336,431.158,0.019456,630.154,0.053248,753.287,0.178176,755.458,0.710656,748.181,2.87027,743.869,11.5476,
0.0113636,0.011264,0.05,0.01024,,,0.8,0.01024,2.90909,0.011264,11.6364,0.011264,46.5455,0.011264,136.533,0.01536,431.158,0.019456,630.154,0.053248,753.287,0.178176,756.548,0.709632,748.448,2.86925,743.803,11.5487,
0.0125,0.01024,0.0454545,0.011264,,,0.727273,0.011264,2.90909,0.011264,11.6364,0.011264,42.6667,0.012288,146.286,0.014336,431.158,0.019456,606.815,0.055296,753.287,0.178176,757.642,0.708608,747.648,2.87232,745.058,11.5292,
0.0113636,0.011264,0.05,0.01024,,,0.8,0.01024,2.90909,0.011264,11.6364,0.011264,46.5455,0.011264,146.286,0.014336,431.158,0.019456,618.264,0.054272,740.52,0.181248,753.287,0.712704,747.914,2.8713,744.661,11.5354,
0.0125,0.01024,0.05,0.01024,,,0.8,0.01024,2.90909,0.011264,11.6364,0.011264,42.6667,0.012288,136.533,0.01536,409.6,0.02048,618.264,0.054272,740.52,0.181248,756.548,0.709632,751.398,2.85798,744.529,11.5374,
0.0113636,0.011264,0.0454545,0.011264,,,0.727273,0.011264,3.2,0.01024,11.6364,0.011264,46.5455,0.011264,136.533,0.01536,431.158,0.019456,630.154,0.053248,748.983,0.1792,754.371,0.71168,746.052,2.87846,744.067,11.5446,
0.0125,0.01024,0.05,0.01024,,,0.8,0.01024,2.90909,0.011264,11.6364,0.011264,46.5455,0.011264,157.538,0.013312,431.158,0.019456,630.154,0.053248,753.287,0.178176,753.287,0.712704,745.521,2.88051,744.529,11.5374,
0.0113636,0.011264,0.0454545,0.011264,,,0.727273,0.011264,3.2,0.01024,11.6364,0.011264,46.5455,0.011264,146.286,0.014336,431.158,0.019456,618.264,0.054272,744.727,0.180224,756.548,0.709632,748.715,2.86822,744.727,11.5343,
0.0125,0.01024,0.05,0.01024,,,0.8,0.01024,2.90909,0.011264,11.6364,0.011264,42.6667,0.012288,157.538,0.013312,409.6,0.02048,642.51,0.052224,748.983,0.1792,753.287,0.712704,751.398,2.85798,745.124,11.5282,
0.0113636,0.011264,0.0454545,0.011264,,,0.727273,0.011264,2.90909,0.011264,11.6364,0.011264,46.5455,0.011264,136.533,0.01536,431.158,0.019456,618.264,0.054272,744.727,0.180224,754.371,0.71168,750.591,2.86106,744.529,11.5374,
0.0125,0.01024,0.0454545,0.011264,,,0.8,0.01024,2.90909,0.011264,11.6364,0.011264,42.6667,0.012288,136.533,0.01536,431.158,0.019456,618.264,0.054272,744.727,0.180224,753.287,0.712704,750.591,2.86106,744.529,11.5374,
0.0113636,0.011264,0.05,0.01024,,,0.727273,0.011264,2.90909,0.011264,11.6364,0.011264,42.6667,0.012288,136.533,0.01536,431.158,0.019456,618.264,0.054272,744.727,0.180224,755.458,0.710656,750.323,2.86208,744.727,11.5343,
0.0125,0.01024,0.05,0.01024,,,0.8,0.01024,2.90909,0.011264,11.6364,0.011264,46.5455,0.011264,157.538,0.013312,431.158,0.019456,618.264,0.054272,748.983,0.1792,756.548,0.709632,746.849,2.87539,744.463,11.5384,
0.0113636,0.011264,0.05,0.01024,,,0.8,0.01024,3.2,0.01024,11.6364,0.011264,42.6667,0.012288,146.286,0.014336,431.158,0.019456,618.264,0.054272,744.727,0.180224,754.371,0.71168,745.787,2.87949,745.323,11.5251,
0.0125,0.01024,0.0454545,0.011264,,,0.727273,0.011264,2.90909,0.011264,11.6364,0.011264,46.5455,0.011264,157.538,0.013312,431.158,0.019456,630.154,0.053248,744.727,0.180224,757.642,0.708608,747.914,2.8713,744.86,11.5323,
0.0113636,0.011264,0.0454545,0.011264,,,0.727273,0.011264,2.90909,0.011264,10.6667,0.012288,42.6667,0.012288,146.286,0.014336,431.158,0.019456,642.51,0.052224,744.727,0.180224,754.371,0.71168,749.786,2.86413,744.926,11.5313,
0.0125,0.01024,0.05,0.01024,,,0.727273,0.011264,2.90909,0.011264,11.6364,0.011264,46.5455,0.011264,146.286,0.014336,431.158,0.019456,630.154,0.053248,744.727,0.180224,753.287,0.712704,751.129,2.85901,745.124,11.5282,
0.0125,0.01024,0.0454545,0.011264,,,0.8,0.01024,3.2,0.01024,11.6364,0.011264,42.6667,0.012288,146.286,0.014336,431.158,0.019456,642.51,0.052224,753.287,0.178176,756.548,0.709632,750.591,2.86106,744.529,11.5374,
0.0125,0.01024,0.05,0.01024,,,0.8,0.01024,2.90909,0.011264,11.6364,0.011264,46.5455,0.011264,146.286,0.014336,409.6,0.02048,606.815,0.055296,748.983,0.1792,753.287,0.712704,747.381,2.87334,745.058,11.5292,
0.0113636,0.011264,0.0454545,0.011264,,,0.8,0.01024,2.90909,0.011264,12.8,0.01024,46.5455,0.011264,136.533,0.01536,455.111,0.018432,606.815,0.055296,744.727,0.180224,755.458,0.710656,748.448,2.86925,744.595,11.5364,
0.0125,0.01024,0.05,0.01024,,,0.727273,0.011264,2.90909,0.011264,11.6364,0.011264,42.6667,0.012288,136.533,0.01536,455.111,0.018432,630.154,0.053248,748.983,0.1792,753.287,0.712704,748.181,2.87027,745.323,11.5251,
0.0113636,0.011264,0.0454545,0.011264,,,0.727273,0.011264,2.90909,0.011264,11.6364,0.011264,42.6667,0.012288,136.533,0.01536,431.158,0.019456,630.154,0.053248,744.727,0.180224,754.371,0.71168,750.591,2.86106,745.058,11.5292,
0.0113636,0.011264,0.05,0.01024,,,0.8,0.01024,2.90909,0.011264,11.6364,0.011264,46.5455,0.011264,136.533,0.01536,431.158,0.019456,642.51,0.052224,740.52,0.181248,752.207,0.713728,750.323,2.86208,744.86,11.5323,
0.0125,0.01024,0.05,0.01024,,,0.727273,0.011264,2.90909,0.011264,10.6667,0.012288,42.6667,0.012288,157.538,0.013312,455.111,0.018432,630.154,0.053248,753.287,0.178176,756.548,0.709632,747.648,2.87232,744.463,11.5384,
0.0113636,0.011264,0.05,0.01024,,,0.727273,0.011264,2.90909,0.011264,11.6364,0.011264,46.5455,0.011264,136.533,0.01536,455.111,0.018432,630.154,0.053248,748.983,0.1792,753.287,0.712704,751.667,2.85696,745.654,11.52,
0.0125,0.01024,0.0454545,0.011264,,,0.8,0.01024,2.90909,0.011264,11.6364,0.011264,42.6667,0.012288,146.286,0.014336,431.158,0.019456,618.264,0.054272,748.983,0.1792,754.371,0.71168,749.786,2.86413,745.124,11.5282,
0.0125,0.01024,0.05,0.01024,,,0.727273,0.011264,2.90909,0.011264,11.6364,0.011264,46.5455,0.011264,136.533,0.01536,431.158,0.019456,606.815,0.055296,744.727,0.180224,753.287,0.712704,747.914,2.8713,744.86,11.5323,
0.0113636,0.011264,0.0454545,0.011264,,,0.8,0.01024,2.90909,0.011264,11.6364,0.011264,46.5455,0.011264,136.533,0.01536,431.158,0.019456,630.154,0.053248,744.727,0.180224,758.738,0.707584,748.181,2.87027,745.124,11.5282,
0.0125,0.01024,0.0454545,0.011264,,,0.8,0.01024,3.2,0.01024,12.8,0.01024,42.6667,0.012288,157.538,0.013312,431.158,0.019456,642.51,0.052224,748.983,0.1792,750.054,0.715776,749.786,2.86413,744.926,11.5313,
0.0113636,0.011264,0.0454545,0.011264,,,0.727273,0.011264,2.90909,0.011264,11.6364,0.011264,46.5455,0.011264,136.533,0.01536,431.158,0.019456,630.154,0.053248,744.727,0.180224,754.371,0.71168,749.518,2.86515,744.793,11.5333,
0.0125,0.01024,0.05,0.01024,,,0.8,0.01024,2.90909,0.011264,11.6364,0.011264,42.6667,0.012288,157.538,0.013312,431.158,0.019456,642.51,0.052224,753.287,0.178176,753.287,0.712704,742.881,2.89075,745.124,11.5282,
0.0113636,0.011264,0.05,0.01024,,,0.727273,0.011264,2.90909,0.011264,11.6364,0.011264,46.5455,0.011264,136.533,0.01536,431.158,0.019456,630.154,0.053248,736.36,0.182272,754.371,0.71168,745.257,2.88154,745.124,11.5282,
0.0113636,0.011264,0.0454545,0.011264,,,0.8,0.01024,2.90909,0.011264,11.6364,0.011264,46.5455,0.011264,157.538,0.013312,431.158,0.019456,642.51,0.052224,740.52,0.181248,756.548,0.709632,748.983,2.8672,744.199,11.5425,
0.0113636,0.011264,0.05,0.01024,,,0.727273,0.011264,2.90909,0.011264,10.6667,0.012288,42.6667,0.012288,146.286,0.014336,431.158,0.019456,630.154,0.053248,740.52,0.181248,753.287,0.712704,749.786,2.86413,744.926,11.5313,
0.0113636,0.011264,0.0454545,0.011264,,,0.8,0.01024,2.90909,0.011264,12.8,0.01024,46.5455,0.011264,146.286,0.014336,431.158,0.019456,606.815,0.055296,753.287,0.178176,755.458,0.710656,751.129,2.85901,744.926,11.5313,
0.0113636,0.011264,0.0454545,0.011264,,,0.727273,0.011264,2.90909,0.011264,11.6364,0.011264,42.6667,0.012288,102.4,0.02048,431.158,0.019456,606.815,0.055296,753.287,0.178176,756.548,0.709632,750.591,2.86106,745.124,11.5282,
0.0125,0.01024,0.05,0.01024,,,0.727273,0.011264,2.90909,0.011264,11.6364,0.011264,42.6667,0.012288,136.533,0.01536,455.111,0.018432,630.154,0.053248,732.246,0.183296,755.458,0.710656,747.914,2.8713,744.529,11.5374,
0.0113636,0.011264,0.0454545,0.011264,,,0.8,0.01024,2.90909,0.011264,11.6364,0.011264,42.6667,0.012288,136.533,0.01536,431.158,0.019456,618.264,0.054272,744.727,0.180224,754.371,0.71168,749.25,2.86618,744.793,11.5333,
0.0125,0.01024,0.0454545,0.011264,,,0.8,0.01024,2.90909,0.011264,11.6364,0.011264,42.6667,0.012288,136.533,0.01536,431.158,0.019456,618.264,0.054272,744.727,0.180224,755.458,0.710656,750.323,2.86208,744.926,11.5313,
0.0113636,0.011264,0.0454545,0.011264,,,0.727273,0.011264,2.90909,0.011264,11.6364,0.011264,46.5455,0.011264,136.533,0.01536,431.158,0.019456,630.154,0.053248,740.52,0.181248,756.548,0.709632,751.398,2.85798,745.124,11.5282,
0.0125,0.01024,0.05,0.01024,,,0.727273,0.011264,2.90909,0.011264,11.6364,0.011264,46.5455,0.011264,136.533,0.01536,455.111,0.018432,630.154,0.053248,753.287,0.178176,756.548,0.709632,747.914,2.8713,745.124,11.5282,
0.0113636,0.011264,0.0454545,0.011264,,,0.8,0.01024,3.2,0.01024,11.6364,0.011264,46.5455,0.011264,136.533,0.01536,431.158,0.019456,630.154,0.053248,740.52,0.181248,755.458,0.710656,748.983,2.8672,745.124,11.5282,
0.0113636,0.011264,0.05,0.01024,,,0.8,0.01024,2.90909,0.011264,11.6364,0.011264,42.6667,0.012288,146.286,0.014336,455.111,0.018432,595.782,0.05632,748.983,0.1792,757.642,0.708608,749.518,2.86515,745.455,11.5231,
0.0125,0.01024,0.0454545,0.011264,,,0.727273,0.011264,2.90909,0.011264,11.6364,0.011264,46.5455,0.011264,136.533,0.01536,431.158,0.019456,606.815,0.055296,744.727,0.180224,752.207,0.713728,747.381,2.87334,744.926,11.5313,
0.0113636,0.011264,0.05,0.01024,,,0.8,0.01024,3.2,0.01024,11.6364,0.011264,46.5455,0.011264,128,0.016384,409.6,0.02048,630.154,0.053248,740.52,0.181248,754.371,0.71168,750.591,2.86106,744.265,11.5415,
0.0125,0.01024,0.0454545,0.011264,,,0.727273,0.011264,2.90909,0.011264,11.6364,0.011264,42.6667,0.012288,146.286,0.014336,431.158,0.019456,618.264,0.054272,744.727,0.180224,756.548,0.709632,749.25,2.86618,744.926,11.5313,
0.0113636,0.011264,0.0454545,0.011264,,,0.8,0.01024,2.90909,0.011264,11.6364,0.011264,46.5455,0.011264,157.538,0.013312,409.6,0.02048,642.51,0.052224,748.983,0.1792,753.287,0.712704,750.591,2.86106,744.595,11.5364,
0.0113636,0.011264,0.0454545,0.011264,,,0.727273,0.011264,2.90909,0.011264,11.6364,0.011264,46.5455,0.011264,136.533,0.01536,431.158,0.019456,630.154,0.053248,732.246,0.183296,755.458,0.710656,748.715,2.86822,744.727,11.5343,
0.0125,0.01024,0.0454545,0.011264,,,0.8,0.01024,2.90909,0.011264,11.6364,0.011264,42.6667,0.012288,146.286,0.014336,431.158,0.019456,668.735,0.050176,748.983,0.1792,756.548,0.709632,750.323,2.86208,744.727,11.5343,
0.0113636,0.011264,0.05,0.01024,,,0.727273,0.011264,2.90909,0.011264,9.84615,0.013312,46.5455,0.011264,146.286,0.014336,431.158,0.019456,642.51,0.052224,748.983,0.1792,755.458,0.710656,747.381,2.87334,744.992,11.5302,
0.0113636,0.011264,0.05,0.01024,,,0.8,0.01024,2.90909,0.011264,10.6667,0.012288,46.5455,0.011264,157.538,0.013312,431.158,0.019456,642.51,0.052224,753.287,0.178176,754.371,0.71168,748.983,2.8672,744.793,11.5333,
0.0113636,0.011264,0.0454545,0.011264,,,0.8,0.01024,2.90909,0.011264,11.6364,0.011264,42.6667,0.012288,157.538,0.013312,431.158,0.019456,630.154,0.053248,740.52,0.181248,755.458,0.710656,750.323,2.86208,745.72,11.519,
0.0125,0.01024,0.05,0.01024,,,0.727273,0.011264,2.90909,0.011264,11.6364,0.011264,46.5455,0.011264,146.286,0.014336,431.158,0.019456,642.51,0.052224,753.287,0.178176,754.371,0.71168,748.715,2.86822,745.124,11.5282,
0.0113636,0.011264,0.0454545,0.011264,,,0.8,0.01024,3.2,0.01024,11.6364,0.011264,46.5455,0.011264,136.533,0.01536,372.364,0.022528,642.51,0.052224,744.727,0.180224,758.738,0.707584,748.715,2.86822,745.19,11.5272,
0.0125,0.01024,0.05,0.01024,,,0.888889,0.009216,3.2,0.01024,12.8,0.01024,51.2,0.01024,170.667,0.012288,481.882,0.017408,655.36,0.0512,740.52,0.181248,747.914,0.717824,746.849,2.87539,713.499,12.0392,
0.0125,0.01024,0.0555556,0.009216,,,0.8,0.01024,3.55556,0.009216,12.8,0.01024,51.2,0.01024,186.182,0.011264,512,0.016384,655.36,0.0512,748.983,0.1792,754.371,0.71168,750.054,2.8631,712.953,12.0484,
0.0138889,0.009216,0.0555556,0.009216,,,0.888889,0.009216,3.55556,0.009216,12.8,0.01024,51.2,0.01024,186.182,0.011264,512,0.016384,655.36,0.0512,748.983,0.1792,753.287,0.712704,747.115,2.87437,713.378,12.0412,
0.0138889,0.009216,0.05,0.01024,,,0.888889,0.009216,3.2,0.01024,14.2222,0.009216,46.5455,0.011264,186.182,0.011264,512,0.016384,642.51,0.052224,744.727,0.180224,753.287,0.712704,745.787,2.87949,713.256,12.0433,
0.0125,0.01024,0.05,0.01024,,,0.8,0.01024,3.55556,0.009216,14.2222,0.009216,51.2,0.01024,170.667,0.012288,512,0.016384,630.154,0.053248,740.52,0.181248,756.548,0.709632,749.518,2.86515,712.953,12.0484,
0.0138889,0.009216,0.05,0.01024,,,0.888889,0.009216,3.55556,0.009216,12.8,0.01024,51.2,0.01024,186.182,0.011264,512,0.016384,630.154,0.053248,744.727,0.180224,754.371,0.71168,746.849,2.87539,713.499,12.0392,
0.0138889,0.009216,0.0555556,0.009216,,,0.888889,0.009216,3.55556,0.009216,14.2222,0.009216,46.5455,0.011264,186.182,0.011264,512,0.016384,642.51,0.052224,744.727,0.180224,755.458,0.710656,751.398,2.85798,713.803,12.034,
0.0125,0.01024,0.0555556,0.009216,,,0.888889,0.009216,3.55556,0.009216,12.8,0.01024,51.2,0.01024,186.182,0.011264,512,0.016384,642.51,0.052224,740.52,0.181248,756.548,0.709632,750.323,2.86208,713.499,12.0392,
0.0138889,0.009216,0.0555556,0.009216,,,0.888889,0.009216,3.55556,0.009216,12.8,0.01024,51.2,0.01024,170.667,0.012288,512,0.016384,655.36,0.0512,740.52,0.181248,754.371,0.71168,750.591,2.86106,715.141,12.0115,
0.0138889,0.009216,0.05,0.01024,,,0.888889,0.009216,3.55556,0.009216,12.8,0.01024,51.2,0.01024,186.182,0.011264,512,0.016384,630.154,0.053248,744.727,0.180224,756.548,0.709632,749.786,2.86413,715.08,12.0125,
0.0138889,0.009216,0.0555556,0.009216,,,0.8,0.01024,3.55556,0.009216,14.2222,0.009216,51.2,0.01024,186.182,0.011264,481.882,0.017408,630.154,0.053248,744.727,0.180224,754.371,0.71168,749.786,2.86413,715.08,12.0125,
0.0138889,0.009216,0.05,0.01024,,,0.888889,0.009216,3.2,0.01024,12.8,0.01024,51.2,0.01024,186.182,0.011264,512,0.016384,655.36,0.0512,740.52,0.181248,753.287,0.712704,749.786,2.86413,715.141,12.0115,
0.0125,0.01024,0.0555556,0.009216,,,0.888889,0.009216,3.2,0.01024,14.2222,0.009216,51.2,0.01024,170.667,0.012288,512,0.016384,630.154,0.053248,744.727,0.180224,753.287,0.712704,750.323,2.86208,715.385,12.0074,
0.0125,0.01024,0.05,0.01024,,,0.8,0.01024,3.55556,0.009216,12.8,0.01024,51.2,0.01024,170.667,0.012288,512,0.016384,618.264,0.054272,744.727,0.180224,756.548,0.709632,747.914,2.8713,714.898,12.0156,
0.0138889,0.009216,0.05,0.01024,,,0.888889,0.009216,3.55556,0.009216,14.2222,0.009216,51.2,0.01024,186.182,0.011264,512,0.016384,171.56,0.195584,744.727,0.180224,739.475,0.726016,748.448,2.86925,714.837,12.0166,
0.0138889,0.009216,0.05,0.01024,,,0.888889,0.009216,3.55556,0.009216,12.8,0.01024,46.5455,0.011264,186.182,0.011264,512,0.016384,630.154,0.053248,748.983,0.1792,754.371,0.71168,747.115,2.87437,714.532,12.0218,
0.0138889,0.009216,0.0555556,0.009216,,,0.888889,0.009216,3.55556,0.009216,12.8,0.01024,51.2,0.01024,170.667,0.012288,512,0.016384,642.51,0.052224,744.727,0.180224,756.548,0.709632,751.398,2.85798,714.411,12.0238,
0.0138889,0.009216,0.0555556,0.009216,,,0.888889,0.009216,3.55556,0.009216,12.8,0.01024,46.5455,0.011264,186.182,0.011264,512,0.016384,630.154,0.053248,736.36,0.182272,754.371,0.71168,750.591,2.86106,714.898,12.0156,
0.0138889,0.009216,0.0555556,0.009216,,,0.888889,0.009216,3.2,0.01024,14.2222,0.009216,51.2,0.01024,186.182,0.011264,512,0.016384,630.154,0.053248,748.983,0.1792,756.548,0.709632,748.181,2.87027,715.141,12.0115,
0.0125,0.01024,0.05,0.01024,,,0.8,0.01024,3.55556,0.009216,12.8,0.01024,51.2,0.01024,186.182,0.011264,481.882,0.017408,655.36,0.0512,740.52,0.181248,755.458,0.710656,744.463,2.88461,714.837,12.0166,
0.0138889,0.009216,0.0555556,0.009216,,,0.888889,0.009216,3.55556,0.009216,12.8,0.01024,46.5455,0.011264,186.182,0.011264,512,0.016384,642.51,0.052224,748.983,0.1792,752.207,0.713728,742.618,2.89178,714.898,12.0156,
0.0138889,0.009216,0.0555556,0.009216,,,0.888889,0.009216,3.55556,0.009216,12.8,0.01024,46.5455,0.011264,186.182,0.011264,481.882,0.017408,642.51,0.052224,744.727,0.180224,753.287,0.712704,747.648,2.87232,734.425,11.6961,
0.0125,0.01024,0.0555556,0.009216,,,0.8,0.01024,3.55556,0.009216,14.2222,0.009216,51.2,0.01024,186.182,0.011264,512,0.016384,655.36,0.0512,748.983,0.1792,755.458,0.710656,749.786,2.86413,745.455,11.5231,
0.0138889,0.009216,0.05,0.01024,,,0.8,0.01024,3.55556,0.009216,12.8,0.01024,51.2,0.01024,186.182,0.011264,512,0.016384,655.36,0.0512,736.36,0.182272,757.642,0.708608,750.86,2.86003,744.397,11.5395,
0.0138889,0.009216,0.05,0.01024,,,0.888889,0.009216,3.55556,0.009216,14.2222,0.009216,51.2,0.01024,186.182,0.011264,512,0.016384,642.51,0.052224,748.983,0.1792,754.371,0.71168,750.86,2.86003,744.331,11.5405,
0.0125,0.01024,0.05,0.01024,,,0.8,0.01024,3.55556,0.009216,12.8,0.01024,51.2,0.01024,186.182,0.011264,512,0.016384,630.154,0.053248,748.983,0.1792,754.371,0.71168,750.323,2.86208,744.793,11.5333,
0.0138889,0.009216,0.0555556,0.009216,,,0.888889,0.009216,3.55556,0.009216,12.8,0.01024,51.2,0.01024,186.182,0.011264,512,0.016384,630.154,0.053248,744.727,0.180224,753.287,0.712704,750.054,2.8631,744.793,11.5333,
0.0138889,0.009216,0.0555556,0.009216,,,0.8,0.01024,3.55556,0.009216,12.8,0.01024,51.2,0.01024,170.667,0.012288,481.882,0.017408,630.154,0.053248,740.52,0.181248,752.207,0.713728,750.86,2.86003,744.661,11.5354,
0.0138889,0.009216,0.0555556,0.009216,,,0.888889,0.009216,3.55556,0.009216,14.2222,0.009216,51.2,0.01024,186.182,0.011264,481.882,0.017408,618.264,0.054272,744.727,0.180224,748.983,0.7168,751.398,2.85798,743.935,11.5466,
0.0138889,0.009216,0.0555556,0.009216,,,0.888889,0.009216,3.55556,0.009216,12.8,0.01024,51.2,0.01024,186.182,0.011264,512,0.016384,642.51,0.052224,740.52,0.181248,756.548,0.709632,751.398,2.85798,744.529,11.5374,
0.0138889,0.009216,0.0555556,0.009216,,,0.888889,0.009216,3.55556,0.009216,12.8,0.01024,51.2,0.01024,170.667,0.012288,481.882,0.017408,655.36,0.0512,740.52,0.181248,756.548,0.709632,750.054,2.8631,744.86,11.5323,
0.0113636,0.011264,0.05,0.01024,,,0.8,0.01024,3.55556,0.009216,12.8,0.01024,46.5455,0.011264,186.182,0.011264,512,0.016384,618.264,0.054272,748.983,0.1792,755.458,0.710656,747.648,2.87232,744.331,11.5405,
0.0125,0.01024,0.0555556,0.009216,,,0.888889,0.009216,3.55556,0.009216,12.8,0.01024,51.2,0.01024,186.182,0.011264,512,0.016384,618.264,0.054272,748.983,0.1792,755.458,0.710656,748.983,2.8672,744.463,11.5384,
0.0138889,0.009216,0.0555556,0.009216,,,0.8,0.01024,3.55556,0.009216,14.2222,0.009216,51.2,0.01024,170.667,0.012288,512,0.016384,655.36,0.0512,740.52,0.181248,755.458,0.710656,743.671,2.88768,744.133,11.5436,
0.0138889,0.009216,0.0555556,0.009216,,,0.888889,0.009216,3.55556,0.009216,12.8,0.01024,46.5455,0.011264,186.182,0.011264,512,0.016384,630.154,0.053248,753.287,0.178176,754.371,0.71168,749.25,2.86618,744.661,11.5354,
0.0125,0.01024,0.0555556,0.009216,,,0.888889,0.009216,3.55556,0.009216,12.8,0.01024,51.2,0.01024,186.182,0.011264,546.133,0.01536,630.154,0.053248,753.287,0.178176,756.548,0.709632,745.787,2.87949,744.661,11.5354,
0.0138889,0.009216,0.0555556,0.009216,,,0.8,0.01024,3.55556,0.009216,14.2222,0.009216,51.2,0.01024,186.182,0.011264,512,0.016384,642.51,0.052224,744.727,0.180224,755.458,0.710656,750.86,2.86003,744.992,11.5302,
0.0138889,0.009216,0.0555556,0.009216,,,0.8,0.01024,3.55556,0.009216,12.8,0.01024,51.2,0.01024,170.667,0.012288,512,0.016384,642.51,0.052224,740.52,0.181248,757.642,0.708608,749.518,2.86515,745.124,11.5282,
0.0138889,0.009216,0.0555556,0.009216,,,0.888889,0.009216,3.2,0.01024,14.2222,0.009216,51.2,0.01024,186.182,0.011264,512,0.016384,642.51,0.052224,744.727,0.180224,753.287,0.712704,750.86,2.86003,745.521,11.522,
0.0125,0.01024,0.05,0.01024,,,0.8,0.01024,3.2,0.01024,12.8,0.01024,51.2,0.01024,186.182,0.011264,512,0.016384,618.264,0.054272,744.727,0.180224,752.207,0.713728,751.129,2.85901,745.124,11.5282,
0.0138889,0.009216,0.0555556,0.009216,,,0.888889,0.009216,3.2,0.01024,12.8,0.01024,51.2,0.01024,186.182,0.011264,512,0.016384,630.154,0.053248,744.727,0.180224,754.371,0.71168,750.591,2.86106,745.124,11.5282,
0.0125,0.01024,0.0454545,0.011264,,,0.888889,0.009216,3.55556,0.009216,12.8,0.01024,51.2,0.01024,170.667,0.012288,512,0.016384,642.51,0.052224,744.727,0.180224,758.738,0.707584,750.86,2.86003,745.19,11.5272,
0.0138889,0.009216,0.0555556,0.009216,,,0.888889,0.009216,3.2,0.01024,14.2222,0.009216,51.2,0.01024,186.182,0.011264,512,0.016384,642.51,0.052224,748.983,0.1792,755.458,0.710656,750.054,2.8631,745.257,11.5261,
0.0125,0.01024,0.0555556,0.009216,,,0.888889,0.009216,3.2,0.01024,12.8,0.01024,51.2,0.01024,186.182,0.011264,512,0.016384,655.36,0.0512,740.52,0.181248,756.548,0.709632,750.054,2.8631,746.118,11.5128,
0.0138889,0.009216,0.0555556,0.009216,,,0.888889,0.009216,3.55556,0.009216,12.8,0.01024,51.2,0.01024,186.182,0.011264,512,0.016384,618.264,0.054272,748.983,0.1792,751.129,0.714752,750.054,2.8631,744.529,11.5374,
0.0138889,0.009216,0.0555556,0.009216,,,0.8,0.01024,3.2,0.01024,12.8,0.01024,51.2,0.01024,186.182,0.011264,512,0.016384,630.154,0.053248,744.727,0.180224,757.642,0.708608,751.398,2.85798,745.19,11.5272,
0.0138889,0.009216,0.0555556,0.009216,,,0.888889,0.009216,3.2,0.01024,12.8,0.01024,51.2,0.01024,186.182,0.011264,512,0.016384,630.154,0.053248,740.52,0.181248,753.287,0.712704,749.786,2.86413,744.926,11.5313,
0.0138889,0.009216,0.05,0.01024,,,0.888889,0.009216,3.55556,0.009216,12.8,0.01024,46.5455,0.011264,170.667,0.012288,512,0.016384,618.264,0.054272,748.983,0.1792,755.458,0.710656,750.591,2.86106,745.124,11.5282,
0.0138889,0.009216,0.0555556,0.009216,,,0.888889,0.009216,3.55556,0.009216,12.8,0.01024,51.2,0.01024,186.182,0.011264,512,0.016384,630.154,0.053248,748.983,0.1792,752.207,0.713728,750.054,2.8631,744.992,11.5302,
0.0138889,0.009216,0.05,0.01024,,,0.8,0.01024,3.55556,0.009216,12.8,0.01024,51.2,0.01024,186.182,0.011264,512,0.016384,655.36,0.0512,748.983,0.1792,748.983,0.7168,747.914,2.8713,745.257,11.5261,
0.0138889,0.009216,0.0555556,0.009216,,,0.888889,0.009216,3.2,0.01024,14.2222,0.009216,51.2,0.01024,186.182,0.011264,481.882,0.017408,642.51,0.052224,753.287,0.178176,753.287,0.712704,740.258,2.90099,745.058,11.5292,
0.0125,0.01024,0.05,0.01024,,,0.888889,0.009216,3.2,0.01024,14.2222,0.009216,51.2,0.01024,170.667,0.012288,512,0.016384,642.51,0.052224,748.983,0.1792,755.458,0.710656,749.518,2.86515,744.133,11.5436,
0.0138889,0.009216,0.05,0.01024,,,0.888889,0.009216,3.2,0.01024,14.2222,0.009216,51.2,0.01024,170.667,0.012288,512,0.016384,630.154,0.053248,744.727,0.180224,757.642,0.708608,750.054,2.8631,742.946,11.562,
0.0138889,0.009216,0.0555556,0.009216,,,0.8,0.01024,3.2,0.01024,12.8,0.01024,51.2,0.01024,170.667,0.012288,512,0.016384,618.264,0.054272,736.36,0.182272,754.371,0.71168,751.129,2.85901,743.605,11.5517,
0.0138889,0.009216,0.0555556,0.009216,,,0.888889,0.009216,3.2,0.01024,14.2222,0.009216,51.2,0.01024,186.182,0.011264,512,0.016384,630.154,0.053248,753.287,0.178176,756.548,0.709632,750.054,2.8631,743.144,11.5589,
0.0125,0.01024,0.0555556,0.009216,,,0.888889,0.009216,3.2,0.01024,14.2222,0.009216,51.2,0.01024,170.667,0.012288,512,0.016384,642.51,0.052224,740.52,0.181248,754.371,0.71168,751.129,2.85901,743.803,11.5487,
0.0138889,0.009216,0.0555556,0.009216,,,0.888889,0.009216,3.2,0.01024,14.2222,0.009216,51.2,0.01024,170.667,0.012288,512,0.016384,642.51,0.052224,748.983,0.1792,755.458,0.710656,750.323,2.86208,744.067,11.5446,
0.0138889,0.009216,0.05,0.01024,,,0.8,0.01024,3.2,0.01024,12.8,0.01024,51.2,0.01024,170.667,0.012288,512,0.016384,655.36,0.0512,748.983,0.1792,755.458,0.710656,750.054,2.8631,743.276,11.5569,
0.0138889,0.009216,0.0555556,0.009216,,,0.8,0.01024,3.2,0.01024,12.8,0.01024,51.2,0.01024,186.182,0.011264,512,0.016384,655.36,0.0512,744.727,0.180224,755.458,0.710656,750.054,2.8631,743.737,11.5497,
0.0125,0.01024,0.05,0.01024,,,0.888889,0.009216,3.2,0.01024,12.8,0.01024,51.2,0.01024,170.667,0.012288,512,0.016384,630.154,0.053248,748.983,0.1792,757.642,0.708608,751.129,2.85901,743.671,11.5507,
0.0125,0.01024,0.0555556,0.009216,,,0.888889,0.009216,3.2,0.01024,12.8,0.01024,51.2,0.01024,170.667,0.012288,512,0.016384,618.264,0.054272,748.983,0.1792,753.287,0.712704,750.054,2.8631,743.605,11.5517,
0.0125,0.01024,0.05,0.01024,,,0.888889,0.009216,3.2,0.01024,12.8,0.01024,51.2,0.01024,170.667,0.012288,481.882,0.017408,618.264,0.054272,753.287,0.178176,755.458,0.710656,749.786,2.86413,744.529,11.5374,
0.0138889,0.009216,0.0555556,0.009216,,,1,0.008192,3.55556,0.009216,14.2222,0.009216,51.2,0.01024,157.538,0.013312,546.133,0.01536,630.154,0.053248,744.727,0.180224,754.371,0.71168,750.054,2.8631,745.058,11.5292,
0.0138889,0.009216,0.05,0.01024,,,0.888889,0.009216,3.55556,0.009216,14.2222,0.009216,51.2,0.01024,186.182,0.011264,512,0.016384,668.735,0.050176,740.52,0.181248,758.738,0.707584,748.448,2.86925,744.397,11.5395,
0.0125,0.01024,0.05,0.01024,,,0.888889,0.009216,3.55556,0.009216,12.8,0.01024,51.2,0.01024,170.667,0.012288,512,0.016384,630.154,0.053248,744.727,0.180224,753.287,0.712704,747.914,2.8713,745.389,11.5241,
0.0138889,0.009216,0.0555556,0.009216,,,0.888889,0.009216,3.2,0.01024,12.8,0.01024,51.2,0.01024,170.667,0.012288,512,0.016384,642.51,0.052224,748.983,0.1792,754.371,0.71168,749.786,2.86413,745.19,11.5272,
0.0138889,0.009216,0.0555556,0.009216,,,0.8,0.01024,3.2,0.01024,12.8,0.01024,51.2,0.01024,170.667,0.012288,512,0.016384,642.51,0.052224,740.52,0.181248,752.207,0.713728,747.115,2.87437,745.19,11.5272,
0.0138889,0.009216,0.0555556,0.009216,,,0.727273,0.011264,3.55556,0.009216,12.8,0.01024,51.2,0.01024,170.667,0.012288,512,0.016384,630.154,0.053248,748.983,0.1792,750.054,0.715776,750.323,2.86208,745.323,11.5251,
0.0125,0.01024,0.05,0.01024,,,0.888889,0.009216,3.55556,0.009216,12.8,0.01024,51.2,0.01024,186.182,0.011264,512,0.016384,618.264,0.054272,748.983,0.1792,757.642,0.708608,746.317,2.87744,745.058,11.5292,
0.0125,0.01024,0.0555556,0.009216,,,0.888889,0.009216,3.2,0.01024,12.8,0.01024,51.2,0.01024,186.182,0.011264,512,0.016384,630.154,0.053248,744.727,0.180224,752.207,0.713728,743.671,2.88768,744.661,11.5354,
0.0138889,0.009216,0.0555556,0.009216,,,0.888889,0.009216,3.55556,0.009216,12.8,0.01024,51.2,0.01024,170.667,0.012288,512,0.016384,642.51,0.052224,740.52,0.181248,753.287,0.712704,748.983,2.8672,745.058,11.5292,
0.0113636,0.011264,0.05,0.01024,,,0.8,0.01024,3.55556,0.009216,12.8,0.01024,51.2,0.01024,170.667,0.012288,512,0.016384,618.264,0.054272,744.727,0.180224,757.642,0.708608,751.398,2.85798,744.595,11.5364,
0.0125,0.01024,0.0555556,0.009216,,,0.8,0.01024,3.55556,0.009216,12.8,0.01024,51.2,0.01024,170.667,0.012288,481.882,0.017408,630.154,0.053248,744.727,0.180224,754.371,0.71168,750.323,2.86208,745.19,11.5272,
0.0125,0.01024,0.0555556,0.009216,,,0.8,0.01024,3.55556,0.009216,14.2222,0.009216,51.2,0.01024,157.538,0.013312,512,0.016384,630.154,0.053248,744.727,0.180224,756.548,0.709632,747.648,2.87232,744.793,11.5333,
0.0138889,0.009216,0.0555556,0.009216,,,0.888889,0.009216,3.55556,0.009216,14.2222,0.009216,51.2,0.01024,170.667,0.012288,512,0.016384,655.36,0.0512,748.983,0.1792,756.548,0.709632,750.591,2.86106,745.058,11.5292,
0.0125,0.01024,0.05,0.01024,,,0.8,0.01024,3.55556,0.009216,14.2222,0.009216,56.8889,0.009216,170.667,0.012288,512,0.016384,642.51,0.052224,744.727,0.180224,754.371,0.71168,750.86,2.86003,744.463,11.5384,
0.0125,0.01024,0.0555556,0.009216,,,0.888889,0.009216,3.2,0.01024,14.2222,0.009216,51.2,0.01024,186.182,0.011264,481.882,0.017408,618.264,0.054272,736.36,0.182272,758.738,0.707584,751.129,2.85901,744.86,11.5323,
0.0125,0.01024,0.0555556,0.009216,,,0.888889,0.009216,3.2,0.01024,12.8,0.01024,51.2,0.01024,170.667,0.012288,512,0.016384,630.154,0.053248,740.52,0.181248,754.371,0.71168,750.591,2.86106,744.992,11.5302,
0.0125,0.01024,0.0555556,0.009216,,,0.8,0.01024,3.55556,0.009216,12.8,0.01024,51.2,0.01024,170.667,0.012288,512,0.016384,655.36,0.0512,748.983,0.1792,756.548,0.709632,750.591,2.86106,745.124,11.5282,
0.0138889,0.009216,0.05,0.01024,,,0.8,0.01024,3.2,0.01024,12.8,0.01024,51.2,0.01024,186.182,0.011264,512,0.016384,642.51,0.052224,748.983,0.1792,756.548,0.709632,749.518,2.86515,744.133,11.5436,
0.0125,0.01024,0.0555556,0.009216,,,0.888889,0.009216,3.2,0.01024,12.8,0.01024,51.2,0.01024,186.182,0.011264,481.882,0.017408,630.154,0.053248,744.727,0.180224,756.548,0.709632,750.054,2.8631,743.539,11.5528,
0.0138889,0.009216,0.0555556,0.009216,,,0.8,0.01024,3.55556,0.009216,12.8,0.01024,51.2,0.01024,128,0.016384,512,0.016384,630.154,0.053248,748.983,0.1792,756.548,0.709632,750.86,2.86003,744.067,11.5446,
0.0125,0.01024,0.0555556,0.009216,,,0.888889,0.009216,3.55556,0.009216,12.8,0.01024,51.2,0.01024,170.667,0.012288,512,0.016384,642.51,0.052224,732.246,0.183296,754.371,0.71168,750.591,2.86106,744.199,11.5425,
0.0125,0.01024,0.0416667,0.012288,,,0.8,0.01024,3.2,0.01024,12.8,0.01024,51.2,0.01024,157.538,0.013312,512,0.016384,655.36,0.0512,748.983,0.1792,753.287,0.712704,750.323,2.86208,743.407,11.5548,
0.00961538,0.013312,0.0555556,0.009216,,,0.888889,0.009216,3.55556,0.009216,12.8,0.01024,51.2,0.01024,186.182,0.011264,512,0.016384,655.36,0.0512,744.727,0.180224,754.371,0.71168,747.914,2.8713,744.133,11.5436,
0.0125,0.01024,0.0555556,0.009216,,,0.888889,0.009216,3.2,0.01024,14.2222,0.009216,51.2,0.01024,186.182,0.011264,512,0.016384,618.264,0.054272,753.287,0.178176,756.548,0.709632,751.129,2.85901,744.001,11.5456,
0.0125,0.01024,0.0555556,0.009216,,,0.888889,0.009216,3.55556,0.009216,12.8,0.01024,51.2,0.01024,170.667,0.012288,512,0.016384,630.154,0.053248,740.52,0.181248,755.458,0.710656,750.86,2.86003,744.397,11.5395,
0.0125,0.01024,0.0555556,0.009216,,,0.888889,0.009216,3.2,0.01024,14.2222,0.009216,51.2,0.01024,170.667,0.012288,481.882,0.017408,655.36,0.0512,748.983,0.1792,756.548,0.709632,749.786,2.86413,743.869,11.5476,
0.0125,0.01024,0.0555556,0.009216,,,0.888889,0.009216,3.55556,0.009216,12.8,0.01024,51.2,0.01024,186.182,0.011264,512,0.016384,642.51,0.052224,748.983,0.1792,757.642,0.708608,750.054,2.8631,744.331,11.5405,
0.0138889,0.009216,0.05,0.01024,,,0.888889,0.009216,3.55556,0.009216,12.8,0.01024,51.2,0.01024,170.667,0.012288,512,0.016384,642.51,0.052224,744.727,0.180224,754.371,0.71168,748.181,2.87027,743.737,11.5497,
0.0125,0.01024,0.0555556,0.009216,,,0.888889,0.009216,3.2,0.01024,14.2222,0.009216,51.2,0.01024,186.182,0.011264,512,0.016384,642.51,0.052224,744.727,0.180224,756.548,0.709632,746.583,2.87642,744.793,11.5333,
0.0125,0.01024,0.0555556,0.009216,,,0.888889,0.009216,3.55556,0.009216,12.8,0.01024,51.2,0.01024,170.667,0.012288,512,0.016384,630.154,0.053248,744.727,0.180224,756.548,0.709632,746.849,2.87539,744.001,11.5456,
0.0125,0.01024,0.0555556,0.009216,,,0.888889,0.009216,3.2,0.01024,12.8,0.01024,51.2,0.01024,170.667,0.012288,512,0.016384,630.154,0.053248,736.36,0.182272,755.458,0.710656,746.052,2.87846,744.595,11.5364,
0.0113636,0.011264,0.0555556,0.009216,,,0.888889,0.009216,3.55556,0.009216,14.2222,0.009216,51.2,0.01024,170.667,0.012288,512,0.016384,642.51,0.052224,744.727,0.180224,757.642,0.708608,747.381,2.87334,745.124,11.5282,
0.0125,0.01024,0.05,0.01024,,,0.888889,0.009216,3.55556,0.009216,12.8,0.01024,51.2,0.01024,170.667,0.012288,512,0.016384,642.51,0.052224,744.727,0.180224,753.287,0.712704,750.323,2.86208,745.124,11.5282,
0.0125,0.01024,0.05,0.01024,,,0.8,0.01024,3.55556,0.009216,12.8,0.01024,51.2,0.01024,170.667,0.012288,512,0.016384,642.51,0.052224,748.983,0.1792,751.129,0.714752,749.518,2.86515,744.727,11.5343,
0.0113636,0.011264,0.05,0.01024,,,0.888889,0.009216,3.55556,0.009216,12.8,0.01024,51.2,0.01024,170.667,0.012288,512,0.016384,642.51,0.052224,748.983,0.1792,751.129,0.714752,748.715,2.86822,745.058,11.5292,
0.0138889,0.009216,0.0555556,0.009216,,,0.888889,0.009216,3.55556,0.009216,12.8,0.01024,51.2,0.01024,157.538,0.013312,512,0.016384,618.264,0.054272,744.727,0.180224,755.458,0.710656,749.518,2.86515,745.124,11.5282,
0.0125,0.01024,0.0555556,0.009216,,,0.888889,0.009216,3.55556,0.009216,14.2222,0.009216,51.2,0.01024,186.182,0.011264,512,0.016384,642.51,0.052224,748.983,0.1792,756.548,0.709632,750.591,2.86106,744.992,11.5302,
0.0125,0.01024,0.0555556,0.009216,,,0.8,0.01024,3.55556,0.009216,12.8,0.01024,51.2,0.01024,186.182,0.011264,512,0.016384,630.154,0.053248,732.246,0.183296,760.94,0.705536,749.518,2.86515,745.257,11.5261,
0.0104167,0.012288,0.0384615,0.013312,,,0.666667,0.012288,2.28571,0.014336,10.6667,0.012288,42.6667,0.012288,146.286,0.014336,409.6,0.02048,630.154,0.053248,697.191,0.192512,743.671,0.72192,744.727,2.88358,713.256,12.0433,
0.0113636,0.011264,0.0416667,0.012288,,,0.727273,0.011264,2.46154,0.013312,10.6667,0.012288,39.3846,0.013312,157.538,0.013312,431.158,0.019456,655.36,0.0512,716.24,0.187392,751.129,0.714752,746.849,2.87539,713.438,12.0402,
0.0113636,0.011264,0.0384615,0.013312,,,0.666667,0.012288,2.46154,0.013312,10.6667,0.012288,39.3846,0.013312,157.538,0.013312,409.6,0.02048,655.36,0.0512,728.178,0.18432,745.787,0.719872,747.115,2.87437,713.742,12.0351,
0.0113636,0.011264,0.0454545,0.011264,,,0.727273,0.011264,2.66667,0.012288,9.84615,0.013312,42.6667,0.012288,157.538,0.013312,431.158,0.019456,642.51,0.052224,724.155,0.185344,750.054,0.715776,748.448,2.86925,713.62,12.0371,
0.00961538,0.013312,0.0416667,0.012288,,,0.727273,0.011264,2.66667,0.012288,9.84615,0.013312,42.6667,0.012288,157.538,0.013312,431.158,0.019456,642.51,0.052224,716.24,0.187392,748.983,0.7168,746.849,2.87539,714.106,12.0289,
0.00961538,0.013312,0.0416667,0.012288,,,0.666667,0.012288,2.66667,0.012288,10.6667,0.012288,42.6667,0.012288,157.538,0.013312,455.111,0.018432,344.926,0.09728,716.24,0.187392,751.129,0.714752,747.115,2.87437,713.438,12.0402,
0.0104167,0.012288,0.0384615,0.013312,,,0.666667,0.012288,2.66667,0.012288,11.6364,0.011264,42.6667,0.012288,157.538,0.013312,409.6,0.02048,655.36,0.0512,732.246,0.183296,746.849,0.718848,747.381,2.87334,713.924,12.032,
0.00961538,0.013312,0.0416667,0.012288,,,0.615385,0.013312,2.46154,0.013312,10.6667,0.012288,39.3846,0.013312,157.538,0.013312,431.158,0.019456,655.36,0.0512,728.178,0.18432,746.849,0.718848,746.317,2.87744,713.499,12.0392,
0.0104167,0.012288,0.0384615,0.013312,,,0.615385,0.013312,2.66667,0.012288,10.6667,0.012288,39.3846,0.013312,157.538,0.013312,431.158,0.019456,655.36,0.0512,720.176,0.186368,748.983,0.7168,747.381,2.87334,715.141,12.0115,
0.0104167,0.012288,0.0357143,0.014336,,,0.727273,0.011264,2.66667,0.012288,9.14286,0.014336,42.6667,0.012288,157.538,0.013312,372.364,0.022528,655.36,0.0512,550.723,0.243712,752.207,0.713728,746.317,2.87744,714.35,12.0248,
0.0113636,0.011264,0.0384615,0.013312,,,0.666667,0.012288,2.46154,0.013312,9.84615,0.013312,39.3846,0.013312,157.538,0.013312,431.158,0.019456,655.36,0.0512,724.155,0.185344,750.054,0.715776,745.787,2.87949,712.711,12.0525,
0.0113636,0.011264,0.0384615,0.013312,,,0.666667,0.012288,2.46154,0.013312,0.766467,0.171008,39.3846,0.013312,157.538,0.013312,431.158,0.019456,642.51,0.052224,720.176,0.186368,753.287,0.712704,746.583,2.87642,713.742,12.0351,
0.0104167,0.012288,0.0416667,0.012288,,,0.727273,0.011264,2.46154,0.013312,9.84615,0.013312,34.1333,0.01536,157.538,0.013312,431.158,0.019456,655.36,0.0512,720.176,0.186368,752.207,0.713728,747.914,2.8713,738.564,11.6306,
0.0104167,0.012288,0.0416667,0.012288,,,0.727273,0.011264,2.90909,0.011264,9.84615,0.013312,42.6667,0.012288,157.538,0.013312,431.158,0.019456,642.51,0.052224,728.178,0.18432,748.983,0.7168,746.583,2.87642,745.919,11.5159,
0.0104167,0.012288,0.0454545,0.011264,,,0.727273,0.011264,2.66667,0.012288,10.6667,0.012288,39.3846,0.013312,157.538,0.013312,409.6,0.02048,655.36,0.0512,720.176,0.186368,747.914,0.717824,748.448,2.86925,745.588,11.521,
0.0104167,0.012288,0.0416667,0.012288,,,0.615385,0.013312,2.66667,0.012288,10.6667,0.012288,39.3846,0.013312,157.538,0.013312,431.158,0.019456,642.51,0.052224,732.246,0.183296,750.054,0.715776,747.381,2.87334,745.919,11.5159,
0.0113636,0.011264,0.0384615,0.013312,,,0.727273,0.011264,2.46154,0.013312,11.6364,0.011264,42.6667,0.012288,157.538,0.013312,409.6,0.02048,655.36,0.0512,712.348,0.188416,748.983,0.7168,745.787,2.87949,745.455,11.5231,
0.0104167,0.012288,0.0454545,0.011264,,,0.666667,0.012288,2.46154,0.013312,10.6667,0.012288,39.3846,0.013312,157.538,0.013312,409.6,0.02048,642.51,0.052224,724.155,0.185344,747.914,0.717824,746.849,2.87539,745.588,11.521,
0.0113636,0.011264,0.05,0.01024,,,0.666667,0.012288,2.66667,0.012288,11.6364,0.011264,39.3846,0.013312,170.667,0.012288,431.158,0.019456,642.51,0.052224,720.176,0.186368,754.371,0.71168,742.355,2.8928,745.389,11.5241,
0.0104167,0.012288,0.0454545,0.011264,,,0.666667,0.012288,2.66667,0.012288,11.6364,0.011264,42.6667,0.012288,157.538,0.013312,431.158,0.019456,655.36,0.0512,712.348,0.188416,746.849,0.718848,746.849,2.87539,745.72,11.519,
0.0113636,0.011264,0.0384615,0.013312,,,0.727273,0.011264,2.90909,0.011264,11.6364,0.011264,39.3846,0.013312,157.538,0.013312,431.158,0.019456,668.735,0.050176,716.24,0.187392,753.287,0.712704,749.786,2.86413,745.919,11.5159,
0.0113636,0.011264,0.0384615,0.013312,,,0.727273,0.011264,2.46154,0.013312,11.6364,0.011264,42.6667,0.012288,157.538,0.013312,455.111,0.018432,618.264,0.054272,724.155,0.185344,748.983,0.7168,748.181,2.87027,745.257,11.5261,
0.0104167,0.012288,0.0384615,0.013312,,,0.727273,0.011264,2.28571,0.014336,9.84615,0.013312,46.5455,0.011264,157.538,0.013312,431.158,0.019456,655.36,0.0512,724.155,0.185344,750.054,0.715776,748.181,2.87027,745.455,11.5231,
0.0104167,0.012288,0.0416667,0.012288,,,0.666667,0.012288,2.46154,0.013312,9.84615,0.013312,39.3846,0.013312,146.286,0.014336,431.158,0.019456,655.36,0.0512,732.246,0.183296,751.129,0.714752,748.983,2.8672,744.992,11.5302,
0.0104167,0.012288,0.0384615,0.013312,,,0.666667,0.012288,2.46154,0.013312,9.14286,0.014336,39.3846,0.013312,157.538,0.013312,431.158,0.019456,642.51,0.052224,720.176,0.186368,750.054,0.715776,748.715,2.86822,745.058,11.5292,
0.00892857,0.014336,0.0416667,0.012288,,,0.666667,0.012288,2.66667,0.012288,10.6667,0.012288,39.3846,0.013312,157.538,0.013312,431.158,0.019456,630.154,0.053248,720.176,0.186368,751.129,0.714752,748.715,2.86822,744.463,11.5384,
0.00961538,0.013312,0.0454545,0.011264,,,0.533333,0.01536,2.46154,0.013312,10.6667,0.012288,42.6667,0.012288,170.667,0.012288,431.158,0.019456,655.36,0.0512,720.176,0.186368,747.914,0.717824,748.448,2.86925,745.389,11.5241,
0.0104167,0.012288,0.0416667,0.012288,,,0.615385,0.013312,2.90909,0.011264,10.6667,0.012288,39.3846,0.013312,157.538,0.013312,431.158,0.019456,630.154,0.053248,724.155,0.185344,750.054,0.715776,746.849,2.87539,745.389,11.5241,
0.0104167,0.012288,0.0384615,0.013312,,,0.666667,0.012288,2.66667,0.012288,9.84615,0.013312,39.3846,0.013312,146.286,0.014336,431.158,0.019456,655.36,0.0512,724.155,0.185344,751.129,0.714752,745.521,2.88051,743.869,11.5476,
0.0113636,0.011264,0.0384615,0.013312,,,0.615385,0.013312,2.66667,0.012288,9.84615,0.013312,42.6667,0.012288,157.538,0.013312,431.158,0.019456,630.154,0.053248,732.246,0.183296,753.287,0.712704,748.448,2.86925,744.926,11.5313,
0.0113636,0.011264,0.0416667,0.012288,,,0.666667,0.012288,2.46154,0.013312,11.6364,0.011264,39.3846,0.013312,157.538,0.013312,431.158,0.019456,655.36,0.0512,720.176,0.186368,747.914,0.717824,747.381,2.87334,745.124,11.5282,
0.00625,0.02048,0.0416667,0.012288,,,0.615385,0.013312,2.66667,0.012288,9.84615,0.013312,39.3846,0.013312,157.538,0.013312,431.158,0.019456,655.36,0.0512,728.178,0.18432,751.129,0.714752,747.648,2.87232,745.521,11.522,
0.0104167,0.012288,0.0384615,0.013312,,,0.666667,0.012288,2.66667,0.012288,10.6667,0.012288,36.5714,0.014336,157.538,0.013312,431.158,0.019456,642.51,0.052224,732.246,0.183296,746.849,0.718848,747.115,2.87437,745.124,11.5282,
0.0104167,0.012288,0.0416667,0.012288,,,0.666667,0.012288,2.46154,0.013312,11.6364,0.011264,36.5714,0.014336,157.538,0.013312,431.158,0.019456,642.51,0.052224,724.155,0.185344,751.129,0.714752,747.648,2.87232,745.588,11.521,
0.0113636,0.011264,0.0416667,0.012288,,,0.727273,0.011264,1.88235,0.017408,10.6667,0.012288,36.5714,0.014336,157.538,0.013312,431.158,0.019456,630.154,0.053248,728.178,0.18432,747.914,0.717824,745.787,2.87949,745.654,11.52,
0.00961538,0.013312,0.0416667,0.012288,,,0.666667,0.012288,2.46154,0.013312,10.6667,0.012288,42.6667,0.012288,157.538,0.013312,431.158,0.019456,642.51,0.052224,720.176,0.186368,752.207,0.713728,747.115,2.87437,745.19,11.5272,
0.00961538,0.013312,0.0416667,0.012288,,,0.666667,0.012288,2.46154,0.013312,10.6667,0.012288,42.6667,0.012288,157.538,0.013312,431.158,0.019456,642.51,0.052224,732.246,0.183296,743.671,0.72192,748.181,2.87027,745.19,11.5272,
0.0113636,0.011264,0.0454545,0.011264,,,0.666667,0.012288,2.90909,0.011264,11.6364,0.011264,42.6667,0.012288,146.286,0.014336,431.158,0.019456,630.154,0.053248,736.36,0.182272,748.983,0.7168,747.648,2.87232,745.389,11.5241,
0.0113636,0.011264,0.0454545,0.011264,,,0.666667,0.012288,2.66667,0.012288,10.6667,0.012288,39.3846,0.013312,146.286,0.014336,431.158,0.019456,642.51,0.052224,724.155,0.185344,748.983,0.7168,747.115,2.87437,745.455,11.5231,
0.0113636,0.011264,0.0454545,0.011264,,,0.666667,0.012288,2.90909,0.011264,10.6667,0.012288,42.6667,0.012288,157.538,0.013312,431.158,0.019456,642.51,0.052224,720.176,0.186368,750.054,0.715776,747.914,2.8713,745.124,11.5282,
0.0113636,0.011264,0.0454545,0.011264,,,0.727273,0.011264,2.46154,0.013312,10.6667,0.012288,42.6667,0.012288,157.538,0.013312,431.158,0.019456,655.36,0.0512,732.246,0.183296,751.129,0.714752,748.181,2.87027,744.86,11.5323,
0.0113636,0.011264,0.0263158,0.019456,,,0.666667,0.012288,2.66667,0.012288,10.6667,0.012288,32,0.016384,157.538,0.013312,409.6,0.02048,630.154,0.053248,728.178,0.18432,750.054,0.715776,749.25,2.86618,745.058,11.5292,
0.0113636,0.011264,0.0416667,0.012288,,,0.666667,0.012288,2.66667,0.012288,10.6667,0.012288,39.3846,0.013312,157.538,0.013312,409.6,0.02048,630.154,0.053248,720.176,0.186368,752.207,0.713728,748.181,2.87027,744.727,11.5343,
0.0104167,0.012288,0.0454545,0.011264,,,0.666667,0.012288,2.90909,0.011264,9.14286,0.014336,42.6667,0.012288,157.538,0.013312,390.095,0.021504,655.36,0.0512,720.176,0.186368,751.129,0.714752,745.521,2.88051,745.058,11.5292,
0.0113636,0.011264,0.0454545,0.011264,,,0.727273,0.011264,2.66667,0.012288,9.84615,0.013312,42.6667,0.012288,157.538,0.013312,431.158,0.019456,642.51,0.052224,720.176,0.186368,752.207,0.713728,746.849,2.87539,744.926,11.5313,
0.00961538,0.013312,0.0416667,0.012288,,,0.666667,0.012288,2.28571,0.014336,9.14286,0.014336,42.6667,0.012288,157.538,0.013312,431.158,0.019456,642.51,0.052224,728.178,0.18432,746.849,0.718848,746.052,2.87846,745.19,11.5272,
0.00961538,0.013312,0.0454545,0.011264,,,0.727273,0.011264,2.46154,0.013312,10.6667,0.012288,39.3846,0.013312,157.538,0.013312,455.111,0.018432,630.154,0.053248,724.155,0.185344,750.054,0.715776,747.648,2.87232,745.19,11.5272,
0.00961538,0.013312,0.0416667,0.012288,,,0.727273,0.011264,2.46154,0.013312,11.6364,0.011264,42.6667,0.012288,157.538,0.013312,431.158,0.019456,642.51,0.052224,724.155,0.185344,748.983,0.7168,746.583,2.87642,745.058,11.5292,
0.0113636,0.011264,0.0454545,0.011264,,,0.727273,0.011264,2.46154,0.013312,10.6667,0.012288,42.6667,0.012288,157.538,0.013312,431.158,0.019456,655.36,0.0512,728.178,0.18432,752.207,0.713728,747.914,2.8713,744.926,11.5313,
0.0104167,0.012288,0.0416667,0.012288,,,0.615385,0.013312,2.46154,0.013312,10.6667,0.012288,42.6667,0.012288,157.538,0.013312,431.158,0.019456,642.51,0.052224,716.24,0.187392,748.983,0.7168,747.381,2.87334,744.595,11.5364,
0.0104167,0.012288,0.0416667,0.012288,,,0.727273,0.011264,2.66667,0.012288,9.84615,0.013312,39.3846,0.013312,157.538,0.013312,431.158,0.019456,642.51,0.052224,728.178,0.18432,751.129,0.714752,747.648,2.87232,745.455,11.5231,
0.0113636,0.011264,0.0416667,0.012288,,,0.615385,0.013312,2.66667,0.012288,10.6667,0.012288,36.5714,0.014336,157.538,0.013312,431.158,0.019456,642.51,0.052224,720.176,0.186368,748.983,0.7168,747.648,2.87232,744.86,11.5323,
0.0113636,0.011264,0.0416667,0.012288,,,0.666667,0.012288,2.90909,0.011264,9.84615,0.013312,39.3846,0.013312,170.667,0.012288,431.158,0.019456,642.51,0.052224,720.176,0.186368,750.054,0.715776,746.849,2.87539,744.793,11.5333,
0.0113636,0.011264,0.0357143,0.014336,,,0.666667,0.012288,2.66667,0.012288,10.6667,0.012288,39.3846,0.013312,157.538,0.013312,431.158,0.019456,642.51,0.052224,724.155,0.185344,751.129,0.714752,747.381,2.87334,745.323,11.5251,
0.0104167,0.012288,0.0416667,0.012288,,,0.666667,0.012288,2.66667,0.012288,10.6667,0.012288,39.3846,0.013312,157.538,0.013312,431.158,0.019456,630.154,0.053248,732.246,0.183296,752.207,0.713728,747.648,2.87232,744.793,11.5333,
0.0113636,0.011264,0.0384615,0.013312,,,0.666667,0.012288,2.66667,0.012288,10.6667,0.012288,42.6667,0.012288,146.286,0.014336,431.158,0.019456,642.51,0.052224,724.155,0.185344,750.054,0.715776,744.463,2.88461,745.257,11.5261,
0.0104167,0.012288,0.0454545,0.011264,,,0.666667,0.012288,2.46154,0.013312,10.6667,0.012288,39.3846,0.013312,170.667,0.012288,431.158,0.019456,655.36,0.0512,720.176,0.186368,752.207,0.713728,748.983,2.8672,745.124,11.5282,
0.0113636,0.011264,0.0416667,0.012288,,,0.727273,0.011264,2.66667,0.012288,9.84615,0.013312,39.3846,0.013312,170.667,0.012288,431.158,0.019456,655.36,0.0512,728.178,0.18432,753.287,0.712704,748.181,2.87027,745.19,11.5272,
0.0113636,0.011264,0.0416667,0.012288,,,0.727273,0.011264,2.66667,0.012288,11.6364,0.011264,42.6667,0.012288,157.538,0.013312,372.364,0.022528,655.36,0.0512,728.178,0.18432,752.207,0.713728,748.181,2.87027,744.992,11.5302,
0.0104167,0.012288,0.0416667,0.012288,,,0.666667,0.012288,2.46154,0.013312,10.6667,0.012288,39.3846,0.013312,157.538,0.013312,431.158,0.019456,642.51,0.052224,720.176,0.186368,751.129,0.714752,747.648,2.87232,744.992,11.5302,
0.0113636,0.011264,0.0454545,0.011264,,,0.727273,0.011264,2.46154,0.013312,11.6364,0.011264,39.3846,0.013312,157.538,0.013312,455.111,0.018432,642.51,0.052224,724.155,0.185344,750.054,0.715776,741.567,2.89587,745.853,11.5169,
0.0113636,0.011264,0.0454545,0.011264,,,0.666667,0.012288,2.66667,0.012288,9.84615,0.013312,42.6667,0.012288,157.538,0.013312,431.158,0.019456,642.51,0.052224,724.155,0.185344,752.207,0.713728,747.648,2.87232,745.058,11.5292,
0.0125,0.01024,0.0384615,0.013312,,,0.727273,0.011264,2.66667,0.012288,9.84615,0.013312,42.6667,0.012288,157.538,0.013312,431.158,0.019456,642.51,0.052224,728.178,0.18432,750.054,0.715776,747.115,2.87437,745.19,11.5272,
0.0104167,0.012288,0.0454545,0.011264,,,0.615385,0.013312,2.66667,0.012288,9.84615,0.013312,42.6667,0.012288,157.538,0.013312,455.111,0.018432,642.51,0.052224,728.178,0.18432,747.914,0.717824,747.914,2.8713,745.058,11.5292,
0.0125,0.01024,0.05,0.01024,,,0.727273,0.011264,2.66667,0.012288,10.6667,0.012288,39.3846,0.013312,157.538,0.013312,431.158,0.019456,642.51,0.052224,724.155,0.185344,751.129,0.714752,747.648,2.87232,745.654,11.52,
0.0104167,0.012288,0.0454545,0.011264,,,0.727273,0.011264,2.66667,0.012288,10.6667,0.012288,39.3846,0.013312,157.538,0.013312,431.158,0.019456,630.154,0.053248,708.497,0.18944,751.129,0.714752,745.257,2.88154,744.397,11.5395,
0.00961538,0.013312,0.0454545,0.011264,,,0.727273,0.011264,2.46154,0.013312,9.84615,0.013312,42.6667,0.012288,157.538,0.013312,431.158,0.019456,630.154,0.053248,724.155,0.185344,751.129,0.714752,746.583,2.87642,744.661,11.5354,
0.0104167,0.012288,0.0454545,0.011264,,,0.444444,0.018432,2.66667,0.012288,9.84615,0.013312,42.6667,0.012288,157.538,0.013312,431.158,0.019456,642.51,0.052224,732.246,0.183296,751.129,0.714752,747.648,2.87232,744.331,11.5405,
0.0104167,0.012288,0.0416667,0.012288,,,0.666667,0.012288,2.46154,0.013312,9.14286,0.014336,39.3846,0.013312,157.538,0.013312,431.158,0.019456,655.36,0.0512,724.155,0.185344,750.054,0.715776,748.448,2.86925,744.992,11.5302,
0.0104167,0.012288,0.0416667,0.012288,,,0.666667,0.012288,2.46154,0.013312,10.6667,0.012288,42.6667,0.012288,146.286,0.014336,455.111,0.018432,606.815,0.055296,732.246,0.183296,750.054,0.715776,743.144,2.88973,744.992,11.5302,
0.0104167,0.012288,0.0454545,0.011264,,,0.5,0.016384,2.66667,0.012288,9.84615,0.013312,36.5714,0.014336,146.286,0.014336,431.158,0.019456,655.36,0.0512,720.176,0.186368,750.054,0.715776,747.115,2.87437,744.926,11.5313,
0.0104167,0.012288,0.0454545,0.011264,,,0.666667,0.012288,2.46154,0.013312,9.84615,0.013312,39.3846,0.013312,157.538,0.013312,431.158,0.019456,642.51,0.052224,724.155,0.185344,750.054,0.715776,748.983,2.8672,744.463,11.5384,
0.0113636,0.011264,0.0454545,0.011264,,,0.666667,0.012288,2.66667,0.012288,9.84615,0.013312,39.3846,0.013312,146.286,0.014336,431.158,0.019456,655.36,0.0512,724.155,0.185344,746.849,0.718848,748.181,2.87027,744.727,11.5343,
0.0104167,0.012288,0.0357143,0.014336,,,0.666667,0.012288,2.66667,0.012288,10.6667,0.012288,39.3846,0.013312,157.538,0.013312,455.111,0.018432,630.154,0.053248,724.155,0.185344,752.207,0.713728,746.849,2.87539,745.323,11.5251,
0.0113636,0.011264,0.0416667,0.012288,,,0.615385,0.013312,2.46154,0.013312,10.6667,0.012288,39.3846,0.013312,157.538,0.013312,431.158,0.019456,668.735,0.050176,732.246,0.183296,748.983,0.7168,743.935,2.88666,745.124,11.5282,
0.0113636,0.011264,0.0416667,0.012288,,,0.666667,0.012288,2.66667,0.012288,9.84615,0.013312,42.6667,0.012288,136.533,0.01536,431.158,0.019456,642.51,0.052224,724.155,0.185344,751.129,0.714752,744.992,2.88256,745.323,11.5251,
0.0113636,0.011264,0.0384615,0.013312,,,0.666667,0.012288,2.66667,0.012288,9.84615,0.013312,39.3846,0.013312,157.538,0.013312,431.158,0.019456,642.51,0.052224,720.176,0.186368,747.914,0.717824,747.381,2.87334,745.19,11.5272,
0.0104167,0.012288,0.0416667,0.012288,,,0.666667,0.012288,0.174863,0.187392,10.6667,0.012288,39.3846,0.013312,146.286,0.014336,431.158,0.019456,642.51,0.052224,724.155,0.185344,752.207,0.713728,750.86,2.86003,744.992,11.5302,
0.0113636,0.011264,0.0454545,0.011264,,,0.666667,0.012288,2,0.016384,11.6364,0.011264,36.5714,0.014336,157.538,0.013312,431.158,0.019456,642.51,0.052224,728.178,0.18432,755.458,0.710656,748.715,2.86822,744.992,11.5302,
0.0104167,0.012288,0.0454545,0.011264,,,0.666667,0.012288,2.46154,0.013312,11.6364,0.011264,42.6667,0.012288,157.538,0.013312,431.158,0.019456,642.51,0.052224,728.178,0.18432,750.054,0.715776,749.518,2.86515,745.058,11.5292,
0.0113636,0.011264,0.0454545,0.011264,,,0.666667,0.012288,1.52381,0.021504,10.6667,0.012288,42.6667,0.012288,157.538,0.013312,431.158,0.019456,655.36,0.0512,720.176,0.186368,750.054,0.715776,748.181,2.87027,744.86,11.5323,
0.00186567,0.068608,0.0416667,0.012288,,,0.666667,0.012288,2.46154,0.013312,10.6667,0.012288,42.6667,0.012288,107.789,0.019456,431.158,0.019456,642.51,0.052224,728.178,0.18432,751.129,0.714752,747.648,2.87232,745.19,11.5272,
0.0104167,0.012288,0.0416667,0.012288,,,0.727273,0.011264,2.46154,0.013312,9.84615,0.013312,42.6667,0.012288,170.667,0.012288,431.158,0.019456,642.51,0.052224,661.98,0.202752,752.207,0.713728,747.115,2.87437,745.257,11.5261,
0.0104167,0.012288,0.0454545,0.011264,,,0.615385,0.013312,2.28571,0.014336,9.84615,0.013312,42.6667,0.012288,157.538,0.013312,431.158,0.019456,630.154,0.053248,732.246,0.183296,752.207,0.713728,750.054,2.8631,745.124,11.5282,
0.00961538,0.013312,0.0416667,0.012288,,,0.727273,0.011264,2.46154,0.013312,9.84615,0.013312,34.1333,0.01536,157.538,0.013312,431.158,0.019456,642.51,0.052224,728.178,0.18432,750.054,0.715776,750.323,2.86208,744.529,11.5374,
0.00961538,0.013312,0.0384615,0.013312,,,0.727273,0.011264,2.46154,0.013312,9.14286,0.014336,39.3846,0.013312,146.286,0.014336,431.158,0.019456,642.51,0.052224,724.155,0.185344,751.129,0.714752,749.25,2.86618,744.727,11.5343,
0.0104167,0.012288,0.0454545,0.011264,,,0.666667,0.012288,2.46154,0.013312,10.6667,0.012288,42.6667,0.012288,157.538,0.013312,431.158,0.019456,630.154,0.053248,732.246,0.183296,748.983,0.7168,750.323,2.86208,745.19,11.5272,
0.0104167,0.012288,0.0416667,0.012288,,,0.666667,0.012288,2.46154,0.013312,9.14286,0.014336,39.3846,0.013312,157.538,0.013312,431.158,0.019456,642.51,0.052224,728.178,0.18432,751.129,0.714752,750.323,2.86208,745.058,11.5292,
0.0113636,0.011264,0.0416667,0.012288,,,0.727273,0.011264,2.46154,0.013312,9.84615,0.013312,42.6667,0.012288,157.538,0.013312,431.158,0.019456,642.51,0.052224,732.246,0.183296,752.207,0.713728,748.448,2.86925,745.19,11.5272,
0.00961538,0.013312,0.0416667,0.012288,,,0.727273,0.011264,2.66667,0.012288,9.84615,0.013312,42.6667,0.012288,157.538,0.013312,431.158,0.019456,655.36,0.0512,720.176,0.186368,747.914,0.717824,749.786,2.86413,745.455,11.5231,
0.00961538,0.013312,0.0454545,0.011264,,,0.666667,0.012288,2.66667,0.012288,10.6667,0.012288,39.3846,0.013312,157.538,0.013312,409.6,0.02048,655.36,0.0512,716.24,0.187392,753.287,0.712704,749.25,2.86618,744.595,11.5364,
0.0104167,0.012288,0.0454545,0.011264,,,0.666667,0.012288,2.66667,0.012288,10.6667,0.012288,39.3846,0.013312,157.538,0.013312,431.158,0.019456,642.51,0.052224,720.176,0.186368,747.914,0.717824,748.983,2.8672,743.869,11.5476,
0.0125,0.01024,0.0454545,0.011264,,,0.727273,0.011264,2.90909,0.011264,10.6667,0.012288,36.5714,0.014336,146.286,0.014336,431.158,0.019456,642.51,0.052224,728.178,0.18432,754.371,0.71168,751.129,2.85901,744.001,11.5456,
0.0104167,0.012288,0.0454545,0.011264,,,0.727273,0.011264,2.90909,0.011264,9.84615,0.013312,39.3846,0.013312,157.538,0.013312,431.158,0.019456,630.154,0.053248,728.178,0.18432,747.914,0.717824,750.323,2.86208,743.605,11.5517,
0.0113636,0.011264,0.0454545,0.011264,,,0.727273,0.011264,2.66667,0.012288,11.6364,0.011264,39.3846,0.013312,157.538,0.013312,431.158,0.019456,642.51,0.052224,720.176,0.186368,753.287,0.712704,750.591,2.86106,743.407,11.5548,
0.0113636,0.011264,0.0454545,0.011264,,,0.666667,0.012288,2.46154,0.013312,11.6364,0.011264,39.3846,0.013312,146.286,0.014336,455.111,0.018432,642.51,0.052224,728.178,0.18432,750.054,0.715776,749.518,2.86515,743.605,11.5517,
0.0125,0.01024,0.0416667,0.012288,,,0.666667,0.012288,2.46154,0.013312,11.6364,0.011264,39.3846,0.013312,157.538,0.013312,431.158,0.019456,655.36,0.0512,720.176,0.186368,748.983,0.7168,748.715,2.86822,743.803,11.5487,
0.0104167,0.012288,0.0416667,0.012288,,,0.615385,0.013312,2.66667,0.012288,10.6667,0.012288,39.3846,0.013312,157.538,0.013312,431.158,0.019456,642.51,0.052224,732.246,0.183296,748.983,0.7168,746.052,2.87846,743.539,11.5528,
0.0104167,0.012288,0.0384615,0.013312,,,0.666667,0.012288,2.46154,0.013312,10.6667,0.012288,39.3846,0.013312,157.538,0.013312,431.158,0.019456,642.51,0.052224,728.178,0.18432,752.207,0.713728,746.317,2.87744,743.803,11.5487,
0.00961538,0.013312,0.0384615,0.013312,,,0.4,0.02048,2.66667,0.012288,10.6667,0.012288,36.5714,0.014336,157.538,0.013312,455.111,0.018432,642.51,0.052224,728.178,0.18432,745.787,0.719872,747.381,2.87334,744.133,11.5436,
0.0104167,0.012288,0.0454545,0.011264,,,0.8,0.01024,2.90909,0.011264,11.6364,0.011264,46.5455,0.011264,157.538,0.013312,455.111,0.018432,655.36,0.0512,652.099,0.205824,751.129,0.714752,745.787,2.87949,712.469,12.0566,
0.0113636,0.011264,0.05,0.01024,,,0.8,0.01024,2.90909,0.011264,11.6364,0.011264,42.6667,0.012288,157.538,0.013312,431.158,0.019456,655.36,0.0512,740.52,0.181248,757.642,0.708608,750.323,2.86208,713.196,12.0443,
0.0125,0.01024,0.0454545,0.011264,,,0.727273,0.011264,2.90909,0.011264,11.6364,0.011264,46.5455,0.011264,157.538,0.013312,431.158,0.019456,642.51,0.052224,736.36,0.182272,754.371,0.71168,749.786,2.86413,714.106,12.0289,
0.0113636,0.011264,0.0454545,0.011264,,,0.727273,0.011264,2.90909,0.011264,11.6364,0.011264,46.5455,0.011264,170.667,0.012288,431.158,0.019456,630.154,0.053248,740.52,0.181248,755.458,0.710656,748.715,2.86822,714.35,12.0248,
0.0125,0.01024,0.05,0.01024,,,0.8,0.01024,2.90909,0.011264,11.6364,0.011264,42.6667,0.012288,146.286,0.014336,431.158,0.019456,655.36,0.0512,744.727,0.180224,753.287,0.712704,747.648,2.87232,713.985,12.031,
0.0113636,0.011264,0.0454545,0.011264,,,0.727273,0.011264,2.90909,0.011264,11.6364,0.011264,46.5455,0.011264,170.667,0.012288,455.111,0.018432,655.36,0.0512,744.727,0.180224,758.738,0.707584,747.914,2.8713,713.499,12.0392,
0.0113636,0.011264,0.05,0.01024,,,0.727273,0.011264,2.90909,0.011264,11.6364,0.011264,46.5455,0.011264,157.538,0.013312,455.111,0.018432,655.36,0.0512,724.155,0.185344,755.458,0.710656,749.786,2.86413,713.135,12.0453,
0.0125,0.01024,0.0454545,0.011264,,,0.727273,0.011264,3.2,0.01024,11.6364,0.011264,46.5455,0.011264,157.538,0.013312,431.158,0.019456,642.51,0.052224,728.178,0.18432,758.738,0.707584,748.181,2.87027,716.975,11.9808,
0.0113636,0.011264,0.0454545,0.011264,,,0.8,0.01024,2.90909,0.011264,11.6364,0.011264,42.6667,0.012288,157.538,0.013312,431.158,0.019456,642.51,0.052224,736.36,0.182272,755.458,0.710656,751.129,2.85901,743.803,11.5487,
0.0113636,0.011264,0.0454545,0.011264,,,0.727273,0.011264,2.90909,0.011264,11.6364,0.011264,46.5455,0.011264,157.538,0.013312,431.158,0.019456,642.51,0.052224,736.36,0.182272,756.548,0.709632,745.787,2.87949,744.926,11.5313,
0.0113636,0.011264,0.05,0.01024,,,0.727273,0.011264,2.90909,0.011264,11.6364,0.011264,42.6667,0.012288,157.538,0.013312,455.111,0.018432,642.51,0.052224,740.52,0.181248,755.458,0.710656,744.992,2.88256,744.86,11.5323,
0.0113636,0.011264,0.0454545,0.011264,,,0.727273,0.011264,3.2,0.01024,11.6364,0.011264,46.5455,0.011264,157.538,0.013312,431.158,0.019456,655.36,0.0512,740.52,0.181248,753.287,0.712704,747.914,2.8713,744.265,11.5415,
0.0125,0.01024,0.0454545,0.011264,,,0.8,0.01024,2.90909,0.011264,11.6364,0.011264,46.5455,0.011264,157.538,0.013312,431.158,0.019456,642.51,0.052224,736.36,0.182272,757.642,0.708608,749.25,2.86618,744.86,11.5323,
0.0113636,0.011264,0.0454545,0.011264,,,0.727273,0.011264,3.2,0.01024,11.6364,0.011264,42.6667,0.012288,157.538,0.013312,431.158,0.019456,630.154,0.053248,724.155,0.185344,751.129,0.714752,750.323,2.86208,745.124,11.5282,
0.0125,0.01024,0.05,0.01024,,,0.8,0.01024,2.90909,0.011264,11.6364,0.011264,46.5455,0.011264,170.667,0.012288,431.158,0.019456,642.51,0.052224,736.36,0.182272,755.458,0.710656,750.323,2.86208,744.529,11.5374,
0.0113636,0.011264,0.0454545,0.011264,,,0.727273,0.011264,2.90909,0.011264,11.6364,0.011264,46.5455,0.011264,157.538,0.013312,455.111,0.018432,642.51,0.052224,736.36,0.182272,755.458,0.710656,749.786,2.86413,745.058,11.5292,
0.0125,0.01024,0.05,0.01024,,,0.8,0.01024,2.90909,0.011264,11.6364,0.011264,42.6667,0.012288,157.538,0.013312,455.111,0.018432,642.51,0.052224,732.246,0.183296,755.458,0.710656,750.323,2.86208,745.257,11.5261,
0.0113636,0.011264,0.0454545,0.011264,,,0.727273,0.011264,2.90909,0.011264,11.6364,0.011264,46.5455,0.011264,157.538,0.013312,431.158,0.019456,655.36,0.0512,736.36,0.182272,757.642,0.708608,746.583,2.87642,745.455,11.5231,
0.0113636,0.011264,0.05,0.01024,,,0.8,0.01024,2.90909,0.011264,11.6364,0.011264,46.5455,0.011264,157.538,0.013312,431.158,0.019456,655.36,0.0512,740.52,0.181248,750.054,0.715776,751.398,2.85798,745.455,11.5231,
0.0113636,0.011264,0.0454545,0.011264,,,0.727273,0.011264,2.90909,0.011264,11.6364,0.011264,42.6667,0.012288,157.538,0.013312,431.158,0.019456,642.51,0.052224,736.36,0.182272,751.129,0.714752,749.518,2.86515,745.389,11.5241,
0.0113636,0.011264,0.0454545,0.011264,,,0.8,0.01024,2.90909,0.011264,11.6364,0.011264,42.6667,0.012288,170.667,0.012288,455.111,0.018432,655.36,0.0512,740.52,0.181248,755.458,0.710656,748.983,2.8672,745.455,11.5231,
0.0113636,0.011264,0.0454545,0.011264,,,0.727273,0.011264,2.90909,0.011264,11.6364,0.011264,46.5455,0.011264,157.538,0.013312,431.158,0.019456,642.51,0.052224,740.52,0.181248,756.548,0.709632,750.323,2.86208,745.323,11.5251,
0.0113636,0.011264,0.05,0.01024,,,0.8,0.01024,2.90909,0.011264,11.6364,0.011264,42.6667,0.012288,170.667,0.012288,431.158,0.019456,642.51,0.052224,736.36,0.182272,755.458,0.710656,750.86,2.86003,745.257,11.5261,
0.0113636,0.011264,0.0454545,0.011264,,,0.727273,0.011264,2.90909,0.011264,11.6364,0.011264,46.5455,0.011264,157.538,0.013312,431.158,0.019456,642.51,0.052224,736.36,0.182272,753.287,0.712704,750.591,2.86106,745.19,11.5272,
0.0125,0.01024,0.05,0.01024,,,0.727273,0.011264,2.90909,0.011264,11.6364,0.011264,42.6667,0.012288,157.538,0.013312,431.158,0.019456,655.36,0.0512,736.36,0.182272,757.642,0.708608,750.591,2.86106,745.257,11.5261,
0.0113636,0.011264,0.0454545,0.011264,,,0.8,0.01024,2.90909,0.011264,11.6364,0.011264,46.5455,0.011264,157.538,0.013312,455.111,0.018432,630.154,0.053248,736.36,0.182272,755.458,0.710656,750.86,2.86003,744.463,11.5384,
0.0125,0.01024,0.05,0.01024,,,0.8,0.01024,2.90909,0.011264,11.6364,0.011264,46.5455,0.011264,170.667,0.012288,431.158,0.019456,655.36,0.0512,728.178,0.18432,754.371,0.71168,747.115,2.87437,745.257,11.5261,
0.0113636,0.011264,0.0454545,0.011264,,,0.727273,0.011264,2.90909,0.011264,11.6364,0.011264,42.6667,0.012288,157.538,0.013312,431.158,0.019456,642.51,0.052224,744.727,0.180224,751.129,0.714752,749.786,2.86413,745.455,11.5231,
0.0125,0.01024,0.05,0.01024,,,0.8,0.01024,2.66667,0.012288,11.6364,0.011264,46.5455,0.011264,157.538,0.013312,431.158,0.019456,668.735,0.050176,740.52,0.181248,754.371,0.71168,749.786,2.86413,744.727,11.5343,
0.0113636,0.011264,0.0454545,0.011264,,,0.666667,0.012288,3.2,0.01024,11.6364,0.011264,46.5455,0.011264,157.538,0.013312,431.158,0.019456,630.154,0.053248,740.52,0.181248,755.458,0.710656,750.323,2.86208,745.389,11.5241,
0.0113636,0.011264,0.0454545,0.011264,,,0.727273,0.011264,2.90909,0.011264,11.6364,0.011264,42.6667,0.012288,170.667,0.012288,431.158,0.019456,642.51,0.052224,740.52,0.181248,752.207,0.713728,744.727,2.88358,745.588,11.521,
0.0078125,0.016384,0.0454545,0.011264,,,0.8,0.01024,2.90909,0.011264,11.6364,0.011264,46.5455,0.011264,120.471,0.017408,455.111,0.018432,655.36,0.0512,736.36,0.182272,756.548,0.709632,746.849,2.87539,745.323,11.5251,
0.0125,0.01024,0.05,0.01024,,,0.727273,0.011264,2.90909,0.011264,11.6364,0.011264,42.6667,0.012288,157.538,0.013312,431.158,0.019456,655.36,0.0512,736.36,0.182272,755.458,0.710656,748.448,2.86925,745.124,11.5282,
0.0113636,0.011264,0.0454545,0.011264,,,0.727273,0.011264,2.90909,0.011264,11.6364,0.011264,46.5455,0.011264,157.538,0.013312,431.158,0.019456,642.51,0.052224,736.36,0.182272,754.371,0.71168,747.914,2.8713,745.257,11.5261,
0.0125,0.01024,0.0454545,0.011264,,,0.727273,0.011264,2.90909,0.011264,11.6364,0.011264,42.6667,0.012288,157.538,0.013312,431.158,0.019456,642.51,0.052224,736.36,0.182272,753.287,0.712704,749.25,2.86618,745.19,11.5272,
0.0113636,0.011264,0.0454545,0.011264,,,0.8,0.01024,2.90909,0.011264,11.6364,0.011264,46.5455,0.011264,157.538,0.013312,455.111,0.018432,655.36,0.0512,732.246,0.183296,754.371,0.71168,748.448,2.86925,744.727,11.5343,
0.0125,0.01024,0.05,0.01024,,,0.727273,0.011264,2.90909,0.011264,11.6364,0.011264,42.6667,0.012288,157.538,0.013312,431.158,0.019456,655.36,0.0512,732.246,0.183296,758.738,0.707584,747.381,2.87334,744.86,11.5323,
0.0113636,0.011264,0.0454545,0.011264,,,0.8,0.01024,2.90909,0.011264,11.6364,0.011264,46.5455,0.011264,157.538,0.013312,431.158,0.019456,630.154,0.053248,740.52,0.181248,753.287,0.712704,747.648,2.87232,744.86,11.5323,
0.0113636,0.011264,0.05,0.01024,,,0.727273,0.011264,2.90909,0.011264,11.6364,0.011264,42.6667,0.012288,157.538,0.013312,431.158,0.019456,655.36,0.0512,740.52,0.181248,753.287,0.712704,743.935,2.88666,745.124,11.5282,
0.0113636,0.011264,0.05,0.01024,,,0.727273,0.011264,2.90909,0.011264,11.6364,0.011264,46.5455,0.011264,157.538,0.013312,455.111,0.018432,642.51,0.052224,736.36,0.182272,753.287,0.712704,742.881,2.89075,745.521,11.522,
0.0125,0.01024,0.0454545,0.011264,,,0.8,0.01024,2.90909,0.011264,11.6364,0.011264,46.5455,0.011264,157.538,0.013312,431.158,0.019456,642.51,0.052224,732.246,0.183296,756.548,0.709632,748.983,2.8672,744.529,11.5374,
0.0113636,0.011264,0.0416667,0.012288,,,0.727273,0.011264,2.90909,0.011264,11.6364,0.011264,42.6667,0.012288,170.667,0.012288,431.158,0.019456,642.51,0.052224,740.52,0.181248,753.287,0.712704,743.935,2.88666,744.595,11.5364,
0.0113636,0.011264,0.0454545,0.011264,,,0.8,0.01024,2.90909,0.011264,11.6364,0.011264,46.5455,0.011264,157.538,0.013312,431.158,0.019456,642.51,0.052224,736.36,0.182272,756.548,0.709632,748.715,2.86822,744.926,11.5313,
0.0113636,0.011264,0.0454545,0.011264,,,0.727273,0.011264,2.90909,0.011264,11.6364,0.011264,42.6667,0.012288,157.538,0.013312,431.158,0.019456,630.154,0.053248,728.178,0.18432,757.642,0.708608,742.355,2.8928,744.926,11.5313,
0.0104167,0.012288,0.05,0.01024,,,0.727273,0.011264,2.90909,0.011264,11.6364,0.011264,42.6667,0.012288,157.538,0.013312,431.158,0.019456,642.51,0.052224,744.727,0.180224,754.371,0.71168,743.407,2.8887,745.058,11.5292,
0.00961538,0.013312,0.0454545,0.011264,,,0.727273,0.011264,2.90909,0.011264,11.6364,0.011264,46.5455,0.011264,170.667,0.012288,431.158,0.019456,642.51,0.052224,740.52,0.181248,754.371,0.71168,748.448,2.86925,744.661,11.5354,
0.0113636,0.011264,0.05,0.01024,,,0.8,0.01024,2.90909,0.011264,11.6364,0.011264,42.6667,0.012288,157.538,0.013312,431.158,0.019456,642.51,0.052224,736.36,0.182272,751.129,0.714752,747.648,2.87232,745.389,11.5241,
0.0113636,0.011264,0.0454545,0.011264,,,0.727273,0.011264,2.90909,0.011264,11.6364,0.011264,46.5455,0.011264,157.538,0.013312,455.111,0.018432,655.36,0.0512,744.727,0.180224,752.207,0.713728,748.983,2.8672,744.793,11.5333,
0.0113636,0.011264,0.0454545,0.011264,,,0.727273,0.011264,2.90909,0.011264,11.6364,0.011264,7.31429,0.07168,157.538,0.013312,431.158,0.019456,642.51,0.052224,740.52,0.181248,752.207,0.713728,747.914,2.8713,745.124,11.5282,
0.0104167,0.012288,0.05,0.01024,,,0.727273,0.011264,2.90909,0.011264,11.6364,0.011264,46.5455,0.011264,157.538,0.013312,431.158,0.019456,642.51,0.052224,740.52,0.181248,753.287,0.712704,748.181,2.87027,745.124,11.5282,
0.0113636,0.011264,0.0454545,0.011264,,,0.727273,0.011264,2.90909,0.011264,11.6364,0.011264,42.6667,0.012288,170.667,0.012288,431.158,0.019456,642.51,0.052224,740.52,0.181248,753.287,0.712704,747.914,2.8713,744.992,11.5302,
0.0113636,0.011264,0.0454545,0.011264,,,0.8,0.01024,3.2,0.01024,11.6364,0.011264,46.5455,0.011264,157.538,0.013312,431.158,0.019456,642.51,0.052224,728.178,0.18432,751.129,0.714752,745.521,2.88051,744.926,11.5313,
0.0113636,0.011264,0.0454545,0.011264,,,0.727273,0.011264,2.90909,0.011264,11.6364,0.011264,46.5455,0.011264,157.538,0.013312,431.158,0.019456,642.51,0.052224,740.52,0.181248,750.054,0.715776,746.317,2.87744,745.323,11.5251,
0.0113636,0.011264,0.0454545,0.011264,,,0.8,0.01024,2.90909,0.011264,10.6667,0.012288,42.6667,0.012288,157.538,0.013312,431.158,0.019456,642.51,0.052224,732.246,0.183296,754.371,0.71168,747.648,2.87232,744.992,11.5302,
0.0113636,0.011264,0.05,0.01024,,,0.727273,0.011264,2.90909,0.011264,12.8,0.01024,46.5455,0.011264,157.538,0.013312,431.158,0.019456,655.36,0.0512,744.727,0.180224,754.371,0.71168,746.583,2.87642,745.058,11.5292,
0.0113636,0.011264,0.0454545,0.011264,,,0.727273,0.011264,3.2,0.01024,11.6364,0.011264,46.5455,0.011264,157.538,0.013312,431.158,0.019456,630.154,0.053248,740.52,0.181248,754.371,0.71168,748.181,2.87027,745.19,11.5272,
0.0113636,0.011264,0.0454545,0.011264,,,0.666667,0.012288,2.66667,0.012288,11.6364,0.011264,42.6667,0.012288,157.538,0.013312,431.158,0.019456,655.36,0.0512,748.983,0.1792,756.548,0.709632,748.448,2.86925,745.323,11.5251,
0.0104167,0.012288,0.0454545,0.011264,,,0.727273,0.011264,2.90909,0.011264,11.6364,0.011264,46.5455,0.011264,170.667,0.012288,431.158,0.019456,630.154,0.053248,732.246,0.183296,750.054,0.715776,747.648,2.87232,745.323,11.5251,
0.0113636,0.011264,0.05,0.01024,,,0.8,0.01024,3.2,0.01024,11.6364,0.011264,42.6667,0.012288,157.538,0.013312,455.111,0.018432,630.154,0.053248,744.727,0.180224,756.548,0.709632,747.914,2.8713,744.926,11.5313,
0.0104167,0.012288,0.0454545,0.011264,,,0.727273,0.011264,2.90909,0.011264,10.6667,0.012288,42.6667,0.012288,157.538,0.013312,455.111,0.018432,642.51,0.052224,740.52,0.181248,754.371,0.71168,743.671,2.88768,745.257,11.5261,
0.0113636,0.011264,0.05,0.01024,,,0.8,0.01024,2.90909,0.011264,11.6364,0.011264,42.6667,0.012288,157.538,0.013312,431.158,0.019456,655.36,0.0512,740.52,0.181248,753.287,0.712704,742.881,2.89075,744.86,11.5323,
0.0113636,0.011264,0.0454545,0.011264,,,0.8,0.01024,2.90909,0.011264,11.6364,0.011264,46.5455,0.011264,157.538,0.013312,455.111,0.018432,642.51,0.052224,740.52,0.181248,750.054,0.715776,748.448,2.86925,745.124,11.5282,
0.0125,0.01024,0.05,0.01024,,,0.727273,0.011264,2.90909,0.011264,11.6364,0.011264,42.6667,0.012288,157.538,0.013312,431.158,0.019456,642.51,0.052224,740.52,0.181248,750.054,0.715776,747.648,2.87232,745.058,11.5292,
0.0113636,0.011264,0.0454545,0.011264,,,0.727273,0.011264,2.90909,0.011264,11.6364,0.011264,42.6667,0.012288,157.538,0.013312,455.111,0.018432,655.36,0.0512,732.246,0.183296,753.287,0.712704,742.092,2.89382,745.521,11.522,
0.0113636,0.011264,0.05,0.01024,,,0.8,0.01024,2.90909,0.011264,11.6364,0.011264,42.6667,0.012288,157.538,0.013312,431.158,0.019456,642.51,0.052224,740.52,0.181248,754.371,0.71168,748.448,2.86925,744.595,11.5364,
0.0113636,0.011264,0.0454545,0.011264,,,0.727273,0.011264,2.90909,0.011264,11.6364,0.011264,46.5455,0.011264,157.538,0.013312,455.111,0.018432,655.36,0.0512,732.246,0.183296,756.548,0.709632,746.849,2.87539,745.389,11.5241,
0.0104167,0.012288,0.05,0.01024,,,0.8,0.01024,2.90909,0.011264,11.6364,0.011264,42.6667,0.012288,157.538,0.013312,431.158,0.019456,630.154,0.053248,736.36,0.182272,752.207,0.713728,747.115,2.87437,745.124,11.5282,
0.0104167,0.012288,0.0454545,0.011264,,,0.727273,0.011264,3.2,0.01024,11.6364,0.011264,42.6667,0.012288,157.538,0.013312,431.158,0.019456,642.51,0.052224,736.36,0.182272,752.207,0.713728,748.181,2.87027,744.661,11.5354,
0.0113636,0.011264,0.05,0.01024,,,0.727273,0.011264,2.90909,0.011264,11.6364,0.011264,42.6667,0.012288,157.538,0.013312,455.111,0.018432,642.51,0.052224,740.52,0.181248,753.287,0.712704,746.317,2.87744,744.793,11.5333,
0.0104167,0.012288,0.0454545,0.011264,,,0.8,0.01024,3.2,0.01024,10.6667,0.012288,42.6667,0.012288,146.286,0.014336,431.158,0.019456,618.264,0.054272,732.246,0.183296,755.458,0.710656,746.583,2.87642,744.727,11.5343,
0.0104167,0.012288,0.0454545,0.011264,,,0.727273,0.011264,2.90909,0.011264,11.6364,0.011264,46.5455,0.011264,157.538,0.013312,431.158,0.019456,642.51,0.052224,740.52,0.181248,752.207,0.713728,745.257,2.88154,745.257,11.5261,
0.00961538,0.013312,0.05,0.01024,,,0.8,0.01024,2.90909,0.011264,11.6364,0.011264,42.6667,0.012288,157.538,0.013312,431.158,0.019456,642.51,0.052224,736.36,0.182272,755.458,0.710656,746.052,2.87846,745.455,11.5231,
0.0125,0.01024,0.0454545,0.011264,,,0.727273,0.011264,2.90909,0.011264,11.6364,0.011264,42.6667,0.012288,157.538,0.013312,455.111,0.018432,655.36,0.0512,732.246,0.183296,753.287,0.712704,744.992,2.88256,744.529,11.5374,
0.0113636,0.011264,0.05,0.01024,,,0.8,0.01024,2.90909,0.011264,11.6364,0.011264,42.6667,0.012288,157.538,0.013312,431.158,0.019456,642.51,0.052224,744.727,0.180224,752.207,0.713728,745.787,2.87949,744.199,11.5425,
0.0113636,0.011264,0.05,0.01024,,,0.727273,0.011264,2.90909,0.011264,11.6364,0.011264,42.6667,0.012288,157.538,0.013312,431.158,0.019456,655.36,0.0512,736.36,0.182272,752.207,0.713728,748.715,2.86822,744.86,11.5323,
0.0113636,0.011264,0.05,0.01024,,,0.727273,0.011264,2.90909,0.011264,11.6364,0.011264,46.5455,0.011264,157.538,0.013312,455.111,0.018432,618.264,0.054272,732.246,0.183296,754.371,0.71168,747.381,2.87334,744.793,11.5333,
0.0113636,0.011264,0.0454545,0.011264,,,0.8,0.01024,2.90909,0.011264,11.6364,0.011264,42.6667,0.012288,136.533,0.01536,431.158,0.019456,618.264,0.054272,740.52,0.181248,754.371,0.71168,747.648,2.87232,744.661,11.5354,
0.0104167,0.012288,0.0454545,0.011264,,,0.727273,0.011264,2.90909,0.011264,11.6364,0.011264,42.6667,0.012288,157.538,0.013312,431.158,0.019456,642.51,0.052224,740.52,0.181248,752.207,0.713728,749.786,2.86413,744.86,11.5323,
0.0113636,0.011264,0.05,0.01024,,,0.8,0.01024,2.90909,0.011264,11.6364,0.011264,42.6667,0.012288,157.538,0.013312,455.111,0.018432,642.51,0.052224,740.52,0.181248,752.207,0.713728,750.323,2.86208,744.661,11.5354,
0.0104167,0.012288,0.0454545,0.011264,,,0.727273,0.011264,2.90909,0.011264,11.6364,0.011264,42.6667,0.012288,157.538,0.013312,431.158,0.019456,618.264,0.054272,736.36,0.182272,748.983,0.7168,748.181,2.87027,744.793,11.5333,
0.0113636,0.011264,0.05,0.01024,,,0.8,0.01024,2.90909,0.011264,11.6364,0.011264,42.6667,0.012288,157.538,0.013312,431.158,0.019456,655.36,0.0512,744.727,0.180224,752.207,0.713728,748.715,2.86822,744.793,11.5333,
0.0113636,0.011264,0.05,0.01024,,,0.8,0.01024,2.90909,0.011264,11.6364,0.011264,42.6667,0.012288,128,0.016384,431.158,0.019456,642.51,0.052224,736.36,0.182272,750.054,0.715776,749.518,2.86515,744.86,11.5323,
0.0125,0.01024,0.0454545,0.011264,,,0.727273,0.011264,2.90909,0.011264,12.8,0.01024,46.5455,0.011264,157.538,0.013312,431.158,0.019456,630.154,0.053248,716.24,0.187392,753.287,0.712704,750.591,2.86106,745.058,11.5292,
0.0113636,0.011264,0.05,0.01024,,,0.727273,0.011264,2.90909,0.011264,11.6364,0.011264,46.5455,0.011264,157.538,0.013312,455.111,0.018432,630.154,0.053248,744.727,0.180224,754.371,0.71168,749.518,2.86515,744.661,11.5354,
0.0125,0.01024,0.0454545,0.011264,,,0.727273,0.011264,3.2,0.01024,10.6667,0.012288,46.5455,0.011264,157.538,0.013312,431.158,0.019456,642.51,0.052224,728.178,0.18432,756.548,0.709632,748.983,2.8672,744.529,11.5374,
0.0113636,0.011264,0.0454545,0.011264,,,0.727273,0.011264,2.90909,0.011264,11.6364,0.011264,46.5455,0.011264,157.538,0.013312,455.111,0.018432,642.51,0.052224,740.52,0.181248,755.458,0.710656,750.054,2.8631,745.058,11.5292,
0.0104167,0.012288,0.05,0.01024,,,0.8,0.01024,2.90909,0.011264,11.6364,0.011264,39.3846,0.013312,157.538,0.013312,431.158,0.019456,668.735,0.050176,732.246,0.183296,756.548,0.709632,750.054,2.8631,744.86,11.5323,
0.0113636,0.011264,0.0454545,0.011264,,,0.727273,0.011264,2.90909,0.011264,11.6364,0.011264,46.5455,0.011264,170.667,0.012288,431.158,0.019456,642.51,0.052224,740.52,0.181248,756.548,0.709632,749.786,2.86413,745.455,11.5231,
0.0125,0.01024,0.05,0.01024,,,0.8,0.01024,2.90909,0.011264,11.6364,0.011264,42.6667,0.012288,157.538,0.013312,455.111,0.018432,642.51,0.052224,740.52,0.181248,754.371,0.71168,750.86,2.86003,745.058,11.5292,
0.0113636,0.011264,0.0454545,0.011264,,,0.727273,0.011264,2.90909,0.011264,11.6364,0.011264,46.5455,0.011264,157.538,0.013312,431.158,0.019456,642.51,0.052224,728.178,0.18432,754.371,0.71168,749.518,2.86515,744.727,11.5343,
0.0113636,0.011264,0.05,0.01024,,,0.727273,0.011264,3.2,0.01024,11.6364,0.011264,39.3846,0.013312,157.538,0.013312,431.158,0.019456,642.51,0.052224,736.36,0.182272,756.548,0.709632,743.144,2.88973,745.455,11.5231,
0.0104167,0.012288,0.0454545,0.011264,,,0.727273,0.011264,2.90909,0.011264,11.6364,0.011264,42.6667,0.012288,157.538,0.013312,431.158,0.019456,642.51,0.052224,728.178,0.18432,755.458,0.710656,746.317,2.87744,744.595,11.5364,
0.0104167,0.012288,0.0454545,0.011264,,,0.8,0.01024,2.90909,0.011264,11.6364,0.011264,42.6667,0.012288,157.538,0.013312,431.158,0.019456,642.51,0.052224,740.52,0.181248,756.548,0.709632,750.054,2.8631,744.133,11.5436,
0.0078125,0.016384,0.0454545,0.011264,,,0.727273,0.011264,3.2,0.01024,11.6364,0.011264,42.6667,0.012288,157.538,0.013312,431.158,0.019456,630.154,0.053248,740.52,0.181248,758.738,0.707584,747.648,2.87232,743.935,11.5466,
0.0125,0.01024,0.05,0.01024,,,0.8,0.01024,2.90909,0.011264,11.6364,0.011264,42.6667,0.012288,157.538,0.013312,455.111,0.018432,655.36,0.0512,732.246,0.183296,756.548,0.709632,748.715,2.86822,743.605,11.5517,
0.0113636,0.011264,0.0454545,0.011264,,,0.727273,0.011264,2.90909,0.011264,11.6364,0.011264,42.6667,0.012288,157.538,0.013312,431.158,0.019456,655.36,0.0512,740.52,0.181248,755.458,0.710656,747.115,2.87437,743.935,11.5466,
0.0125,0.01024,0.05,0.01024,,,0.727273,0.011264,2.90909,0.011264,12.8,0.01024,46.5455,0.011264,157.538,0.013312,455.111,0.018432,655.36,0.0512,736.36,0.182272,755.458,0.710656,749.518,2.86515,743.078,11.5599,
0.0113636,0.011264,0.0454545,0.011264,,,0.727273,0.011264,3.2,0.01024,10.6667,0.012288,46.5455,0.011264,157.538,0.013312,455.111,0.018432,642.51,0.052224,740.52,0.181248,755.458,0.710656,747.914,2.8713,742.946,11.562,
0.0125,0.01024,0.05,0.01024,,,0.8,0.01024,2.90909,0.011264,11.6364,0.011264,42.6667,0.012288,157.538,0.013312,431.158,0.019456,642.51,0.052224,740.52,0.181248,756.548,0.709632,748.983,2.8672,744.331,11.5405,
0.0125,0.01024,0.0454545,0.011264,,,0.727273,0.011264,2.90909,0.011264,10.6667,0.012288,46.5455,0.011264,157.538,0.013312,431.158,0.019456,655.36,0.0512,732.246,0.183296,755.458,0.710656,750.054,2.8631,743.671,11.5507,
0.0113636,0.011264,0.0416667,0.012288,,,0.8,0.01024,2.90909,0.011264,11.6364,0.011264,42.6667,0.012288,157.538,0.013312,431.158,0.019456,668.735,0.050176,740.52,0.181248,744.727,0.720896,748.181,2.87027,713.803,12.034,
0.0113636,0.011264,0.0416667,0.012288,,,0.727273,0.011264,3.2,0.01024,11.6364,0.011264,46.5455,0.011264,157.538,0.013312,431.158,0.019456,642.51,0.052224,744.727,0.180224,752.207,0.713728,748.715,2.86822,715.019,12.0136,
0.0125,0.01024,0.0454545,0.011264,,,0.8,0.01024,2.90909,0.011264,11.6364,0.011264,46.5455,0.011264,157.538,0.013312,431.158,0.019456,655.36,0.0512,744.727,0.180224,750.054,0.715776,748.715,2.86822,714.837,12.0166,
0.0113636,0.011264,0.0454545,0.011264,,,0.727273,0.011264,3.2,0.01024,11.6364,0.011264,46.5455,0.011264,157.538,0.013312,455.111,0.018432,655.36,0.0512,748.983,0.1792,742.618,0.722944,748.983,2.8672,714.046,12.03,
0.0125,0.01024,0.0454545,0.011264,,,0.8,0.01024,2.90909,0.011264,11.6364,0.011264,42.6667,0.012288,157.538,0.013312,455.111,0.018432,655.36,0.0512,753.287,0.178176,746.849,0.718848,747.115,2.87437,714.898,12.0156,
0.00892857,0.014336,0.0454545,0.011264,,,0.8,0.01024,2.90909,0.011264,11.6364,0.011264,46.5455,0.011264,157.538,0.013312,455.111,0.018432,655.36,0.0512,744.727,0.180224,750.054,0.715776,748.181,2.87027,714.654,12.0197,
0.0125,0.01024,0.0416667,0.012288,,,0.8,0.01024,2.90909,0.011264,11.6364,0.011264,46.5455,0.011264,157.538,0.013312,455.111,0.018432,655.36,0.0512,740.52,0.181248,748.983,0.7168,747.648,2.87232,714.654,12.0197,
0.0125,0.01024,0.0416667,0.012288,,,0.8,0.01024,3.2,0.01024,10.6667,0.012288,42.6667,0.012288,146.286,0.014336,455.111,0.018432,655.36,0.0512,740.52,0.181248,748.983,0.7168,743.407,2.8887,714.958,12.0146,
0.0125,0.01024,0.0454545,0.011264,,,0.8,0.01024,2.90909,0.011264,11.6364,0.011264,46.5455,0.011264,170.667,0.012288,455.111,0.018432,668.735,0.050176,744.727,0.180224,748.983,0.7168,748.983,2.8672,715.141,12.0115,
0.0125,0.01024,0.0454545,0.011264,,,0.727273,0.011264,2.90909,0.011264,11.6364,0.011264,42.6667,0.012288,128,0.016384,455.111,0.018432,198.594,0.16896,748.983,0.1792,746.849,0.718848,748.983,2.8672,714.167,12.0279,
0.0125,0.01024,0.0454545,0.011264,,,0.727273,0.011264,2.90909,0.011264,11.6364,0.011264,46.5455,0.011264,136.533,0.01536,455.111,0.018432,668.735,0.050176,748.983,0.1792,750.054,0.715776,744.463,2.88461,740.193,11.605,
0.0113636,0.011264,0.0357143,0.014336,,,0.727273,0.011264,3.2,0.01024,11.6364,0.011264,42.6667,0.012288,157.538,0.013312,455.111,0.018432,655.36,0.0512,748.983,0.1792,748.983,0.7168,741.043,2.89792,745.72,11.519,
0.0113636,0.011264,0.0416667,0.012288,,,0.8,0.01024,2.90909,0.011264,11.6364,0.011264,46.5455,0.011264,157.538,0.013312,455.111,0.018432,655.36,0.0512,744.727,0.180224,746.849,0.718848,750.054,2.8631,745.588,11.521,
0.0113636,0.011264,0.0416667,0.012288,,,0.727273,0.011264,2.90909,0.011264,11.6364,0.011264,36.5714,0.014336,157.538,0.013312,455.111,0.018432,668.735,0.050176,748.983,0.1792,752.207,0.713728,748.715,2.86822,745.919,11.5159,
0.0125,0.01024,0.0384615,0.013312,,,0.727273,0.011264,0.385542,0.084992,11.6364,0.011264,46.5455,0.011264,157.538,0.013312,431.158,0.019456,655.36,0.0512,748.983,0.1792,751.129,0.714752,750.054,2.8631,746.185,11.5118,
0.0113636,0.011264,0.0416667,0.012288,,,0.727273,0.011264,2.90909,0.011264,11.6364,0.011264,46.5455,0.011264,157.538,0.013312,431.158,0.019456,655.36,0.0512,744.727,0.180224,747.914,0.717824,748.448,2.86925,745.521,11.522,
0.0125,0.01024,0.0416667,0.012288,,,0.8,0.01024,2.90909,0.011264,11.6364,0.011264,42.6667,0.012288,157.538,0.013312,431.158,0.019456,668.735,0.050176,740.52,0.181248,750.054,0.715776,750.323,2.86208,744.926,11.5313,
0.0113636,0.011264,0.0384615,0.013312,,,0.727273,0.011264,2.90909,0.011264,11.6364,0.011264,46.5455,0.011264,157.538,0.013312,431.158,0.019456,630.154,0.053248,748.983,0.1792,751.129,0.714752,749.25,2.86618,745.72,11.519,
0.0125,0.01024,0.0454545,0.011264,,,0.8,0.01024,2.90909,0.011264,11.6364,0.011264,42.6667,0.012288,157.538,0.013312,431.158,0.019456,642.51,0.052224,748.983,0.1792,748.983,0.7168,746.052,2.87846,745.787,11.518,
0.0125,0.01024,0.0384615,0.013312,,,0.727273,0.011264,2.90909,0.011264,11.6364,0.011264,46.5455,0.011264,146.286,0.014336,431.158,0.019456,655.36,0.0512,740.52,0.181248,752.207,0.713728,747.648,2.87232,745.654,11.52,
0.0125,0.01024,0.0454545,0.011264,,,0.727273,0.011264,2.90909,0.011264,11.6364,0.011264,42.6667,0.012288,170.667,0.012288,455.111,0.018432,655.36,0.0512,744.727,0.180224,743.671,0.72192,748.448,2.86925,745.19,11.5272,
0.0113636,0.011264,0.0454545,0.011264,,,0.727273,0.011264,2.90909,0.011264,11.6364,0.011264,46.5455,0.011264,157.538,0.013312,431.158,0.019456,642.51,0.052224,744.727,0.180224,751.129,0.714752,746.317,2.87744,744.793,11.5333,
0.0113636,0.011264,0.0416667,0.012288,,,0.8,0.01024,3.2,0.01024,11.6364,0.011264,42.6667,0.012288,157.538,0.013312,431.158,0.019456,655.36,0.0512,748.983,0.1792,751.129,0.714752,748.983,2.8672,744.992,11.5302,
0.0113636,0.011264,0.0454545,0.011264,,,0.666667,0.012288,2.90909,0.011264,11.6364,0.011264,46.5455,0.011264,157.538,0.013312,431.158,0.019456,655.36,0.0512,744.727,0.180224,750.054,0.715776,748.181,2.87027,744.86,11.5323,
0.0125,0.01024,0.0454545,0.011264,,,0.8,0.01024,2.90909,0.011264,11.6364,0.011264,42.6667,0.012288,157.538,0.013312,431.158,0.019456,655.36,0.0512,740.52,0.181248,751.129,0.714752,747.914,2.8713,744.661,11.5354,
0.0113636,0.011264,0.0416667,0.012288,,,0.727273,0.011264,2.90909,0.011264,11.6364,0.011264,42.6667,0.012288,157.538,0.013312,481.882,0.017408,642.51,0.052224,744.727,0.180224,748.983,0.7168,748.715,2.86822,744.992,11.5302,
0.0125,0.01024,0.0454545,0.011264,,,0.727273,0.011264,2.90909,0.011264,11.6364,0.011264,46.5455,0.011264,170.667,0.012288,455.111,0.018432,668.735,0.050176,744.727,0.180224,747.914,0.717824,748.181,2.87027,744.331,11.5405,
0.0113636,0.011264,0.0454545,0.011264,,,0.727273,0.011264,3.2,0.01024,11.6364,0.011264,46.5455,0.011264,157.538,0.013312,455.111,0.018432,642.51,0.052224,748.983,0.1792,754.371,0.71168,743.144,2.88973,744.397,11.5395,
0.0125,0.01024,0.0416667,0.012288,,,0.727273,0.011264,2.28571,0.014336,12.8,0.01024,42.6667,0.012288,157.538,0.013312,455.111,0.018432,642.51,0.052224,748.983,0.1792,747.914,0.717824,743.671,2.88768,744.001,11.5456,
0.0113636,0.011264,0.0416667,0.012288,,,0.8,0.01024,3.2,0.01024,11.6364,0.011264,46.5455,0.011264,170.667,0.012288,431.158,0.019456,642.51,0.052224,748.983,0.1792,753.287,0.712704,749.518,2.86515,744.595,11.5364,
0.0125,0.01024,0.0454545,0.011264,,,0.727273,0.011264,2.90909,0.011264,11.6364,0.011264,42.6667,0.012288,157.538,0.013312,431.158,0.019456,642.51,0.052224,744.727,0.180224,748.983,0.7168,747.648,2.87232,744.463,11.5384,
0.0104167,0.012288,0.0454545,0.011264,,,0.727273,0.011264,2.90909,0.011264,11.6364,0.011264,46.5455,0.011264,157.538,0.013312,455.111,0.018432,655.36,0.0512,732.246,0.183296,752.207,0.713728,749.25,2.86618,745.058,11.5292,
0.0113636,0.011264,0.0416667,0.012288,,,0.727273,0.011264,2.90909,0.011264,11.6364,0.011264,46.5455,0.011264,157.538,0.013312,431.158,0.019456,642.51,0.052224,744.727,0.180224,747.914,0.717824,747.914,2.8713,743.803,11.5487,
0.0113636,0.011264,0.0384615,0.013312,,,0.727273,0.011264,3.2,0.01024,11.6364,0.011264,42.6667,0.012288,157.538,0.013312,455.111,0.018432,630.154,0.053248,748.983,0.1792,751.129,0.714752,748.983,2.8672,744.397,11.5395,
0.0125,0.01024,0.0384615,0.013312,,,0.8,0.01024,2.66667,0.012288,11.6364,0.011264,46.5455,0.011264,157.538,0.013312,431.158,0.019456,630.154,0.053248,740.52,0.181248,751.129,0.714752,749.786,2.86413,744.331,11.5405,
0.0113636,0.011264,0.0416667,0.012288,,,0.727273,0.011264,3.2,0.01024,11.6364,0.011264,42.6667,0.012288,157.538,0.013312,455.111,0.018432,630.154,0.053248,732.246,0.183296,752.207,0.713728,748.448,2.86925,743.869,11.5476,
0.0125,0.01024,0.0416667,0.012288,,,0.8,0.01024,2.90909,0.011264,11.6364,0.011264,42.6667,0.012288,157.538,0.013312,431.158,0.019456,642.51,0.052224,740.52,0.181248,748.983,0.7168,749.25,2.86618,744.067,11.5446,
0.0113636,0.011264,0.0454545,0.011264,,,0.727273,0.011264,2.90909,0.011264,11.6364,0.011264,46.5455,0.011264,157.538,0.013312,431.158,0.019456,630.154,0.053248,732.246,0.183296,753.287,0.712704,742.355,2.8928,743.737,11.5497,
0.0113636,0.011264,0.0454545,0.011264,,,0.727273,0.011264,2.90909,0.011264,11.6364,0.011264,42.6667,0.012288,146.286,0.014336,455.111,0.018432,642.51,0.052224,740.52,0.181248,750.054,0.715776,744.199,2.88563,743.671,11.5507,
0.0125,0.01024,0.0416667,0.012288,,,0.727273,0.011264,2.90909,0.011264,11.6364,0.011264,46.5455,0.011264,157.538,0.013312,455.111,0.018432,655.36,0.0512,736.36,0.182272,752.207,0.713728,748.448,2.86925,744.001,11.5456,
0.0125,0.01024,0.0416667,0.012288,,,0.727273,0.011264,2.90909,0.011264,11.6364,0.011264,46.5455,0.011264,157.538,0.013312,409.6,0.02048,618.264,0.054272,740.52,0.181248,750.054,0.715776,748.715,2.86822,743.803,11.5487,
0.0113636,0.011264,0.0238095,0.021504,,,0.666667,0.012288,2.90909,0.011264,11.6364,0.011264,42.6667,0.012288,157.538,0.013312,455.111,0.018432,655.36,0.0512,748.983,0.1792,753.287,0.712704,749.25,2.86618,744.001,11.5456,
0.0113636,0.011264,0.05,0.01024,,,0.8,0.01024,2.90909,0.011264,11.6364,0.011264,46.5455,0.011264,157.538,0.013312,455.111,0.018432,642.51,0.052224,740.52,0.181248,752.207,0.713728,742.881,2.89075,744.199,11.5425,
0.0125,0.01024,0.0416667,0.012288,,,0.727273,0.011264,2.90909,0.011264,11.6364,0.011264,46.5455,0.011264,157.538,0.013312,481.882,0.017408,655.36,0.0512,748.983,0.1792,748.983,0.7168,748.983,2.8672,744.001,11.5456,
0.0125,0.01024,0.0454545,0.011264,,,0.727273,0.011264,2.90909,0.011264,11.6364,0.011264,42.6667,0.012288,157.538,0.013312,431.158,0.019456,642.51,0.052224,748.983,0.1792,750.054,0.715776,749.25,2.86618,744.529,11.5374,
0.0113636,0.011264,0.0454545,0.011264,,,0.727273,0.011264,3.2,0.01024,11.6364,0.011264,46.5455,0.011264,170.667,0.012288,431.158,0.019456,642.51,0.052224,744.727,0.180224,750.054,0.715776,747.381,2.87334,744.397,11.5395,
0.0125,0.01024,0.0416667,0.012288,,,0.8,0.01024,2.90909,0.011264,11.6364,0.011264,42.6667,0.012288,157.538,0.013312,431.158,0.019456,630.154,0.053248,744.727,0.180224,748.983,0.7168,749.25,2.86618,743.144,11.5589,
0.0113636,0.011264,0.0357143,0.014336,,,0.727273,0.011264,3.2,0.01024,11.6364,0.011264,42.6667,0.012288,157.538,0.013312,455.111,0.018432,668.735,0.050176,753.287,0.178176,751.129,0.714752,748.983,2.8672,743.539,11.5528,
0.0125,0.01024,0.0416667,0.012288,,,0.0457143,0.1792,2.90909,0.011264,11.6364,0.011264,46.5455,0.011264,157.538,0.013312,431.158,0.019456,642.51,0.052224,744.727,0.180224,753.287,0.712704,748.448,2.86925,743.473,11.5538,
0.0113636,0.011264,0.0416667,0.012288,,,0.615385,0.013312,2.90909,0.011264,11.6364,0.011264,46.5455,0.011264,157.538,0.013312,455.111,0.018432,655.36,0.0512,744.727,0.180224,751.129,0.714752,748.715,2.86822,743.341,11.5558,
0.0125,0.01024,0.0416667,0.012288,,,0.8,0.01024,2.90909,0.011264,12.8,0.01024,46.5455,0.011264,157.538,0.013312,455.111,0.018432,655.36,0.0512,748.983,0.1792,751.129,0.714752,749.786,2.86413,744.133,11.5436,
0.0113636,0.011264,0.0416667,0.012288,,,0.8,0.01024,2.90909,0.011264,11.6364,0.011264,42.6667,0.012288,170.667,0.012288,431.158,0.019456,630.154,0.053248,744.727,0.180224,753.287,0.712704,749.25,2.86618,744.265,11.5415,
0.0125,0.01024,0.0416667,0.012288,,,0.727273,0.011264,2.90909,0.011264,11.6364,0.011264,42.6667,0.012288,157.538,0.013312,431.158,0.019456,655.36,0.0512,740.52,0.181248,751.129,0.714752,749.25,2.86618,743.473,11.5538,
0.0113636,0.011264,0.0416667,0.012288,,,0.727273,0.011264,2.90909,0.011264,11.6364,0.011264,46.5455,0.011264,157.538,0.013312,431.158,0.019456,655.36,0.0512,744.727,0.180224,750.054,0.715776,748.181,2.87027,743.737,11.5497,
0.0125,0.01024,0.0416667,0.012288,,,0.727273,0.011264,2.90909,0.011264,11.6364,0.011264,42.6667,0.012288,157.538,0.013312,455.111,0.018432,655.36,0.0512,748.983,0.1792,745.787,0.719872,749.518,2.86515,743.803,11.5487,
0.0113636,0.011264,0.0333333,0.01536,,,0.727273,0.011264,2.90909,0.011264,11.6364,0.011264,46.5455,0.011264,157.538,0.013312,455.111,0.018432,642.51,0.052224,744.727,0.180224,753.287,0.712704,748.715,2.86822,743.737,11.5497,
0.0113636,0.011264,0.0416667,0.012288,,,0.727273,0.011264,2.90909,0.011264,11.6364,0.011264,42.6667,0.012288,157.538,0.013312,455.111,0.018432,655.36,0.0512,736.36,0.182272,752.207,0.713728,750.591,2.86106,743.605,11.5517,
0.0125,0.01024,0.0416667,0.012288,,,0.727273,0.011264,2.90909,0.011264,11.6364,0.011264,46.5455,0.011264,157.538,0.013312,455.111,0.018432,618.264,0.054272,732.246,0.183296,753.287,0.712704,748.181,2.87027,744.331,11.5405,
0.0113636,0.011264,0.0416667,0.012288,,,0.727273,0.011264,2.90909,0.011264,11.6364,0.011264,42.6667,0.012288,157.538,0.013312,455.111,0.018432,655.36,0.0512,740.52,0.181248,750.054,0.715776,747.914,2.8713,743.737,11.5497,
0.0113636,0.011264,0.0454545,0.011264,,,0.666667,0.012288,3.2,0.01024,10.6667,0.012288,46.5455,0.011264,157.538,0.013312,455.111,0.018432,655.36,0.0512,736.36,0.182272,751.129,0.714752,749.25,2.86618,744.265,11.5415,
0.0125,0.01024,0.0454545,0.011264,,,0.8,0.01024,2.90909,0.011264,11.6364,0.011264,36.5714,0.014336,157.538,0.013312,455.111,0.018432,630.154,0.053248,748.983,0.1792,750.054,0.715776,746.052,2.87846,743.605,11.5517,
0.0113636,0.011264,0.0454545,0.011264,,,0.727273,0.011264,2.90909,0.011264,10.6667,0.012288,42.6667,0.012288,170.667,0.012288,455.111,0.018432,642.51,0.052224,748.983,0.1792,753.287,0.712704,741.567,2.89587,743.473,11.5538,
0.0125,0.01024,0.05,0.01024,,,0.727273,0.011264,2.90909,0.011264,11.6364,0.011264,46.5455,0.011264,157.538,0.013312,431.158,0.019456,668.735,0.050176,740.52,0.181248,747.914,0.717824,745.521,2.88051,744.397,11.5395,
0.0113636,0.011264,0.0416667,0.012288,,,0.727273,0.011264,2.90909,0.011264,11.6364,0.011264,42.6667,0.012288,157.538,0.013312,455.111,0.018432,655.36,0.0512,744.727,0.180224,753.287,0.712704,748.181,2.87027,744.661,11.5354,
0.0125,0.01024,0.0416667,0.012288,,,0.727273,0.011264,2.90909,0.011264,12.8,0.01024,46.5455,0.011264,157.538,0.013312,455.111,0.018432,668.735,0.050176,744.727,0.180224,748.983,0.7168,747.914,2.8713,744.926,11.5313,
0.0113636,0.011264,0.0454545,0.011264,,,0.727273,0.011264,2.90909,0.011264,11.6364,0.011264,42.6667,0.012288,157.538,0.013312,455.111,0.018432,655.36,0.0512,744.727,0.180224,752.207,0.713728,748.715,2.86822,744.463,11.5384,
0.0125,0.01024,0.0416667,0.012288,,,0.727273,0.011264,2.90909,0.011264,11.6364,0.011264,46.5455,0.011264,157.538,0.013312,455.111,0.018432,642.51,0.052224,740.52,0.181248,747.914,0.717824,750.323,2.86208,744.86,11.5323,
0.0113636,0.011264,0.0416667,0.012288,,,0.533333,0.01536,2.90909,0.011264,11.6364,0.011264,42.6667,0.012288,157.538,0.013312,455.111,0.018432,655.36,0.0512,740.52,0.181248,751.129,0.714752,746.583,2.87642,745.124,11.5282,
0.0125,0.01024,0.0454545,0.011264,,,0.727273,0.011264,2.90909,0.011264,11.6364,0.011264,46.5455,0.011264,157.538,0.013312,455.111,0.018432,642.51,0.052224,744.727,0.180224,752.207,0.713728,741.305,2.8969,744.926,11.5313,
0.0113636,0.011264,0.0416667,0.012288,,,0.727273,0.011264,2.90909,0.011264,11.6364,0.011264,42.6667,0.012288,157.538,0.013312,455.111,0.018432,655.36,0.0512,736.36,0.182272,748.983,0.7168,746.052,2.87846,745.124,11.5282,
0.0125,0.01024,0.0454545,0.011264,,,0.8,0.01024,3.2,0.01024,11.6364,0.011264,42.6667,0.012288,157.538,0.013312,455.111,0.018432,655.36,0.0512,744.727,0.180224,748.983,0.7168,747.914,2.8713,744.727,11.5343,
0.0113636,0.011264,0.0454545,0.011264,,,0.727273,0.011264,2.90909,0.011264,11.6364,0.011264,46.5455,0.011264,157.538,0.013312,455.111,0.018432,630.154,0.053248,748.983,0.1792,750.054,0.715776,750.054,2.8631,745.323,11.5251,
0.0113636,0.011264,0.05,0.01024,,,0.727273,0.011264,2.90909,0.011264,11.6364,0.011264,42.6667,0.012288,157.538,0.013312,455.111,0.018432,642.51,0.052224,744.727,0.180224,748.983,0.7168,749.518,2.86515,744.529,11.5374,
0.0125,0.01024,0.0416667,0.012288,,,0.727273,0.011264,2.90909,0.011264,11.6364,0.011264,46.5455,0.011264,157.538,0.013312,455.111,0.018432,642.51,0.052224,748.983,0.1792,747.914,0.717824,747.381,2.87334,744.992,11.5302,
0.0113636,0.011264,0.0454545,0.011264,,,0.727273,0.011264,2.90909,0.011264,11.6364,0.011264,42.6667,0.012288,157.538,0.013312,455.111,0.018432,655.36,0.0512,740.52,0.181248,750.054,0.715776,746.317,2.87744,744.727,11.5343,
0.0125,0.01024,0.0416667,0.012288,,,0.727273,0.011264,2.90909,0.011264,11.6364,0.011264,46.5455,0.011264,157.538,0.013312,455.111,0.018432,655.36,0.0512,744.727,0.180224,750.054,0.715776,748.983,2.8672,744.727,11.5343,
0.0113636,0.011264,0.0416667,0.012288,,,0.727273,0.011264,2.90909,0.011264,11.6364,0.011264,42.6667,0.012288,157.538,0.013312,455.111,0.018432,655.36,0.0512,740.52,0.181248,752.207,0.713728,744.463,2.88461,745.323,11.5251,
0.0113636,0.011264,0.0384615,0.013312,,,0.727273,0.011264,3.2,0.01024,11.6364,0.011264,42.6667,0.012288,157.538,0.013312,455.111,0.018432,642.51,0.052224,748.983,0.1792,752.207,0.713728,746.317,2.87744,745.124,11.5282,
0.0125,0.01024,0.0416667,0.012288,,,0.727273,0.011264,2.90909,0.011264,11.6364,0.011264,46.5455,0.011264,146.286,0.014336,455.111,0.018432,630.154,0.053248,740.52,0.181248,750.054,0.715776,742.881,2.89075,745.323,11.5251,
0.0113636,0.011264,0.0384615,0.013312,,,0.727273,0.011264,2.90909,0.011264,11.6364,0.011264,46.5455,0.011264,157.538,0.013312,455.111,0.018432,655.36,0.0512,732.246,0.183296,750.054,0.715776,749.518,2.86515,744.793,11.5333,
0.0125,0.01024,0.0416667,0.012288,,,0.727273,0.011264,2.66667,0.012288,11.6364,0.011264,42.6667,0.012288,157.538,0.013312,455.111,0.018432,655.36,0.0512,744.727,0.180224,752.207,0.713728,749.25,2.86618,744.727,11.5343,
0.0113636,0.011264,0.0416667,0.012288,,,0.727273,0.011264,2.90909,0.011264,11.6364,0.011264,46.5455,0.011264,128,0.016384,455.111,0.018432,655.36,0.0512,740.52,0.181248,750.054,0.715776,747.381,2.87334,744.529,11.5374,
0.0125,0.01024,0.0454545,0.011264,,,0.8,0.01024,2.90909,0.011264,11.6364,0.011264,42.6667,0.012288,157.538,0.013312,455.111,0.018432,655.36,0.0512,728.178,0.18432,747.914,0.717824,748.715,2.86822,744.529,11.5374,
0.0113636,0.011264,0.0454545,0.011264,,,0.727273,0.011264,2.90909,0.011264,11.6364,0.011264,46.5455,0.011264,157.538,0.013312,455.111,0.018432,668.735,0.050176,744.727,0.180224,753.287,0.712704,744.727,2.88358,744.529,11.5374,
0.0125,0.01024,0.0454545,0.011264,,,0.8,0.01024,2.90909,0.011264,11.6364,0.011264,42.6667,0.012288,157.538,0.013312,455.111,0.018432,642.51,0.052224,748.983,0.1792,752.207,0.713728,749.518,2.86515,744.727,11.5343,
0.0113636,0.011264,0.0416667,0.012288,,,0.727273,0.011264,2.90909,0.011264,11.6364,0.011264,46.5455,0.011264,146.286,0.014336,455.111,0.018432,655.36,0.0512,753.287,0.178176,753.287,0.712704,749.25,2.86618,744.397,11.5395,
0.0125,0.01024,0.0454545,0.011264,,,0.8,0.01024,2.90909,0.011264,11.6364,0.011264,46.5455,0.011264,170.667,0.012288,455.111,0.018432,642.51,0.052224,748.983,0.1792,750.054,0.715776,748.715,2.86822,744.463,11.5384,
0.0125,0.01024,0.0416667,0.012288,,,0.727273,0.011264,2.90909,0.011264,11.6364,0.011264,42.6667,0.012288,157.538,0.013312,455.111,0.018432,642.51,0.052224,740.52,0.181248,747.914,0.717824,744.992,2.88256,744.793,11.5333,
0.0113636,0.011264,0.0454545,0.011264,,,0.727273,0.011264,2.90909,0.011264,11.6364,0.011264,46.5455,0.011264,157.538,0.013312,455.111,0.018432,630.154,0.053248,744.727,0.180224,753.287,0.712704,749.786,2.86413,744.793,11.5333,
0.0113636,0.011264,0.0416667,0.012288,,,0.727273,0.011264,2.90909,0.011264,11.6364,0.011264,46.5455,0.011264,157.538,0.013312,455.111,0.018432,606.815,0.055296,744.727,0.180224,750.054,0.715776,745.787,2.87949,744.86,11.5323,
0.0125,0.01024,0.0416667,0.012288,,,0.8,0.01024,2.90909,0.011264,11.6364,0.011264,46.5455,0.011264,146.286,0.014336,455.111,0.018432,642.51,0.052224,744.727,0.180224,753.287,0.712704,749.25,2.86618,745.19,11.5272,
0.0113636,0.011264,0.0416667,0.012288,,,0.727273,0.011264,2.90909,0.011264,11.6364,0.011264,46.5455,0.011264,157.538,0.013312,455.111,0.018432,655.36,0.0512,736.36,0.182272,751.129,0.714752,749.786,2.86413,744.463,11.5384,
0.0125,0.01024,0.0416667,0.012288,,,0.8,0.01024,2.90909,0.011264,11.6364,0.011264,42.6667,0.012288,157.538,0.013312,431.158,0.019456,655.36,0.0512,744.727,0.180224,752.207,0.713728,748.983,2.8672,744.529,11.5374,
0.0113636,0.011264,0.0454545,0.011264,,,0.727273,0.011264,2.90909,0.011264,11.6364,0.011264,42.6667,0.012288,157.538,0.013312,431.158,0.019456,655.36,0.0512,744.727,0.180224,751.129,0.714752,748.448,2.86925,745.257,11.5261,
0.0125,0.01024,0.0416667,0.012288,,,0.8,0.01024,2.90909,0.011264,11.6364,0.011264,46.5455,0.011264,157.538,0.013312,481.882,0.017408,630.154,0.053248,748.983,0.1792,754.371,0.71168,749.25,2.86618,745.389,11.5241,
0.0113636,0.011264,0.0416667,0.012288,,,0.727273,0.011264,2.90909,0.011264,11.6364,0.011264,42.6667,0.012288,157.538,0.013312,455.111,0.018432,655.36,0.0512,740.52,0.181248,752.207,0.713728,742.092,2.89382,745.257,11.5261,
0.0113636,0.011264,0.0416667,0.012288,,,0.8,0.01024,2.90909,0.011264,11.6364,0.011264,42.6667,0.012288,157.538,0.013312,455.111,0.018432,655.36,0.0512,748.983,0.1792,752.207,0.713728,747.115,2.87437,744.992,11.5302,
0.0113636,0.011264,0.0454545,0.011264,,,0.8,0.01024,2.90909,0.011264,11.6364,0.011264,46.5455,0.011264,157.538,0.013312,455.111,0.018432,630.154,0.053248,740.52,0.181248,750.054,0.715776,742.881,2.89075,744.926,11.5313,
0.0125,0.01024,0.0454545,0.011264,,,0.727273,0.011264,2.90909,0.011264,11.6364,0.011264,42.6667,0.012288,157.538,0.013312,455.111,0.018432,642.51,0.052224,740.52,0.181248,750.054,0.715776,749.786,2.86413,745.19,11.5272,
0.0113636,0.011264,0.0454545,0.011264,,,0.727273,0.011264,2.90909,0.011264,11.6364,0.011264,42.6667,0.012288,157.538,0.013312,431.158,0.019456,655.36,0.0512,740.52,0.181248,753.287,0.712704,748.448,2.86925,745.058,11.5292,
0.0113636,0.011264,0.0454545,0.011264,,,0.8,0.01024,2.90909,0.011264,11.6364,0.011264,42.6667,0.012288,157.538,0.013312,431.158,0.019456,655.36,0.0512,716.24,0.187392,743.671,0.72192,748.983,2.8672,714.837,12.0166,
0.0125,0.01024,0.0416667,0.012288,,,0.727273,0.011264,2.90909,0.011264,11.6364,0.011264,42.6667,0.012288,157.538,0.013312,431.158,0.019456,642.51,0.052224,732.246,0.183296,753.287,0.712704,747.648,2.87232,715.507,12.0054,
0.0113636,0.011264,0.0454545,0.011264,,,0.8,0.01024,2.90909,0.011264,11.6364,0.011264,42.6667,0.012288,157.538,0.013312,431.158,0.019456,642.51,0.052224,736.36,0.182272,752.207,0.713728,751.129,2.85901,715.08,12.0125,
0.0113636,0.011264,0.0454545,0.011264,,,0.727273,0.011264,2.90909,0.011264,11.6364,0.011264,46.5455,0.011264,157.538,0.013312,455.111,0.018432,327.68,0.1024,724.155,0.185344,750.054,0.715776,750.591,2.86106,714.776,12.0177,
0.0113636,0.011264,0.05,0.01024,,,0.727273,0.011264,2.90909,0.011264,10.6667,0.012288,42.6667,0.012288,157.538,0.013312,431.158,0.019456,642.51,0.052224,728.178,0.18432,748.983,0.7168,748.983,2.8672,714.958,12.0146,
0.0113636,0.011264,0.0454545,0.011264,,,0.727273,0.011264,2.90909,0.011264,11.6364,0.011264,42.6667,0.012288,157.538,0.013312,455.111,0.018432,655.36,0.0512,728.178,0.18432,753.287,0.712704,745.521,2.88051,715.263,12.0095,
0.0125,0.01024,0.0454545,0.011264,,,0.8,0.01024,0.470588,0.069632,11.6364,0.011264,34.1333,0.01536,157.538,0.013312,431.158,0.019456,642.51,0.052224,724.155,0.185344,747.914,0.717824,750.86,2.86003,714.776,12.0177,
0.0113636,0.011264,0.0454545,0.011264,,,0.727273,0.011264,2.90909,0.011264,10.6667,0.012288,42.6667,0.012288,157.538,0.013312,455.111,0.018432,655.36,0.0512,728.178,0.18432,753.287,0.712704,745.257,2.88154,714.532,12.0218,
0.0113636,0.011264,0.0454545,0.011264,,,0.8,0.01024,2.90909,0.011264,11.6364,0.011264,46.5455,0.011264,157.538,0.013312,431.158,0.019456,642.51,0.052224,732.246,0.183296,747.914,0.717824,750.054,2.8631,714.532,12.0218,
0.0125,0.01024,0.0416667,0.012288,,,0.727273,0.011264,2.90909,0.011264,11.6364,0.011264,42.6667,0.012288,146.286,0.014336,431.158,0.019456,655.36,0.0512,716.24,0.187392,752.207,0.713728,747.914,2.8713,713.985,12.031,
0.0113636,0.011264,0.05,0.01024,,,0.8,0.01024,2.90909,0.011264,11.6364,0.011264,46.5455,0.011264,157.538,0.013312,431.158,0.019456,630.154,0.053248,732.246,0.183296,751.129,0.714752,750.86,2.86003,714.898,12.0156,
0.0113636,0.011264,0.0416667,0.012288,,,0.8,0.01024,3.2,0.01024,11.6364,0.011264,46.5455,0.011264,157.538,0.013312,455.111,0.018432,642.51,0.052224,728.178,0.18432,750.054,0.715776,750.591,2.86106,714.654,12.0197,
0.0125,0.01024,0.0454545,0.011264,,,0.727273,0.011264,2.90909,0.011264,10.6667,0.012288,46.5455,0.011264,157.538,0.013312,431.158,0.019456,668.735,0.050176,732.246,0.183296,752.207,0.713728,750.591,2.86106,714.106,12.0289,
0.0113636,0.011264,0.0454545,0.011264,,,0.8,0.01024,2.90909,0.011264,11.6364,0.011264,42.6667,0.012288,157.538,0.013312,455.111,0.018432,630.154,0.053248,728.178,0.18432,751.129,0.714752,750.054,2.8631,741.436,11.5855,
0.0113636,0.011264,0.05,0.01024,,,0.8,0.01024,2.90909,0.011264,11.6364,0.011264,46.5455,0.011264,157.538,0.013312,455.111,0.018432,642.51,0.052224,728.178,0.18432,750.054,0.715776,749.786,2.86413,744.661,11.5354,
0.0113636,0.011264,0.05,0.01024,,,0.8,0.01024,2.90909,0.011264,11.6364,0.011264,46.5455,0.011264,157.538,0.013312,455.111,0.018432,642.51,0.052224,720.176,0.186368,750.054,0.715776,750.86,2.86003,744.397,11.5395,
0.0125,0.01024,0.05,0.01024,,,0.727273,0.011264,2.90909,0.011264,11.6364,0.011264,42.6667,0.012288,157.538,0.013312,431.158,0.019456,655.36,0.0512,732.246,0.183296,752.207,0.713728,748.715,2.86822,744.86,11.5323,
0.0113636,0.011264,0.0454545,0.011264,,,0.8,0.01024,2.90909,0.011264,12.8,0.01024,46.5455,0.011264,157.538,0.013312,455.111,0.018432,642.51,0.052224,728.178,0.18432,750.054,0.715776,749.518,2.86515,745.058,11.5292,
0.0125,0.01024,0.05,0.01024,,,0.727273,0.011264,2.90909,0.011264,11.6364,0.011264,46.5455,0.011264,157.538,0.013312,431.158,0.019456,642.51,0.052224,732.246,0.183296,744.727,0.720896,750.323,2.86208,744.86,11.5323,
0.0113636,0.011264,0.0454545,0.011264,,,0.8,0.01024,3.2,0.01024,11.6364,0.011264,42.6667,0.012288,157.538,0.013312,431.158,0.019456,642.51,0.052224,724.155,0.185344,746.849,0.718848,749.786,2.86413,743.737,11.5497,
0.0125,0.01024,0.05,0.01024,,,0.8,0.01024,2.90909,0.011264,11.6364,0.011264,46.5455,0.011264,157.538,0.013312,455.111,0.018432,655.36,0.0512,728.178,0.18432,745.787,0.719872,750.86,2.86003,743.803,11.5487,
0.0113636,0.011264,0.0454545,0.011264,,,0.727273,0.011264,2.90909,0.011264,11.6364,0.011264,46.5455,0.011264,157.538,0.013312,431.158,0.019456,642.51,0.052224,732.246,0.183296,748.983,0.7168,749.25,2.86618,743.803,11.5487,
0.0113636,0.011264,0.05,0.01024,,,0.8,0.01024,2.90909,0.011264,11.6364,0.011264,46.5455,0.011264,170.667,0.012288,431.158,0.019456,655.36,0.0512,732.246,0.183296,748.983,0.7168,750.054,2.8631,744.463,11.5384,
0.0113636,0.011264,0.05,0.01024,,,0.727273,0.011264,2.90909,0.011264,11.6364,0.011264,46.5455,0.011264,157.538,0.013312,431.158,0.019456,642.51,0.052224,732.246,0.183296,747.914,0.717824,751.398,2.85798,743.935,11.5466,
0.0125,0.01024,0.0454545,0.011264,,,0.8,0.01024,2.90909,0.011264,10.6667,0.012288,42.6667,0.012288,157.538,0.013312,455.111,0.018432,655.36,0.0512,728.178,0.18432,750.054,0.715776,750.323,2.86208,744.265,11.5415,
0.0113636,0.011264,0.0454545,0.011264,,,0.727273,0.011264,2.90909,0.011264,11.6364,0.011264,46.5455,0.011264,157.538,0.013312,431.158,0.019456,642.51,0.052224,728.178,0.18432,750.054,0.715776,749.786,2.86413,745.588,11.521,
0.0125,0.01024,0.05,0.01024,,,0.727273,0.011264,2.90909,0.011264,11.6364,0.011264,42.6667,0.012288,157.538,0.013312,431.158,0.019456,655.36,0.0512,736.36,0.182272,751.129,0.714752,750.591,2.86106,745.124,11.5282,
0.0113636,0.011264,0.0454545,0.011264,,,0.727273,0.011264,2.90909,0.011264,11.6364,0.011264,42.6667,0.012288,157.538,0.013312,431.158,0.019456,655.36,0.0512,728.178,0.18432,742.618,0.722944,750.86,2.86003,745.124,11.5282,
0.0125,0.01024,0.0454545,0.011264,,,0.727273,0.011264,3.2,0.01024,11.6364,0.011264,46.5455,0.011264,157.538,0.013312,455.111,0.018432,655.36,0.0512,728.178,0.18432,746.849,0.718848,750.323,2.86208,744.926,11.5313,
0.0113636,0.011264,0.0454545,0.011264,,,0.727273,0.011264,2.90909,0.011264,10.6667,0.012288,46.5455,0.011264,157.538,0.013312,431.158,0.019456,642.51,0.052224,728.178,0.18432,753.287,0.712704,751.398,2.85798,745.521,11.522,
0.0113636,0.011264,0.0454545,0.011264,,,0.8,0.01024,2.90909,0.011264,11.6364,0.011264,42.6667,0.012288,157.538,0.013312,455.111,0.018432,642.51,0.052224,736.36,0.182272,748.983,0.7168,750.591,2.86106,745.455,11.5231,
0.0104167,0.012288,0.0454545,0.011264,,,0.727273,0.011264,2.90909,0.011264,11.6364,0.011264,42.6667,0.012288,157.538,0.013312,431.158,0.019456,606.815,0.055296,728.178,0.18432,750.054,0.715776,751.129,2.85901,745.455,11.5231,
0.0113636,0.011264,0.05,0.01024,,,0.727273,0.011264,2.90909,0.011264,10.6667,0.012288,42.6667,0.012288,170.667,0.012288,431.158,0.019456,642.51,0.052224,716.24,0.187392,748.983,0.7168,749.786,2.86413,745.124,11.5282,
0.0113636,0.011264,0.0454545,0.011264,,,0.727273,0.011264,3.2,0.01024,11.6364,0.011264,46.5455,0.011264,157.538,0.013312,431.158,0.019456,642.51,0.052224,728.178,0.18432,750.054,0.715776,750.591,2.86106,745.257,11.5261,
0.0125,0.01024,0.0454545,0.011264,,,0.727273,0.011264,2.90909,0.011264,11.6364,0.011264,42.6667,0.012288,157.538,0.013312,431.158,0.019456,630.154,0.053248,728.178,0.18432,751.129,0.714752,751.129,2.85901,745.257,11.5261,
0.0113636,0.011264,0.05,0.01024,,,0.727273,0.011264,2.90909,0.011264,11.6364,0.011264,46.5455,0.011264,157.538,0.013312,455.111,0.018432,655.36,0.0512,716.24,0.187392,750.054,0.715776,748.181,2.87027,745.389,11.5241,
0.0125,0.01024,0.0454545,0.011264,,,0.727273,0.011264,3.2,0.01024,10.6667,0.012288,42.6667,0.012288,157.538,0.013312,431.158,0.019456,630.154,0.053248,724.155,0.185344,751.129,0.714752,750.591,2.86106,745.389,11.5241,
0.0113636,0.011264,0.05,0.01024,,,0.727273,0.011264,2.90909,0.011264,11.6364,0.011264,46.5455,0.011264,157.538,0.013312,431.158,0.019456,642.51,0.052224,736.36,0.182272,750.054,0.715776,750.323,2.86208,744.793,11.5333,
0.0113636,0.011264,0.0454545,0.011264,,,0.727273,0.011264,2.90909,0.011264,10.6667,0.012288,42.6667,0.012288,157.538,0.013312,455.111,0.018432,642.51,0.052224,728.178,0.18432,751.129,0.714752,749.786,2.86413,745.257,11.5261,
0.0113636,0.011264,0.0454545,0.011264,,,0.8,0.01024,2.90909,0.011264,11.6364,0.011264,46.5455,0.011264,157.538,0.013312,431.158,0.019456,655.36,0.0512,732.246,0.183296,752.207,0.713728,748.715,2.86822,745.058,11.5292,
0.0125,0.01024,0.05,0.01024,,,0.727273,0.011264,3.2,0.01024,11.6364,0.011264,46.5455,0.011264,157.538,0.013312,455.111,0.018432,630.154,0.053248,728.178,0.18432,751.129,0.714752,749.786,2.86413,744.661,11.5354,
0.0113636,0.011264,0.0357143,0.014336,,,0.727273,0.011264,2.90909,0.011264,11.6364,0.011264,46.5455,0.011264,157.538,0.013312,431.158,0.019456,630.154,0.053248,728.178,0.18432,748.983,0.7168,750.591,2.86106,743.671,11.5507,
0.0113636,0.011264,0.05,0.01024,,,0.727273,0.011264,2.90909,0.011264,11.6364,0.011264,42.6667,0.012288,157.538,0.013312,372.364,0.022528,655.36,0.0512,724.155,0.185344,748.983,0.7168,750.86,2.86003,743.605,11.5517,
0.0113636,0.011264,0.0454545,0.011264,,,0.8,0.01024,2.90909,0.011264,11.6364,0.011264,42.6667,0.012288,157.538,0.013312,455.111,0.018432,630.154,0.053248,728.178,0.18432,750.054,0.715776,742.618,2.89178,744.595,11.5364,
0.0125,0.01024,0.0454545,0.011264,,,0.727273,0.011264,2.90909,0.011264,11.6364,0.011264,42.6667,0.012288,170.667,0.012288,431.158,0.019456,655.36,0.0512,740.52,0.181248,753.287,0.712704,751.129,2.85901,743.803,11.5487,
0.0113636,0.011264,0.0454545,0.011264,,,0.727273,0.011264,3.2,0.01024,11.6364,0.011264,42.6667,0.012288,146.286,0.014336,431.158,0.019456,630.154,0.053248,724.155,0.185344,753.287,0.712704,749.786,2.86413,743.935,11.5466,
0.0125,0.01024,0.05,0.01024,,,0.8,0.01024,2.90909,0.011264,12.8,0.01024,46.5455,0.011264,157.538,0.013312,431.158,0.019456,642.51,0.052224,736.36,0.182272,748.983,0.7168,746.849,2.87539,743.869,11.5476,
0.0113636,0.011264,0.05,0.01024,,,0.727273,0.011264,2.90909,0.011264,10.6667,0.012288,42.6667,0.012288,157.538,0.013312,431.158,0.019456,642.51,0.052224,736.36,0.182272,751.129,0.714752,750.054,2.8631,743.341,11.5558,
0.0125,0.01024,0.05,0.01024,,,0.8,0.01024,3.2,0.01024,12.8,0.01024,46.5455,0.011264,170.667,0.012288,431.158,0.019456,655.36,0.0512,732.246,0.183296,754.371,0.71168,747.648,2.87232,743.21,11.5579,
0.0104167,0.012288,0.0454545,0.011264,,,0.727273,0.011264,2.90909,0.011264,10.6667,0.012288,42.6667,0.012288,157.538,0.013312,455.111,0.018432,642.51,0.052224,728.178,0.18432,758.738,0.707584,746.317,2.87744,744.331,11.5405,
0.0125,0.01024,0.05,0.01024,,,0.727273,0.011264,2.90909,0.011264,11.6364,0.011264,46.5455,0.011264,157.538,0.013312,431.158,0.019456,630.154,0.053248,728.178,0.18432,755.458,0.710656,750.323,2.86208,744.199,11.5425,
0.0113636,0.011264,0.0454545,0.011264,,,0.727273,0.011264,2.90909,0.011264,11.6364,0.011264,46.5455,0.011264,157.538,0.013312,431.158,0.019456,642.51,0.052224,728.178,0.18432,752.207,0.713728,750.323,2.86208,744.661,11.5354,
0.0125,0.01024,0.0454545,0.011264,,,0.8,0.01024,2.90909,0.011264,11.6364,0.011264,42.6667,0.012288,157.538,0.013312,455.111,0.018432,655.36,0.0512,732.246,0.183296,752.207,0.713728,750.323,2.86208,744.463,11.5384,
0.0125,0.01024,0.0454545,0.011264,,,0.727273,0.011264,2.46154,0.013312,11.6364,0.011264,46.5455,0.011264,157.538,0.013312,431.158,0.019456,642.51,0.052224,724.155,0.185344,754.371,0.71168,751.667,2.85696,744.86,11.5323,
0.0113636,0.011264,0.0454545,0.011264,,,0.727273,0.011264,2.90909,0.011264,11.6364,0.011264,42.6667,0.012288,157.538,0.013312,431.158,0.019456,642.51,0.052224,728.178,0.18432,756.548,0.709632,751.129,2.85901,745.323,11.5251,
0.0113636,0.011264,0.0454545,0.011264,,,0.727273,0.011264,3.2,0.01024,11.6364,0.011264,42.6667,0.012288,157.538,0.013312,431.158,0.019456,630.154,0.053248,728.178,0.18432,756.548,0.709632,749.25,2.86618,744.926,11.5313,
0.0125,0.01024,0.0454545,0.011264,,,0.8,0.01024,2.90909,0.011264,11.6364,0.011264,42.6667,0.012288,157.538,0.013312,431.158,0.019456,668.735,0.050176,732.246,0.183296,753.287,0.712704,750.591,2.86106,744.595,11.5364,
0.0113636,0.011264,0.05,0.01024,,,0.727273,0.011264,2.90909,0.011264,11.6364,0.011264,46.5455,0.011264,157.538,0.013312,455.111,0.018432,630.154,0.053248,728.178,0.18432,755.458,0.710656,750.591,2.86106,744.397,11.5395,
0.0125,0.01024,0.0454545,0.011264,,,0.8,0.01024,2.90909,0.011264,11.6364,0.011264,42.6667,0.012288,157.538,0.013312,431.158,0.019456,655.36,0.0512,728.178,0.18432,754.371,0.71168,751.667,2.85696,745.058,11.5292,
0.0125,0.01024,0.0454545,0.011264,,,0.727273,0.011264,2.90909,0.011264,11.6364,0.011264,42.6667,0.012288,157.538,0.013312,431.158,0.019456,642.51,0.052224,736.36,0.182272,755.458,0.710656,750.323,2.86208,744.265,11.5415,
0.0113636,0.011264,0.05,0.01024,,,0.8,0.01024,2.90909,0.011264,11.6364,0.011264,42.6667,0.012288,157.538,0.013312,455.111,0.018432,655.36,0.0512,720.176,0.186368,755.458,0.710656,749.786,2.86413,745.124,11.5282,
0.0125,0.01024,0.0454545,0.011264,,,0.727273,0.011264,2.90909,0.011264,11.6364,0.011264,42.6667,0.012288,157.538,0.013312,431.158,0.019456,655.36,0.0512,732.246,0.183296,756.548,0.709632,750.054,2.8631,744.529,11.5374,
0.0125,0.01024,0.05,0.01024,,,0.8,0.01024,2.90909,0.011264,11.6364,0.011264,46.5455,0.011264,170.667,0.012288,455.111,0.018432,642.51,0.052224,740.52,0.181248,757.642,0.708608,751.129,2.85901,745.521,11.522,
0.0113636,0.011264,0.0454545,0.011264,,,0.727273,0.011264,2.90909,0.011264,11.6364,0.011264,42.6667,0.012288,157.538,0.013312,431.158,0.019456,642.51,0.052224,748.983,0.1792,754.371,0.71168,747.115,2.87437,744.926,11.5313,
0.0113636,0.011264,0.05,0.01024,,,0.8,0.01024,2.90909,0.011264,11.6364,0.011264,42.6667,0.012288,157.538,0.013312,455.111,0.018432,642.51,0.052224,740.52,0.181248,756.548,0.709632,748.983,2.8672,745.389,11.5241,
0.0113636,0.011264,0.0454545,0.011264,,,0.727273,0.011264,2.90909,0.011264,11.6364,0.011264,42.6667,0.012288,157.538,0.013312,455.111,0.018432,630.154,0.053248,748.983,0.1792,756.548,0.709632,749.786,2.86413,744.397,11.5395,
0.0113636,0.011264,0.05,0.01024,,,0.8,0.01024,2.90909,0.011264,11.6364,0.011264,46.5455,0.011264,157.538,0.013312,431.158,0.019456,618.264,0.054272,736.36,0.182272,753.287,0.712704,750.054,2.8631,744.86,11.5323,
0.0113636,0.011264,0.0454545,0.011264,,,0.666667,0.012288,2.90909,0.011264,11.6364,0.011264,42.6667,0.012288,157.538,0.013312,455.111,0.018432,630.154,0.053248,720.176,0.186368,756.548,0.709632,748.715,2.86822,744.86,11.5323,
0.0113636,0.011264,0.05,0.01024,,,0.8,0.01024,2.90909,0.011264,11.6364,0.011264,46.5455,0.011264,170.667,0.012288,431.158,0.019456,630.154,0.053248,728.178,0.18432,757.642,0.708608,743.935,2.88666,744.529,11.5374,
0.0104167,0.012288,0.0454545,0.011264,,,0.727273,0.011264,2.90909,0.011264,11.6364,0.011264,42.6667,0.012288,15.5152,0.135168,431.158,0.019456,630.154,0.053248,740.52,0.181248,755.458,0.710656,749.25,2.86618,744.397,11.5395,
0.0125,0.01024,0.05,0.01024,,,0.8,0.01024,2.90909,0.011264,11.6364,0.011264,46.5455,0.011264,157.538,0.013312,431.158,0.019456,655.36,0.0512,736.36,0.182272,758.738,0.707584,750.323,2.86208,743.539,11.5528,
0.0104167,0.012288,0.05,0.01024,,,0.727273,0.011264,3.2,0.01024,11.6364,0.011264,42.6667,0.012288,157.538,0.013312,455.111,0.018432,655.36,0.0512,736.36,0.182272,755.458,0.710656,748.181,2.87027,743.605,11.5517,
0.0113636,0.011264,0.0454545,0.011264,,,0.727273,0.011264,2.90909,0.011264,11.6364,0.011264,46.5455,0.011264,157.538,0.013312,431.158,0.019456,642.51,0.052224,728.178,0.18432,755.458,0.710656,750.323,2.86208,744.133,11.5436,
0.0113636,0.011264,0.0454545,0.011264,,,0.8,0.01024,2.90909,0.011264,11.6364,0.011264,42.6667,0.012288,146.286,0.014336,455.111,0.018432,618.264,0.054272,732.246,0.183296,756.548,0.709632,750.591,2.86106,743.803,11.5487,
0.0113636,0.011264,0.05,0.01024,,,0.727273,0.011264,2.90909,0.011264,11.6364,0.011264,46.5455,0.011264,170.667,0.012288,431.158,0.019456,642.51,0.052224,736.36,0.182272,754.371,0.71168,749.25,2.86618,743.539,11.5528,
0.0104167,0.012288,0.0454545,0.011264,,,0.727273,0.011264,2.90909,0.011264,11.6364,0.011264,42.6667,0.012288,146.286,0.014336,455.111,0.018432,655.36,0.0512,732.246,0.183296,754.371,0.71168,750.323,2.86208,743.935,11.5466,
0.0113636,0.011264,0.05,0.01024,,,0.8,0.01024,2.90909,0.011264,11.6364,0.011264,46.5455,0.011264,157.538,0.013312,431.158,0.019456,642.51,0.052224,716.24,0.187392,750.054,0.715776,748.448,2.86925,744.199,11.5425,
0.0104167,0.012288,0.0454545,0.011264,,,0.727273,0.011264,2.90909,0.011264,11.6364,0.011264,46.5455,0.011264,157.538,0.013312,431.158,0.019456,618.264,0.054272,732.246,0.183296,754.371,0.71168,749.518,2.86515,744.199,11.5425,
0.0113636,0.011264,0.05,0.01024,,,0.8,0.01024,2.90909,0.011264,11.6364,0.011264,46.5455,0.011264,157.538,0.013312,431.158,0.019456,642.51,0.052224,732.246,0.183296,754.371,0.71168,751.398,2.85798,743.737,11.5497,
0.0104167,0.012288,0.0454545,0.011264,,,0.727273,0.011264,2.90909,0.011264,12.8,0.01024,42.6667,0.012288,157.538,0.013312,431.158,0.019456,655.36,0.0512,728.178,0.18432,752.207,0.713728,750.591,2.86106,744.397,11.5395,
0.0125,0.01024,0.05,0.01024,,,0.8,0.01024,2.66667,0.012288,11.6364,0.011264,46.5455,0.011264,157.538,0.013312,455.111,0.018432,642.51,0.052224,736.36,0.182272,754.371,0.71168,749.25,2.86618,744.397,11.5395,
0.0113636,0.011264,0.0454545,0.011264,,,0.8,0.01024,2.90909,0.011264,11.6364,0.011264,42.6667,0.012288,128,0.016384,431.158,0.019456,618.264,0.054272,724.155,0.185344,754.371,0.71168,751.667,2.85696,744.727,11.5343,
0.0113636,0.011264,0.0454545,0.011264,,,0.727273,0.011264,2.90909,0.011264,11.6364,0.011264,42.6667,0.012288,157.538,0.013312,431.158,0.019456,630.154,0.053248,704.688,0.190464,758.738,0.707584,749.25,2.86618,745.389,11.5241,
0.0125,0.01024,0.05,0.01024,,,0.8,0.01024,2.90909,0.011264,10.6667,0.012288,42.6667,0.012288,157.538,0.013312,455.111,0.018432,642.51,0.052224,736.36,0.182272,755.458,0.710656,750.323,2.86208,744.463,11.5384,
0.0113636,0.011264,0.0454545,0.011264,,,0.727273,0.011264,2.90909,0.011264,11.6364,0.011264,42.6667,0.012288,157.538,0.013312,431.158,0.019456,655.36,0.0512,736.36,0.182272,754.371,0.71168,747.115,2.87437,745.323,11.5251,
0.0104167,0.012288,0.0454545,0.011264,,,0.8,0.01024,2.90909,0.011264,9.84615,0.013312,46.5455,0.011264,157.538,0.013312,431.158,0.019456,618.264,0.054272,732.246,0.183296,755.458,0.710656,751.129,2.85901,745.521,11.522,
0.0113636,0.011264,0.0454545,0.011264,,,0.727273,0.011264,2.90909,0.011264,11.6364,0.011264,42.6667,0.012288,157.538,0.013312,455.111,0.018432,642.51,0.052224,732.246,0.183296,755.458,0.710656,750.86,2.86003,745.455,11.5231,
0.0113636,0.011264,0.05,0.01024,,,0.8,0.01024,2.90909,0.011264,11.6364,0.011264,42.6667,0.012288,157.538,0.013312,431.158,0.019456,642.51,0.052224,724.155,0.185344,753.287,0.712704,750.591,2.86106,745.389,11.5241,
0.0125,0.01024,0.05,0.01024,,,0.727273,0.011264,2.90909,0.011264,10.6667,0.012288,42.6667,0.012288,157.538,0.013312,431.158,0.019456,618.264,0.054272,732.246,0.183296,754.371,0.71168,748.181,2.87027,744.595,11.5364,
0.0113636,0.011264,0.0454545,0.011264,,,0.727273,0.011264,2.90909,0.011264,10.6667,0.012288,46.5455,0.011264,157.538,0.013312,431.158,0.019456,655.36,0.0512,732.246,0.183296,752.207,0.713728,750.054,2.8631,744.793,11.5333,
0.0125,0.01024,0.0454545,0.011264,,,0.8,0.01024,2.90909,0.011264,11.6364,0.011264,46.5455,0.011264,146.286,0.014336,409.6,0.02048,655.36,0.0512,740.52,0.181248,751.129,0.714752,750.054,2.8631,745.124,11.5282,
0.0113636,0.011264,0.0454545,0.011264,,,0.727273,0.011264,2.90909,0.011264,11.6364,0.011264,42.6667,0.012288,157.538,0.013312,431.158,0.019456,630.154,0.053248,740.52,0.181248,750.054,0.715776,745.787,2.87949,744.397,11.5395,
0.0125,0.01024,0.05,0.01024,,,0.727273,0.011264,2.90909,0.011264,10.6667,0.012288,46.5455,0.011264,157.538,0.013312,431.158,0.019456,630.154,0.053248,724.155,0.185344,748.983,0.7168,746.849,2.87539,744.529,11.5374,
0.0113636,0.011264,0.0454545,0.011264,,,0.8,0.01024,2.90909,0.011264,10.6667,0.012288,46.5455,0.011264,157.538,0.013312,455.111,0.018432,655.36,0.0512,736.36,0.182272,752.207,0.713728,746.317,2.87744,745.588,11.521,
0.0113636,0.011264,0.05,0.01024,,,0.727273,0.011264,2.90909,0.011264,10.6667,0.012288,42.6667,0.012288,157.538,0.013312,431.158,0.019456,642.51,0.052224,740.52,0.181248,744.727,0.720896,744.992,2.88256,745.323,11.5251,
0.0113636,0.011264,0.0454545,0.011264,,,0.8,0.01024,2.66667,0.012288,11.6364,0.011264,46.5455,0.011264,157.538,0.013312,455.111,0.018432,642.51,0.052224,740.52,0.181248,752.207,0.713728,748.448,2.86925,744.926,11.5313,
0.0113636,0.011264,0.05,0.01024,,,0.727273,0.011264,2.90909,0.011264,11.6364,0.011264,46.5455,0.011264,157.538,0.013312,431.158,0.019456,655.36,0.0512,736.36,0.182272,752.207,0.713728,750.054,2.8631,743.737,11.5497,
0.0125,0.01024,0.05,0.01024,,,0.727273,0.011264,2.66667,0.012288,11.6364,0.011264,42.6667,0.012288,157.538,0.013312,455.111,0.018432,642.51,0.052224,736.36,0.182272,746.849,0.718848,745.787,2.87949,743.869,11.5476,
0.0125,0.01024,0.0454545,0.011264,,,0.727273,0.011264,2.66667,0.012288,11.6364,0.011264,46.5455,0.011264,157.538,0.013312,431.158,0.019456,642.51,0.052224,732.246,0.183296,752.207,0.713728,749.786,2.86413,742.683,11.5661,
0.0104167,0.012288,0.0454545,0.011264,,,0.8,0.01024,2.66667,0.012288,10.6667,0.012288,46.5455,0.011264,157.538,0.013312,455.111,0.018432,655.36,0.0512,732.246,0.183296,753.287,0.712704,750.054,2.8631,743.935,11.5466,
0.0104167,0.012288,0.0416667,0.012288,,,0.666667,0.012288,2.90909,0.011264,10.6667,0.012288,39.3846,0.013312,146.286,0.014336,409.6,0.02048,655.36,0.0512,728.178,0.18432,745.787,0.719872,744.463,2.88461,714.228,12.0269,
0.0104167,0.012288,0.0416667,0.012288,,,0.727273,0.011264,2.90909,0.011264,10.6667,0.012288,36.5714,0.014336,157.538,0.013312,409.6,0.02048,642.51,0.052224,728.178,0.18432,748.983,0.7168,746.583,2.87642,714.958,12.0146,
0.0104167,0.012288,0.0416667,0.012288,,,0.727273,0.011264,2.90909,0.011264,10.6667,0.012288,42.6667,0.012288,157.538,0.013312,431.158,0.019456,642.51,0.052224,736.36,0.182272,750.054,0.715776,747.381,2.87334,714.411,12.0238,
0.0104167,0.012288,0.0416667,0.012288,,,0.727273,0.011264,2.66667,0.012288,9.84615,0.013312,39.3846,0.013312,157.538,0.013312,431.158,0.019456,193.893,0.173056,724.155,0.185344,750.054,0.715776,746.583,2.87642,714.532,12.0218,
0.0125,0.01024,0.0416667,0.012288,,,0.727273,0.011264,2.66667,0.012288,9.14286,0.014336,42.6667,0.012288,157.538,0.013312,431.158,0.019456,642.51,0.052224,724.155,0.185344,751.129,0.714752,747.914,2.8713,715.141,12.0115,
0.0104167,0.012288,0.0384615,0.013312,,,0.727273,0.011264,2.66667,0.012288,9.84615,0.013312,34.1333,0.01536,157.538,0.013312,409.6,0.02048,630.154,0.053248,724.155,0.185344,746.849,0.718848,739.997,2.90202,715.08,12.0125,
0.0113636,0.011264,0.0454545,0.011264,,,0.727273,0.011264,2.66667,0.012288,9.84615,0.013312,36.5714,0.014336,157.538,0.013312,431.158,0.019456,630.154,0.053248,732.246,0.183296,747.914,0.717824,742.355,2.8928,713.196,12.0443,
0.0113636,0.011264,0.0454545,0.011264,,,0.666667,0.012288,2.90909,0.011264,10.6667,0.012288,34.1333,0.01536,146.286,0.014336,431.158,0.019456,655.36,0.0512,740.52,0.181248,747.914,0.717824,747.648,2.87232,713.863,12.033,
0.0104167,0.012288,0.0416667,0.012288,,,0.727273,0.011264,2.66667,0.012288,10.6667,0.012288,39.3846,0.013312,146.286,0.014336,431.158,0.019456,642.51,0.052224,732.246,0.183296,751.129,0.714752,744.727,2.88358,714.715,12.0187,
0.0104167,0.012288,0.0416667,0.012288,,,0.727273,0.011264,2.46154,0.013312,9.84615,0.013312,39.3846,0.013312,146.286,0.014336,409.6,0.02048,642.51,0.052224,732.246,0.183296,748.983,0.7168,747.914,2.8713,715.019,12.0136,
0.0104167,0.012288,0.0454545,0.011264,,,0.727273,0.011264,2.66667,0.012288,10.6667,0.012288,39.3846,0.013312,157.538,0.013312,431.158,0.019456,642.51,0.052224,728.178,0.18432,750.054,0.715776,746.849,2.87539,715.202,12.0105,
0.0104167,0.012288,0.0454545,0.011264,,,0.666667,0.012288,2.66667,0.012288,10.6667,0.012288,39.3846,0.013312,157.538,0.013312,431.158,0.019456,630.154,0.053248,732.246,0.183296,752.207,0.713728,747.914,2.8713,714.046,12.03,
0.0104167,0.012288,0.0454545,0.011264,,,0.666667,0.012288,2.66667,0.012288,10.6667,0.012288,39.3846,0.013312,157.538,0.013312,431.158,0.019456,655.36,0.0512,740.52,0.181248,753.287,0.712704,747.648,2.87232,714.411,12.0238,
0.0113636,0.011264,0.0416667,0.012288,,,0.615385,0.013312,2.66667,0.012288,10.6667,0.012288,42.6667,0.012288,157.538,0.013312,431.158,0.019456,642.51,0.052224,736.36,0.182272,753.287,0.712704,744.199,2.88563,714.167,12.0279,
0.0104167,0.012288,0.0384615,0.013312,,,0.666667,0.012288,2.66667,0.012288,9.84615,0.013312,42.6667,0.012288,157.538,0.013312,409.6,0.02048,642.51,0.052224,736.36,0.182272,750.054,0.715776,744.199,2.88563,714.654,12.0197,
0.0104167,0.012288,0.0384615,0.013312,,,0.666667,0.012288,2.66667,0.012288,10.6667,0.012288,39.3846,0.013312,157.538,0.013312,431.158,0.019456,642.51,0.052224,728.178,0.18432,751.129,0.714752,748.181,2.87027,714.593,12.0207,
0.0113636,0.011264,0.0357143,0.014336,,,0.727273,0.011264,2.66667,0.012288,8.53333,0.01536,39.3846,0.013312,157.538,0.013312,431.158,0.019456,642.51,0.052224,732.246,0.183296,751.129,0.714752,743.671,2.88768,714.411,12.0238,
0.0104167,0.012288,0.0384615,0.013312,,,0.666667,0.012288,2.46154,0.013312,10.6667,0.012288,42.6667,0.012288,157.538,0.013312,431.158,0.019456,642.51,0.052224,736.36,0.182272,748.983,0.7168,739.215,2.90509,715.385,12.0074,
0.0113636,0.011264,0.0416667,0.012288,,,0.727273,0.011264,2.66667,0.012288,10.6667,0.012288,42.6667,0.012288,157.538,0.013312,431.158,0.019456,618.264,0.054272,728.178,0.18432,748.983,0.7168,747.381,2.87334,714.167,12.0279,
0.0104167,0.012288,0.0416667,0.012288,,,0.666667,0.012288,2.90909,0.011264,11.6364,0.011264,42.6667,0.012288,157.538,0.013312,431.158,0.019456,642.51,0.052224,732.246,0.183296,750.054,0.715776,744.199,2.88563,720.733,11.9183,
0.0104167,0.012288,0.0416667,0.012288,,,0.727273,0.011264,2.90909,0.011264,10.6667,0.012288,42.6667,0.012288,157.538,0.013312,409.6,0.02048,655.36,0.0512,522.199,0.257024,748.983,0.7168,744.199,2.88563,745.919,11.5159,
0.0104167,0.012288,0.0384615,0.013312,,,0.666667,0.012288,2.90909,0.011264,10.6667,0.012288,42.6667,0.012288,157.538,0.013312,431.158,0.019456,642.51,0.052224,724.155,0.185344,751.129,0.714752,748.448,2.86925,744.992,11.5302,
0.00961538,0.013312,0.0454545,0.011264,,,0.727273,0.011264,2.90909,0.011264,11.6364,0.011264,42.6667,0.012288,157.538,0.013312,431.158,0.019456,655.36,0.0512,732.246,0.183296,748.983,0.7168,746.052,2.87846,746.185,11.5118,
0.0113636,0.011264,0.0416667,0.012288,,,0.727273,0.011264,2.66667,0.012288,10.6667,0.012288,42.6667,0.012288,157.538,0.013312,431.158,0.019456,655.36,0.0512,736.36,0.182272,752.207,0.713728,748.448,2.86925,746.384,11.5087,
0.0078125,0.016384,0.0416667,0.012288,,,0.666667,0.012288,2.90909,0.011264,9.14286,0.014336,36.5714,0.014336,157.538,0.013312,409.6,0.02048,642.51,0.052224,732.246,0.183296,756.548,0.709632,742.092,2.89382,745.257,11.5261,
0.00961538,0.013312,0.0416667,0.012288,,,0.666667,0.012288,2,0.016384,9.84615,0.013312,36.5714,0.014336,157.538,0.013312,431.158,0.019456,642.51,0.052224,736.36,0.182272,746.849,0.718848,747.648,2.87232,745.986,11.5149,
0.0104167,0.012288,0.0454545,0.011264,,,0.727273,0.011264,2.46154,0.013312,9.84615,0.013312,39.3846,0.013312,157.538,0.013312,431.158,0.019456,642.51,0.052224,732.246,0.183296,753.287,0.712704,743.935,2.88666,745.919,11.5159,
0.0104167,0.012288,0.0454545,0.011264,,,0.727273,0.011264,2.90909,0.011264,10.6667,0.012288,39.3846,0.013312,146.286,0.014336,409.6,0.02048,655.36,0.0512,724.155,0.185344,752.207,0.713728,748.715,2.86822,745.588,11.521,
0.0125,0.01024,0.0454545,0.011264,,,0.727273,0.011264,2.66667,0.012288,10.6667,0.012288,39.3846,0.013312,146.286,0.014336,431.158,0.019456,642.51,0.052224,736.36,0.182272,751.129,0.714752,742.881,2.89075,746.052,11.5139,
0.0113636,0.011264,0.0416667,0.012288,,,0.727273,0.011264,2.66667,0.012288,10.6667,0.012288,39.3846,0.013312,146.286,0.014336,409.6,0.02048,655.36,0.0512,732.246,0.183296,751.129,0.714752,747.381,2.87334,745.919,11.5159,
0.0113636,0.011264,0.0416667,0.012288,,,0.727273,0.011264,2.46154,0.013312,10.6667,0.012288,39.3846,0.013312,146.286,0.014336,409.6,0.02048,655.36,0.0512,728.178,0.18432,750.054,0.715776,748.448,2.86925,745.654,11.52,
0.00657895,0.019456,0.0454545,0.011264,,,0.727273,0.011264,2.66667,0.012288,10.6667,0.012288,42.6667,0.012288,157.538,0.013312,431.158,0.019456,642.51,0.052224,732.246,0.183296,746.849,0.718848,748.983,2.8672,745.588,11.521,
0.00961538,0.013312,0.0454545,0.011264,,,0.666667,0.012288,2.66667,0.012288,11.6364,0.011264,39.3846,0.013312,157.538,0.013312,431.158,0.019456,668.735,0.050176,736.36,0.182272,746.849,0.718848,747.914,2.8713,744.133,11.5436,
0.00961538,0.013312,0.0416667,0.012288,,,0.666667,0.012288,2.66667,0.012288,10.6667,0.012288,42.6667,0.012288,146.286,0.014336,431.158,0.019456,642.51,0.052224,736.36,0.182272,752.207,0.713728,749.25,2.86618,745.455,11.5231,
0.0104167,0.012288,0.0384615,0.013312,,,0.666667,0.012288,2.66667,0.012288,10.6667,0.012288,42.6667,0.012288,157.538,0.013312,409.6,0.02048,655.36,0.0512,732.246,0.183296,751.129,0.714752,747.381,2.87334,744.86,11.5323,
0.0104167,0.012288,0.0384615,0.013312,,,0.615385,0.013312,2.66667,0.012288,11.6364,0.011264,39.3846,0.013312,146.286,0.014336,431.158,0.019456,642.51,0.052224,728.178,0.18432,750.054,0.715776,747.914,2.8713,744.793,11.5333,
0.0104167,0.012288,0.0416667,0.012288,,,0.666667,0.012288,2.46154,0.013312,11.6364,0.011264,42.6667,0.012288,157.538,0.013312,409.6,0.02048,655.36,0.0512,724.155,0.185344,751.129,0.714752,749.25,2.86618,745.124,11.5282,
0.0113636,0.011264,0.0416667,0.012288,,,0.727273,0.011264,2.90909,0.011264,11.6364,0.011264,46.5455,0.011264,146.286,0.014336,431.158,0.019456,642.51,0.052224,732.246,0.183296,754.371,0.71168,745.521,2.88051,744.529,11.5374,
0.0104167,0.012288,0.0416667,0.012288,,,0.666667,0.012288,2.66667,0.012288,10.6667,0.012288,39.3846,0.013312,157.538,0.013312,431.158,0.019456,642.51,0.052224,740.52,0.181248,750.054,0.715776,748.181,2.87027,744.595,11.5364,
0.0104167,0.012288,0.0416667,0.012288,,,0.666667,0.012288,2.90909,0.011264,10.6667,0.012288,39.3846,0.013312,157.538,0.013312,431.158,0.019456,642.51,0.052224,728.178,0.18432,750.054,0.715776,746.849,2.87539,744.86,11.5323,
0.0113636,0.011264,0.0454545,0.011264,,,0.666667,0.012288,2.66667,0.012288,11.6364,0.011264,39.3846,0.013312,157.538,0.013312,431.158,0.019456,642.51,0.052224,732.246,0.183296,753.287,0.712704,744.992,2.88256,745.257,11.5261,
0.0104167,0.012288,0.0263158,0.019456,,,0.727273,0.011264,2.66667,0.012288,9.84615,0.013312,42.6667,0.012288,157.538,0.013312,431.158,0.019456,655.36,0.0512,736.36,0.182272,748.983,0.7168,743.671,2.88768,745.19,11.5272,
0.0113636,0.011264,0.0454545,0.011264,,,0.727273,0.011264,2.90909,0.011264,11.6364,0.011264,42.6667,0.012288,157.538,0.013312,431.158,0.019456,642.51,0.052224,740.52,0.181248,750.054,0.715776,746.317,2.87744,745.058,11.5292,
0.0104167,0.012288,0.0416667,0.012288,,,0.727273,0.011264,2.90909,0.011264,9.84615,0.013312,30.1176,0.017408,157.538,0.013312,431.158,0.019456,642.51,0.052224,740.52,0.181248,746.849,0.718848,748.181,2.87027,745.257,11.5261,
0.00961538,0.013312,0.0454545,0.011264,,,0.727273,0.011264,2.66667,0.012288,9.84615,0.013312,36.5714,0.014336,146.286,0.014336,431.158,0.019456,642.51,0.052224,736.36,0.182272,752.207,0.713728,746.317,2.87744,745.19,11.5272,
0.0113636,0.011264,0.0416667,0.012288,,,0.727273,0.011264,2.66667,0.012288,9.84615,0.013312,42.6667,0.012288,157.538,0.013312,431.158,0.019456,630.154,0.053248,732.246,0.183296,751.129,0.714752,747.648,2.87232,744.595,11.5364,
0.0113636,0.011264,0.0454545,0.011264,,,0.727273,0.011264,2.66667,0.012288,10.6667,0.012288,36.5714,0.014336,146.286,0.014336,431.158,0.019456,642.51,0.052224,736.36,0.182272,745.787,0.719872,748.181,2.87027,744.793,11.5333,
0.0104167,0.012288,0.0454545,0.011264,,,0.666667,0.012288,2.90909,0.011264,9.84615,0.013312,39.3846,0.013312,146.286,0.014336,431.158,0.019456,655.36,0.0512,728.178,0.18432,748.983,0.7168,743.144,2.88973,744.992,11.5302,
0.0113636,0.011264,0.0454545,0.011264,,,0.727273,0.011264,2.66667,0.012288,10.6667,0.012288,39.3846,0.013312,146.286,0.014336,431.158,0.019456,655.36,0.0512,736.36,0.182272,748.983,0.7168,748.181,2.87027,744.727,11.5343,
0.0104167,0.012288,0.0454545,0.011264,,,0.727273,0.011264,2.90909,0.011264,10.6667,0.012288,42.6667,0.012288,157.538,0.013312,431.158,0.019456,642.51,0.052224,728.178,0.18432,752.207,0.713728,748.181,2.87027,745.588,11.521,
0.0113636,0.011264,0.0454545,0.011264,,,0.727273,0.011264,2.46154,0.013312,9.84615,0.013312,39.3846,0.013312,157.538,0.013312,431.158,0.019456,642.51,0.052224,736.36,0.182272,751.129,0.714752,747.914,2.8713,745.19,11.5272,
0.00961538,0.013312,0.0454545,0.011264,,,0.666667,0.012288,2.66667,0.012288,10.6667,0.012288,39.3846,0.013312,146.286,0.014336,431.158,0.019456,655.36,0.0512,740.52,0.181248,744.727,0.720896,746.583,2.87642,744.793,11.5333,
0.0113636,0.011264,0.05,0.01024,,,0.666667,0.012288,2.46154,0.013312,10.6667,0.012288,39.3846,0.013312,157.538,0.013312,431.158,0.019456,642.51,0.052224,736.36,0.182272,751.129,0.714752,747.914,2.8713,744.793,11.5333,
0.0113636,0.011264,0.0416667,0.012288,,,0.571429,0.014336,2.66667,0.012288,11.6364,0.011264,39.3846,0.013312,146.286,0.014336,431.158,0.019456,642.51,0.052224,728.178,0.18432,753.287,0.712704,745.257,2.88154,744.595,11.5364,
0.0104167,0.012288,0.0416667,0.012288,,,0.615385,0.013312,2.66667,0.012288,10.6667,0.012288,39.3846,0.013312,157.538,0.013312,431.158,0.019456,630.154,0.053248,724.155,0.185344,750.054,0.715776,739.215,2.90509,745.323,11.5251,
0.0104167,0.012288,0.0416667,0.012288,,,0.615385,0.013312,2.66667,0.012288,10.6667,0.012288,42.6667,0.012288,146.286,0.014336,431.158,0.019456,642.51,0.052224,724.155,0.185344,750.054,0.715776,744.992,2.88256,745.257,11.5261,
0.00961538,0.013312,0.0384615,0.013312,,,0.666667,0.012288,2.66667,0.012288,10.6667,0.012288,39.3846,0.013312,146.286,0.014336,431.158,0.019456,630.154,0.053248,736.36,0.182272,744.727,0.720896,748.181,2.87027,744.727,11.5343,
0.0104167,0.012288,0.0384615,0.013312,,,0.666667,0.012288,2.90909,0.011264,10.6667,0.012288,46.5455,0.011264,157.538,0.013312,431.158,0.019456,630.154,0.053248,736.36,0.182272,751.129,0.714752,746.317,2.87744,744.331,11.5405,
0.0104167,0.012288,0.0416667,0.012288,,,0.727273,0.011264,2.66667,0.012288,11.6364,0.011264,42.6667,0.012288,157.538,0.013312,431.158,0.019456,642.51,0.052224,740.52,0.181248,750.054,0.715776,747.648,2.87232,744.992,11.5302,
0.0104167,0.012288,0.0416667,0.012288,,,0.666667,0.012288,2.66667,0.012288,10.6667,0.012288,46.5455,0.011264,146.286,0.014336,431.158,0.019456,630.154,0.053248,728.178,0.18432,751.129,0.714752,742.355,2.8928,744.992,11.5302,
0.00892857,0.014336,0.0416667,0.012288,,,0.666667,0.012288,2.66667,0.012288,10.6667,0.012288,39.3846,0.013312,146.286,0.014336,431.158,0.019456,642.51,0.052224,728.178,0.18432,751.129,0.714752,743.407,2.8887,744.992,11.5302,
0.0104167,0.012288,0.0416667,0.012288,,,0.615385,0.013312,2.90909,0.011264,10.6667,0.012288,42.6667,0.012288,146.286,0.014336,390.095,0.021504,642.51,0.052224,740.52,0.181248,748.983,0.7168,742.881,2.89075,744.397,11.5395,
0.00833333,0.01536,0.0454545,0.011264,,,0.666667,0.012288,2.90909,0.011264,11.6364,0.011264,36.5714,0.014336,146.286,0.014336,409.6,0.02048,655.36,0.0512,740.52,0.181248,752.207,0.713728,747.914,2.8713,744.727,11.5343,
0.0113636,0.011264,0.0416667,0.012288,,,0.727273,0.011264,2.90909,0.011264,11.6364,0.011264,36.5714,0.014336,146.286,0.014336,455.111,0.018432,642.51,0.052224,728.178,0.18432,752.207,0.713728,743.671,2.88768,744.992,11.5302,
0.0104167,0.012288,0.03125,0.016384,,,0.666667,0.012288,2.90909,0.011264,9.84615,0.013312,36.5714,0.014336,146.286,0.014336,431.158,0.019456,642.51,0.052224,728.178,0.18432,751.129,0.714752,745.257,2.88154,744.793,11.5333,
0.0113636,0.011264,0.0384615,0.013312,,,0.727273,0.011264,2.66667,0.012288,9.84615,0.013312,36.5714,0.014336,157.538,0.013312,455.111,0.018432,630.154,0.053248,736.36,0.182272,752.207,0.713728,746.849,2.87539,745.124,11.5282,
0.0104167,0.012288,0.0454545,0.011264,,,0.666667,0.012288,2.66667,0.012288,9.84615,0.013312,39.3846,0.013312,146.286,0.014336,431.158,0.019456,630.154,0.053248,736.36,0.182272,751.129,0.714752,745.257,2.88154,744.992,11.5302,
0.0104167,0.012288,0.0454545,0.011264,,,0.470588,0.017408,2.66667,0.012288,9.84615,0.013312,39.3846,0.013312,157.538,0.013312,431.158,0.019456,642.51,0.052224,740.52,0.181248,746.849,0.718848,747.914,2.8713,744.926,11.5313,
0.0104167,0.012288,0.0454545,0.011264,,,0.8,0.01024,2.66667,0.012288,9.84615,0.013312,39.3846,0.013312,157.538,0.013312,431.158,0.019456,668.735,0.050176,732.246,0.183296,752.207,0.713728,745.521,2.88051,745.058,11.5292,
0.0113636,0.011264,0.0416667,0.012288,,,0.727273,0.011264,2.90909,0.011264,10.6667,0.012288,39.3846,0.013312,146.286,0.014336,431.158,0.019456,642.51,0.052224,728.178,0.18432,750.054,0.715776,741.829,2.89485,744.001,11.5456,
0.0104167,0.012288,0.0454545,0.011264,,,0.8,0.01024,2.46154,0.013312,10.6667,0.012288,39.3846,0.013312,146.286,0.014336,431.158,0.019456,642.51,0.052224,732.246,0.183296,750.054,0.715776,741.829,2.89485,744.397,11.5395,
0.00961538,0.013312,0.0454545,0.011264,,,0.727273,0.011264,2.46154,0.013312,10.6667,0.012288,39.3846,0.013312,157.538,0.013312,409.6,0.02048,642.51,0.052224,720.176,0.186368,750.054,0.715776,746.317,2.87744,743.869,11.5476,
0.0113636,0.011264,0.0416667,0.012288,,,0.8,0.01024,2.66667,0.012288,10.6667,0.012288,42.6667,0.012288,146.286,0.014336,431.158,0.019456,655.36,0.0512,740.52,0.181248,752.207,0.713728,747.914,2.8713,744.397,11.5395,
0.0104167,0.012288,0.0454545,0.011264,,,0.666667,0.012288,2.66667,0.012288,9.84615,0.013312,39.3846,0.013312,146.286,0.014336,431.158,0.019456,642.51,0.052224,740.52,0.181248,745.787,0.719872,747.914,2.8713,744.661,11.5354,
0.0113636,0.011264,0.0454545,0.011264,,,0.666667,0.012288,2.66667,0.012288,10.6667,0.012288,39.3846,0.013312,157.538,0.013312,431.158,0.019456,642.51,0.052224,724.155,0.185344,751.129,0.714752,746.317,2.87744,744.793,11.5333,
0.0104167,0.012288,0.0384615,0.013312,,,0.615385,0.013312,2.90909,0.011264,10.6667,0.012288,42.6667,0.012288,157.538,0.013312,431.158,0.019456,642.51,0.052224,740.52,0.181248,747.914,0.717824,745.787,2.87949,744.463,11.5384,
0.0113636,0.011264,0.0384615,0.013312,,,0.666667,0.012288,2.46154,0.013312,10.6667,0.012288,42.6667,0.012288,157.538,0.013312,431.158,0.019456,630.154,0.053248,736.36,0.182272,752.207,0.713728,743.671,2.88768,745.389,11.5241,
0.0104167,0.012288,0.0384615,0.013312,,,0.615385,0.013312,2.66667,0.012288,9.84615,0.013312,42.6667,0.012288,146.286,0.014336,431.158,0.019456,642.51,0.052224,724.155,0.185344,752.207,0.713728,746.317,2.87744,744.661,11.5354,
0.0104167,0.012288,0.0416667,0.012288,,,0.727273,0.011264,2.90909,0.011264,11.6364,0.011264,42.6667,0.012288,157.538,0.013312,431.158,0.019456,655.36,0.0512,736.36,0.182272,753.287,0.712704,747.115,2.87437,745.058,11.5292,
0.00961538,0.013312,0.0454545,0.011264,,,0.666667,0.012288,2.66667,0.012288,11.6364,0.011264,39.3846,0.013312,136.533,0.01536,431.158,0.019456,655.36,0.0512,732.246,0.183296,748.983,0.7168,745.257,2.88154,745.257,11.5261,
0.00961538,0.013312,0.0416667,0.012288,,,0.727273,0.011264,2.13333,0.01536,10.6667,0.012288,42.6667,0.012288,157.538,0.013312,431.158,0.019456,655.36,0.0512,724.155,0.185344,751.129,0.714752,747.115,2.87437,744.926,11.5313,
0.00961538,0.013312,0.0384615,0.013312,,,0.666667,0.012288,2.66667,0.012288,10.6667,0.012288,42.6667,0.012288,102.4,0.02048,431.158,0.019456,630.154,0.053248,736.36,0.182272,751.129,0.714752,742.355,2.8928,745.124,11.5282,
0.0104167,0.012288,0.0454545,0.011264,,,0.8,0.01024,2.90909,0.011264,11.6364,0.011264,39.3846,0.013312,157.538,0.013312,431.158,0.019456,655.36,0.0512,712.348,0.188416,753.287,0.712704,742.092,2.89382,745.19,11.5272,
0.00961538,0.013312,0.0416667,0.012288,,,0.727273,0.011264,2.90909,0.011264,10.6667,0.012288,36.5714,0.014336,157.538,0.013312,431.158,0.019456,630.154,0.053248,732.246,0.183296,751.129,0.714752,746.317,2.87744,744.926,11.5313,
0.0104167,0.012288,0.0454545,0.011264,,,0.666667,0.012288,2.90909,0.011264,9.84615,0.013312,36.5714,0.014336,146.286,0.014336,431.158,0.019456,655.36,0.0512,732.246,0.183296,751.129,0.714752,747.648,2.87232,744.661,11.5354,
0.0104167,0.012288,0.0454545,0.011264,,,0.727273,0.011264,2.66667,0.012288,9.84615,0.013312,32,0.016384,146.286,0.014336,409.6,0.02048,630.154,0.053248,732.246,0.183296,747.914,0.717824,748.181,2.87027,744.992,11.5302,
0.0113636,0.011264,0.0416667,0.012288,,,0.727273,0.011264,2.90909,0.011264,9.14286,0.014336,42.6667,0.012288,157.538,0.013312,431.158,0.019456,642.51,0.052224,732.246,0.183296,752.207,0.713728,747.115,2.87437,744.86,11.5323,
0.0113636,0.011264,0.0454545,0.011264,,,0.666667,0.012288,2.66667,0.012288,9.84615,0.013312,39.3846,0.013312,157.538,0.013312,431.158,0.019456,655.36,0.0512,728.178,0.18432,754.371,0.71168,744.992,2.88256,745.058,11.5292,
0.0113636,0.011264,0.0454545,0.011264,,,0.666667,0.012288,2.90909,0.011264,10.6667,0.012288,39.3846,0.013312,157.538,0.013312,431.158,0.019456,655.36,0.0512,740.52,0.181248,747.914,0.717824,745.521,2.88051,744.595,11.5364,
0.0104167,0.012288,0.0416667,0.012288,,,0.666667,0.012288,2.90909,0.011264,10.6667,0.012288,39.3846,0.013312,157.538,0.013312,409.6,0.02048,642.51,0.052224,732.246,0.183296,751.129,0.714752,746.052,2.87846,744.001,11.5456,
0.0113636,0.011264,0.05,0.01024,,,0.727273,0.011264,2.28571,0.014336,9.84615,0.013312,39.3846,0.013312,157.538,0.013312,431.158,0.019456,642.51,0.052224,744.727,0.180224,751.129,0.714752,743.407,2.8887,744.001,11.5456,
0.00961538,0.013312,0.0454545,0.011264,,,0.727273,0.011264,2.66667,0.012288,10.6667,0.012288,39.3846,0.013312,157.538,0.013312,431.158,0.019456,655.36,0.0512,724.155,0.185344,750.054,0.715776,744.992,2.88256,744.133,11.5436,
0.0104167,0.012288,0.0416667,0.012288,,,0.727273,0.011264,2.46154,0.013312,10.6667,0.012288,42.6667,0.012288,157.538,0.013312,431.158,0.019456,642.51,0.052224,728.178,0.18432,752.207,0.713728,746.849,2.87539,744.397,11.5395,
0.0113636,0.011264,0.0416667,0.012288,,,0.727273,0.011264,2.28571,0.014336,10.6667,0.012288,42.6667,0.012288,146.286,0.014336,455.111,0.018432,630.154,0.053248,728.178,0.18432,751.129,0.714752,747.914,2.8713,745.124,11.5282,
0.0104167,0.012288,0.0454545,0.011264,,,0.615385,0.013312,2.66667,0.012288,11.6364,0.011264,42.6667,0.012288,157.538,0.013312,455.111,0.018432,642.51,0.052224,736.36,0.182272,751.129,0.714752,746.052,2.87846,745.323,11.5251,
0.0104167,0.012288,0.0384615,0.013312,,,0.615385,0.013312,2.66667,0.012288,10.6667,0.012288,42.6667,0.012288,146.286,0.014336,409.6,0.02048,655.36,0.0512,736.36,0.182272,752.207,0.713728,746.317,2.87744,744.992,11.5302,
0.0113636,0.011264,0.0416667,0.012288,,,0.666667,0.012288,2.66667,0.012288,11.6364,0.011264,39.3846,0.013312,170.667,0.012288,431.158,0.019456,642.51,0.052224,732.246,0.183296,750.054,0.715776,739.736,2.90304,745.058,11.5292,
0.0104167,0.012288,0.0384615,0.013312,,,0.615385,0.013312,2.66667,0.012288,9.84615,0.013312,42.6667,0.012288,146.286,0.014336,455.111,0.018432,642.51,0.052224,732.246,0.183296,750.054,0.715776,746.317,2.87744,744.661,11.5354,
0.0104167,0.012288,0.0384615,0.013312,,,0.727273,0.011264,2.66667,0.012288,10.6667,0.012288,42.6667,0.012288,157.538,0.013312,47.0805,0.178176,630.154,0.053248,736.36,0.182272,754.371,0.71168,745.521,2.88051,744.793,11.5333,
0.0113636,0.011264,0.0384615,0.013312,,,0.666667,0.012288,2.66667,0.012288,10.6667,0.012288,39.3846,0.013312,157.538,0.013312,372.364,0.022528,655.36,0.0512,736.36,0.182272,750.054,0.715776,749.786,2.86413,744.595,11.5364,
0.0125,0.01024,0.05,0.01024,,,0.888889,0.009216,3.55556,0.009216,12.8,0.01024,51.2,0.01024,186.182,0.011264,512,0.016384,668.735,0.050176,744.727,0.180224,753.287,0.712704,749.25,2.86618,723.156,11.8784,
0.0125,0.01024,0.0555556,0.009216,,,0.8,0.01024,3.55556,0.009216,14.2222,0.009216,51.2,0.01024,186.182,0.011264,512,0.016384,682.667,0.049152,744.727,0.180224,755.458,0.710656,749.518,2.86515,724.03,11.8641,
0.0138889,0.009216,0.0555556,0.009216,,,0.888889,0.009216,3.55556,0.009216,12.8,0.01024,46.5455,0.011264,170.667,0.012288,512,0.016384,668.735,0.050176,502.192,0.267264,757.642,0.708608,750.86,2.86003,723.78,11.8682,
0.0125,0.01024,0.0555556,0.009216,,,0.888889,0.009216,3.55556,0.009216,12.8,0.01024,51.2,0.01024,170.667,0.012288,512,0.016384,668.735,0.050176,744.727,0.180224,752.207,0.713728,747.115,2.87437,723.468,11.8733,
0.0138889,0.009216,0.0555556,0.009216,,,0.888889,0.009216,3.2,0.01024,12.8,0.01024,51.2,0.01024,186.182,0.011264,512,0.016384,668.735,0.050176,748.983,0.1792,757.642,0.708608,750.591,2.86106,723.094,11.8794,
0.0125,0.01024,0.05,0.01024,,,0.8,0.01024,3.55556,0.009216,12.8,0.01024,51.2,0.01024,186.182,0.011264,512,0.016384,668.735,0.050176,748.983,0.1792,754.371,0.71168,747.648,2.87232,723.593,11.8712,
0.0138889,0.009216,0.0555556,0.009216,,,0.888889,0.009216,3.2,0.01024,12.8,0.01024,51.2,0.01024,186.182,0.011264,409.6,0.02048,682.667,0.049152,744.727,0.180224,756.548,0.709632,748.448,2.86925,723.53,11.8723,
0.0125,0.01024,0.05,0.01024,,,0.888889,0.009216,3.55556,0.009216,12.8,0.01024,51.2,0.01024,128,0.016384,512,0.016384,682.667,0.049152,744.727,0.180224,757.642,0.708608,746.317,2.87744,723.593,11.8712,
0.0125,0.01024,0.0555556,0.009216,,,0.888889,0.009216,3.55556,0.009216,12.8,0.01024,51.2,0.01024,170.667,0.012288,512,0.016384,655.36,0.0512,736.36,0.182272,750.054,0.715776,747.381,2.87334,724.155,11.862,
0.0125,0.01024,0.05,0.01024,,,0.8,0.01024,3.55556,0.009216,12.8,0.01024,51.2,0.01024,186.182,0.011264,512,0.016384,655.36,0.0512,740.52,0.181248,756.548,0.709632,748.181,2.87027,722.907,11.8825,
0.0125,0.01024,0.0555556,0.009216,,,0.727273,0.011264,3.55556,0.009216,12.8,0.01024,51.2,0.01024,186.182,0.011264,512,0.016384,655.36,0.0512,748.983,0.1792,753.287,0.712704,746.849,2.87539,724.342,11.8589,
0.0138889,0.009216,0.0555556,0.009216,,,0.888889,0.009216,3.55556,0.009216,14.2222,0.009216,51.2,0.01024,186.182,0.011264,512,0.016384,668.735,0.050176,753.287,0.178176,757.642,0.708608,748.715,2.86822,723.655,11.8702,
0.0138889,0.009216,0.0555556,0.009216,,,0.888889,0.009216,3.2,0.01024,14.2222,0.009216,51.2,0.01024,186.182,0.011264,512,0.016384,655.36,0.0512,728.178,0.18432,756.548,0.709632,748.983,2.8672,724.03,11.8641,
0.0138889,0.009216,0.05,0.01024,,,0.888889,0.009216,3.55556,0.009216,14.2222,0.009216,51.2,0.01024,186.182,0.011264,512,0.016384,668.735,0.050176,748.983,0.1792,754.371,0.71168,748.448,2.86925,724.53,11.8559,
0.0138889,0.009216,0.0555556,0.009216,,,0.888889,0.009216,3.55556,0.009216,9.84615,0.013312,51.2,0.01024,170.667,0.012288,481.882,0.017408,655.36,0.0512,748.983,0.1792,756.548,0.709632,751.129,2.85901,724.092,11.863,
0.0125,0.01024,0.05,0.01024,,,0.888889,0.009216,3.55556,0.009216,12.8,0.01024,51.2,0.01024,186.182,0.011264,512,0.016384,668.735,0.050176,744.727,0.180224,755.458,0.710656,750.86,2.86003,723.842,11.8671,
0.0138889,0.009216,0.0555556,0.009216,,,0.888889,0.009216,3.55556,0.009216,14.2222,0.009216,51.2,0.01024,186.182,0.011264,512,0.016384,655.36,0.0512,744.727,0.180224,753.287,0.712704,747.115,2.87437,723.655,11.8702,
0.0138889,0.009216,0.05,0.01024,,,0.888889,0.009216,3.55556,0.009216,12.8,0.01024,51.2,0.01024,186.182,0.011264,512,0.016384,682.667,0.049152,748.983,0.1792,753.287,0.712704,747.381,2.87334,723.717,11.8692,
0.0104167,0.012288,0.0555556,0.009216,,,0.888889,0.009216,3.2,0.01024,12.8,0.01024,51.2,0.01024,157.538,0.013312,512,0.016384,668.735,0.050176,748.983,0.1792,752.207,0.713728,750.591,2.86106,724.28,11.86,
0.0125,0.01024,0.0555556,0.009216,,,0.888889,0.009216,3.2,0.01024,14.2222,0.009216,51.2,0.01024,186.182,0.011264,512,0.016384,668.735,0.050176,736.36,0.182272,757.642,0.708608,750.054,2.8631,724.217,11.861,
0.0138889,0.009216,0.05,0.01024,,,0.8,0.01024,3.2,0.01024,14.2222,0.009216,46.5455,0.011264,186.182,0.011264,512,0.016384,655.36,0.0512,744.727,0.180224,754.371,0.71168,749.518,2.86515,724.03,11.8641,
0.0138889,0.009216,0.05,0.01024,,,0.888889,0.009216,3.2,0.01024,14.2222,0.009216,51.2,0.01024,186.182,0.011264,512,0.016384,642.51,0.052224,753.287,0.178176,758.738,0.707584,748.715,2.86822,731.033,11.7504,
0.0125,0.01024,0.05,0.01024,,,0.888889,0.009216,3.2,0.01024,14.2222,0.009216,46.5455,0.011264,170.667,0.012288,512,0.016384,182.044,0.18432,740.52,0.181248,754.371,0.71168,749.518,2.86515,744.397,11.5395,
0.0125,0.01024,0.05,0.01024,,,0.888889,0.009216,3.55556,0.009216,14.2222,0.009216,51.2,0.01024,186.182,0.011264,512,0.016384,682.667,0.049152,744.727,0.180224,754.371,0.71168,748.983,2.8672,745.19,11.5272,
0.0125,0.01024,0.0555556,0.009216,,,0.8,0.01024,3.2,0.01024,12.8,0.01024,51.2,0.01024,186.182,0.011264,512,0.016384,668.735,0.050176,748.983,0.1792,753.287,0.712704,745.521,2.88051,745.389,11.5241,
0.0125,0.01024,0.0555556,0.009216,,,0.888889,0.009216,3.2,0.01024,12.8,0.01024,51.2,0.01024,186.182,0.011264,481.882,0.017408,668.735,0.050176,740.52,0.181248,756.548,0.709632,751.129,2.85901,745.521,11.522,
0.0138889,0.009216,0.0555556,0.009216,,,0.888889,0.009216,3.55556,0.009216,12.8,0.01024,51.2,0.01024,186.182,0.011264,512,0.016384,682.667,0.049152,736.36,0.182272,754.371,0.71168,748.983,2.8672,744.926,11.5313,
0.0125,0.01024,0.05,0.01024,,,0.8,0.01024,3.55556,0.009216,12.8,0.01024,51.2,0.01024,186.182,0.011264,481.882,0.017408,682.667,0.049152,744.727,0.180224,755.458,0.710656,751.937,2.85594,744.529,11.5374,
0.0138889,0.009216,0.05,0.01024,,,0.888889,0.009216,3.55556,0.009216,12.8,0.01024,51.2,0.01024,186.182,0.011264,512,0.016384,682.667,0.049152,744.727,0.180224,757.642,0.708608,747.914,2.8713,744.265,11.5415,
0.0138889,0.009216,0.05,0.01024,,,0.8,0.01024,3.55556,0.009216,12.8,0.01024,56.8889,0.009216,186.182,0.011264,512,0.016384,655.36,0.0512,744.727,0.180224,753.287,0.712704,747.648,2.87232,744.793,11.5333,
0.0125,0.01024,0.0555556,0.009216,,,0.888889,0.009216,3.55556,0.009216,12.8,0.01024,56.8889,0.009216,170.667,0.012288,512,0.016384,668.735,0.050176,736.36,0.182272,752.207,0.713728,750.86,2.86003,745.058,11.5292,
0.00961538,0.013312,0.05,0.01024,,,0.888889,0.009216,3.2,0.01024,12.8,0.01024,51.2,0.01024,186.182,0.011264,512,0.016384,668.735,0.050176,744.727,0.180224,752.207,0.713728,745.787,2.87949,744.331,11.5405,
0.0138889,0.009216,0.0555556,0.009216,,,0.888889,0.009216,3.2,0.01024,14.2222,0.009216,51.2,0.01024,186.182,0.011264,512,0.016384,668.735,0.050176,736.36,0.182272,751.129,0.714752,747.115,2.87437,744.331,11.5405,
0.0138889,0.009216,0.0555556,0.009216,,,0.666667,0.012288,3.2,0.01024,14.2222,0.009216,51.2,0.01024,186.182,0.011264,512,0.016384,668.735,0.050176,736.36,0.182272,755.458,0.710656,748.983,2.8672,743.737,11.5497,
0.0138889,0.009216,0.0555556,0.009216,,,0.888889,0.009216,3.2,0.01024,14.2222,0.009216,51.2,0.01024,170.667,0.012288,512,0.016384,655.36,0.0512,744.727,0.180224,752.207,0.713728,747.115,2.87437,744.133,11.5436,
0.0125,0.01024,0.0555556,0.009216,,,0.8,0.01024,3.2,0.01024,14.2222,0.009216,51.2,0.01024,186.182,0.011264,512,0.016384,655.36,0.0512,744.727,0.180224,755.458,0.710656,750.323,2.86208,744.001,11.5456,
0.0138889,0.009216,0.0555556,0.009216,,,0.888889,0.009216,3.2,0.01024,14.2222,0.009216,51.2,0.01024,186.182,0.011264,512,0.016384,668.735,0.050176,748.983,0.1792,755.458,0.710656,749.786,2.86413,743.737,11.5497,
0.0125,0.01024,0.05,0.01024,,,0.888889,0.009216,3.55556,0.009216,14.2222,0.009216,51.2,0.01024,186.182,0.011264,512,0.016384,655.36,0.0512,740.52,0.181248,756.548,0.709632,751.129,2.85901,743.803,11.5487,
0.0138889,0.009216,0.0555556,0.009216,,,0.8,0.01024,3.55556,0.009216,14.2222,0.009216,51.2,0.01024,170.667,0.012288,512,0.016384,668.735,0.050176,736.36,0.182272,756.548,0.709632,748.715,2.86822,743.935,11.5466,
0.0138889,0.009216,0.0555556,0.009216,,,0.888889,0.009216,3.55556,0.009216,14.2222,0.009216,51.2,0.01024,186.182,0.011264,546.133,0.01536,655.36,0.0512,736.36,0.182272,758.738,0.707584,749.786,2.86413,743.473,11.5538,
0.0138889,0.009216,0.05,0.01024,,,0.888889,0.009216,3.2,0.01024,14.2222,0.009216,51.2,0.01024,186.182,0.011264,512,0.016384,655.36,0.0512,740.52,0.181248,755.458,0.710656,747.115,2.87437,744.067,11.5446,
0.0138889,0.009216,0.0454545,0.011264,,,0.8,0.01024,3.2,0.01024,14.2222,0.009216,51.2,0.01024,186.182,0.011264,512,0.016384,682.667,0.049152,753.287,0.178176,755.458,0.710656,750.323,2.86208,743.671,11.5507,
0.0125,0.01024,0.0555556,0.009216,,,0.8,0.01024,3.2,0.01024,14.2222,0.009216,46.5455,0.011264,186.182,0.011264,512,0.016384,642.51,0.052224,757.642,0.177152,756.548,0.709632,750.591,2.86106,744.397,11.5395,
0.0125,0.01024,0.0555556,0.009216,,,0.8,0.01024,3.55556,0.009216,14.2222,0.009216,51.2,0.01024,186.182,0.011264,512,0.016384,682.667,0.049152,740.52,0.181248,754.371,0.71168,749.786,2.86413,743.803,11.5487,
0.0138889,0.009216,0.0555556,0.009216,,,0.888889,0.009216,3.55556,0.009216,14.2222,0.009216,51.2,0.01024,186.182,0.011264,512,0.016384,668.735,0.050176,744.727,0.180224,754.371,0.71168,749.518,2.86515,744.265,11.5415,
0.0125,0.01024,0.05,0.01024,,,0.888889,0.009216,3.2,0.01024,14.2222,0.009216,51.2,0.01024,170.667,0.012288,512,0.016384,655.36,0.0512,748.983,0.1792,753.287,0.712704,751.129,2.85901,744.067,11.5446,
0.0138889,0.009216,0.0555556,0.009216,,,0.888889,0.009216,3.2,0.01024,14.2222,0.009216,51.2,0.01024,186.182,0.011264,512,0.016384,642.51,0.052224,744.727,0.180224,753.287,0.712704,747.381,2.87334,744.86,11.5323,
0.0138889,0.009216,0.0555556,0.009216,,,0.8,0.01024,3.2,0.01024,14.2222,0.009216,51.2,0.01024,170.667,0.012288,512,0.016384,668.735,0.050176,744.727,0.180224,758.738,0.707584,748.448,2.86925,744.727,11.5343,
0.0125,0.01024,0.05,0.01024,,,0.888889,0.009216,3.2,0.01024,12.8,0.01024,46.5455,0.011264,186.182,0.011264,481.882,0.017408,642.51,0.052224,757.642,0.177152,752.207,0.713728,748.181,2.87027,744.199,11.5425,
0.0125,0.01024,0.0555556,0.009216,,,0.888889,0.009216,3.55556,0.009216,12.8,0.01024,51.2,0.01024,186.182,0.011264,512,0.016384,630.154,0.053248,740.52,0.181248,752.207,0.713728,750.054,2.8631,744.397,11.5395,
0.0138889,0.009216,0.0555556,0.009216,,,0.888889,0.009216,3.55556,0.009216,12.8,0.01024,46.5455,0.011264,186.182,0.011264,481.882,0.017408,655.36,0.0512,753.287,0.178176,756.548,0.709632,747.914,2.8713,744.331,11.5405,
0.0125,0.01024,0.05,0.01024,,,0.8,0.01024,3.2,0.01024,12.8,0.01024,51.2,0.01024,170.667,0.012288,512,0.016384,682.667,0.049152,748.983,0.1792,751.129,0.714752,750.323,2.86208,744.529,11.5374,
0.0138889,0.009216,0.0555556,0.009216,,,0.888889,0.009216,3.2,0.01024,12.8,0.01024,46.5455,0.011264,186.182,0.011264,481.882,0.017408,655.36,0.0512,740.52,0.181248,758.738,0.707584,748.715,2.86822,744.199,11.5425,
0.0138889,0.009216,0.0555556,0.009216,,,0.888889,0.009216,3.2,0.01024,12.8,0.01024,51.2,0.01024,186.182,0.011264,512,0.016384,668.735,0.050176,744.727,0.180224,753.287,0.712704,748.181,2.87027,744.133,11.5436,
0.0138889,0.009216,0.0555556,0.009216,,,0.8,0.01024,3.2,0.01024,14.2222,0.009216,51.2,0.01024,186.182,0.011264,512,0.016384,655.36,0.0512,732.246,0.183296,753.287,0.712704,749.25,2.86618,744.397,11.5395,
0.0125,0.01024,0.05,0.01024,,,0.888889,0.009216,3.2,0.01024,14.2222,0.009216,51.2,0.01024,170.667,0.012288,512,0.016384,668.735,0.050176,736.36,0.182272,755.458,0.710656,750.054,2.8631,744.397,11.5395,
0.0138889,0.009216,0.0555556,0.009216,,,0.888889,0.009216,3.2,0.01024,14.2222,0.009216,51.2,0.01024,146.286,0.014336,481.882,0.017408,668.735,0.050176,736.36,0.182272,754.371,0.71168,750.323,2.86208,743.473,11.5538,
0.0125,0.01024,0.0555556,0.009216,,,0.888889,0.009216,3.2,0.01024,14.2222,0.009216,51.2,0.01024,186.182,0.011264,481.882,0.017408,668.735,0.050176,740.52,0.181248,757.642,0.708608,751.398,2.85798,744.265,11.5415,
0.0138889,0.009216,0.0555556,0.009216,,,0.888889,0.009216,3.2,0.01024,14.2222,0.009216,56.8889,0.009216,186.182,0.011264,512,0.016384,655.36,0.0512,744.727,0.180224,755.458,0.710656,749.786,2.86413,744.463,11.5384,
0.0138889,0.009216,0.05,0.01024,,,0.888889,0.009216,3.55556,0.009216,14.2222,0.009216,51.2,0.01024,186.182,0.011264,512,0.016384,682.667,0.049152,740.52,0.181248,757.642,0.708608,750.054,2.8631,744.067,11.5446,
0.0138889,0.009216,0.0555556,0.009216,,,0.888889,0.009216,3.55556,0.009216,12.8,0.01024,51.2,0.01024,186.182,0.011264,512,0.016384,630.154,0.053248,748.983,0.1792,754.371,0.71168,744.992,2.88256,743.473,11.5538,
0.0125,0.01024,0.05,0.01024,,,0.8,0.01024,3.55556,0.009216,14.2222,0.009216,51.2,0.01024,170.667,0.012288,512,0.016384,655.36,0.0512,736.36,0.182272,756.548,0.709632,751.129,2.85901,743.21,11.5579,
0.0125,0.01024,0.0555556,0.009216,,,0.888889,0.009216,3.55556,0.009216,12.8,0.01024,51.2,0.01024,186.182,0.011264,512,0.016384,642.51,0.052224,748.983,0.1792,757.642,0.708608,750.591,2.86106,743.605,11.5517,
0.0138889,0.009216,0.0555556,0.009216,,,0.888889,0.009216,3.55556,0.009216,12.8,0.01024,51.2,0.01024,186.182,0.011264,512,0.016384,655.36,0.0512,744.727,0.180224,754.371,0.71168,746.052,2.87846,743.737,11.5497,
0.0138889,0.009216,0.0555556,0.009216,,,0.888889,0.009216,3.55556,0.009216,12.8,0.01024,51.2,0.01024,170.667,0.012288,512,0.016384,655.36,0.0512,753.287,0.178176,754.371,0.71168,749.25,2.86618,743.737,11.5497,
0.0125,0.01024,0.0555556,0.009216,,,0.8,0.01024,3.2,0.01024,12.8,0.01024,51.2,0.01024,186.182,0.011264,512,0.016384,642.51,0.052224,748.983,0.1792,753.287,0.712704,750.591,2.86106,743.671,11.5507,
0.0138889,0.009216,0.0555556,0.009216,,,0.888889,0.009216,3.2,0.01024,12.8,0.01024,51.2,0.01024,186.182,0.011264,481.882,0.017408,642.51,0.052224,744.727,0.180224,755.458,0.710656,749.518,2.86515,744.331,11.5405,
0.0125,0.01024,0.05,0.01024,,,0.727273,0.011264,3.2,0.01024,12.8,0.01024,51.2,0.01024,186.182,0.011264,512,0.016384,682.667,0.049152,744.727,0.180224,754.371,0.71168,747.648,2.87232,743.935,11.5466,
0.0138889,0.009216,0.0555556,0.009216,,,0.888889,0.009216,3.2,0.01024,10.6667,0.012288,51.2,0.01024,186.182,0.011264,512,0.016384,668.735,0.050176,757.642,0.177152,752.207,0.713728,747.914,2.8713,744.067,11.5446,
0.0125,0.01024,0.05,0.01024,,,0.888889,0.009216,3.55556,0.009216,12.8,0.01024,51.2,0.01024,186.182,0.011264,512,0.016384,668.735,0.050176,748.983,0.1792,756.548,0.709632,750.323,2.86208,743.803,11.5487,
0.0138889,0.009216,0.0555556,0.009216,,,0.888889,0.009216,3.2,0.01024,12.8,0.01024,51.2,0.01024,186.182,0.011264,512,0.016384,655.36,0.0512,748.983,0.1792,754.371,0.71168,748.181,2.87027,744.265,11.5415,
0.0138889,0.009216,0.0555556,0.009216,,,0.8,0.01024,3.2,0.01024,12.8,0.01024,51.2,0.01024,170.667,0.012288,512,0.016384,642.51,0.052224,748.983,0.1792,754.371,0.71168,750.86,2.86003,744.463,11.5384,
0.0125,0.01024,0.0555556,0.009216,,,0.888889,0.009216,3.55556,0.009216,12.8,0.01024,51.2,0.01024,186.182,0.011264,512,0.016384,655.36,0.0512,744.727,0.180224,753.287,0.712704,749.518,2.86515,744.727,11.5343,
0.0138889,0.009216,0.0555556,0.009216,,,0.8,0.01024,3.2,0.01024,12.8,0.01024,51.2,0.01024,186.182,0.011264,512,0.016384,642.51,0.052224,748.983,0.1792,751.129,0.714752,750.86,2.86003,744.595,11.5364,
0.0138889,0.009216,0.0555556,0.009216,,,0.888889,0.009216,3.2,0.01024,12.8,0.01024,51.2,0.01024,186.182,0.011264,512,0.016384,668.735,0.050176,740.52,0.181248,750.054,0.715776,748.983,2.8672,744.463,11.5384,
0.0104167,0.012288,0.0555556,0.009216,,,0.888889,0.009216,3.2,0.01024,14.2222,0.009216,51.2,0.01024,186.182,0.011264,512,0.016384,668.735,0.050176,740.52,0.181248,752.207,0.713728,748.181,2.87027,744.067,11.5446,
0.0138889,0.009216,0.0555556,0.009216,,,0.8,0.01024,3.2,0.01024,14.2222,0.009216,51.2,0.01024,170.667,0.012288,512,0.016384,655.36,0.0512,744.727,0.180224,751.129,0.714752,743.935,2.88666,744.265,11.5415,
0.0125,0.01024,0.05,0.01024,,,0.888889,0.009216,3.2,0.01024,14.2222,0.009216,51.2,0.01024,186.182,0.011264,512,0.016384,668.735,0.050176,740.52,0.181248,752.207,0.713728,750.591,2.86106,744.463,11.5384,
0.0138889,0.009216,0.0555556,0.009216,,,0.888889,0.009216,3.2,0.01024,12.8,0.01024,51.2,0.01024,186.182,0.011264,512,0.016384,655.36,0.0512,748.983,0.1792,752.207,0.713728,751.129,2.85901,744.727,11.5343,
0.0138889,0.009216,0.05,0.01024,,,0.888889,0.009216,3.55556,0.009216,14.2222,0.009216,51.2,0.01024,170.667,0.012288,546.133,0.01536,642.51,0.052224,753.287,0.178176,753.287,0.712704,748.181,2.87027,744.926,11.5313,
0.0138889,0.009216,0.0555556,0.009216,,,0.888889,0.009216,3.2,0.01024,12.8,0.01024,51.2,0.01024,186.182,0.011264,512,0.016384,682.667,0.049152,744.727,0.180224,754.371,0.71168,749.786,2.86413,744.133,11.5436,
0.0138889,0.009216,0.05,0.01024,,,0.8,0.01024,3.55556,0.009216,14.2222,0.009216,51.2,0.01024,136.533,0.01536,481.882,0.017408,655.36,0.0512,748.983,0.1792,754.371,0.71168,750.86,2.86003,745.058,11.5292,
0.0125,0.01024,0.05,0.01024,,,0.888889,0.009216,3.2,0.01024,12.8,0.01024,51.2,0.01024,186.182,0.011264,512,0.016384,668.735,0.050176,728.178,0.18432,751.129,0.714752,750.86,2.86003,744.463,11.5384,
0.0125,0.01024,0.0555556,0.009216,,,0.8,0.01024,3.55556,0.009216,14.2222,0.009216,51.2,0.01024,186.182,0.011264,512,0.016384,642.51,0.052224,744.727,0.180224,754.371,0.71168,749.25,2.86618,744.133,11.5436,
0.0138889,0.009216,0.0555556,0.009216,,,0.888889,0.009216,3.2,0.01024,14.2222,0.009216,51.2,0.01024,170.667,0.012288,512,0.016384,655.36,0.0512,744.727,0.180224,752.207,0.713728,746.052,2.87846,744.199,11.5425,
0.0125,0.01024,0.05,0.01024,,,0.8,0.01024,3.2,0.01024,14.2222,0.009216,51.2,0.01024,170.667,0.012288,431.158,0.019456,668.735,0.050176,744.727,0.180224,753.287,0.712704,743.407,2.8887,744.067,11.5446,
0.0138889,0.009216,0.0555556,0.009216,,,0.888889,0.009216,3.2,0.01024,12.8,0.01024,51.2,0.01024,186.182,0.011264,512,0.016384,655.36,0.0512,748.983,0.1792,756.548,0.709632,744.992,2.88256,743.803,11.5487,
0.0125,0.01024,0.05,0.01024,,,0.8,0.01024,3.2,0.01024,14.2222,0.009216,51.2,0.01024,186.182,0.011264,512,0.016384,655.36,0.0512,744.727,0.180224,756.548,0.709632,746.052,2.87846,743.803,11.5487,
0.0138889,0.009216,0.0555556,0.009216,,,0.129032,0.063488,3.2,0.01024,12.8,0.01024,51.2,0.01024,186.182,0.011264,512,0.016384,655.36,0.0512,744.727,0.180224,758.738,0.707584,749.518,2.86515,743.671,11.5507,
0.0125,0.01024,0.0555556,0.009216,,,0.888889,0.009216,3.2,0.01024,12.8,0.01024,51.2,0.01024,186.182,0.011264,512,0.016384,642.51,0.052224,740.52,0.181248,754.371,0.71168,747.914,2.8713,743.869,11.5476,
0.0138889,0.009216,0.0555556,0.009216,,,0.888889,0.009216,3.55556,0.009216,12.8,0.01024,51.2,0.01024,170.667,0.012288,512,0.016384,655.36,0.0512,753.287,0.178176,754.371,0.71168,742.881,2.89075,743.869,11.5476,
0.0125,0.01024,0.05,0.01024,,,0.888889,0.009216,3.55556,0.009216,12.8,0.01024,56.8889,0.009216,186.182,0.011264,512,0.016384,655.36,0.0512,740.52,0.181248,754.371,0.71168,751.667,2.85696,743.276,11.5569,
0.0138889,0.009216,0.0555556,0.009216,,,0.888889,0.009216,3.2,0.01024,12.8,0.01024,51.2,0.01024,186.182,0.011264,512,0.016384,655.36,0.0512,748.983,0.1792,756.548,0.709632,749.518,2.86515,743.935,11.5466,
0.0138889,0.009216,0.0555556,0.009216,,,0.8,0.01024,3.55556,0.009216,12.8,0.01024,51.2,0.01024,170.667,0.012288,512,0.016384,642.51,0.052224,744.727,0.180224,755.458,0.710656,748.983,2.8672,743.473,11.5538,
0.0125,0.01024,0.0555556,0.009216,,,0.888889,0.009216,3.55556,0.009216,12.8,0.01024,51.2,0.01024,186.182,0.011264,512,0.016384,668.735,0.050176,744.727,0.180224,752.207,0.713728,750.323,2.86208,743.605,11.5517,
0.0125,0.01024,0.05,0.01024,,,0.8,0.01024,3.55556,0.009216,12.8,0.01024,51.2,0.01024,186.182,0.011264,512,0.016384,655.36,0.0512,744.727,0.180224,753.287,0.712704,750.054,2.8631,744.463,11.5384,
0.0138889,0.009216,0.0555556,0.009216,,,0.888889,0.009216,3.2,0.01024,12.8,0.01024,51.2,0.01024,170.667,0.012288,512,0.016384,642.51,0.052224,744.727,0.180224,755.458,0.710656,750.86,2.86003,744.067,11.5446,
0.0138889,0.009216,0.05,0.01024,,,0.8,0.01024,3.55556,0.009216,12.8,0.01024,46.5455,0.011264,186.182,0.011264,512,0.016384,668.735,0.050176,744.727,0.180224,756.548,0.709632,744.463,2.88461,743.935,11.5466,
0.0138889,0.009216,0.0555556,0.009216,,,0.888889,0.009216,3.55556,0.009216,12.8,0.01024,51.2,0.01024,186.182,0.011264,512,0.016384,668.735,0.050176,744.727,0.180224,756.548,0.709632,751.129,2.85901,744.199,11.5425,
0.0125,0.01024,0.0555556,0.009216,,,0.8,0.01024,3.2,0.01024,12.8,0.01024,51.2,0.01024,186.182,0.011264,512,0.016384,682.667,0.049152,748.983,0.1792,755.458,0.710656,745.787,2.87949,744.001,11.5456,
