bandwidth_0,time_0,bandwidth_1,time_1,bandwidth_2,time_2,bandwidth_3,time_3,bandwidth_4,time_4,bandwidth_5,time_5,bandwidth_6,time_6,bandwidth_7,time_7,bandwidth_8,time_8,bandwidth_9,time_9,bandwidth_10,time_10,bandwidth_11,time_11,bandwidth_12,time_12,bandwidth_13,time_13,
0.0104167,0.012288,0.0454545,0.011264,0.166667,0.012288,0.666667,0.012288,2.66667,0.012288,11.6364,0.011264,46.5455,0.011264,157.538,0.013312,455.111,0.018432,668.735,0.050176,748.983,0.1792,816.648,0.657408,811.591,2.64602,808.385,10.626,
0.0125,0.01024,0.05,0.01024,0.2,0.01024,0.727273,0.011264,2.90909,0.011264,11.6364,0.011264,46.5455,0.011264,157.538,0.013312,73.1429,0.114688,668.735,0.050176,784.862,0.171008,816.648,0.657408,812.22,2.64397,807.995,10.6312,
0.0113636,0.011264,0.05,0.01024,0.166667,0.012288,0.8,0.01024,2.90909,0.011264,11.6364,0.011264,46.5455,0.011264,157.538,0.013312,455.111,0.018432,668.735,0.050176,775.574,0.173056,815.378,0.658432,812.535,2.64294,808.618,10.623,
0.0125,0.01024,0.0416667,0.012288,0.142857,0.014336,0.727273,0.011264,2.90909,0.011264,11.6364,0.011264,46.5455,0.011264,157.538,0.013312,481.882,0.017408,668.735,0.050176,784.862,0.171008,814.112,0.659456,812.22,2.64397,809.242,10.6148,
0.0113636,0.011264,0.0454545,0.011264,0.181818,0.011264,0.8,0.01024,2.66667,0.012288,11.6364,0.011264,46.5455,0.011264,170.667,0.012288,455.111,0.018432,655.36,0.0512,780.19,0.172032,816.648,0.657408,813.48,2.63987,809.321,10.6138,
0.0113636,0.011264,0.0416667,0.012288,0.181818,0.011264,0.8,0.01024,2.66667,0.012288,12.8,0.01024,46.5455,0.011264,157.538,0.013312,455.111,0.018432,655.36,0.0512,789.59,0.169984,815.378,0.658432,813.165,2.6409,809.086,10.6168,
0.0113636,0.011264,0.0454545,0.011264,0.181818,0.011264,0.8,0.01024,2.66667,0.012288,11.6364,0.011264,46.5455,0.011264,170.667,0.012288,455.111,0.018432,668.735,0.050176,789.59,0.169984,814.112,0.659456,812.22,2.64397,809.321,10.6138,
0.0125,0.01024,0.0416667,0.012288,0.2,0.01024,0.727273,0.011264,2.90909,0.011264,11.6364,0.011264,51.2,0.01024,157.538,0.013312,455.111,0.018432,642.51,0.052224,784.862,0.171008,815.378,0.658432,812.535,2.64294,808.774,10.6209,
0.0113636,0.011264,0.05,0.01024,0.181818,0.011264,0.727273,0.011264,2.46154,0.013312,12.8,0.01024,46.5455,0.011264,170.667,0.012288,455.111,0.018432,655.36,0.0512,789.59,0.169984,817.922,0.656384,812.85,2.64192,809.008,10.6179,
0.0113636,0.011264,0.0416667,0.012288,0.181818,0.011264,0.8,0.01024,2.66667,0.012288,11.6364,0.011264,51.2,0.01024,157.538,0.013312,481.882,0.017408,655.36,0.0512,780.19,0.172032,816.648,0.657408,812.535,2.64294,808.307,10.6271,
0.0113636,0.011264,0.0454545,0.011264,0.181818,0.011264,0.8,0.01024,2.66667,0.012288,11.6364,0.011264,46.5455,0.011264,157.538,0.013312,481.882,0.017408,642.51,0.052224,789.59,0.169984,816.648,0.657408,813.165,2.6409,809.242,10.6148,
0.0125,0.01024,0.0416667,0.012288,0.181818,0.011264,0.727273,0.011264,2.90909,0.011264,10.6667,0.012288,46.5455,0.011264,157.538,0.013312,481.882,0.017408,642.51,0.052224,784.862,0.171008,746.849,0.718848,812.85,2.64192,808.852,10.6199,
0.0125,0.01024,0.05,0.01024,0.181818,0.011264,0.8,0.01024,2.90909,0.011264,11.6364,0.011264,46.5455,0.011264,170.667,0.012288,481.882,0.017408,642.51,0.052224,784.862,0.171008,817.922,0.656384,812.22,2.64397,808.073,10.6301,
0.0113636,0.011264,0.0454545,0.011264,0.2,0.01024,0.727273,0.011264,2.90909,0.011264,11.6364,0.011264,46.5455,0.011264,170.667,0.012288,481.882,0.017408,642.51,0.052224,784.862,0.171008,817.922,0.656384,812.535,2.64294,808.774,10.6209,
0.0113636,0.011264,0.0384615,0.013312,0.181818,0.011264,0.727273,0.011264,2.90909,0.011264,11.6364,0.011264,46.5455,0.011264,170.667,0.012288,455.111,0.018432,655.36,0.0512,784.862,0.171008,815.378,0.658432,812.22,2.64397,809.086,10.6168,
0.0125,0.01024,0.0454545,0.011264,0.181818,0.011264,0.727273,0.011264,2.66667,0.012288,11.6364,0.011264,46.5455,0.011264,157.538,0.013312,455.111,0.018432,668.735,0.050176,789.59,0.169984,815.378,0.658432,811.591,2.64602,808.93,10.6189,
0.0125,0.01024,0.0454545,0.011264,0.181818,0.011264,0.8,0.01024,2.90909,0.011264,11.6364,0.011264,46.5455,0.011264,170.667,0.012288,455.111,0.018432,655.36,0.0512,784.862,0.171008,812.85,0.66048,812.22,2.64397,809.321,10.6138,
0.0125,0.01024,0.0454545,0.011264,0.2,0.01024,0.727273,0.011264,2.90909,0.011264,11.6364,0.011264,46.5455,0.011264,170.667,0.012288,481.882,0.017408,642.51,0.052224,784.862,0.171008,815.378,0.658432,812.535,2.64294,808.93,10.6189,
0.0113636,0.011264,0.0454545,0.011264,0.181818,0.011264,0.727273,0.011264,2.90909,0.011264,11.6364,0.011264,46.5455,0.011264,170.667,0.012288,455.111,0.018432,655.36,0.0512,784.862,0.171008,819.2,0.65536,812.22,2.64397,808.774,10.6209,
0.0113636,0.011264,0.0416667,0.012288,0.2,0.01024,0.727273,0.011264,2.90909,0.011264,11.6364,0.011264,46.5455,0.011264,170.667,0.012288,481.882,0.017408,668.735,0.050176,784.862,0.171008,821.768,0.653312,812.22,2.64397,809.164,10.6158,
0.0113636,0.011264,0.0416667,0.012288,0.181818,0.011264,0.727273,0.011264,3.2,0.01024,11.6364,0.011264,51.2,0.01024,170.667,0.012288,455.111,0.018432,642.51,0.052224,780.19,0.172032,824.352,0.651264,811.906,2.64499,809.164,10.6158,
0.0113636,0.011264,0.0454545,0.011264,0.2,0.01024,0.727273,0.011264,2.90909,0.011264,11.6364,0.011264,51.2,0.01024,157.538,0.013312,455.111,0.018432,642.51,0.052224,789.59,0.169984,820.482,0.654336,812.535,2.64294,809.242,10.6148,
0.0113636,0.011264,0.0454545,0.011264,0.181818,0.011264,0.571429,0.014336,2.66667,0.012288,11.6364,0.011264,46.5455,0.011264,170.667,0.012288,481.882,0.017408,642.51,0.052224,784.862,0.171008,824.352,0.651264,812.22,2.64397,809.321,10.6138,
0.0113636,0.011264,0.0454545,0.011264,0.2,0.01024,0.666667,0.012288,3.2,0.01024,11.6364,0.011264,51.2,0.01024,170.667,0.012288,481.882,0.017408,655.36,0.0512,789.59,0.169984,823.058,0.652288,812.535,2.64294,808.93,10.6189,
0.0125,0.01024,0.05,0.01024,0.2,0.01024,0.727273,0.011264,2.90909,0.011264,11.6364,0.011264,46.5455,0.011264,157.538,0.013312,481.882,0.017408,655.36,0.0512,780.19,0.172032,820.482,0.654336,812.22,2.64397,808.852,10.6199,
0.0125,0.01024,0.0454545,0.011264,0.181818,0.011264,0.727273,0.011264,2.90909,0.011264,10.6667,0.012288,46.5455,0.011264,170.667,0.012288,481.882,0.017408,630.154,0.053248,780.19,0.172032,816.648,0.657408,812.22,2.64397,808.774,10.6209,
0.0104167,0.012288,0.05,0.01024,0.166667,0.012288,0.727273,0.011264,2.90909,0.011264,10.6667,0.012288,46.5455,0.011264,170.667,0.012288,455.111,0.018432,655.36,0.0512,784.862,0.171008,815.378,0.658432,812.85,2.64192,809.399,10.6127,
0.0104167,0.012288,0.0416667,0.012288,0.2,0.01024,0.727273,0.011264,2.90909,0.011264,11.6364,0.011264,46.5455,0.011264,157.538,0.013312,455.111,0.018432,655.36,0.0512,771.012,0.17408,816.648,0.657408,811.591,2.64602,808.93,10.6189,
0.0113636,0.011264,0.0454545,0.011264,0.181818,0.011264,0.727273,0.011264,2.66667,0.012288,11.6364,0.011264,46.5455,0.011264,170.667,0.012288,455.111,0.018432,655.36,0.0512,784.862,0.171008,817.922,0.656384,811.906,2.64499,808.852,10.6199,
0.0113636,0.011264,0.0416667,0.012288,0.2,0.01024,0.727273,0.011264,2.66667,0.012288,11.6364,0.011264,46.5455,0.011264,157.538,0.013312,455.111,0.018432,655.36,0.0512,784.862,0.171008,812.85,0.66048,812.22,2.64397,808.618,10.623,
0.0113636,0.011264,0.05,0.01024,0.181818,0.011264,0.727273,0.011264,2.66667,0.012288,11.6364,0.011264,46.5455,0.011264,157.538,0.013312,481.882,0.017408,642.51,0.052224,784.862,0.171008,815.378,0.658432,811.906,2.64499,808.385,10.626,
0.0113636,0.011264,0.0416667,0.012288,0.181818,0.011264,0.727273,0.011264,2.90909,0.011264,11.6364,0.011264,46.5455,0.011264,157.538,0.013312,481.882,0.017408,655.36,0.0512,784.862,0.171008,815.378,0.658432,812.535,2.64294,808.774,10.6209,
0.0113636,0.011264,0.0384615,0.013312,0.2,0.01024,0.8,0.01024,2.90909,0.011264,12.8,0.01024,46.5455,0.011264,170.667,0.012288,481.882,0.017408,642.51,0.052224,784.862,0.171008,811.591,0.661504,812.535,2.64294,808.93,10.6189,
0.0113636,0.011264,0.0384615,0.013312,0.2,0.01024,0.8,0.01024,2.90909,0.011264,11.6364,0.011264,46.5455,0.011264,157.538,0.013312,481.882,0.017408,655.36,0.0512,789.59,0.169984,817.922,0.656384,812.535,2.64294,808.696,10.622,
0.0113636,0.011264,0.0416667,0.012288,0.181818,0.011264,0.8,0.01024,2.66667,0.012288,11.6364,0.011264,39.3846,0.013312,157.538,0.013312,481.882,0.017408,655.36,0.0512,780.19,0.172032,815.378,0.658432,812.85,2.64192,808.93,10.6189,
0.0125,0.01024,0.0454545,0.011264,0.181818,0.011264,0.8,0.01024,2.66667,0.012288,11.6364,0.011264,46.5455,0.011264,157.538,0.013312,481.882,0.017408,642.51,0.052224,780.19,0.172032,817.922,0.656384,812.535,2.64294,809.555,10.6107,
0.0113636,0.011264,0.0454545,0.011264,0.181818,0.011264,0.727273,0.011264,2.66667,0.012288,11.6364,0.011264,46.5455,0.011264,170.667,0.012288,372.364,0.022528,642.51,0.052224,780.19,0.172032,816.648,0.657408,812.22,2.64397,809.086,10.6168,
0.0125,0.01024,0.0416667,0.012288,0.2,0.01024,0.727273,0.011264,2.90909,0.011264,11.6364,0.011264,46.5455,0.011264,157.538,0.013312,455.111,0.018432,655.36,0.0512,789.59,0.169984,816.648,0.657408,812.535,2.64294,809.164,10.6158,
0.0113636,0.011264,0.0454545,0.011264,0.181818,0.011264,0.727273,0.011264,2.90909,0.011264,11.6364,0.011264,46.5455,0.011264,170.667,0.012288,481.882,0.017408,655.36,0.0512,789.59,0.169984,816.648,0.657408,812.85,2.64192,809.321,10.6138,
0.0113636,0.011264,0.0454545,0.011264,0.2,0.01024,0.727273,0.011264,2.66667,0.012288,12.8,0.01024,46.5455,0.011264,170.667,0.012288,455.111,0.018432,642.51,0.052224,780.19,0.172032,816.648,0.657408,812.85,2.64192,809.555,10.6107,
0.0104167,0.012288,0.0454545,0.011264,0.181818,0.011264,0.8,0.01024,2.90909,0.011264,12.8,0.01024,46.5455,0.011264,170.667,0.012288,455.111,0.018432,668.735,0.050176,789.59,0.169984,815.378,0.658432,812.535,2.64294,809.399,10.6127,
0.0113636,0.011264,0.0454545,0.011264,0.181818,0.011264,0.727273,0.011264,2.90909,0.011264,11.6364,0.011264,51.2,0.01024,170.667,0.012288,481.882,0.017408,642.51,0.052224,780.19,0.172032,814.112,0.659456,811.906,2.64499,809.008,10.6179,
0.0113636,0.011264,0.0454545,0.011264,0.2,0.01024,0.727273,0.011264,2.90909,0.011264,11.6364,0.011264,46.5455,0.011264,157.538,0.013312,481.882,0.017408,655.36,0.0512,789.59,0.169984,816.648,0.657408,812.535,2.64294,809.477,10.6117,
0.0125,0.01024,0.0384615,0.013312,0.2,0.01024,0.727273,0.011264,2.90909,0.011264,11.6364,0.011264,51.2,0.01024,120.471,0.017408,481.882,0.017408,655.36,0.0512,780.19,0.172032,820.482,0.654336,812.22,2.64397,808.618,10.623,
0.0104167,0.012288,0.0454545,0.011264,0.2,0.01024,0.727273,0.011264,2.90909,0.011264,11.6364,0.011264,46.5455,0.011264,170.667,0.012288,455.111,0.018432,642.51,0.052224,780.19,0.172032,823.058,0.652288,812.22,2.64397,809.242,10.6148,
0.0113636,0.011264,0.0454545,0.011264,0.181818,0.011264,0.727273,0.011264,2.66667,0.012288,11.6364,0.011264,46.5455,0.011264,170.667,0.012288,455.111,0.018432,655.36,0.0512,780.19,0.172032,821.768,0.653312,812.535,2.64294,809.242,10.6148,
0.0113636,0.011264,0.0454545,0.011264,0.181818,0.011264,0.727273,0.011264,2.90909,0.011264,9.84615,0.013312,30.1176,0.017408,157.538,0.013312,455.111,0.018432,668.735,0.050176,780.19,0.172032,821.768,0.653312,805.667,2.66547,809.086,10.6168,
0.0113636,0.011264,0.0454545,0.011264,0.181818,0.011264,0.727273,0.011264,2.66667,0.012288,12.8,0.01024,51.2,0.01024,170.667,0.012288,481.882,0.017408,642.51,0.052224,784.862,0.171008,820.482,0.654336,813.165,2.6409,807.296,10.6404,
0.0104167,0.012288,0.0454545,0.011264,0.181818,0.011264,0.8,0.01024,3.2,0.01024,11.6364,0.011264,51.2,0.01024,170.667,0.012288,481.882,0.017408,595.782,0.05632,780.19,0.172032,819.2,0.65536,812.22,2.64397,809.086,10.6168,
0.0104167,0.012288,0.0416667,0.012288,0.181818,0.011264,0.727273,0.011264,2.90909,0.011264,12.8,0.01024,46.5455,0.011264,157.538,0.013312,455.111,0.018432,642.51,0.052224,784.862,0.171008,816.648,0.657408,812.85,2.64192,809.321,10.6138,
0.0113636,0.011264,0.0454545,0.011264,0.2,0.01024,0.727273,0.011264,2.90909,0.011264,11.6364,0.011264,46.5455,0.011264,170.667,0.012288,455.111,0.018432,642.51,0.052224,784.862,0.171008,815.378,0.658432,810.337,2.65011,809.789,10.6076,
0.0125,0.01024,0.0454545,0.011264,0.2,0.01024,0.727273,0.011264,3.2,0.01024,11.6364,0.011264,46.5455,0.011264,170.667,0.012288,481.882,0.017408,655.36,0.0512,775.574,0.173056,816.648,0.657408,811.906,2.64499,809.164,10.6158,
0.0113636,0.011264,0.0454545,0.011264,0.166667,0.012288,0.8,0.01024,2.90909,0.011264,11.6364,0.011264,46.5455,0.011264,170.667,0.012288,481.882,0.017408,655.36,0.0512,784.862,0.171008,816.648,0.657408,812.85,2.64192,809.242,10.6148,
0.0113636,0.011264,0.0454545,0.011264,0.2,0.01024,0.727273,0.011264,2.90909,0.011264,11.6364,0.011264,46.5455,0.011264,157.538,0.013312,481.882,0.017408,642.51,0.052224,789.59,0.169984,812.85,0.66048,813.165,2.6409,809.321,10.6138,
0.0125,0.01024,0.05,0.01024,0.181818,0.011264,0.8,0.01024,2.90909,0.011264,11.6364,0.011264,46.5455,0.011264,157.538,0.013312,455.111,0.018432,655.36,0.0512,780.19,0.172032,816.648,0.657408,812.535,2.64294,809.008,10.6179,
0.0113636,0.011264,0.0454545,0.011264,0.2,0.01024,0.8,0.01024,2.90909,0.011264,11.6364,0.011264,46.5455,0.011264,170.667,0.012288,455.111,0.018432,630.154,0.053248,789.59,0.169984,815.378,0.658432,812.85,2.64192,809.399,10.6127,
0.0113636,0.011264,0.0454545,0.011264,0.2,0.01024,0.727273,0.011264,2.90909,0.011264,11.6364,0.011264,46.5455,0.011264,157.538,0.013312,481.882,0.017408,655.36,0.0512,780.19,0.172032,817.922,0.656384,812.85,2.64192,809.086,10.6168,
0.0125,0.01024,0.0416667,0.012288,0.2,0.01024,0.727273,0.011264,2.66667,0.012288,11.6364,0.011264,51.2,0.01024,170.667,0.012288,481.882,0.017408,655.36,0.0512,789.59,0.169984,814.112,0.659456,812.85,2.64192,809.164,10.6158,
0.0113636,0.011264,0.0454545,0.011264,0.181818,0.011264,0.727273,0.011264,2.66667,0.012288,11.6364,0.011264,46.5455,0.011264,170.667,0.012288,481.882,0.017408,642.51,0.052224,775.574,0.173056,815.378,0.658432,812.535,2.64294,809.321,10.6138,
0.0113636,0.011264,0.0454545,0.011264,0.2,0.01024,0.666667,0.012288,2.90909,0.011264,11.6364,0.011264,51.2,0.01024,157.538,0.013312,481.882,0.017408,642.51,0.052224,784.862,0.171008,815.378,0.658432,812.22,2.64397,808.774,10.6209,
0.0104167,0.012288,0.0454545,0.011264,0.181818,0.011264,0.8,0.01024,2.66667,0.012288,11.6364,0.011264,46.5455,0.011264,170.667,0.012288,481.882,0.017408,642.51,0.052224,780.19,0.172032,816.648,0.657408,812.22,2.64397,808.463,10.625,
0.0113636,0.011264,0.0454545,0.011264,0.2,0.01024,0.8,0.01024,2.90909,0.011264,12.8,0.01024,51.2,0.01024,157.538,0.013312,455.111,0.018432,655.36,0.0512,780.19,0.172032,812.85,0.66048,812.22,2.64397,808.774,10.6209,
0.0104167,0.012288,0.0454545,0.011264,0.181818,0.011264,0.8,0.01024,2.90909,0.011264,11.6364,0.011264,46.5455,0.011264,170.667,0.012288,455.111,0.018432,655.36,0.0512,784.862,0.171008,817.922,0.656384,812.85,2.64192,808.385,10.626,
0.0125,0.01024,0.0454545,0.011264,0.181818,0.011264,0.8,0.01024,2.90909,0.011264,11.6364,0.011264,51.2,0.01024,170.667,0.012288,455.111,0.018432,655.36,0.0512,784.862,0.171008,815.378,0.658432,812.22,2.64397,808.852,10.6199,
0.0113636,0.011264,0.0454545,0.011264,0.181818,0.011264,0.727273,0.011264,2.90909,0.011264,12.8,0.01024,46.5455,0.011264,170.667,0.012288,455.111,0.018432,655.36,0.0512,784.862,0.171008,817.922,0.656384,813.796,2.63885,808.618,10.623,
0.0113636,0.011264,0.0454545,0.011264,0.2,0.01024,0.727273,0.011264,3.2,0.01024,11.6364,0.011264,46.5455,0.011264,157.538,0.013312,455.111,0.018432,655.36,0.0512,784.862,0.171008,814.112,0.659456,812.85,2.64192,808.541,10.624,
0.00657895,0.019456,0.0454545,0.011264,0.181818,0.011264,0.727273,0.011264,2.90909,0.011264,11.6364,0.011264,51.2,0.01024,170.667,0.012288,481.882,0.017408,655.36,0.0512,784.862,0.171008,817.922,0.656384,811.906,2.64499,808.073,10.6301,
0.0113636,0.011264,0.0454545,0.011264,0.181818,0.011264,0.727273,0.011264,2.90909,0.011264,11.6364,0.011264,46.5455,0.011264,157.538,0.013312,481.882,0.017408,642.51,0.052224,780.19,0.172032,819.2,0.65536,812.535,2.64294,808.618,10.623,
0.0113636,0.011264,0.0454545,0.011264,0.2,0.01024,0.727273,0.011264,2.90909,0.011264,10.6667,0.012288,46.5455,0.011264,170.667,0.012288,481.882,0.017408,655.36,0.0512,784.862,0.171008,819.2,0.65536,812.85,2.64192,808.696,10.622,
0.0113636,0.011264,0.0454545,0.011264,0.181818,0.011264,0.727273,0.011264,2.66667,0.012288,11.6364,0.011264,46.5455,0.011264,157.538,0.013312,455.111,0.018432,655.36,0.0512,784.862,0.171008,821.768,0.653312,812.22,2.64397,808.93,10.6189,
0.0113636,0.011264,0.0454545,0.011264,0.2,0.01024,0.727273,0.011264,2.90909,0.011264,11.6364,0.011264,46.5455,0.011264,170.667,0.012288,455.111,0.018432,630.154,0.053248,780.19,0.172032,821.768,0.653312,812.85,2.64192,808.774,10.6209,
0.0113636,0.011264,0.0416667,0.012288,0.2,0.01024,0.666667,0.012288,2.90909,0.011264,11.6364,0.011264,46.5455,0.011264,170.667,0.012288,481.882,0.017408,642.51,0.052224,780.19,0.172032,823.058,0.652288,812.535,2.64294,808.229,10.6281,
0.0113636,0.011264,0.0454545,0.011264,0.2,0.01024,0.727273,0.011264,2.90909,0.011264,11.6364,0.011264,46.5455,0.011264,170.667,0.012288,481.882,0.017408,668.735,0.050176,780.19,0.172032,817.922,0.656384,811.591,2.64602,808.696,10.622,
0.0125,0.01024,0.0454545,0.011264,0.2,0.01024,0.727273,0.011264,2.90909,0.011264,11.6364,0.011264,46.5455,0.011264,170.667,0.012288,481.882,0.017408,642.51,0.052224,780.19,0.172032,816.648,0.657408,812.535,2.64294,808.93,10.6189,
0.0113636,0.011264,0.0454545,0.011264,0.181818,0.011264,0.8,0.01024,2.66667,0.012288,11.6364,0.011264,46.5455,0.011264,157.538,0.013312,455.111,0.018432,655.36,0.0512,784.862,0.171008,815.378,0.658432,812.535,2.64294,809.086,10.6168,
0.0113636,0.011264,0.0454545,0.011264,0.2,0.01024,0.727273,0.011264,2.90909,0.011264,8,0.016384,46.5455,0.011264,157.538,0.013312,481.882,0.017408,642.51,0.052224,784.862,0.171008,815.378,0.658432,812.85,2.64192,808.696,10.622,
0.0104167,0.012288,0.0454545,0.011264,0.181818,0.011264,0.727273,0.011264,2.90909,0.011264,11.6364,0.011264,51.2,0.01024,170.667,0.012288,481.882,0.017408,668.735,0.050176,784.862,0.171008,817.922,0.656384,812.85,2.64192,808.229,10.6281,
0.0125,0.01024,0.0454545,0.011264,0.181818,0.011264,0.8,0.01024,2.90909,0.011264,11.6364,0.011264,46.5455,0.011264,170.667,0.012288,481.882,0.017408,655.36,0.0512,780.19,0.172032,814.112,0.659456,812.535,2.64294,808.463,10.625,
0.0113636,0.011264,0.05,0.01024,0.181818,0.011264,0.727273,0.011264,2.90909,0.011264,11.6364,0.011264,46.5455,0.011264,157.538,0.013312,455.111,0.018432,642.51,0.052224,775.574,0.173056,819.2,0.65536,812.22,2.64397,808.852,10.6199,
0.0113636,0.011264,0.0454545,0.011264,0.2,0.01024,0.727273,0.011264,2.90909,0.011264,11.6364,0.011264,51.2,0.01024,157.538,0.013312,455.111,0.018432,655.36,0.0512,789.59,0.169984,816.648,0.657408,812.22,2.64397,809.477,10.6117,
0.0104167,0.012288,0.00806452,0.063488,0.181818,0.011264,0.8,0.01024,2.90909,0.011264,11.6364,0.011264,46.5455,0.011264,157.538,0.013312,481.882,0.017408,630.154,0.053248,789.59,0.169984,817.922,0.656384,812.85,2.64192,809.868,10.6066,
0.0113636,0.011264,0.0416667,0.012288,0.2,0.01024,0.727273,0.011264,2.90909,0.011264,11.6364,0.011264,42.6667,0.012288,170.667,0.012288,455.111,0.018432,630.154,0.053248,789.59,0.169984,816.648,0.657408,812.535,2.64294,809.711,10.6086,
0.0113636,0.011264,0.05,0.01024,0.2,0.01024,0.727273,0.011264,2.90909,0.011264,11.6364,0.011264,46.5455,0.011264,157.538,0.013312,455.111,0.018432,630.154,0.053248,784.862,0.171008,816.648,0.657408,813.165,2.6409,810.259,10.6015,
0.0125,0.01024,0.0454545,0.011264,0.181818,0.011264,0.727273,0.011264,2.90909,0.011264,11.6364,0.011264,46.5455,0.011264,136.533,0.01536,481.882,0.017408,642.51,0.052224,780.19,0.172032,815.378,0.658432,813.165,2.6409,810.18,10.6025,
0.0104167,0.012288,0.0454545,0.011264,0.2,0.01024,0.8,0.01024,2.90909,0.011264,11.6364,0.011264,46.5455,0.011264,170.667,0.012288,481.882,0.017408,655.36,0.0512,780.19,0.172032,816.648,0.657408,812.535,2.64294,810.337,10.6004,
0.0113636,0.011264,0.0454545,0.011264,0.2,0.01024,0.727273,0.011264,2.90909,0.011264,11.6364,0.011264,46.5455,0.011264,157.538,0.013312,455.111,0.018432,655.36,0.0512,789.59,0.169984,814.112,0.659456,812.22,2.64397,810.572,10.5974,
0.0113636,0.011264,0.05,0.01024,0.2,0.01024,0.727273,0.011264,3.2,0.01024,11.6364,0.011264,46.5455,0.011264,170.667,0.012288,455.111,0.018432,655.36,0.0512,784.862,0.171008,816.648,0.657408,812.22,2.64397,810.807,10.5943,
0.0113636,0.011264,0.0454545,0.011264,0.2,0.01024,0.727273,0.011264,2.90909,0.011264,11.6364,0.011264,46.5455,0.011264,157.538,0.013312,481.882,0.017408,642.51,0.052224,780.19,0.172032,816.648,0.657408,811.906,2.64499,810.259,10.6015,
0.0113636,0.011264,0.0454545,0.011264,0.181818,0.011264,0.8,0.01024,2.90909,0.011264,11.6364,0.011264,46.5455,0.011264,157.538,0.013312,481.882,0.017408,642.51,0.052224,780.19,0.172032,815.378,0.658432,813.165,2.6409,810.259,10.6015,
0.0113636,0.011264,0.0454545,0.011264,0.181818,0.011264,0.8,0.01024,2.90909,0.011264,11.6364,0.011264,46.5455,0.011264,157.538,0.013312,481.882,0.017408,655.36,0.0512,780.19,0.172032,815.378,0.658432,813.796,2.63885,809.633,10.6097,
0.0113636,0.011264,0.0454545,0.011264,0.2,0.01024,0.727273,0.011264,2.90909,0.011264,11.6364,0.011264,46.5455,0.011264,157.538,0.013312,481.882,0.017408,655.36,0.0512,780.19,0.172032,819.2,0.65536,812.22,2.64397,808.463,10.625,
0.00961538,0.013312,0.05,0.01024,0.2,0.01024,0.727273,0.011264,2.90909,0.011264,11.6364,0.011264,46.5455,0.011264,157.538,0.013312,481.882,0.017408,655.36,0.0512,789.59,0.169984,819.2,0.65536,812.535,2.64294,808.93,10.6189,
0.0113636,0.011264,0.05,0.01024,0.181818,0.011264,0.8,0.01024,2.90909,0.011264,11.6364,0.011264,46.5455,0.011264,170.667,0.012288,481.882,0.017408,642.51,0.052224,784.862,0.171008,821.768,0.653312,812.535,2.64294,807.84,10.6332,
0.0104167,0.012288,0.05,0.01024,0.181818,0.011264,0.727273,0.011264,2.90909,0.011264,11.6364,0.011264,46.5455,0.011264,170.667,0.012288,481.882,0.017408,668.735,0.050176,784.862,0.171008,823.058,0.652288,812.535,2.64294,808.93,10.6189,
0.0113636,0.011264,0.05,0.01024,0.181818,0.011264,0.8,0.01024,2.90909,0.011264,11.6364,0.011264,46.5455,0.011264,170.667,0.012288,481.882,0.017408,630.154,0.053248,775.574,0.173056,823.058,0.652288,813.48,2.63987,809.164,10.6158,
0.0125,0.01024,0.0454545,0.011264,0.181818,0.011264,0.727273,0.011264,2.90909,0.011264,11.6364,0.011264,46.5455,0.011264,157.538,0.013312,481.882,0.017408,642.51,0.052224,780.19,0.172032,819.2,0.65536,813.165,2.6409,809.086,10.6168,
0.0113636,0.011264,0.05,0.01024,0.2,0.01024,0.727273,0.011264,3.2,0.01024,11.6364,0.011264,46.5455,0.011264,170.667,0.012288,455.111,0.018432,642.51,0.052224,780.19,0.172032,816.648,0.657408,812.22,2.64397,809.242,10.6148,
0.0125,0.01024,0.0454545,0.011264,0.181818,0.011264,0.727273,0.011264,2.90909,0.011264,11.6364,0.011264,51.2,0.01024,157.538,0.013312,455.111,0.018432,642.51,0.052224,784.862,0.171008,816.648,0.657408,812.22,2.64397,809.399,10.6127,
0.0113636,0.011264,0.0454545,0.011264,0.181818,0.011264,0.727273,0.011264,2.66667,0.012288,11.6364,0.011264,46.5455,0.011264,157.538,0.013312,455.111,0.018432,642.51,0.052224,780.19,0.172032,815.378,0.658432,812.535,2.64294,810.024,10.6045,
0.0113636,0.011264,0.0416667,0.012288,0.2,0.01024,0.666667,0.012288,2.90909,0.011264,11.6364,0.011264,46.5455,0.011264,157.538,0.013312,481.882,0.017408,642.51,0.052224,784.862,0.171008,816.648,0.657408,812.85,2.64192,809.321,10.6138,
0.00961538,0.013312,0.0416667,0.012288,0.166667,0.012288,0.666667,0.012288,2.66667,0.012288,10.6667,0.012288,39.3846,0.013312,146.286,0.014336,390.095,0.021504,682.667,0.049152,771.012,0.17408,814.112,0.659456,813.48,2.63987,807.062,10.6435,
0.0113636,0.011264,0.0416667,0.012288,0.2,0.01024,0.727273,0.011264,2.90909,0.011264,11.6364,0.011264,39.3846,0.013312,146.286,0.014336,431.158,0.019456,655.36,0.0512,784.862,0.171008,814.112,0.659456,813.796,2.63885,809.242,10.6148,
0.0104167,0.012288,0.05,0.01024,0.181818,0.011264,0.727273,0.011264,2.90909,0.011264,11.6364,0.011264,39.3846,0.013312,157.538,0.013312,431.158,0.019456,655.36,0.0512,789.59,0.169984,815.378,0.658432,814.744,2.63578,809.321,10.6138,
0.0113636,0.011264,0.0454545,0.011264,0.2,0.01024,0.666667,0.012288,2.90909,0.011264,11.6364,0.011264,42.6667,0.012288,146.286,0.014336,409.6,0.02048,655.36,0.0512,784.862,0.171008,816.648,0.657408,814.112,2.63782,809.242,10.6148,
0.0104167,0.012288,0.0454545,0.011264,0.181818,0.011264,0.727273,0.011264,2.90909,0.011264,11.6364,0.011264,42.6667,0.012288,157.538,0.013312,409.6,0.02048,655.36,0.0512,775.574,0.173056,816.648,0.657408,814.428,2.6368,809.477,10.6117,
0.0113636,0.011264,0.0454545,0.011264,0.181818,0.011264,0.727273,0.011264,2.66667,0.012288,10.6667,0.012288,42.6667,0.012288,157.538,0.013312,431.158,0.019456,555.39,0.060416,784.862,0.171008,816.648,0.657408,813.796,2.63885,809.399,10.6127,
0.0113636,0.011264,0.0454545,0.011264,0.181818,0.011264,0.727273,0.011264,2.66667,0.012288,10.6667,0.012288,42.6667,0.012288,157.538,0.013312,53.5425,0.156672,655.36,0.0512,780.19,0.172032,819.2,0.65536,814.428,2.6368,809.477,10.6117,
0.0113636,0.011264,0.0454545,0.011264,0.166667,0.012288,0.727273,0.011264,2.90909,0.011264,10.6667,0.012288,42.6667,0.012288,157.538,0.013312,390.095,0.021504,655.36,0.0512,789.59,0.169984,815.378,0.658432,814.112,2.63782,809.555,10.6107,
0.0104167,0.012288,0.0454545,0.011264,0.181818,0.011264,0.727273,0.011264,2.28571,0.014336,11.6364,0.011264,42.6667,0.012288,157.538,0.013312,431.158,0.019456,655.36,0.0512,780.19,0.172032,817.922,0.656384,814.428,2.6368,809.008,10.6179,
0.0104167,0.012288,0.0454545,0.011264,0.2,0.01024,0.666667,0.012288,2.90909,0.011264,10.6667,0.012288,42.6667,0.012288,157.538,0.013312,409.6,0.02048,230.761,0.145408,784.862,0.171008,820.482,0.654336,815.061,2.63475,808.151,10.6291,
0.0113636,0.011264,0.0454545,0.011264,0.166667,0.012288,0.727273,0.011264,2.66667,0.012288,10.6667,0.012288,42.6667,0.012288,146.286,0.014336,431.158,0.019456,630.154,0.053248,784.862,0.171008,820.482,0.654336,814.428,2.6368,809.242,10.6148,
0.0125,0.01024,0.0454545,0.011264,0.181818,0.011264,0.666667,0.012288,2.90909,0.011264,10.6667,0.012288,42.6667,0.012288,146.286,0.014336,409.6,0.02048,668.735,0.050176,780.19,0.172032,824.352,0.651264,814.112,2.63782,809.555,10.6107,
0.0104167,0.012288,0.05,0.01024,0.181818,0.011264,0.727273,0.011264,2.90909,0.011264,10.6667,0.012288,42.6667,0.012288,157.538,0.013312,409.6,0.02048,642.51,0.052224,780.19,0.172032,817.922,0.656384,812.535,2.64294,809.399,10.6127,
0.0104167,0.012288,0.0454545,0.011264,0.181818,0.011264,0.727273,0.011264,2.90909,0.011264,10.6667,0.012288,42.6667,0.012288,157.538,0.013312,431.158,0.019456,630.154,0.053248,780.19,0.172032,817.922,0.656384,811.277,2.64704,809.321,10.6138,
0.0104167,0.012288,0.0454545,0.011264,0.166667,0.012288,0.666667,0.012288,2.13333,0.01536,10.6667,0.012288,39.3846,0.013312,146.286,0.014336,431.158,0.019456,655.36,0.0512,784.862,0.171008,819.2,0.65536,811.906,2.64499,809.086,10.6168,
0.0113636,0.011264,0.0416667,0.012288,0.181818,0.011264,0.421053,0.019456,2.66667,0.012288,11.6364,0.011264,42.6667,0.012288,157.538,0.013312,455.111,0.018432,630.154,0.053248,784.862,0.171008,815.378,0.658432,812.535,2.64294,808.852,10.6199,
0.0104167,0.012288,0.0454545,0.011264,0.181818,0.011264,0.727273,0.011264,2.66667,0.012288,11.6364,0.011264,42.6667,0.012288,146.286,0.014336,431.158,0.019456,642.51,0.052224,780.19,0.172032,816.648,0.657408,811.906,2.64499,809.321,10.6138,
0.0125,0.01024,0.0454545,0.011264,0.181818,0.011264,0.666667,0.012288,2.66667,0.012288,10.6667,0.012288,39.3846,0.013312,70.6207,0.029696,455.111,0.018432,630.154,0.053248,780.19,0.172032,816.648,0.657408,813.796,2.63885,809.477,10.6117,
0.0104167,0.012288,0.0454545,0.011264,0.166667,0.012288,0.727273,0.011264,2.66667,0.012288,11.6364,0.011264,42.6667,0.012288,146.286,0.014336,409.6,0.02048,642.51,0.052224,780.19,0.172032,816.648,0.657408,813.48,2.63987,809.242,10.6148,
0.0113636,0.011264,0.0454545,0.011264,0.181818,0.011264,0.727273,0.011264,2.90909,0.011264,11.6364,0.011264,42.6667,0.012288,157.538,0.013312,409.6,0.02048,630.154,0.053248,775.574,0.173056,816.648,0.657408,812.535,2.64294,809.477,10.6117,
0.0104167,0.012288,0.0454545,0.011264,0.181818,0.011264,0.727273,0.011264,2.66667,0.012288,11.6364,0.011264,42.6667,0.012288,136.533,0.01536,455.111,0.018432,655.36,0.0512,784.862,0.171008,820.482,0.654336,812.85,2.64192,809.399,10.6127,
0.0113636,0.011264,0.0416667,0.012288,0.181818,0.011264,0.666667,0.012288,2.66667,0.012288,11.6364,0.011264,42.6667,0.012288,146.286,0.014336,431.158,0.019456,630.154,0.053248,780.19,0.172032,815.378,0.658432,812.535,2.64294,809.555,10.6107,
0.0113636,0.011264,0.0454545,0.011264,0.166667,0.012288,0.727273,0.011264,2.66667,0.012288,11.6364,0.011264,42.6667,0.012288,146.286,0.014336,409.6,0.02048,642.51,0.052224,784.862,0.171008,817.922,0.656384,812.85,2.64192,808.93,10.6189,
0.0125,0.01024,0.0454545,0.011264,0.181818,0.011264,0.727273,0.011264,2.90909,0.011264,11.6364,0.011264,39.3846,0.013312,146.286,0.014336,431.158,0.019456,630.154,0.053248,784.862,0.171008,816.648,0.657408,812.535,2.64294,809.164,10.6158,
0.0113636,0.011264,0.0454545,0.011264,0.166667,0.012288,0.666667,0.012288,2.66667,0.012288,11.6364,0.011264,42.6667,0.012288,146.286,0.014336,431.158,0.019456,642.51,0.052224,780.19,0.172032,815.378,0.658432,813.165,2.6409,809.399,10.6127,
0.0125,0.01024,0.0454545,0.011264,0.181818,0.011264,0.666667,0.012288,2.66667,0.012288,11.6364,0.011264,42.6667,0.012288,146.286,0.014336,409.6,0.02048,655.36,0.0512,784.862,0.171008,817.922,0.656384,812.535,2.64294,809.008,10.6179,
0.0113636,0.011264,0.0454545,0.011264,0.181818,0.011264,0.727273,0.011264,2.66667,0.012288,10.6667,0.012288,39.3846,0.013312,146.286,0.014336,431.158,0.019456,642.51,0.052224,780.19,0.172032,819.2,0.65536,812.535,2.64294,809.008,10.6179,
0.0113636,0.011264,0.0416667,0.012288,0.181818,0.011264,0.666667,0.012288,2.90909,0.011264,11.6364,0.011264,42.6667,0.012288,157.538,0.013312,409.6,0.02048,655.36,0.0512,780.19,0.172032,815.378,0.658432,811.277,2.64704,809.321,10.6138,
0.0113636,0.011264,0.0416667,0.012288,0.181818,0.011264,0.727273,0.011264,2.66667,0.012288,11.6364,0.011264,42.6667,0.012288,146.286,0.014336,431.158,0.019456,642.51,0.052224,780.19,0.172032,817.922,0.656384,812.535,2.64294,809.086,10.6168,
0.0113636,0.011264,0.0454545,0.011264,0.181818,0.011264,0.727273,0.011264,2.66667,0.012288,10.6667,0.012288,42.6667,0.012288,146.286,0.014336,431.158,0.019456,642.51,0.052224,789.59,0.169984,815.378,0.658432,813.165,2.6409,809.321,10.6138,
0.0104167,0.012288,0.0454545,0.011264,0.166667,0.012288,0.727273,0.011264,2.90909,0.011264,10.6667,0.012288,42.6667,0.012288,157.538,0.013312,431.158,0.019456,655.36,0.0512,780.19,0.172032,816.648,0.657408,814.428,2.6368,809.321,10.6138,
0.0113636,0.011264,0.0416667,0.012288,0.181818,0.011264,0.727273,0.011264,2.90909,0.011264,10.6667,0.012288,42.6667,0.012288,157.538,0.013312,431.158,0.019456,642.51,0.052224,780.19,0.172032,824.352,0.651264,812.22,2.64397,809.008,10.6179,
0.0113636,0.011264,0.0454545,0.011264,0.166667,0.012288,0.727273,0.011264,2.90909,0.011264,10.6667,0.012288,42.6667,0.012288,128,0.016384,409.6,0.02048,630.154,0.053248,789.59,0.169984,821.768,0.653312,812.22,2.64397,808.852,10.6199,
0.0113636,0.011264,0.0454545,0.011264,0.181818,0.011264,0.727273,0.011264,2.90909,0.011264,10.6667,0.012288,42.6667,0.012288,146.286,0.014336,431.158,0.019456,642.51,0.052224,775.574,0.173056,820.482,0.654336,811.906,2.64499,809.164,10.6158,
0.0113636,0.011264,0.0416667,0.012288,0.166667,0.012288,0.727273,0.011264,2.66667,0.012288,8,0.016384,39.3846,0.013312,157.538,0.013312,431.158,0.019456,630.154,0.053248,789.59,0.169984,820.482,0.654336,812.85,2.64192,809.399,10.6127,
0.0113636,0.011264,0.0454545,0.011264,0.181818,0.011264,0.666667,0.012288,2.90909,0.011264,11.6364,0.011264,39.3846,0.013312,157.538,0.013312,372.364,0.022528,642.51,0.052224,780.19,0.172032,823.058,0.652288,812.535,2.64294,809.555,10.6107,
0.0113636,0.011264,0.0454545,0.011264,0.181818,0.011264,0.727273,0.011264,2.66667,0.012288,11.6364,0.011264,42.6667,0.012288,157.538,0.013312,409.6,0.02048,642.51,0.052224,784.862,0.171008,820.482,0.654336,813.796,2.63885,809.399,10.6127,
0.0113636,0.011264,0.0416667,0.012288,0.181818,0.011264,0.727273,0.011264,2.66667,0.012288,11.6364,0.011264,42.6667,0.012288,146.286,0.014336,390.095,0.021504,642.51,0.052224,784.862,0.171008,817.922,0.656384,813.48,2.63987,808.852,10.6199,
0.0113636,0.011264,0.0454545,0.011264,0.181818,0.011264,0.666667,0.012288,2.66667,0.012288,11.6364,0.011264,39.3846,0.013312,157.538,0.013312,431.158,0.019456,642.51,0.052224,780.19,0.172032,817.922,0.656384,812.22,2.64397,808.696,10.622,
0.0113636,0.011264,0.0454545,0.011264,0.181818,0.011264,0.666667,0.012288,2.66667,0.012288,10.6667,0.012288,42.6667,0.012288,146.286,0.014336,431.158,0.019456,642.51,0.052224,780.19,0.172032,817.922,0.656384,812.535,2.64294,808.463,10.625,
0.0104167,0.012288,0.0454545,0.011264,0.2,0.01024,0.727273,0.011264,2.66667,0.012288,11.6364,0.011264,42.6667,0.012288,157.538,0.013312,431.158,0.019456,668.735,0.050176,794.376,0.16896,816.648,0.657408,812.22,2.64397,808.696,10.622,
0.0113636,0.011264,0.0416667,0.012288,0.181818,0.011264,0.727273,0.011264,2.90909,0.011264,11.6364,0.011264,42.6667,0.012288,157.538,0.013312,431.158,0.019456,630.154,0.053248,775.574,0.173056,815.378,0.658432,812.85,2.64192,809.008,10.6179,
0.0113636,0.011264,0.0454545,0.011264,0.166667,0.012288,0.727273,0.011264,2.66667,0.012288,11.6364,0.011264,39.3846,0.013312,157.538,0.013312,431.158,0.019456,655.36,0.0512,780.19,0.172032,817.922,0.656384,814.428,2.6368,809.555,10.6107,
0.0113636,0.011264,0.0416667,0.012288,0.153846,0.013312,0.727273,0.011264,2.90909,0.011264,10.6667,0.012288,39.3846,0.013312,157.538,0.013312,431.158,0.019456,655.36,0.0512,780.19,0.172032,817.922,0.656384,813.48,2.63987,809.477,10.6117,
0.0104167,0.012288,0.0454545,0.011264,0.166667,0.012288,0.727273,0.011264,2.46154,0.013312,11.6364,0.011264,25.6,0.02048,157.538,0.013312,431.158,0.019456,642.51,0.052224,784.862,0.171008,814.112,0.659456,812.535,2.64294,808.852,10.6199,
0.0113636,0.011264,0.0416667,0.012288,0.181818,0.011264,0.666667,0.012288,2.66667,0.012288,10.6667,0.012288,26.9474,0.019456,157.538,0.013312,431.158,0.019456,642.51,0.052224,780.19,0.172032,815.378,0.658432,812.85,2.64192,808.774,10.6209,
0.0113636,0.011264,0.0416667,0.012288,0.181818,0.011264,0.727273,0.011264,2.66667,0.012288,8,0.016384,39.3846,0.013312,157.538,0.013312,431.158,0.019456,642.51,0.052224,784.862,0.171008,817.922,0.656384,812.85,2.64192,808.385,10.626,
0.0113636,0.011264,0.0454545,0.011264,0.181818,0.011264,0.727273,0.011264,2.66667,0.012288,10.6667,0.012288,19.6923,0.026624,146.286,0.014336,409.6,0.02048,642.51,0.052224,780.19,0.172032,815.378,0.658432,812.22,2.64397,809.008,10.6179,
0.0104167,0.012288,0.0454545,0.011264,0.166667,0.012288,0.8,0.01024,2.66667,0.012288,10.6667,0.012288,34.1333,0.01536,146.286,0.014336,431.158,0.019456,642.51,0.052224,784.862,0.171008,817.922,0.656384,812.22,2.64397,808.618,10.623,
0.0113636,0.011264,0.0416667,0.012288,0.133333,0.01536,0.666667,0.012288,2.66667,0.012288,10.6667,0.012288,42.6667,0.012288,120.471,0.017408,409.6,0.02048,642.51,0.052224,780.19,0.172032,815.378,0.658432,812.22,2.64397,809.164,10.6158,
0.0113636,0.011264,0.0454545,0.011264,0.181818,0.011264,0.727273,0.011264,2.66667,0.012288,10.6667,0.012288,39.3846,0.013312,146.286,0.014336,431.158,0.019456,642.51,0.052224,789.59,0.169984,816.648,0.657408,810.964,2.64806,809.164,10.6158,
0.0113636,0.011264,0.0454545,0.011264,0.166667,0.012288,0.727273,0.011264,2.66667,0.012288,10.6667,0.012288,22.2609,0.023552,146.286,0.014336,409.6,0.02048,642.51,0.052224,780.19,0.172032,815.378,0.658432,812.535,2.64294,808.852,10.6199,
0.0104167,0.012288,0.0454545,0.011264,0.181818,0.011264,0.727273,0.011264,2.90909,0.011264,10.6667,0.012288,39.3846,0.013312,49.9512,0.041984,455.111,0.018432,642.51,0.052224,784.862,0.171008,816.648,0.657408,812.535,2.64294,809.164,10.6158,
0.0113636,0.011264,0.0454545,0.011264,0.125,0.016384,0.727273,0.011264,2.90909,0.011264,10.6667,0.012288,22.2609,0.023552,146.286,0.014336,409.6,0.02048,630.154,0.053248,771.012,0.17408,815.378,0.658432,812.22,2.64397,809.711,10.6086,
0.0113636,0.011264,0.0454545,0.011264,0.181818,0.011264,0.727273,0.011264,2.90909,0.011264,11.6364,0.011264,39.3846,0.013312,157.538,0.013312,431.158,0.019456,655.36,0.0512,789.59,0.169984,816.648,0.657408,812.22,2.64397,809.321,10.6138,
0.0113636,0.011264,0.0416667,0.012288,0.181818,0.011264,0.727273,0.011264,2.66667,0.012288,10.6667,0.012288,46.5455,0.011264,157.538,0.013312,409.6,0.02048,630.154,0.053248,780.19,0.172032,821.768,0.653312,812.22,2.64397,809.711,10.6086,
0.0104167,0.012288,0.0454545,0.011264,0.181818,0.011264,0.727273,0.011264,2.90909,0.011264,11.6364,0.011264,42.6667,0.012288,157.538,0.013312,431.158,0.019456,655.36,0.0512,784.862,0.171008,821.768,0.653312,812.22,2.64397,809.086,10.6168,
0.0104167,0.012288,0.0416667,0.012288,0.181818,0.011264,0.727273,0.011264,2.90909,0.011264,11.6364,0.011264,46.5455,0.011264,157.538,0.013312,431.158,0.019456,630.154,0.053248,780.19,0.172032,821.768,0.653312,812.535,2.64294,809.555,10.6107,
0.0113636,0.011264,0.0454545,0.011264,0.181818,0.011264,0.727273,0.011264,2.90909,0.011264,10.6667,0.012288,42.6667,0.012288,157.538,0.013312,431.158,0.019456,642.51,0.052224,766.503,0.175104,825.65,0.65024,812.535,2.64294,809.086,10.6168,
0.0113636,0.011264,0.0416667,0.012288,0.166667,0.012288,0.727273,0.011264,2.90909,0.011264,10.6667,0.012288,46.5455,0.011264,146.286,0.014336,455.111,0.018432,655.36,0.0512,784.862,0.171008,821.768,0.653312,812.22,2.64397,809.086,10.6168,
0.0104167,0.012288,0.0454545,0.011264,0.166667,0.012288,0.8,0.01024,2.90909,0.011264,11.6364,0.011264,42.6667,0.012288,146.286,0.014336,409.6,0.02048,655.36,0.0512,780.19,0.172032,826.953,0.649216,812.22,2.64397,809.086,10.6168,
0.0104167,0.012288,0.0454545,0.011264,0.181818,0.011264,0.727273,0.011264,2.66667,0.012288,10.6667,0.012288,42.6667,0.012288,136.533,0.01536,431.158,0.019456,630.154,0.053248,780.19,0.172032,819.2,0.65536,812.22,2.64397,809.399,10.6127,
0.0113636,0.011264,0.0454545,0.011264,0.166667,0.012288,0.666667,0.012288,2.90909,0.011264,10.6667,0.012288,42.6667,0.012288,146.286,0.014336,431.158,0.019456,655.36,0.0512,775.574,0.173056,815.378,0.658432,811.591,2.64602,809.242,10.6148,
0.0113636,0.011264,0.0454545,0.011264,0.166667,0.012288,0.727273,0.011264,2.90909,0.011264,10.6667,0.012288,42.6667,0.012288,146.286,0.014336,455.111,0.018432,630.154,0.053248,780.19,0.172032,817.922,0.656384,812.22,2.64397,809.086,10.6168,
0.0104167,0.012288,0.0454545,0.011264,0.166667,0.012288,0.8,0.01024,2.66667,0.012288,11.6364,0.011264,42.6667,0.012288,157.538,0.013312,431.158,0.019456,630.154,0.053248,780.19,0.172032,812.85,0.66048,812.535,2.64294,808.774,10.6209,
0.0113636,0.011264,0.0454545,0.011264,0.181818,0.011264,0.727273,0.011264,2.66667,0.012288,10.6667,0.012288,42.6667,0.012288,136.533,0.01536,431.158,0.019456,655.36,0.0512,784.862,0.171008,816.648,0.657408,812.22,2.64397,808.774,10.6209,
0.0113636,0.011264,0.05,0.01024,0.181818,0.011264,0.666667,0.012288,2.66667,0.012288,11.6364,0.011264,18.963,0.027648,146.286,0.014336,455.111,0.018432,655.36,0.0512,780.19,0.172032,817.922,0.656384,812.85,2.64192,808.93,10.6189,
0.0113636,0.011264,0.0454545,0.011264,0.181818,0.011264,0.727273,0.011264,2.66667,0.012288,10.6667,0.012288,39.3846,0.013312,157.538,0.013312,431.158,0.019456,668.735,0.050176,784.862,0.171008,815.378,0.658432,812.22,2.64397,808.541,10.624,
0.0113636,0.011264,0.0454545,0.011264,0.181818,0.011264,0.727273,0.011264,2.90909,0.011264,11.6364,0.011264,39.3846,0.013312,128,0.016384,431.158,0.019456,642.51,0.052224,784.862,0.171008,820.482,0.654336,812.22,2.64397,808.93,10.6189,
0.0113636,0.011264,0.0357143,0.014336,0.181818,0.011264,0.615385,0.013312,2.66667,0.012288,10.6667,0.012288,42.6667,0.012288,157.538,0.013312,431.158,0.019456,642.51,0.052224,784.862,0.171008,816.648,0.657408,812.85,2.64192,808.463,10.625,
0.0113636,0.011264,0.0454545,0.011264,0.181818,0.011264,0.615385,0.013312,2.66667,0.012288,10.6667,0.012288,42.6667,0.012288,157.538,0.013312,431.158,0.019456,642.51,0.052224,775.574,0.173056,816.648,0.657408,813.165,2.6409,808.385,10.626,
0.0113636,0.011264,0.0454545,0.011264,0.181818,0.011264,0.727273,0.011264,2.90909,0.011264,11.6364,0.011264,42.6667,0.012288,146.286,0.014336,431.158,0.019456,642.51,0.052224,784.862,0.171008,816.648,0.657408,812.85,2.64192,808.696,10.622,
0.0113636,0.011264,0.0454545,0.011264,0.166667,0.012288,0.727273,0.011264,2.66667,0.012288,10.6667,0.012288,39.3846,0.013312,14.1241,0.14848,431.158,0.019456,655.36,0.0512,780.19,0.172032,819.2,0.65536,811.906,2.64499,808.774,10.6209,
0.0113636,0.011264,0.0454545,0.011264,0.166667,0.012288,0.727273,0.011264,2.90909,0.011264,11.6364,0.011264,24.381,0.021504,128,0.016384,431.158,0.019456,642.51,0.052224,780.19,0.172032,819.2,0.65536,812.535,2.64294,808.463,10.625,
0.0113636,0.011264,0.0454545,0.011264,0.166667,0.012288,0.727273,0.011264,2.90909,0.011264,11.6364,0.011264,42.6667,0.012288,146.286,0.014336,409.6,0.02048,630.154,0.053248,784.862,0.171008,817.922,0.656384,812.535,2.64294,808.852,10.6199,
0.0125,0.01024,0.0416667,0.012288,0.166667,0.012288,0.666667,0.012288,2.90909,0.011264,11.6364,0.011264,42.6667,0.012288,157.538,0.013312,409.6,0.02048,642.51,0.052224,775.574,0.173056,815.378,0.658432,813.165,2.6409,808.618,10.623,
0.0104167,0.012288,0.0454545,0.011264,0.181818,0.011264,0.727273,0.011264,2.90909,0.011264,11.6364,0.011264,42.6667,0.012288,146.286,0.014336,431.158,0.019456,642.51,0.052224,775.574,0.173056,815.378,0.658432,812.85,2.64192,808.93,10.6189,
0.0113636,0.011264,0.0416667,0.012288,0.181818,0.011264,0.666667,0.012288,2.90909,0.011264,10.6667,0.012288,39.3846,0.013312,146.286,0.014336,431.158,0.019456,642.51,0.052224,775.574,0.173056,815.378,0.658432,811.906,2.64499,809.164,10.6158,
0.0113636,0.011264,0.0454545,0.011264,0.181818,0.011264,0.727273,0.011264,2.90909,0.011264,10.6667,0.012288,39.3846,0.013312,136.533,0.01536,455.111,0.018432,655.36,0.0512,780.19,0.172032,817.922,0.656384,812.535,2.64294,808.696,10.622,
0.0113636,0.011264,0.0454545,0.011264,0.181818,0.011264,0.666667,0.012288,2.90909,0.011264,10.6667,0.012288,42.6667,0.012288,146.286,0.014336,431.158,0.019456,655.36,0.0512,780.19,0.172032,816.648,0.657408,813.165,2.6409,809.164,10.6158,
0.0113636,0.011264,0.0454545,0.011264,0.166667,0.012288,0.727273,0.011264,2.66667,0.012288,11.6364,0.011264,42.6667,0.012288,146.286,0.014336,409.6,0.02048,642.51,0.052224,780.19,0.172032,820.482,0.654336,812.85,2.64192,810.18,10.6025,
0.0113636,0.011264,0.0454545,0.011264,0.181818,0.011264,0.666667,0.012288,2.90909,0.011264,10.6667,0.012288,42.6667,0.012288,157.538,0.013312,431.158,0.019456,655.36,0.0512,789.59,0.169984,821.768,0.653312,812.535,2.64294,810.415,10.5994,
0.0113636,0.011264,0.0454545,0.011264,0.181818,0.011264,0.727273,0.011264,2.90909,0.011264,10.6667,0.012288,39.3846,0.013312,170.667,0.012288,431.158,0.019456,642.51,0.052224,784.862,0.171008,823.058,0.652288,812.22,2.64397,810.729,10.5953,
0.0113636,0.011264,0.0454545,0.011264,0.181818,0.011264,0.727273,0.011264,2.66667,0.012288,10.6667,0.012288,42.6667,0.012288,146.286,0.014336,409.6,0.02048,642.51,0.052224,784.862,0.171008,824.352,0.651264,812.535,2.64294,810.885,10.5933,
0.0104167,0.012288,0.0454545,0.011264,0.181818,0.011264,0.727273,0.011264,2.90909,0.011264,11.6364,0.011264,39.3846,0.013312,146.286,0.014336,431.158,0.019456,642.51,0.052224,775.574,0.173056,824.352,0.651264,812.22,2.64397,810.807,10.5943,
0.0113636,0.011264,0.0454545,0.011264,0.181818,0.011264,0.666667,0.012288,2.90909,0.011264,10.6667,0.012288,42.6667,0.012288,146.286,0.014336,431.158,0.019456,642.51,0.052224,784.862,0.171008,819.2,0.65536,812.535,2.64294,810.729,10.5953,
0.0113636,0.011264,0.0454545,0.011264,0.181818,0.011264,0.666667,0.012288,2.90909,0.011264,10.6667,0.012288,42.6667,0.012288,157.538,0.013312,409.6,0.02048,655.36,0.0512,775.574,0.173056,815.378,0.658432,812.535,2.64294,810.65,10.5964,
0.0113636,0.011264,0.0416667,0.012288,0.181818,0.011264,0.666667,0.012288,2.90909,0.011264,10.6667,0.012288,42.6667,0.012288,157.538,0.013312,431.158,0.019456,642.51,0.052224,780.19,0.172032,812.85,0.66048,812.535,2.64294,810.885,10.5933,
0.0113636,0.011264,0.0454545,0.011264,0.181818,0.011264,0.8,0.01024,2.90909,0.011264,11.6364,0.011264,42.6667,0.012288,157.538,0.013312,431.158,0.019456,642.51,0.052224,784.862,0.171008,816.648,0.657408,812.535,2.64294,810.494,10.5984,
0.0113636,0.011264,0.0454545,0.011264,0.181818,0.011264,0.727273,0.011264,2.90909,0.011264,10.6667,0.012288,42.6667,0.012288,157.538,0.013312,431.158,0.019456,655.36,0.0512,784.862,0.171008,817.922,0.656384,812.535,2.64294,810.337,10.6004,
0.0113636,0.011264,0.0294118,0.017408,0.166667,0.012288,0.727273,0.011264,2.90909,0.011264,10.6667,0.012288,42.6667,0.012288,157.538,0.013312,431.158,0.019456,655.36,0.0512,784.862,0.171008,815.378,0.658432,812.535,2.64294,808.93,10.6189,
0.0113636,0.011264,0.0416667,0.012288,0.2,0.01024,0.666667,0.012288,2.66667,0.012288,11.6364,0.011264,42.6667,0.012288,146.286,0.014336,431.158,0.019456,642.51,0.052224,775.574,0.173056,815.378,0.658432,812.535,2.64294,810.18,10.6025,
0.0104167,0.012288,0.0454545,0.011264,0.166667,0.012288,0.666667,0.012288,2.66667,0.012288,11.6364,0.011264,42.6667,0.012288,157.538,0.013312,431.158,0.019456,642.51,0.052224,736.36,0.182272,819.2,0.65536,812.22,2.64397,810.415,10.5994,
0.0113636,0.011264,0.0454545,0.011264,0.181818,0.011264,0.666667,0.012288,2.66667,0.012288,11.6364,0.011264,42.6667,0.012288,146.286,0.014336,431.158,0.019456,642.51,0.052224,780.19,0.172032,816.648,0.657408,812.535,2.64294,809.399,10.6127,
0.0113636,0.011264,0.0454545,0.011264,0.181818,0.011264,0.727273,0.011264,2.66667,0.012288,11.6364,0.011264,42.6667,0.012288,157.538,0.013312,431.158,0.019456,642.51,0.052224,775.574,0.173056,816.648,0.657408,812.535,2.64294,809.789,10.6076,
0.0113636,0.011264,0.0454545,0.011264,0.181818,0.011264,0.727273,0.011264,2.66667,0.012288,11.6364,0.011264,42.6667,0.012288,146.286,0.014336,431.158,0.019456,630.154,0.053248,780.19,0.172032,816.648,0.657408,812.535,2.64294,810.415,10.5994,
0.0104167,0.012288,0.05,0.01024,0.166667,0.012288,0.666667,0.012288,2.66667,0.012288,11.6364,0.011264,42.6667,0.012288,157.538,0.013312,431.158,0.019456,655.36,0.0512,780.19,0.172032,816.648,0.657408,812.22,2.64397,810.024,10.6045,
0.0113636,0.011264,0.0454545,0.011264,0.181818,0.011264,0.666667,0.012288,2.90909,0.011264,10.6667,0.012288,34.1333,0.01536,136.533,0.01536,431.158,0.019456,630.154,0.053248,784.862,0.171008,815.378,0.658432,812.535,2.64294,809.789,10.6076,
0.0113636,0.011264,0.0454545,0.011264,0.166667,0.012288,0.727273,0.011264,2.90909,0.011264,10.6667,0.012288,39.3846,0.013312,157.538,0.013312,409.6,0.02048,655.36,0.0512,780.19,0.172032,817.922,0.656384,810.964,2.64806,809.555,10.6107,
0.0113636,0.011264,0.0454545,0.011264,0.181818,0.011264,0.727273,0.011264,2.66667,0.012288,10.6667,0.012288,24.381,0.021504,146.286,0.014336,409.6,0.02048,630.154,0.053248,780.19,0.172032,816.648,0.657408,812.22,2.64397,809.789,10.6076,
0.00961538,0.013312,0.0454545,0.011264,0.166667,0.012288,0.666667,0.012288,2.90909,0.011264,10.6667,0.012288,46.5455,0.011264,146.286,0.014336,409.6,0.02048,642.51,0.052224,459.902,0.29184,814.112,0.659456,813.48,2.63987,809.399,10.6127,
0.0113636,0.011264,0.0454545,0.011264,0.181818,0.011264,0.727273,0.011264,2.90909,0.011264,9.84615,0.013312,46.5455,0.011264,157.538,0.013312,431.158,0.019456,642.51,0.052224,789.59,0.169984,812.85,0.66048,812.535,2.64294,809.633,10.6097,
0.0113636,0.011264,0.0454545,0.011264,0.181818,0.011264,0.8,0.01024,2.90909,0.011264,11.6364,0.011264,42.6667,0.012288,170.667,0.012288,431.158,0.019456,642.51,0.052224,780.19,0.172032,814.112,0.659456,813.165,2.6409,809.399,10.6127,
0.0113636,0.011264,0.0416667,0.012288,0.181818,0.011264,0.727273,0.011264,3.2,0.01024,10.6667,0.012288,42.6667,0.012288,157.538,0.013312,431.158,0.019456,642.51,0.052224,789.59,0.169984,817.922,0.656384,814.428,2.6368,809.946,10.6056,
0.0113636,0.011264,0.0454545,0.011264,0.181818,0.011264,0.727273,0.011264,2.90909,0.011264,11.6364,0.011264,42.6667,0.012288,157.538,0.013312,409.6,0.02048,642.51,0.052224,789.59,0.169984,817.922,0.656384,813.796,2.63885,809.711,10.6086,
0.0113636,0.011264,0.0454545,0.011264,0.181818,0.011264,0.727273,0.011264,2.90909,0.011264,11.6364,0.011264,42.6667,0.012288,157.538,0.013312,431.158,0.019456,642.51,0.052224,784.862,0.171008,816.648,0.657408,813.48,2.63987,809.555,10.6107,
0.0125,0.01024,0.0454545,0.011264,0.181818,0.011264,0.727273,0.011264,2.90909,0.011264,11.6364,0.011264,42.6667,0.012288,157.538,0.013312,455.111,0.018432,630.154,0.053248,794.376,0.16896,816.648,0.657408,813.165,2.6409,809.711,10.6086,
0.0113636,0.011264,0.0454545,0.011264,0.181818,0.011264,0.666667,0.012288,2.90909,0.011264,11.6364,0.011264,46.5455,0.011264,157.538,0.013312,431.158,0.019456,642.51,0.052224,771.012,0.17408,814.112,0.659456,810.337,2.65011,809.321,10.6138,
0.0113636,0.011264,0.05,0.01024,0.181818,0.011264,0.727273,0.011264,2.28571,0.014336,12.8,0.01024,42.6667,0.012288,157.538,0.013312,431.158,0.019456,642.51,0.052224,789.59,0.169984,817.922,0.656384,812.85,2.64192,809.555,10.6107,
0.0113636,0.011264,0.0416667,0.012288,0.181818,0.011264,0.666667,0.012288,2.90909,0.011264,11.6364,0.011264,42.6667,0.012288,157.538,0.013312,455.111,0.018432,630.154,0.053248,789.59,0.169984,814.112,0.659456,812.535,2.64294,808.774,10.6209,
0.0113636,0.011264,0.0454545,0.011264,0.166667,0.012288,0.727273,0.011264,2.66667,0.012288,10.6667,0.012288,39.3846,0.013312,170.667,0.012288,431.158,0.019456,630.154,0.053248,784.862,0.171008,815.378,0.658432,813.48,2.63987,809.711,10.6086,
0.0113636,0.011264,0.0416667,0.012288,0.166667,0.012288,0.727273,0.011264,2.90909,0.011264,11.6364,0.011264,46.5455,0.011264,170.667,0.012288,431.158,0.019456,606.815,0.055296,784.862,0.171008,816.648,0.657408,813.165,2.6409,810.024,10.6045,
0.0113636,0.011264,0.0454545,0.011264,0.181818,0.011264,0.727273,0.011264,3.2,0.01024,11.6364,0.011264,42.6667,0.012288,170.667,0.012288,455.111,0.018432,618.264,0.054272,784.862,0.171008,815.378,0.658432,813.165,2.6409,809.555,10.6107,
0.0104167,0.012288,0.0454545,0.011264,0.181818,0.011264,0.727273,0.011264,3.2,0.01024,11.6364,0.011264,42.6667,0.012288,157.538,0.013312,431.158,0.019456,630.154,0.053248,784.862,0.171008,807.84,0.664576,813.165,2.6409,808.774,10.6209,
0.0104167,0.012288,0.0454545,0.011264,0.166667,0.012288,0.727273,0.011264,2.90909,0.011264,11.6364,0.011264,42.6667,0.012288,120.471,0.017408,431.158,0.019456,630.154,0.053248,780.19,0.172032,817.922,0.656384,814.744,2.63578,809.555,10.6107,
0.0113636,0.011264,0.0454545,0.011264,0.181818,0.011264,0.727273,0.011264,2.90909,0.011264,11.6364,0.011264,46.5455,0.011264,157.538,0.013312,455.111,0.018432,618.264,0.054272,784.862,0.171008,820.482,0.654336,814.428,2.6368,809.555,10.6107,
0.0113636,0.011264,0.0454545,0.011264,0.181818,0.011264,0.8,0.01024,2.90909,0.011264,11.6364,0.011264,46.5455,0.011264,157.538,0.013312,431.158,0.019456,618.264,0.054272,789.59,0.169984,824.352,0.651264,814.428,2.6368,809.868,10.6066,
0.0113636,0.011264,0.0454545,0.011264,0.181818,0.011264,0.727273,0.011264,3.2,0.01024,10.6667,0.012288,42.6667,0.012288,157.538,0.013312,431.158,0.019456,630.154,0.053248,784.862,0.171008,823.058,0.652288,814.112,2.63782,809.477,10.6117,
0.00961538,0.013312,0.0454545,0.011264,0.181818,0.011264,0.8,0.01024,2.90909,0.011264,11.6364,0.011264,42.6667,0.012288,170.667,0.012288,47.6279,0.176128,618.264,0.054272,789.59,0.169984,817.922,0.656384,814.112,2.63782,809.633,10.6097,
0.0113636,0.011264,0.0454545,0.011264,0.181818,0.011264,0.727273,0.011264,2.90909,0.011264,10.6667,0.012288,39.3846,0.013312,157.538,0.013312,409.6,0.02048,642.51,0.052224,784.862,0.171008,807.84,0.664576,814.428,2.6368,809.477,10.6117,
0.0113636,0.011264,0.0454545,0.011264,0.166667,0.012288,0.666667,0.012288,2.90909,0.011264,11.6364,0.011264,46.5455,0.011264,157.538,0.013312,455.111,0.018432,618.264,0.054272,789.59,0.169984,815.378,0.658432,813.796,2.63885,809.555,10.6107,
0.0125,0.01024,0.0454545,0.011264,0.181818,0.011264,0.8,0.01024,2.90909,0.011264,11.6364,0.011264,46.5455,0.011264,157.538,0.013312,455.111,0.018432,642.51,0.052224,784.862,0.171008,817.922,0.656384,812.85,2.64192,809.711,10.6086,
0.0113636,0.011264,0.0416667,0.012288,0.181818,0.011264,0.727273,0.011264,2.90909,0.011264,11.6364,0.011264,42.6667,0.012288,157.538,0.013312,455.111,0.018432,630.154,0.053248,789.59,0.169984,819.2,0.65536,812.85,2.64192,809.477,10.6117,
0.0113636,0.011264,0.0454545,0.011264,0.166667,0.012288,0.727273,0.011264,3.2,0.01024,11.6364,0.011264,46.5455,0.011264,157.538,0.013312,431.158,0.019456,618.264,0.054272,789.59,0.169984,817.922,0.656384,813.796,2.63885,809.633,10.6097,
0.0104167,0.012288,0.05,0.01024,0.181818,0.011264,0.8,0.01024,2.90909,0.011264,9.84615,0.013312,42.6667,0.012288,157.538,0.013312,431.158,0.019456,642.51,0.052224,780.19,0.172032,810.337,0.662528,813.796,2.63885,809.477,10.6117,
0.0113636,0.011264,0.0454545,0.011264,0.181818,0.011264,0.727273,0.011264,2.90909,0.011264,11.6364,0.011264,42.6667,0.012288,157.538,0.013312,431.158,0.019456,642.51,0.052224,784.862,0.171008,816.648,0.657408,813.165,2.6409,809.711,10.6086,
0.0113636,0.011264,0.0454545,0.011264,0.166667,0.012288,0.727273,0.011264,2.90909,0.011264,10.6667,0.012288,46.5455,0.011264,170.667,0.012288,455.111,0.018432,630.154,0.053248,780.19,0.172032,815.378,0.658432,812.22,2.64397,809.868,10.6066,
0.0113636,0.011264,0.0416667,0.012288,0.142857,0.014336,0.727273,0.011264,2.90909,0.011264,11.6364,0.011264,42.6667,0.012288,157.538,0.013312,455.111,0.018432,618.264,0.054272,784.862,0.171008,817.922,0.656384,811.591,2.64602,809.321,10.6138,
0.0113636,0.011264,0.0454545,0.011264,0.181818,0.011264,0.727273,0.011264,2.90909,0.011264,11.6364,0.011264,42.6667,0.012288,170.667,0.012288,431.158,0.019456,618.264,0.054272,789.59,0.169984,819.2,0.65536,813.165,2.6409,809.789,10.6076,
0.0113636,0.011264,0.0454545,0.011264,0.181818,0.011264,0.727273,0.011264,2.90909,0.011264,10.6667,0.012288,46.5455,0.011264,157.538,0.013312,431.158,0.019456,618.264,0.054272,780.19,0.172032,819.2,0.65536,813.796,2.63885,809.633,10.6097,
0.0113636,0.011264,0.0416667,0.012288,0.181818,0.011264,0.727273,0.011264,2.90909,0.011264,11.6364,0.011264,42.6667,0.012288,157.538,0.013312,431.158,0.019456,642.51,0.052224,784.862,0.171008,815.378,0.658432,812.85,2.64192,809.789,10.6076,
0.0113636,0.011264,0.0454545,0.011264,0.181818,0.011264,0.727273,0.011264,2.90909,0.011264,11.6364,0.011264,42.6667,0.012288,170.667,0.012288,431.158,0.019456,618.264,0.054272,784.862,0.171008,817.922,0.656384,813.48,2.63987,809.633,10.6097,
0.0113636,0.011264,0.0454545,0.011264,0.181818,0.011264,0.5,0.016384,2.90909,0.011264,10.6667,0.012288,42.6667,0.012288,157.538,0.013312,431.158,0.019456,618.264,0.054272,789.59,0.169984,817.922,0.656384,814.428,2.6368,809.164,10.6158,
0.0125,0.01024,0.0454545,0.011264,0.181818,0.011264,0.666667,0.012288,2.90909,0.011264,10.6667,0.012288,36.5714,0.014336,157.538,0.013312,431.158,0.019456,618.264,0.054272,780.19,0.172032,817.922,0.656384,814.744,2.63578,809.946,10.6056,
0.0113636,0.011264,0.05,0.01024,0.181818,0.011264,0.727273,0.011264,2.90909,0.011264,10.6667,0.012288,42.6667,0.012288,157.538,0.013312,431.158,0.019456,630.154,0.053248,784.862,0.171008,815.378,0.658432,814.744,2.63578,809.789,10.6076,
0.0113636,0.011264,0.0454545,0.011264,0.181818,0.011264,0.727273,0.011264,2.90909,0.011264,10.6667,0.012288,42.6667,0.012288,157.538,0.013312,431.158,0.019456,630.154,0.053248,784.862,0.171008,815.378,0.658432,814.112,2.63782,809.321,10.6138,
0.0104167,0.012288,0.0454545,0.011264,0.181818,0.011264,0.727273,0.011264,2.90909,0.011264,10.6667,0.012288,42.6667,0.012288,157.538,0.013312,455.111,0.018432,642.51,0.052224,789.59,0.169984,817.922,0.656384,813.796,2.63885,809.321,10.6138,
0.0125,0.01024,0.0454545,0.011264,0.181818,0.011264,0.727273,0.011264,2.90909,0.011264,10.6667,0.012288,46.5455,0.011264,170.667,0.012288,431.158,0.019456,630.154,0.053248,789.59,0.169984,823.058,0.652288,815.061,2.63475,809.711,10.6086,
0.0113636,0.011264,0.0416667,0.012288,0.181818,0.011264,0.727273,0.011264,3.2,0.01024,11.6364,0.011264,42.6667,0.012288,170.667,0.012288,455.111,0.018432,618.264,0.054272,784.862,0.171008,823.058,0.652288,812.535,2.64294,809.321,10.6138,
0.0113636,0.011264,0.0454545,0.011264,0.181818,0.011264,0.8,0.01024,3.2,0.01024,10.6667,0.012288,42.6667,0.012288,170.667,0.012288,455.111,0.018432,630.154,0.053248,780.19,0.172032,819.2,0.65536,812.85,2.64192,809.789,10.6076,
0.0113636,0.011264,0.0454545,0.011264,0.181818,0.011264,0.727273,0.011264,2.90909,0.011264,11.6364,0.011264,46.5455,0.011264,157.538,0.013312,455.111,0.018432,630.154,0.053248,784.862,0.171008,825.65,0.65024,812.535,2.64294,809.633,10.6097,
0.0113636,0.011264,0.0454545,0.011264,0.181818,0.011264,0.666667,0.012288,2.90909,0.011264,11.6364,0.011264,46.5455,0.011264,157.538,0.013312,455.111,0.018432,630.154,0.053248,784.862,0.171008,824.352,0.651264,812.22,2.64397,809.789,10.6076,
0.0113636,0.011264,0.0454545,0.011264,0.181818,0.011264,0.8,0.01024,2.90909,0.011264,11.6364,0.011264,42.6667,0.012288,157.538,0.013312,431.158,0.019456,642.51,0.052224,784.862,0.171008,812.85,0.66048,814.112,2.63782,810.102,10.6035,
0.0113636,0.011264,0.0416667,0.012288,0.2,0.01024,0.727273,0.011264,2.90909,0.011264,10.6667,0.012288,46.5455,0.011264,157.538,0.013312,455.111,0.018432,618.264,0.054272,784.862,0.171008,819.2,0.65536,812.85,2.64192,809.555,10.6107,
0.0104167,0.012288,0.0454545,0.011264,0.181818,0.011264,0.727273,0.011264,3.2,0.01024,11.6364,0.011264,46.5455,0.011264,157.538,0.013312,431.158,0.019456,606.815,0.055296,784.862,0.171008,816.648,0.657408,813.796,2.63885,809.868,10.6066,
0.0113636,0.011264,0.0416667,0.012288,0.181818,0.011264,0.727273,0.011264,2.90909,0.011264,11.6364,0.011264,42.6667,0.012288,170.667,0.012288,431.158,0.019456,630.154,0.053248,780.19,0.172032,815.378,0.658432,812.85,2.64192,809.555,10.6107,
0.0113636,0.011264,0.0454545,0.011264,0.181818,0.011264,0.727273,0.011264,2.90909,0.011264,9.14286,0.014336,46.5455,0.011264,170.667,0.012288,455.111,0.018432,630.154,0.053248,762.047,0.176128,816.648,0.657408,813.165,2.6409,809.633,10.6097,
0.0113636,0.011264,0.0454545,0.011264,0.181818,0.011264,0.666667,0.012288,2.90909,0.011264,10.6667,0.012288,46.5455,0.011264,157.538,0.013312,455.111,0.018432,618.264,0.054272,789.59,0.169984,817.922,0.656384,813.48,2.63987,809.242,10.6148,
0.0104167,0.012288,0.05,0.01024,0.181818,0.011264,0.727273,0.011264,2.90909,0.011264,10.6667,0.012288,39.3846,0.013312,157.538,0.013312,431.158,0.019456,642.51,0.052224,784.862,0.171008,816.648,0.657408,813.165,2.6409,809.633,10.6097,
0.0113636,0.011264,0.0454545,0.011264,0.181818,0.011264,0.8,0.01024,2.90909,0.011264,11.6364,0.011264,42.6667,0.012288,170.667,0.012288,455.111,0.018432,618.264,0.054272,780.19,0.172032,817.922,0.656384,815.061,2.63475,809.321,10.6138,
0.0113636,0.011264,0.0454545,0.011264,0.181818,0.011264,0.666667,0.012288,2.90909,0.011264,10.6667,0.012288,42.6667,0.012288,170.667,0.012288,455.111,0.018432,642.51,0.052224,784.862,0.171008,816.648,0.657408,812.535,2.64294,809.868,10.6066,
0.0113636,0.011264,0.0416667,0.012288,0.181818,0.011264,0.727273,0.011264,2.90909,0.011264,11.6364,0.011264,42.6667,0.012288,170.667,0.012288,455.111,0.018432,630.154,0.053248,784.862,0.171008,819.2,0.65536,804.74,2.66854,809.399,10.6127,
0.0104167,0.012288,0.0454545,0.011264,0.181818,0.011264,0.727273,0.011264,2.90909,0.011264,11.6364,0.011264,42.6667,0.012288,170.667,0.012288,455.111,0.018432,642.51,0.052224,789.59,0.169984,817.922,0.656384,813.796,2.63885,809.555,10.6107,
0.0113636,0.011264,0.0416667,0.012288,0.2,0.01024,0.727273,0.011264,2.90909,0.011264,11.6364,0.011264,42.6667,0.012288,157.538,0.013312,431.158,0.019456,630.154,0.053248,780.19,0.172032,816.648,0.657408,814.744,2.63578,809.555,10.6107,
0.0113636,0.011264,0.0454545,0.011264,0.181818,0.011264,0.8,0.01024,2.66667,0.012288,11.6364,0.011264,46.5455,0.011264,170.667,0.012288,455.111,0.018432,642.51,0.052224,775.574,0.173056,815.378,0.658432,814.112,2.63782,809.633,10.6097,
0.0113636,0.011264,0.0454545,0.011264,0.181818,0.011264,0.727273,0.011264,2.66667,0.012288,10.6667,0.012288,42.6667,0.012288,170.667,0.012288,431.158,0.019456,630.154,0.053248,775.574,0.173056,816.648,0.657408,814.112,2.63782,809.555,10.6107,
0.0113636,0.011264,0.05,0.01024,0.166667,0.012288,0.8,0.01024,2.66667,0.012288,10.6667,0.012288,42.6667,0.012288,157.538,0.013312,431.158,0.019456,618.264,0.054272,775.574,0.173056,815.378,0.658432,814.744,2.63578,810.18,10.6025,
0.0113636,0.011264,0.00641026,0.079872,0.2,0.01024,0.727273,0.011264,2.90909,0.011264,10.6667,0.012288,42.6667,0.012288,157.538,0.013312,455.111,0.018432,630.154,0.053248,789.59,0.169984,820.482,0.654336,814.428,2.6368,809.711,10.6086,
0.0113636,0.011264,0.0416667,0.012288,0.2,0.01024,0.727273,0.011264,2.66667,0.012288,11.6364,0.011264,39.3846,0.013312,157.538,0.013312,431.158,0.019456,618.264,0.054272,780.19,0.172032,816.648,0.657408,813.165,2.6409,809.711,10.6086,
0.0104167,0.012288,0.0454545,0.011264,0.2,0.01024,0.727273,0.011264,2.90909,0.011264,10.6667,0.012288,42.6667,0.012288,157.538,0.013312,431.158,0.019456,618.264,0.054272,780.19,0.172032,817.922,0.656384,811.906,2.64499,809.711,10.6086,
0.0113636,0.011264,0.0454545,0.011264,0.181818,0.011264,0.666667,0.012288,2.90909,0.011264,11.6364,0.011264,39.3846,0.013312,157.538,0.013312,455.111,0.018432,618.264,0.054272,784.862,0.171008,815.378,0.658432,805.358,2.6665,809.399,10.6127,
0.0113636,0.011264,0.0454545,0.011264,0.181818,0.011264,0.727273,0.011264,3.2,0.01024,11.6364,0.011264,46.5455,0.011264,157.538,0.013312,431.158,0.019456,630.154,0.053248,789.59,0.169984,821.768,0.653312,811.277,2.64704,809.164,10.6158,
0.0113636,0.011264,0.0454545,0.011264,0.181818,0.011264,0.727273,0.011264,2.90909,0.011264,11.6364,0.011264,42.6667,0.012288,157.538,0.013312,431.158,0.019456,642.51,0.052224,784.862,0.171008,821.768,0.653312,812.535,2.64294,809.399,10.6127,
0.0113636,0.011264,0.0416667,0.012288,0.181818,0.011264,0.727273,0.011264,2.90909,0.011264,11.6364,0.011264,46.5455,0.011264,157.538,0.013312,431.158,0.019456,618.264,0.054272,784.862,0.171008,821.768,0.653312,811.591,2.64602,809.399,10.6127,
0.0113636,0.011264,0.0454545,0.011264,0.166667,0.012288,0.8,0.01024,2.90909,0.011264,11.6364,0.011264,46.5455,0.011264,170.667,0.012288,409.6,0.02048,618.264,0.054272,784.862,0.171008,824.352,0.651264,811.591,2.64602,810.102,10.6035,
0.0125,0.01024,0.0416667,0.012288,0.181818,0.011264,0.727273,0.011264,2.90909,0.011264,10.6667,0.012288,42.6667,0.012288,170.667,0.012288,409.6,0.02048,630.154,0.053248,775.574,0.173056,823.058,0.652288,812.85,2.64192,809.789,10.6076,
0.0113636,0.011264,0.0454545,0.011264,0.181818,0.011264,0.727273,0.011264,2.66667,0.012288,11.6364,0.011264,42.6667,0.012288,170.667,0.012288,409.6,0.02048,630.154,0.053248,784.862,0.171008,815.378,0.658432,814.428,2.6368,809.399,10.6127,
0.0104167,0.012288,0.0454545,0.011264,0.2,0.01024,0.666667,0.012288,2.90909,0.011264,11.6364,0.011264,42.6667,0.012288,170.667,0.012288,431.158,0.019456,655.36,0.0512,789.59,0.169984,817.922,0.656384,814.112,2.63782,810.102,10.6035,
0.0113636,0.011264,0.0454545,0.011264,0.181818,0.011264,0.727273,0.011264,2.66667,0.012288,11.6364,0.011264,42.6667,0.012288,170.667,0.012288,431.158,0.019456,630.154,0.053248,789.59,0.169984,816.648,0.657408,813.796,2.63885,809.711,10.6086,
0.0113636,0.011264,0.0454545,0.011264,0.181818,0.011264,0.727273,0.011264,2.66667,0.012288,10.6667,0.012288,42.6667,0.012288,157.538,0.013312,455.111,0.018432,630.154,0.053248,784.862,0.171008,816.648,0.657408,814.112,2.63782,809.242,10.6148,
0.0113636,0.011264,0.0454545,0.011264,0.181818,0.011264,0.727273,0.011264,2.90909,0.011264,11.6364,0.011264,39.3846,0.013312,157.538,0.013312,431.158,0.019456,642.51,0.052224,780.19,0.172032,819.2,0.65536,814.744,2.63578,809.164,10.6158,
0.0113636,0.011264,0.0454545,0.011264,0.181818,0.011264,0.727273,0.011264,2.90909,0.011264,9.14286,0.014336,46.5455,0.011264,157.538,0.013312,431.158,0.019456,630.154,0.053248,784.862,0.171008,817.922,0.656384,814.112,2.63782,809.477,10.6117,
0.0113636,0.011264,0.0454545,0.011264,0.166667,0.012288,0.727273,0.011264,2.66667,0.012288,10.6667,0.012288,39.3846,0.013312,170.667,0.012288,409.6,0.02048,642.51,0.052224,780.19,0.172032,817.922,0.656384,813.796,2.63885,809.946,10.6056,
0.0104167,0.012288,0.0416667,0.012288,0.181818,0.011264,0.666667,0.012288,2.90909,0.011264,11.6364,0.011264,46.5455,0.011264,170.667,0.012288,455.111,0.018432,642.51,0.052224,784.862,0.171008,817.922,0.656384,814.112,2.63782,809.399,10.6127,
0.0113636,0.011264,0.0454545,0.011264,0.166667,0.012288,0.727273,0.011264,2.90909,0.011264,11.6364,0.011264,42.6667,0.012288,170.667,0.012288,409.6,0.02048,655.36,0.0512,780.19,0.172032,815.378,0.658432,814.428,2.6368,809.086,10.6168,
0.0113636,0.011264,0.0416667,0.012288,0.153846,0.013312,0.727273,0.011264,2.66667,0.012288,11.6364,0.011264,42.6667,0.012288,170.667,0.012288,455.111,0.018432,655.36,0.0512,789.59,0.169984,817.922,0.656384,814.428,2.6368,809.477,10.6117,
0.0113636,0.011264,0.0454545,0.011264,0.181818,0.011264,0.727273,0.011264,2.66667,0.012288,11.6364,0.011264,42.6667,0.012288,157.538,0.013312,455.111,0.018432,668.735,0.050176,784.862,0.171008,816.648,0.657408,814.112,2.63782,809.477,10.6117,
0.0125,0.01024,0.0454545,0.011264,0.2,0.01024,0.727273,0.011264,2.66667,0.012288,10.6667,0.012288,42.6667,0.012288,157.538,0.013312,455.111,0.018432,655.36,0.0512,780.19,0.172032,814.112,0.659456,815.061,2.63475,809.399,10.6127,
0.0113636,0.011264,0.0454545,0.011264,0.181818,0.011264,0.8,0.01024,2.66667,0.012288,10.6667,0.012288,42.6667,0.012288,170.667,0.012288,409.6,0.02048,630.154,0.053248,789.59,0.169984,815.378,0.658432,813.165,2.6409,809.868,10.6066,
0.0104167,0.012288,0.0454545,0.011264,0.181818,0.011264,0.8,0.01024,2.90909,0.011264,10.6667,0.012288,42.6667,0.012288,170.667,0.012288,431.158,0.019456,630.154,0.053248,784.862,0.171008,817.922,0.656384,813.165,2.6409,810.259,10.6015,
0.0104167,0.012288,0.05,0.01024,0.181818,0.011264,0.444444,0.018432,2.90909,0.011264,10.6667,0.012288,46.5455,0.011264,157.538,0.013312,431.158,0.019456,642.51,0.052224,784.862,0.171008,817.922,0.656384,814.744,2.63578,810.18,10.6025,
0.0113636,0.011264,0.05,0.01024,0.181818,0.011264,0.727273,0.011264,2.90909,0.011264,11.6364,0.011264,46.5455,0.011264,157.538,0.013312,315.077,0.026624,655.36,0.0512,789.59,0.169984,817.922,0.656384,814.428,2.6368,811.12,10.5902,
0.0113636,0.011264,0.05,0.01024,0.181818,0.011264,0.727273,0.011264,2.90909,0.011264,10.6667,0.012288,39.3846,0.013312,157.538,0.013312,390.095,0.021504,642.51,0.052224,780.19,0.172032,817.922,0.656384,814.744,2.63578,810.729,10.5953,
0.0113636,0.011264,0.0416667,0.012288,0.181818,0.011264,0.727273,0.011264,2.90909,0.011264,10.6667,0.012288,42.6667,0.012288,170.667,0.012288,409.6,0.02048,655.36,0.0512,784.862,0.171008,815.378,0.658432,813.48,2.63987,811.434,10.5861,
0.0104167,0.012288,0.0454545,0.011264,0.181818,0.011264,0.8,0.01024,2.90909,0.011264,11.6364,0.011264,46.5455,0.011264,170.667,0.012288,431.158,0.019456,642.51,0.052224,784.862,0.171008,816.648,0.657408,813.48,2.63987,811.356,10.5871,
0.0113636,0.011264,0.0454545,0.011264,0.2,0.01024,0.666667,0.012288,2.90909,0.011264,10.6667,0.012288,42.6667,0.012288,157.538,0.013312,431.158,0.019456,642.51,0.052224,784.862,0.171008,821.768,0.653312,813.48,2.63987,810.572,10.5974,
0.0113636,0.011264,0.0454545,0.011264,0.181818,0.011264,0.727273,0.011264,2.90909,0.011264,11.6364,0.011264,42.6667,0.012288,157.538,0.013312,409.6,0.02048,642.51,0.052224,780.19,0.172032,824.352,0.651264,815.061,2.63475,811.042,10.5912,
0.0113636,0.011264,0.05,0.01024,0.166667,0.012288,0.727273,0.011264,2.90909,0.011264,11.6364,0.011264,42.6667,0.012288,170.667,0.012288,409.6,0.02048,642.51,0.052224,784.862,0.171008,824.352,0.651264,814.428,2.6368,811.199,10.5892,
0.0113636,0.011264,0.05,0.01024,0.166667,0.012288,0.8,0.01024,2.13333,0.01536,10.6667,0.012288,46.5455,0.011264,170.667,0.012288,455.111,0.018432,642.51,0.052224,789.59,0.169984,823.058,0.652288,814.112,2.63782,811.356,10.5871,
0.0113636,0.011264,0.0416667,0.012288,0.181818,0.011264,0.727273,0.011264,2.66667,0.012288,10.6667,0.012288,42.6667,0.012288,146.286,0.014336,481.882,0.017408,630.154,0.053248,784.862,0.171008,825.65,0.65024,812.85,2.64192,810.572,10.5974,
0.0113636,0.011264,0.0454545,0.011264,0.181818,0.011264,0.666667,0.012288,2.66667,0.012288,10.6667,0.012288,42.6667,0.012288,157.538,0.013312,455.111,0.018432,642.51,0.052224,789.59,0.169984,817.922,0.656384,814.112,2.63782,810.885,10.5933,
0.0113636,0.011264,0.0416667,0.012288,0.181818,0.011264,0.727273,0.011264,2.66667,0.012288,11.6364,0.011264,46.5455,0.011264,157.538,0.013312,455.111,0.018432,642.51,0.052224,775.574,0.173056,814.112,0.659456,815.061,2.63475,810.885,10.5933,
0.0104167,0.012288,0.05,0.01024,0.166667,0.012288,0.727273,0.011264,2.90909,0.011264,10.6667,0.012288,46.5455,0.011264,170.667,0.012288,455.111,0.018432,642.51,0.052224,789.59,0.169984,814.112,0.659456,812.85,2.64192,810.572,10.5974,
0.0104167,0.012288,0.0454545,0.011264,0.166667,0.012288,0.727273,0.011264,2.66667,0.012288,11.6364,0.011264,42.6667,0.012288,157.538,0.013312,431.158,0.019456,642.51,0.052224,784.862,0.171008,817.922,0.656384,813.165,2.6409,810.65,10.5964,
0.0113636,0.011264,0.05,0.01024,0.181818,0.011264,0.8,0.01024,2.66667,0.012288,11.6364,0.011264,42.6667,0.012288,157.538,0.013312,431.158,0.019456,642.51,0.052224,789.59,0.169984,817.922,0.656384,813.48,2.63987,810.729,10.5953,
0.00694444,0.018432,0.0454545,0.011264,0.181818,0.011264,0.8,0.01024,2.90909,0.011264,11.6364,0.011264,46.5455,0.011264,157.538,0.013312,455.111,0.018432,630.154,0.053248,784.862,0.171008,815.378,0.658432,814.428,2.6368,810.415,10.5994,
0.0104167,0.012288,0.05,0.01024,0.181818,0.011264,0.727273,0.011264,2.90909,0.011264,10.6667,0.012288,42.6667,0.012288,157.538,0.013312,409.6,0.02048,642.51,0.052224,780.19,0.172032,815.378,0.658432,814.112,2.63782,810.572,10.5974,
0.0125,0.01024,0.0416667,0.012288,0.181818,0.011264,0.727273,0.011264,2.90909,0.011264,11.6364,0.011264,46.5455,0.011264,157.538,0.013312,431.158,0.019456,630.154,0.053248,784.862,0.171008,815.378,0.658432,814.428,2.6368,810.337,10.6004,
0.0113636,0.011264,0.0454545,0.011264,0.181818,0.011264,0.8,0.01024,2.90909,0.011264,10.6667,0.012288,42.6667,0.012288,170.667,0.012288,431.158,0.019456,655.36,0.0512,789.59,0.169984,816.648,0.657408,812.85,2.64192,809.946,10.6056,
0.0125,0.01024,0.0416667,0.012288,0.2,0.01024,0.666667,0.012288,2.66667,0.012288,11.6364,0.011264,42.6667,0.012288,157.538,0.013312,431.158,0.019456,642.51,0.052224,784.862,0.171008,816.648,0.657408,811.906,2.64499,810.572,10.5974,
0.00961538,0.013312,0.0416667,0.012288,0.166667,0.012288,0.5,0.016384,2.66667,0.012288,10.6667,0.012288,42.6667,0.012288,157.538,0.013312,409.6,0.02048,655.36,0.0512,748.983,0.1792,807.84,0.664576,811.277,2.64704,809.164,10.6158,
0.0113636,0.011264,0.0416667,0.012288,0.2,0.01024,0.666667,0.012288,2.90909,0.011264,10.6667,0.012288,42.6667,0.012288,157.538,0.013312,409.6,0.02048,618.264,0.054272,410.884,0.326656,814.112,0.659456,812.535,2.64294,809.321,10.6138,
0.0104167,0.012288,0.0454545,0.011264,0.166667,0.012288,0.727273,0.011264,2.90909,0.011264,10.6667,0.012288,42.6667,0.012288,157.538,0.013312,431.158,0.019456,630.154,0.053248,757.642,0.177152,814.112,0.659456,812.85,2.64192,808.463,10.625,
0.0113636,0.011264,0.0454545,0.011264,0.181818,0.011264,0.727273,0.011264,2.90909,0.011264,11.6364,0.011264,42.6667,0.012288,157.538,0.013312,431.158,0.019456,642.51,0.052224,775.574,0.173056,815.378,0.658432,812.535,2.64294,808.541,10.624,
0.0113636,0.011264,0.0454545,0.011264,0.181818,0.011264,0.727273,0.011264,2.90909,0.011264,11.6364,0.011264,42.6667,0.012288,146.286,0.014336,431.158,0.019456,642.51,0.052224,757.642,0.177152,814.112,0.659456,812.22,2.64397,808.463,10.625,
0.0113636,0.011264,0.0416667,0.012288,0.2,0.01024,0.666667,0.012288,2.90909,0.011264,10.6667,0.012288,42.6667,0.012288,157.538,0.013312,431.158,0.019456,642.51,0.052224,771.012,0.17408,816.648,0.657408,813.48,2.63987,808.852,10.6199,
0.0113636,0.011264,0.0454545,0.011264,0.181818,0.011264,0.727273,0.011264,2.66667,0.012288,10.6667,0.012288,39.3846,0.013312,157.538,0.013312,431.158,0.019456,630.154,0.053248,762.047,0.176128,815.378,0.658432,813.48,2.63987,808.93,10.6189,
0.0113636,0.011264,0.0454545,0.011264,0.181818,0.011264,0.666667,0.012288,2.66667,0.012288,10.6667,0.012288,42.6667,0.012288,146.286,0.014336,409.6,0.02048,630.154,0.053248,775.574,0.173056,816.648,0.657408,812.535,2.64294,808.852,10.6199,
0.0104167,0.012288,0.05,0.01024,0.166667,0.012288,0.727273,0.011264,2.28571,0.014336,10.6667,0.012288,39.3846,0.013312,157.538,0.013312,431.158,0.019456,630.154,0.053248,766.503,0.175104,815.378,0.658432,812.22,2.64397,808.618,10.623,
0.0104167,0.012288,0.0454545,0.011264,0.181818,0.011264,0.727273,0.011264,2.90909,0.011264,11.6364,0.011264,42.6667,0.012288,146.286,0.014336,431.158,0.019456,642.51,0.052224,775.574,0.173056,816.648,0.657408,812.535,2.64294,807.918,10.6322,
0.0113636,0.011264,0.0454545,0.011264,0.181818,0.011264,0.727273,0.011264,2.90909,0.011264,11.6364,0.011264,42.6667,0.012288,146.286,0.014336,431.158,0.019456,630.154,0.053248,766.503,0.175104,814.112,0.659456,812.535,2.64294,808.307,10.6271,
0.0113636,0.011264,0.0454545,0.011264,0.2,0.01024,0.666667,0.012288,2.90909,0.011264,10.6667,0.012288,42.6667,0.012288,157.538,0.013312,431.158,0.019456,606.815,0.055296,794.376,0.16896,814.112,0.659456,813.165,2.6409,808.852,10.6199,
0.0104167,0.012288,0.0454545,0.011264,0.166667,0.012288,0.727273,0.011264,2.90909,0.011264,10.6667,0.012288,42.6667,0.012288,157.538,0.013312,48.1882,0.17408,630.154,0.053248,775.574,0.173056,817.922,0.656384,813.165,2.6409,809.008,10.6179,
0.0104167,0.012288,0.0454545,0.011264,0.181818,0.011264,0.727273,0.011264,2.90909,0.011264,10.6667,0.012288,42.6667,0.012288,146.286,0.014336,372.364,0.022528,618.264,0.054272,784.862,0.171008,815.378,0.658432,811.906,2.64499,808.618,10.623,
0.0113636,0.011264,0.0454545,0.011264,0.166667,0.012288,0.8,0.01024,2.66667,0.012288,10.6667,0.012288,42.6667,0.012288,146.286,0.014336,409.6,0.02048,564.966,0.059392,775.574,0.173056,816.648,0.657408,813.165,2.6409,808.618,10.623,
0.0113636,0.011264,0.0416667,0.012288,0.181818,0.011264,0.727273,0.011264,2.90909,0.011264,11.6364,0.011264,42.6667,0.012288,157.538,0.013312,409.6,0.02048,618.264,0.054272,784.862,0.171008,814.112,0.659456,812.535,2.64294,808.852,10.6199,
0.0104167,0.012288,0.0454545,0.011264,0.166667,0.012288,0.727273,0.011264,2.90909,0.011264,11.6364,0.011264,42.6667,0.012288,157.538,0.013312,431.158,0.019456,618.264,0.054272,771.012,0.17408,815.378,0.658432,813.48,2.63987,808.618,10.623,
0.0113636,0.011264,0.0454545,0.011264,0.181818,0.011264,0.727273,0.011264,2.66667,0.012288,10.6667,0.012288,42.6667,0.012288,157.538,0.013312,431.158,0.019456,606.815,0.055296,766.503,0.175104,815.378,0.658432,813.48,2.63987,809.086,10.6168,
0.0113636,0.011264,0.0454545,0.011264,0.166667,0.012288,0.727273,0.011264,2.90909,0.011264,9.84615,0.013312,42.6667,0.012288,157.538,0.013312,431.158,0.019456,630.154,0.053248,757.642,0.177152,810.337,0.662528,812.85,2.64192,808.696,10.622,
0.0113636,0.011264,0.0454545,0.011264,0.181818,0.011264,0.666667,0.012288,2.66667,0.012288,11.6364,0.011264,42.6667,0.012288,157.538,0.013312,409.6,0.02048,618.264,0.054272,771.012,0.17408,815.378,0.658432,812.85,2.64192,808.618,10.623,
0.0104167,0.012288,0.0454545,0.011264,0.181818,0.011264,0.727273,0.011264,2.90909,0.011264,10.6667,0.012288,39.3846,0.013312,157.538,0.013312,431.158,0.019456,630.154,0.053248,762.047,0.176128,814.112,0.659456,812.85,2.64192,808.541,10.624,
0.0113636,0.011264,0.0454545,0.011264,0.181818,0.011264,0.727273,0.011264,2.90909,0.011264,11.6364,0.011264,42.6667,0.012288,146.286,0.014336,390.095,0.021504,618.264,0.054272,766.503,0.175104,812.85,0.66048,812.535,2.64294,809.164,10.6158,
0.0104167,0.012288,0.0454545,0.011264,0.181818,0.011264,0.727273,0.011264,2.66667,0.012288,10.6667,0.012288,42.6667,0.012288,146.286,0.014336,409.6,0.02048,618.264,0.054272,757.642,0.177152,815.378,0.658432,812.535,2.64294,808.696,10.622,
0.0104167,0.012288,0.0454545,0.011264,0.181818,0.011264,0.727273,0.011264,2.66667,0.012288,10.6667,0.012288,42.6667,0.012288,146.286,0.014336,431.158,0.019456,630.154,0.053248,771.012,0.17408,815.378,0.658432,813.165,2.6409,808.307,10.6271,
0.0104167,0.012288,0.0416667,0.012288,0.181818,0.011264,0.727273,0.011264,2.66667,0.012288,10.6667,0.012288,42.6667,0.012288,146.286,0.014336,409.6,0.02048,642.51,0.052224,766.503,0.175104,815.378,0.658432,813.48,2.63987,808.151,10.6291,
0.0113636,0.011264,0.0416667,0.012288,0.181818,0.011264,0.727273,0.011264,2.90909,0.011264,11.6364,0.011264,39.3846,0.013312,146.286,0.014336,431.158,0.019456,630.154,0.053248,771.012,0.17408,812.85,0.66048,811.906,2.64499,807.995,10.6312,
0.0113636,0.011264,0.0454545,0.011264,0.166667,0.012288,0.727273,0.011264,2.66667,0.012288,10.6667,0.012288,42.6667,0.012288,146.286,0.014336,431.158,0.019456,642.51,0.052224,766.503,0.175104,817.922,0.656384,813.165,2.6409,808.307,10.6271,
0.0104167,0.012288,0.0454545,0.011264,0.181818,0.011264,0.727273,0.011264,2.90909,0.011264,10.6667,0.012288,39.3846,0.013312,146.286,0.014336,431.158,0.019456,618.264,0.054272,771.012,0.17408,815.378,0.658432,812.535,2.64294,807.918,10.6322,
0.0113636,0.011264,0.0454545,0.011264,0.181818,0.011264,0.727273,0.011264,2.90909,0.011264,11.6364,0.011264,39.3846,0.013312,146.286,0.014336,409.6,0.02048,630.154,0.053248,766.503,0.175104,815.378,0.658432,812.535,2.64294,809.242,10.6148,
0.0113636,0.011264,0.0416667,0.012288,0.181818,0.011264,0.727273,0.011264,2.90909,0.011264,10.6667,0.012288,42.6667,0.012288,146.286,0.014336,431.158,0.019456,618.264,0.054272,766.503,0.175104,815.378,0.658432,813.165,2.6409,809.321,10.6138,
0.0113636,0.011264,0.0416667,0.012288,0.166667,0.012288,0.727273,0.011264,2.66667,0.012288,7.11111,0.018432,39.3846,0.013312,146.286,0.014336,409.6,0.02048,630.154,0.053248,762.047,0.176128,815.378,0.658432,813.48,2.63987,809.477,10.6117,
0.0113636,0.011264,0.0416667,0.012288,0.181818,0.011264,0.727273,0.011264,2.90909,0.011264,10.6667,0.012288,42.6667,0.012288,146.286,0.014336,409.6,0.02048,630.154,0.053248,766.503,0.175104,812.85,0.66048,811.906,2.64499,809.555,10.6107,
0.0104167,0.012288,0.0454545,0.011264,0.181818,0.011264,0.8,0.01024,2.90909,0.011264,11.6364,0.011264,42.6667,0.012288,107.789,0.019456,409.6,0.02048,630.154,0.053248,766.503,0.175104,814.112,0.659456,812.85,2.64192,808.774,10.6209,
0.0113636,0.011264,0.0416667,0.012288,0.181818,0.011264,0.727273,0.011264,2.66667,0.012288,11.6364,0.011264,42.6667,0.012288,146.286,0.014336,431.158,0.019456,630.154,0.053248,771.012,0.17408,814.112,0.659456,812.85,2.64192,809.633,10.6097,
0.0113636,0.011264,0.00617284,0.082944,0.181818,0.011264,0.8,0.01024,2.90909,0.011264,10.6667,0.012288,42.6667,0.012288,157.538,0.013312,431.158,0.019456,618.264,0.054272,762.047,0.176128,815.378,0.658432,811.277,2.64704,809.242,10.6148,
0.0113636,0.011264,0.0384615,0.013312,0.2,0.01024,0.727273,0.011264,2.90909,0.011264,10.6667,0.012288,42.6667,0.012288,146.286,0.014336,431.158,0.019456,606.815,0.055296,766.503,0.175104,814.112,0.659456,813.48,2.63987,808.93,10.6189,
0.0104167,0.012288,0.0454545,0.011264,0.181818,0.011264,0.8,0.01024,2.90909,0.011264,10.6667,0.012288,42.6667,0.012288,157.538,0.013312,431.158,0.019456,606.815,0.055296,757.642,0.177152,815.378,0.658432,813.165,2.6409,809.164,10.6158,
0.0104167,0.012288,0.0416667,0.012288,0.2,0.01024,0.727273,0.011264,2.90909,0.011264,10.6667,0.012288,42.6667,0.012288,146.286,0.014336,409.6,0.02048,618.264,0.054272,766.503,0.175104,812.85,0.66048,812.535,2.64294,808.774,10.6209,
0.0104167,0.012288,0.0454545,0.011264,0.181818,0.011264,0.727273,0.011264,2.90909,0.011264,10.6667,0.012288,42.6667,0.012288,157.538,0.013312,455.111,0.018432,642.51,0.052224,766.503,0.175104,816.648,0.657408,812.535,2.64294,808.541,10.624,
0.0113636,0.011264,0.0454545,0.011264,0.181818,0.011264,0.727273,0.011264,2.90909,0.011264,11.6364,0.011264,42.6667,0.012288,157.538,0.013312,431.158,0.019456,618.264,0.054272,771.012,0.17408,815.378,0.658432,812.22,2.64397,809.008,10.6179,
0.0113636,0.011264,0.0454545,0.011264,0.181818,0.011264,0.727273,0.011264,2.66667,0.012288,11.6364,0.011264,42.6667,0.012288,157.538,0.013312,431.158,0.019456,618.264,0.054272,766.503,0.175104,814.112,0.659456,812.85,2.64192,808.696,10.622,
0.0113636,0.011264,0.0454545,0.011264,0.181818,0.011264,0.666667,0.012288,2.66667,0.012288,11.6364,0.011264,46.5455,0.011264,157.538,0.013312,431.158,0.019456,630.154,0.053248,762.047,0.176128,815.378,0.658432,813.165,2.6409,808.385,10.626,
0.0113636,0.011264,0.0454545,0.011264,0.181818,0.011264,0.727273,0.011264,2.66667,0.012288,10.6667,0.012288,42.6667,0.012288,157.538,0.013312,409.6,0.02048,630.154,0.053248,766.503,0.175104,815.378,0.658432,813.165,2.6409,808.852,10.6199,
0.0104167,0.012288,0.0416667,0.012288,0.181818,0.011264,0.727273,0.011264,2.66667,0.012288,10.6667,0.012288,42.6667,0.012288,157.538,0.013312,431.158,0.019456,642.51,0.052224,771.012,0.17408,815.378,0.658432,812.85,2.64192,808.618,10.623,
0.0113636,0.011264,0.0454545,0.011264,0.166667,0.012288,0.727273,0.011264,2.90909,0.011264,10.6667,0.012288,42.6667,0.012288,146.286,0.014336,431.158,0.019456,618.264,0.054272,762.047,0.176128,814.112,0.659456,812.22,2.64397,809.164,10.6158,
0.0113636,0.011264,0.0416667,0.012288,0.181818,0.011264,0.727273,0.011264,2.90909,0.011264,10.6667,0.012288,46.5455,0.011264,146.286,0.014336,431.158,0.019456,630.154,0.053248,771.012,0.17408,815.378,0.658432,812.535,2.64294,809.086,10.6168,
0.0113636,0.011264,0.0454545,0.011264,0.181818,0.011264,0.727273,0.011264,2.66667,0.012288,9.14286,0.014336,46.5455,0.011264,146.286,0.014336,431.158,0.019456,630.154,0.053248,753.287,0.178176,814.112,0.659456,812.85,2.64192,808.774,10.6209,
0.0113636,0.011264,0.0416667,0.012288,0.181818,0.011264,0.470588,0.017408,2.66667,0.012288,10.6667,0.012288,42.6667,0.012288,146.286,0.014336,431.158,0.019456,618.264,0.054272,771.012,0.17408,815.378,0.658432,813.165,2.6409,809.086,10.6168,
0.0104167,0.012288,0.0454545,0.011264,0.166667,0.012288,0.8,0.01024,2.66667,0.012288,11.6364,0.011264,46.5455,0.011264,157.538,0.013312,409.6,0.02048,642.51,0.052224,771.012,0.17408,816.648,0.657408,813.165,2.6409,809.321,10.6138,
0.0113636,0.011264,0.0454545,0.011264,0.181818,0.011264,0.727273,0.011264,2.90909,0.011264,11.6364,0.011264,42.6667,0.012288,146.286,0.014336,390.095,0.021504,630.154,0.053248,766.503,0.175104,814.112,0.659456,812.22,2.64397,808.93,10.6189,
0.0113636,0.011264,0.0454545,0.011264,0.181818,0.011264,0.727273,0.011264,2.66667,0.012288,10.6667,0.012288,42.6667,0.012288,157.538,0.013312,409.6,0.02048,618.264,0.054272,762.047,0.176128,815.378,0.658432,812.535,2.64294,808.618,10.623,
0.0104167,0.012288,0.0416667,0.012288,0.181818,0.011264,0.727273,0.011264,2.66667,0.012288,10.6667,0.012288,42.6667,0.012288,157.538,0.013312,431.158,0.019456,642.51,0.052224,766.503,0.175104,811.591,0.661504,812.85,2.64192,809.164,10.6158,
0.0104167,0.012288,0.0454545,0.011264,0.181818,0.011264,0.727273,0.011264,2.28571,0.014336,11.6364,0.011264,46.5455,0.011264,146.286,0.014336,431.158,0.019456,618.264,0.054272,766.503,0.175104,814.112,0.659456,812.22,2.64397,808.93,10.6189,
0.0104167,0.012288,0.0416667,0.012288,0.181818,0.011264,0.727273,0.011264,2.90909,0.011264,11.6364,0.011264,42.6667,0.012288,146.286,0.014336,431.158,0.019456,630.154,0.053248,766.503,0.175104,815.378,0.658432,813.48,2.63987,808.618,10.623,
0.0113636,0.011264,0.0454545,0.011264,0.181818,0.011264,0.727273,0.011264,2.90909,0.011264,10.6667,0.012288,42.6667,0.012288,157.538,0.013312,431.158,0.019456,618.264,0.054272,775.574,0.173056,815.378,0.658432,812.85,2.64192,808.774,10.6209,
0.0113636,0.011264,0.0454545,0.011264,0.181818,0.011264,0.666667,0.012288,2.90909,0.011264,10.6667,0.012288,42.6667,0.012288,157.538,0.013312,409.6,0.02048,630.154,0.053248,757.642,0.177152,810.337,0.662528,812.22,2.64397,809.008,10.6179,
0.0104167,0.012288,0.0416667,0.012288,0.166667,0.012288,0.727273,0.011264,2.66667,0.012288,11.6364,0.011264,39.3846,0.013312,146.286,0.014336,431.158,0.019456,630.154,0.053248,771.012,0.17408,812.85,0.66048,812.85,2.64192,808.774,10.6209,
0.0113636,0.011264,0.0416667,0.012288,0.181818,0.011264,0.727273,0.011264,2.66667,0.012288,11.6364,0.011264,46.5455,0.011264,157.538,0.013312,431.158,0.019456,642.51,0.052224,766.503,0.175104,814.112,0.659456,812.85,2.64192,809.164,10.6158,
0.0113636,0.011264,0.0454545,0.011264,0.181818,0.011264,0.8,0.01024,2.66667,0.012288,11.6364,0.011264,42.6667,0.012288,157.538,0.013312,431.158,0.019456,642.51,0.052224,771.012,0.17408,812.85,0.66048,813.165,2.6409,809.399,10.6127,
0.0113636,0.011264,0.0454545,0.011264,0.181818,0.011264,0.727273,0.011264,2.66667,0.012288,10.6667,0.012288,42.6667,0.012288,157.538,0.013312,431.158,0.019456,618.264,0.054272,762.047,0.176128,812.85,0.66048,813.48,2.63987,808.852,10.6199,
0.0104167,0.012288,0.0454545,0.011264,0.181818,0.011264,0.727273,0.011264,2.66667,0.012288,11.6364,0.011264,42.6667,0.012288,157.538,0.013312,431.158,0.019456,642.51,0.052224,771.012,0.17408,814.112,0.659456,813.48,2.63987,809.164,10.6158,
0.0113636,0.011264,0.0416667,0.012288,0.181818,0.011264,0.666667,0.012288,2.90909,0.011264,10.6667,0.012288,42.6667,0.012288,146.286,0.014336,409.6,0.02048,642.51,0.052224,762.047,0.176128,816.648,0.657408,812.535,2.64294,809.164,10.6158,
0.0104167,0.012288,0.0454545,0.011264,0.181818,0.011264,0.727273,0.011264,2.90909,0.011264,10.6667,0.012288,42.6667,0.012288,157.538,0.013312,431.158,0.019456,630.154,0.053248,766.503,0.175104,814.112,0.659456,812.85,2.64192,808.618,10.623,
0.0113636,0.011264,0.0416667,0.012288,0.181818,0.011264,0.727273,0.011264,2.66667,0.012288,10.6667,0.012288,42.6667,0.012288,157.538,0.013312,431.158,0.019456,618.264,0.054272,771.012,0.17408,815.378,0.658432,809.086,2.65421,809.008,10.6179,
0.0104167,0.012288,0.0454545,0.011264,0.181818,0.011264,0.727273,0.011264,2.90909,0.011264,10.6667,0.012288,42.6667,0.012288,157.538,0.013312,431.158,0.019456,642.51,0.052224,740.52,0.181248,814.112,0.659456,812.85,2.64192,808.93,10.6189,
0.0104167,0.012288,0.0454545,0.011264,0.181818,0.011264,0.727273,0.011264,2.66667,0.012288,10.6667,0.012288,42.6667,0.012288,157.538,0.013312,431.158,0.019456,642.51,0.052224,766.503,0.175104,816.648,0.657408,813.165,2.6409,808.774,10.6209,
0.0104167,0.012288,0.0454545,0.011264,0.166667,0.012288,0.8,0.01024,2.66667,0.012288,10.6667,0.012288,42.6667,0.012288,146.286,0.014336,431.158,0.019456,630.154,0.053248,771.012,0.17408,816.648,0.657408,813.165,2.6409,808.774,10.6209,
0.0104167,0.012288,0.0454545,0.011264,0.181818,0.011264,0.727273,0.011264,2.66667,0.012288,10.6667,0.012288,42.6667,0.012288,146.286,0.014336,455.111,0.018432,630.154,0.053248,762.047,0.176128,814.112,0.659456,812.535,2.64294,809.086,10.6168,
0.0104167,0.012288,0.0454545,0.011264,0.166667,0.012288,0.8,0.01024,2.66667,0.012288,10.6667,0.012288,42.6667,0.012288,146.286,0.014336,431.158,0.019456,630.154,0.053248,775.574,0.173056,814.112,0.659456,812.85,2.64192,809.008,10.6179,
0.0104167,0.012288,0.0416667,0.012288,0.181818,0.011264,0.727273,0.011264,2.66667,0.012288,10.6667,0.012288,39.3846,0.013312,157.538,0.013312,431.158,0.019456,630.154,0.053248,762.047,0.176128,817.922,0.656384,813.48,2.63987,809.086,10.6168,
0.0113636,0.011264,0.0454545,0.011264,0.181818,0.011264,0.727273,0.011264,2.90909,0.011264,10.6667,0.012288,39.3846,0.013312,157.538,0.013312,409.6,0.02048,655.36,0.0512,771.012,0.17408,815.378,0.658432,812.22,2.64397,808.852,10.6199,
0.0104167,0.012288,0.0454545,0.011264,0.181818,0.011264,0.727273,0.011264,2.90909,0.011264,10.6667,0.012288,42.6667,0.012288,157.538,0.013312,431.158,0.019456,642.51,0.052224,762.047,0.176128,814.112,0.659456,813.165,2.6409,808.93,10.6189,
0.0104167,0.012288,0.0454545,0.011264,0.166667,0.012288,0.727273,0.011264,2.66667,0.012288,10.6667,0.012288,42.6667,0.012288,157.538,0.013312,431.158,0.019456,630.154,0.053248,775.574,0.173056,819.2,0.65536,812.85,2.64192,808.852,10.6199,
0.0113636,0.011264,0.0416667,0.012288,0.181818,0.011264,0.666667,0.012288,2.66667,0.012288,10.6667,0.012288,42.6667,0.012288,146.286,0.014336,431.158,0.019456,642.51,0.052224,771.012,0.17408,821.768,0.653312,812.535,2.64294,809.008,10.6179,
0.00961538,0.013312,0.0454545,0.011264,0.181818,0.011264,0.727273,0.011264,2.66667,0.012288,11.6364,0.011264,42.6667,0.012288,146.286,0.014336,431.158,0.019456,655.36,0.0512,775.574,0.173056,817.922,0.656384,812.85,2.64192,808.774,10.6209,
0.0113636,0.011264,0.0454545,0.011264,0.181818,0.011264,0.727273,0.011264,2.66667,0.012288,10.6667,0.012288,42.6667,0.012288,107.789,0.019456,431.158,0.019456,655.36,0.0512,771.012,0.17408,816.648,0.657408,812.535,2.64294,808.852,10.6199,
0.0113636,0.011264,0.0454545,0.011264,0.166667,0.012288,0.727273,0.011264,2.66667,0.012288,9.84615,0.013312,42.6667,0.012288,157.538,0.013312,409.6,0.02048,630.154,0.053248,771.012,0.17408,815.378,0.658432,812.22,2.64397,808.852,10.6199,
0.0113636,0.011264,0.0454545,0.011264,0.181818,0.011264,0.727273,0.011264,2.66667,0.012288,10.6667,0.012288,42.6667,0.012288,146.286,0.014336,431.158,0.019456,630.154,0.053248,766.503,0.175104,814.112,0.659456,813.165,2.6409,808.852,10.6199,
0.00694444,0.018432,0.0454545,0.011264,0.181818,0.011264,0.727273,0.011264,2.66667,0.012288,11.6364,0.011264,39.3846,0.013312,157.538,0.013312,431.158,0.019456,655.36,0.0512,766.503,0.175104,815.378,0.658432,812.535,2.64294,808.774,10.6209,
0.0104167,0.012288,0.0454545,0.011264,0.181818,0.011264,0.727273,0.011264,2.66667,0.012288,10.6667,0.012288,42.6667,0.012288,146.286,0.014336,431.158,0.019456,630.154,0.053248,757.642,0.177152,821.768,0.653312,812.535,2.64294,808.618,10.623,
0.0104167,0.012288,0.0357143,0.014336,0.166667,0.012288,0.727273,0.011264,2.90909,0.011264,10.6667,0.012288,42.6667,0.012288,157.538,0.013312,431.158,0.019456,655.36,0.0512,771.012,0.17408,820.482,0.654336,812.85,2.64192,809.633,10.6097,
0.0113636,0.011264,0.0357143,0.014336,0.181818,0.011264,0.666667,0.012288,2.90909,0.011264,10.6667,0.012288,42.6667,0.012288,157.538,0.013312,431.158,0.019456,642.51,0.052224,771.012,0.17408,815.378,0.658432,812.535,2.64294,809.946,10.6056,
0.0113636,0.011264,0.0357143,0.014336,0.166667,0.012288,0.727273,0.011264,2.66667,0.012288,11.6364,0.011264,42.6667,0.012288,146.286,0.014336,431.158,0.019456,655.36,0.0512,775.574,0.173056,815.378,0.658432,812.535,2.64294,810.18,10.6025,
0.0104167,0.012288,0.0454545,0.011264,0.2,0.01024,0.727273,0.011264,2.66667,0.012288,11.6364,0.011264,42.6667,0.012288,157.538,0.013312,455.111,0.018432,642.51,0.052224,780.19,0.172032,817.922,0.656384,813.796,2.63885,810.494,10.5984,
0.0113636,0.011264,0.0454545,0.011264,0.181818,0.011264,0.727273,0.011264,2.66667,0.012288,11.6364,0.011264,42.6667,0.012288,157.538,0.013312,431.158,0.019456,642.51,0.052224,784.862,0.171008,814.112,0.659456,813.48,2.63987,810.337,10.6004,
0.0104167,0.012288,0.0454545,0.011264,0.181818,0.011264,0.727273,0.011264,2.90909,0.011264,10.6667,0.012288,42.6667,0.012288,157.538,0.013312,431.158,0.019456,630.154,0.053248,775.574,0.173056,815.378,0.658432,812.535,2.64294,810.337,10.6004,
0.0104167,0.012288,0.0454545,0.011264,0.166667,0.012288,0.727273,0.011264,2.90909,0.011264,10.6667,0.012288,42.6667,0.012288,157.538,0.013312,431.158,0.019456,630.154,0.053248,775.574,0.173056,820.482,0.654336,812.535,2.64294,810.259,10.6015,
0.00961538,0.013312,0.0454545,0.011264,0.181818,0.011264,0.727273,0.011264,2.66667,0.012288,10.6667,0.012288,42.6667,0.012288,157.538,0.013312,431.158,0.019456,655.36,0.0512,780.19,0.172032,817.922,0.656384,812.535,2.64294,810.415,10.5994,
0.0113636,0.011264,0.0454545,0.011264,0.181818,0.011264,0.727273,0.011264,2.90909,0.011264,11.6364,0.011264,42.6667,0.012288,157.538,0.013312,455.111,0.018432,630.154,0.053248,780.19,0.172032,816.648,0.657408,813.165,2.6409,809.789,10.6076,
0.0104167,0.012288,0.0416667,0.012288,0.2,0.01024,0.666667,0.012288,2.90909,0.011264,10.6667,0.012288,42.6667,0.012288,146.286,0.014336,431.158,0.019456,655.36,0.0512,784.862,0.171008,816.648,0.657408,812.535,2.64294,809.789,10.6076,
0.0113636,0.011264,0.0454545,0.011264,0.181818,0.011264,0.8,0.01024,2.66667,0.012288,10.6667,0.012288,42.6667,0.012288,157.538,0.013312,409.6,0.02048,655.36,0.0512,780.19,0.172032,815.378,0.658432,813.165,2.6409,810.024,10.6045,
0.0113636,0.011264,0.0416667,0.012288,0.181818,0.011264,0.666667,0.012288,2.66667,0.012288,10.6667,0.012288,42.6667,0.012288,157.538,0.013312,431.158,0.019456,630.154,0.053248,780.19,0.172032,814.112,0.659456,812.22,2.64397,810.024,10.6045,
0.0113636,0.011264,0.0454545,0.011264,0.181818,0.011264,0.727273,0.011264,2.90909,0.011264,11.6364,0.011264,42.6667,0.012288,157.538,0.013312,409.6,0.02048,655.36,0.0512,784.862,0.171008,819.2,0.65536,812.85,2.64192,809.711,10.6086,
0.0113636,0.011264,0.0454545,0.011264,0.181818,0.011264,0.727273,0.011264,2.66667,0.012288,10.6667,0.012288,42.6667,0.012288,146.286,0.014336,431.158,0.019456,642.51,0.052224,771.012,0.17408,821.768,0.653312,813.165,2.6409,810.415,10.5994,
0.0104167,0.012288,0.05,0.01024,0.181818,0.011264,0.727273,0.011264,2.90909,0.011264,11.6364,0.011264,42.6667,0.012288,157.538,0.013312,431.158,0.019456,655.36,0.0512,784.862,0.171008,816.648,0.657408,812.85,2.64192,809.633,10.6097,
0.0104167,0.012288,0.0454545,0.011264,0.181818,0.011264,0.727273,0.011264,2.90909,0.011264,10.6667,0.012288,42.6667,0.012288,146.286,0.014336,431.158,0.019456,618.264,0.054272,762.047,0.176128,815.378,0.658432,812.535,2.64294,809.399,10.6127,
0.0104167,0.012288,0.0454545,0.011264,0.181818,0.011264,0.727273,0.011264,2.90909,0.011264,10.6667,0.012288,42.6667,0.012288,146.286,0.014336,431.158,0.019456,630.154,0.053248,775.574,0.173056,815.378,0.658432,812.85,2.64192,809.789,10.6076,
0.0113636,0.011264,0.0454545,0.011264,0.181818,0.011264,0.727273,0.011264,2.66667,0.012288,9.84615,0.013312,42.6667,0.012288,157.538,0.013312,431.158,0.019456,642.51,0.052224,784.862,0.171008,816.648,0.657408,812.85,2.64192,809.555,10.6107,
0.0104167,0.012288,0.05,0.01024,0.181818,0.011264,0.727273,0.011264,0.561404,0.058368,11.6364,0.011264,42.6667,0.012288,146.286,0.014336,431.158,0.019456,642.51,0.052224,775.574,0.173056,814.112,0.659456,812.85,2.64192,809.868,10.6066,
0.0104167,0.012288,0.0454545,0.011264,0.181818,0.011264,0.666667,0.012288,2.66667,0.012288,11.6364,0.011264,42.6667,0.012288,146.286,0.014336,431.158,0.019456,618.264,0.054272,780.19,0.172032,817.922,0.656384,812.22,2.64397,808.774,10.6209,
0.00961538,0.013312,0.0454545,0.011264,0.166667,0.012288,0.727273,0.011264,2.66667,0.012288,11.6364,0.011264,42.6667,0.012288,146.286,0.014336,409.6,0.02048,655.36,0.0512,753.287,0.178176,819.2,0.65536,811.906,2.64499,808.696,10.622,
0.0113636,0.011264,0.0416667,0.012288,0.181818,0.011264,0.666667,0.012288,2.90909,0.011264,11.6364,0.011264,42.6667,0.012288,146.286,0.014336,431.158,0.019456,655.36,0.0512,771.012,0.17408,824.352,0.651264,812.22,2.64397,808.307,10.6271,
0.0113636,0.011264,0.0416667,0.012288,0.166667,0.012288,0.8,0.01024,2.66667,0.012288,11.6364,0.011264,42.6667,0.012288,146.286,0.014336,431.158,0.019456,642.51,0.052224,766.503,0.175104,823.058,0.652288,812.535,2.64294,808.618,10.623,
0.0104167,0.012288,0.0416667,0.012288,0.181818,0.011264,0.727273,0.011264,2.66667,0.012288,11.6364,0.011264,42.6667,0.012288,157.538,0.013312,431.158,0.019456,642.51,0.052224,775.574,0.173056,820.482,0.654336,812.535,2.64294,808.618,10.623,
0.0113636,0.011264,0.0454545,0.011264,0.181818,0.011264,0.727273,0.011264,2.66667,0.012288,11.6364,0.011264,42.6667,0.012288,157.538,0.013312,431.158,0.019456,642.51,0.052224,766.503,0.175104,821.768,0.653312,812.85,2.64192,809.086,10.6168,
0.0104167,0.012288,0.0454545,0.011264,0.2,0.01024,0.727273,0.011264,2.90909,0.011264,11.6364,0.011264,42.6667,0.012288,146.286,0.014336,455.111,0.018432,642.51,0.052224,780.19,0.172032,820.482,0.654336,813.796,2.63885,809.399,10.6127,
0.0104167,0.012288,0.0454545,0.011264,0.181818,0.011264,0.727273,0.011264,2.90909,0.011264,11.6364,0.011264,46.5455,0.011264,157.538,0.013312,431.158,0.019456,642.51,0.052224,766.503,0.175104,815.378,0.658432,812.85,2.64192,808.93,10.6189,
0.0113636,0.011264,0.0454545,0.011264,0.2,0.01024,0.727273,0.011264,2.90909,0.011264,10.6667,0.012288,42.6667,0.012288,146.286,0.014336,455.111,0.018432,642.51,0.052224,775.574,0.173056,815.378,0.658432,812.85,2.64192,809.008,10.6179,
0.0113636,0.011264,0.0454545,0.011264,0.181818,0.011264,0.727273,0.011264,2.46154,0.013312,11.6364,0.011264,46.5455,0.011264,146.286,0.014336,50.5679,0.165888,642.51,0.052224,766.503,0.175104,817.922,0.656384,813.165,2.6409,808.774,10.6209,
0.0078125,0.016384,0.0454545,0.011264,0.181818,0.011264,0.727273,0.011264,2.90909,0.011264,10.6667,0.012288,42.6667,0.012288,146.286,0.014336,390.095,0.021504,618.264,0.054272,771.012,0.17408,821.768,0.653312,812.535,2.64294,807.529,10.6373,
0.0104167,0.012288,0.0454545,0.011264,0.181818,0.011264,0.727273,0.011264,2.90909,0.011264,11.6364,0.011264,42.6667,0.012288,146.286,0.014336,431.158,0.019456,630.154,0.053248,771.012,0.17408,821.768,0.653312,811.906,2.64499,808.774,10.6209,
0.0104167,0.012288,0.0454545,0.011264,0.181818,0.011264,0.666667,0.012288,2.66667,0.012288,11.6364,0.011264,42.6667,0.012288,146.286,0.014336,409.6,0.02048,618.264,0.054272,766.503,0.175104,819.2,0.65536,813.165,2.6409,809.086,10.6168,
0.0104167,0.012288,0.0454545,0.011264,0.166667,0.012288,0.727273,0.011264,2.66667,0.012288,11.6364,0.011264,42.6667,0.012288,157.538,0.013312,431.158,0.019456,618.264,0.054272,771.012,0.17408,823.058,0.652288,813.165,2.6409,808.541,10.624,
0.0104167,0.012288,0.0454545,0.011264,0.181818,0.011264,0.666667,0.012288,2.90909,0.011264,10.6667,0.012288,42.6667,0.012288,157.538,0.013312,431.158,0.019456,618.264,0.054272,771.012,0.17408,823.058,0.652288,812.535,2.64294,809.321,10.6138,
0.0113636,0.011264,0.0454545,0.011264,0.181818,0.011264,0.727273,0.011264,2.66667,0.012288,11.6364,0.011264,42.6667,0.012288,146.286,0.014336,431.158,0.019456,630.154,0.053248,766.503,0.175104,823.058,0.652288,812.85,2.64192,808.696,10.622,
0.0113636,0.011264,0.0454545,0.011264,0.181818,0.011264,0.666667,0.012288,2.90909,0.011264,11.6364,0.011264,42.6667,0.012288,157.538,0.013312,431.158,0.019456,606.815,0.055296,766.503,0.175104,823.058,0.652288,812.535,2.64294,808.696,10.622,
0.0104167,0.012288,0.0454545,0.011264,0.181818,0.011264,0.727273,0.011264,2.66667,0.012288,11.6364,0.011264,42.6667,0.012288,170.667,0.012288,431.158,0.019456,630.154,0.053248,771.012,0.17408,817.922,0.656384,812.535,2.64294,809.164,10.6158,
0.0113636,0.011264,0.0454545,0.011264,0.181818,0.011264,0.666667,0.012288,2.90909,0.011264,10.6667,0.012288,39.3846,0.013312,157.538,0.013312,431.158,0.019456,630.154,0.053248,775.574,0.173056,816.648,0.657408,813.165,2.6409,808.774,10.6209,
0.0104167,0.012288,0.0454545,0.011264,0.181818,0.011264,0.727273,0.011264,2.66667,0.012288,10.6667,0.012288,42.6667,0.012288,157.538,0.013312,431.158,0.019456,630.154,0.053248,762.047,0.176128,820.482,0.654336,812.85,2.64192,809.164,10.6158,
0.0104167,0.012288,0.0454545,0.011264,0.181818,0.011264,0.666667,0.012288,2.90909,0.011264,11.6364,0.011264,46.5455,0.011264,157.538,0.013312,431.158,0.019456,642.51,0.052224,771.012,0.17408,823.058,0.652288,812.22,2.64397,808.93,10.6189,
0.0104167,0.012288,0.0416667,0.012288,0.181818,0.011264,0.727273,0.011264,2.66667,0.012288,10.6667,0.012288,42.6667,0.012288,170.667,0.012288,431.158,0.019456,630.154,0.053248,771.012,0.17408,824.352,0.651264,812.85,2.64192,808.541,10.624,
0.0113636,0.011264,0.0416667,0.012288,0.181818,0.011264,0.727273,0.011264,2.90909,0.011264,10.6667,0.012288,42.6667,0.012288,157.538,0.013312,431.158,0.019456,630.154,0.053248,775.574,0.173056,819.2,0.65536,812.85,2.64192,809.086,10.6168,
0.0113636,0.011264,0.0454545,0.011264,0.181818,0.011264,0.727273,0.011264,2.90909,0.011264,11.6364,0.011264,42.6667,0.012288,157.538,0.013312,431.158,0.019456,630.154,0.053248,771.012,0.17408,823.058,0.652288,812.22,2.64397,808.93,10.6189,
0.0113636,0.011264,0.0454545,0.011264,0.181818,0.011264,0.727273,0.011264,2.90909,0.011264,11.6364,0.011264,46.5455,0.011264,157.538,0.013312,431.158,0.019456,606.815,0.055296,775.574,0.173056,823.058,0.652288,813.165,2.6409,808.93,10.6189,
0.0104167,0.012288,0.05,0.01024,0.181818,0.011264,0.727273,0.011264,2.66667,0.012288,11.6364,0.011264,42.6667,0.012288,170.667,0.012288,409.6,0.02048,630.154,0.053248,766.503,0.175104,824.352,0.651264,812.22,2.64397,808.852,10.6199,
0.0104167,0.012288,0.0454545,0.011264,0.181818,0.011264,0.727273,0.011264,2.90909,0.011264,10.6667,0.012288,42.6667,0.012288,157.538,0.013312,431.158,0.019456,630.154,0.053248,780.19,0.172032,820.482,0.654336,812.22,2.64397,808.541,10.624,
0.0113636,0.011264,0.0454545,0.011264,0.181818,0.011264,0.727273,0.011264,2.90909,0.011264,10.6667,0.012288,42.6667,0.012288,146.286,0.014336,431.158,0.019456,606.815,0.055296,780.19,0.172032,817.922,0.656384,812.22,2.64397,809.008,10.6179,
0.0104167,0.012288,0.0454545,0.011264,0.181818,0.011264,0.727273,0.011264,2.66667,0.012288,11.6364,0.011264,42.6667,0.012288,146.286,0.014336,431.158,0.019456,630.154,0.053248,775.574,0.173056,820.482,0.654336,812.22,2.64397,808.307,10.6271,
0.0104167,0.012288,0.0454545,0.011264,0.133333,0.01536,0.727273,0.011264,2.66667,0.012288,11.6364,0.011264,46.5455,0.011264,157.538,0.013312,431.158,0.019456,595.782,0.05632,784.862,0.171008,824.352,0.651264,812.85,2.64192,809.008,10.6179,
0.0113636,0.011264,0.0454545,0.011264,0.181818,0.011264,0.727273,0.011264,2.90909,0.011264,11.6364,0.011264,42.6667,0.012288,146.286,0.014336,455.111,0.018432,618.264,0.054272,784.862,0.171008,820.482,0.654336,812.85,2.64192,809.321,10.6138,
0.0113636,0.011264,0.0454545,0.011264,0.181818,0.011264,0.666667,0.012288,2.90909,0.011264,11.6364,0.011264,46.5455,0.011264,157.538,0.013312,431.158,0.019456,618.264,0.054272,784.862,0.171008,824.352,0.651264,813.796,2.63885,808.151,10.6291,
0.0104167,0.012288,0.0454545,0.011264,0.181818,0.011264,0.666667,0.012288,2.90909,0.011264,10.6667,0.012288,42.6667,0.012288,157.538,0.013312,431.158,0.019456,642.51,0.052224,789.59,0.169984,824.352,0.651264,812.85,2.64192,807.84,10.6332,
0.0113636,0.011264,0.0454545,0.011264,0.166667,0.012288,0.727273,0.011264,2.90909,0.011264,11.6364,0.011264,39.3846,0.013312,146.286,0.014336,409.6,0.02048,630.154,0.053248,784.862,0.171008,824.352,0.651264,812.85,2.64192,808.307,10.6271,
0.0113636,0.011264,0.0454545,0.011264,0.181818,0.011264,0.727273,0.011264,2.90909,0.011264,11.6364,0.011264,42.6667,0.012288,146.286,0.014336,409.6,0.02048,630.154,0.053248,775.574,0.173056,821.768,0.653312,812.535,2.64294,808.696,10.622,
0.0113636,0.011264,0.0454545,0.011264,0.181818,0.011264,0.8,0.01024,2.66667,0.012288,10.6667,0.012288,39.3846,0.013312,146.286,0.014336,431.158,0.019456,595.782,0.05632,784.862,0.171008,821.768,0.653312,812.535,2.64294,808.93,10.6189,
0.0113636,0.011264,0.0454545,0.011264,0.181818,0.011264,0.727273,0.011264,2.66667,0.012288,10.6667,0.012288,46.5455,0.011264,157.538,0.013312,455.111,0.018432,143.719,0.233472,775.574,0.173056,820.482,0.654336,812.85,2.64192,809.633,10.6097,
0.0104167,0.012288,0.0416667,0.012288,0.181818,0.011264,0.727273,0.011264,2.66667,0.012288,11.6364,0.011264,42.6667,0.012288,170.667,0.012288,431.158,0.019456,606.815,0.055296,775.574,0.173056,817.922,0.656384,814.112,2.63782,808.774,10.6209,
0.0113636,0.011264,0.0416667,0.012288,0.2,0.01024,0.727273,0.011264,2.90909,0.011264,11.6364,0.011264,42.6667,0.012288,157.538,0.013312,431.158,0.019456,618.264,0.054272,766.503,0.175104,819.2,0.65536,813.48,2.63987,808.852,10.6199,
0.0113636,0.011264,0.0454545,0.011264,0.181818,0.011264,0.727273,0.011264,2.90909,0.011264,11.6364,0.011264,42.6667,0.012288,157.538,0.013312,431.158,0.019456,618.264,0.054272,766.503,0.175104,820.482,0.654336,813.165,2.6409,808.541,10.624,
0.0113636,0.011264,0.0416667,0.012288,0.181818,0.011264,0.727273,0.011264,2.90909,0.011264,11.6364,0.011264,42.6667,0.012288,157.538,0.013312,455.111,0.018432,618.264,0.054272,766.503,0.175104,823.058,0.652288,812.22,2.64397,809.164,10.6158,
0.0104167,0.012288,0.0454545,0.011264,0.166667,0.012288,0.615385,0.013312,2.90909,0.011264,11.6364,0.011264,46.5455,0.011264,157.538,0.013312,455.111,0.018432,642.51,0.052224,766.503,0.175104,825.65,0.65024,813.165,2.6409,808.852,10.6199,
0.0113636,0.011264,0.0454545,0.011264,0.181818,0.011264,0.727273,0.011264,2.90909,0.011264,11.6364,0.011264,42.6667,0.012288,157.538,0.013312,455.111,0.018432,630.154,0.053248,771.012,0.17408,824.352,0.651264,812.85,2.64192,808.151,10.6291,
0.0104167,0.012288,0.0454545,0.011264,0.166667,0.012288,0.727273,0.011264,2.90909,0.011264,11.6364,0.011264,39.3846,0.013312,157.538,0.013312,431.158,0.019456,642.51,0.052224,771.012,0.17408,821.768,0.653312,814.428,2.6368,808.852,10.6199,
0.0104167,0.012288,0.0416667,0.012288,0.181818,0.011264,0.727273,0.011264,2.90909,0.011264,11.6364,0.011264,42.6667,0.012288,157.538,0.013312,431.158,0.019456,630.154,0.053248,771.012,0.17408,821.768,0.653312,813.48,2.63987,808.93,10.6189,
0.0104167,0.012288,0.0454545,0.011264,0.181818,0.011264,0.727273,0.011264,2.90909,0.011264,11.6364,0.011264,42.6667,0.012288,146.286,0.014336,455.111,0.018432,642.51,0.052224,771.012,0.17408,821.768,0.653312,812.535,2.64294,808.696,10.622,
0.0113636,0.011264,0.0454545,0.011264,0.181818,0.011264,0.727273,0.011264,2.90909,0.011264,10.6667,0.012288,42.6667,0.012288,146.286,0.014336,431.158,0.019456,642.51,0.052224,762.047,0.176128,820.482,0.654336,812.535,2.64294,809.086,10.6168,
0.0113636,0.011264,0.0454545,0.011264,0.181818,0.011264,0.727273,0.011264,2.66667,0.012288,9.84615,0.013312,42.6667,0.012288,157.538,0.013312,455.111,0.018432,630.154,0.053248,775.574,0.173056,817.922,0.656384,813.165,2.6409,808.852,10.6199,
0.0113636,0.011264,0.0454545,0.011264,0.181818,0.011264,0.727273,0.011264,2.66667,0.012288,11.6364,0.011264,42.6667,0.012288,157.538,0.013312,431.158,0.019456,618.264,0.054272,771.012,0.17408,819.2,0.65536,812.535,2.64294,808.696,10.622,
0.0113636,0.011264,0.05,0.01024,0.166667,0.012288,0.727273,0.011264,2.90909,0.011264,11.6364,0.011264,42.6667,0.012288,157.538,0.013312,431.158,0.019456,618.264,0.054272,771.012,0.17408,821.768,0.653312,813.48,2.63987,808.852,10.6199,
0.0104167,0.012288,0.0454545,0.011264,0.181818,0.011264,0.666667,0.012288,2.90909,0.011264,10.6667,0.012288,42.6667,0.012288,157.538,0.013312,431.158,0.019456,618.264,0.054272,771.012,0.17408,824.352,0.651264,813.48,2.63987,808.774,10.6209,
0.0113636,0.011264,0.0454545,0.011264,0.166667,0.012288,0.727273,0.011264,2.66667,0.012288,10.6667,0.012288,42.6667,0.012288,157.538,0.013312,455.111,0.018432,630.154,0.053248,771.012,0.17408,823.058,0.652288,812.535,2.64294,809.086,10.6168,
0.0113636,0.011264,0.0454545,0.011264,0.181818,0.011264,0.727273,0.011264,2.90909,0.011264,10.6667,0.012288,42.6667,0.012288,157.538,0.013312,431.158,0.019456,618.264,0.054272,771.012,0.17408,820.482,0.654336,812.85,2.64192,808.696,10.622,
0.0104167,0.012288,0.0454545,0.011264,0.166667,0.012288,0.727273,0.011264,2.66667,0.012288,10.6667,0.012288,42.6667,0.012288,157.538,0.013312,431.158,0.019456,630.154,0.053248,775.574,0.173056,824.352,0.651264,812.85,2.64192,808.696,10.622,
0.0113636,0.011264,0.0416667,0.012288,0.181818,0.011264,0.727273,0.011264,2.90909,0.011264,11.6364,0.011264,39.3846,0.013312,157.538,0.013312,431.158,0.019456,642.51,0.052224,766.503,0.175104,824.352,0.651264,813.165,2.6409,808.696,10.622,
0.0113636,0.011264,0.0454545,0.011264,0.166667,0.012288,0.727273,0.011264,2.66667,0.012288,10.6667,0.012288,42.6667,0.012288,157.538,0.013312,431.158,0.019456,618.264,0.054272,771.012,0.17408,821.768,0.653312,813.48,2.63987,807.84,10.6332,
0.0113636,0.011264,0.0416667,0.012288,0.2,0.01024,0.727273,0.011264,2.90909,0.011264,11.6364,0.011264,42.6667,0.012288,146.286,0.014336,431.158,0.019456,618.264,0.054272,766.503,0.175104,820.482,0.654336,813.48,2.63987,808.073,10.6301,
0.0104167,0.012288,0.0454545,0.011264,0.181818,0.011264,0.727273,0.011264,2.90909,0.011264,11.6364,0.011264,42.6667,0.012288,157.538,0.013312,431.158,0.019456,642.51,0.052224,775.574,0.173056,819.2,0.65536,813.165,2.6409,808.774,10.6209,
0.0113636,0.011264,0.0454545,0.011264,0.181818,0.011264,0.727273,0.011264,2.66667,0.012288,11.6364,0.011264,39.3846,0.013312,157.538,0.013312,409.6,0.02048,642.51,0.052224,766.503,0.175104,819.2,0.65536,813.165,2.6409,809.242,10.6148,
0.0113636,0.011264,0.0454545,0.011264,0.181818,0.011264,0.727273,0.011264,2.66667,0.012288,11.6364,0.011264,39.3846,0.013312,157.538,0.013312,431.158,0.019456,642.51,0.052224,771.012,0.17408,814.112,0.659456,812.22,2.64397,809.789,10.6076,
0.0113636,0.011264,0.0454545,0.011264,0.166667,0.012288,0.727273,0.011264,2.66667,0.012288,10.6667,0.012288,42.6667,0.012288,146.286,0.014336,455.111,0.018432,642.51,0.052224,771.012,0.17408,820.482,0.654336,813.48,2.63987,809.946,10.6056,
0.0113636,0.011264,0.0454545,0.011264,0.166667,0.012288,0.727273,0.011264,2.66667,0.012288,11.6364,0.011264,39.3846,0.013312,146.286,0.014336,431.158,0.019456,606.815,0.055296,771.012,0.17408,824.352,0.651264,813.48,2.63987,809.086,10.6168,
0.0113636,0.011264,0.0454545,0.011264,0.181818,0.011264,0.727273,0.011264,2.90909,0.011264,10.6667,0.012288,42.6667,0.012288,146.286,0.014336,431.158,0.019456,630.154,0.053248,766.503,0.175104,826.953,0.649216,812.85,2.64192,809.555,10.6107,
0.0104167,0.012288,0.0454545,0.011264,0.181818,0.011264,0.727273,0.011264,2.90909,0.011264,10.6667,0.012288,42.6667,0.012288,157.538,0.013312,455.111,0.018432,630.154,0.053248,771.012,0.17408,821.768,0.653312,813.165,2.6409,809.164,10.6158,
0.0125,0.01024,0.0454545,0.011264,0.181818,0.011264,0.727273,0.011264,2.66667,0.012288,11.6364,0.011264,39.3846,0.013312,157.538,0.013312,431.158,0.019456,618.264,0.054272,771.012,0.17408,820.482,0.654336,812.535,2.64294,808.93,10.6189,
0.0113636,0.011264,0.05,0.01024,0.166667,0.012288,0.727273,0.011264,2.66667,0.012288,11.6364,0.011264,39.3846,0.013312,157.538,0.013312,431.158,0.019456,606.815,0.055296,775.574,0.173056,821.768,0.653312,812.85,2.64192,808.852,10.6199,
0.0113636,0.011264,0.0078125,0.065536,0.181818,0.011264,0.666667,0.012288,2.90909,0.011264,10.6667,0.012288,39.3846,0.013312,157.538,0.013312,431.158,0.019456,618.264,0.054272,771.012,0.17408,815.378,0.658432,812.535,2.64294,809.242,10.6148,
0.0113636,0.011264,0.0416667,0.012288,0.166667,0.012288,0.727273,0.011264,2.66667,0.012288,11.6364,0.011264,42.6667,0.012288,157.538,0.013312,431.158,0.019456,618.264,0.054272,771.012,0.17408,817.922,0.656384,814.428,2.6368,808.93,10.6189,
0.0113636,0.011264,0.0454545,0.011264,0.181818,0.011264,0.727273,0.011264,2.90909,0.011264,11.6364,0.011264,42.6667,0.012288,170.667,0.012288,431.158,0.019456,630.154,0.053248,771.012,0.17408,824.352,0.651264,812.85,2.64192,809.086,10.6168,
0.0113636,0.011264,0.05,0.01024,0.166667,0.012288,0.727273,0.011264,2.90909,0.011264,10.6667,0.012288,46.5455,0.011264,157.538,0.013312,431.158,0.019456,630.154,0.053248,766.503,0.175104,823.058,0.652288,813.165,2.6409,808.93,10.6189,
0.0113636,0.011264,0.0454545,0.011264,0.181818,0.011264,0.666667,0.012288,2.66667,0.012288,11.6364,0.011264,42.6667,0.012288,157.538,0.013312,431.158,0.019456,630.154,0.053248,775.574,0.173056,821.768,0.653312,812.85,2.64192,809.008,10.6179,
0.0113636,0.011264,0.0454545,0.011264,0.166667,0.012288,0.727273,0.011264,2.66667,0.012288,11.6364,0.011264,42.6667,0.012288,157.538,0.013312,431.158,0.019456,618.264,0.054272,762.047,0.176128,823.058,0.652288,812.535,2.64294,809.321,10.6138,
0.0113636,0.011264,0.0454545,0.011264,0.181818,0.011264,0.727273,0.011264,2.66667,0.012288,10.6667,0.012288,42.6667,0.012288,157.538,0.013312,431.158,0.019456,618.264,0.054272,766.503,0.175104,821.768,0.653312,812.535,2.64294,809.477,10.6117,
0.0113636,0.011264,0.0454545,0.011264,0.166667,0.012288,0.727273,0.011264,2.90909,0.011264,11.6364,0.011264,42.6667,0.012288,146.286,0.014336,431.158,0.019456,630.154,0.053248,771.012,0.17408,823.058,0.652288,813.165,2.6409,808.852,10.6199,
0.0125,0.01024,0.0416667,0.012288,0.166667,0.012288,0.727273,0.011264,2.90909,0.011264,8.53333,0.01536,42.6667,0.012288,146.286,0.014336,431.158,0.019456,630.154,0.053248,771.012,0.17408,821.768,0.653312,813.796,2.63885,809.242,10.6148,
0.0113636,0.011264,0.0454545,0.011264,0.166667,0.012288,0.727273,0.011264,2.90909,0.011264,10.6667,0.012288,39.3846,0.013312,146.286,0.014336,431.158,0.019456,630.154,0.053248,762.047,0.176128,825.65,0.65024,812.535,2.64294,809.164,10.6158,
0.0125,0.01024,0.0454545,0.011264,0.111111,0.018432,0.727273,0.011264,2.90909,0.011264,10.6667,0.012288,42.6667,0.012288,157.538,0.013312,431.158,0.019456,630.154,0.053248,766.503,0.175104,817.922,0.656384,813.48,2.63987,808.696,10.622,
0.0104167,0.012288,0.0384615,0.013312,0.166667,0.012288,0.727273,0.011264,2.66667,0.012288,10.6667,0.012288,42.6667,0.012288,157.538,0.013312,431.158,0.019456,655.36,0.0512,766.503,0.175104,820.482,0.654336,811.906,2.64499,808.774,10.6209,
0.0113636,0.011264,0.0454545,0.011264,0.166667,0.012288,0.727273,0.011264,2.90909,0.011264,10.6667,0.012288,42.6667,0.012288,146.286,0.014336,431.158,0.019456,630.154,0.053248,771.012,0.17408,823.058,0.652288,812.85,2.64192,809.477,10.6117,
0.0113636,0.011264,0.05,0.01024,0.166667,0.012288,0.727273,0.011264,2.90909,0.011264,11.6364,0.011264,42.6667,0.012288,157.538,0.013312,431.158,0.019456,618.264,0.054272,762.047,0.176128,823.058,0.652288,813.48,2.63987,808.618,10.623,
0.0125,0.01024,0.0454545,0.011264,0.166667,0.012288,0.727273,0.011264,2.90909,0.011264,11.6364,0.011264,42.6667,0.012288,157.538,0.013312,409.6,0.02048,606.815,0.055296,766.503,0.175104,821.768,0.653312,813.796,2.63885,809.555,10.6107,
0.0113636,0.011264,0.0454545,0.011264,0.181818,0.011264,0.727273,0.011264,2.90909,0.011264,11.6364,0.011264,42.6667,0.012288,157.538,0.013312,455.111,0.018432,642.51,0.052224,762.047,0.176128,823.058,0.652288,813.165,2.6409,809.633,10.6097,
0.0125,0.01024,0.0454545,0.011264,0.181818,0.011264,0.727273,0.011264,2.66667,0.012288,11.6364,0.011264,42.6667,0.012288,157.538,0.013312,431.158,0.019456,630.154,0.053248,766.503,0.175104,821.768,0.653312,812.85,2.64192,810.259,10.6015,
0.0113636,0.011264,0.0454545,0.011264,0.166667,0.012288,0.8,0.01024,2.90909,0.011264,11.6364,0.011264,39.3846,0.013312,157.538,0.013312,431.158,0.019456,618.264,0.054272,775.574,0.173056,824.352,0.651264,812.85,2.64192,810.807,10.5943,
0.0113636,0.011264,0.0454545,0.011264,0.166667,0.012288,0.727273,0.011264,2.90909,0.011264,10.6667,0.012288,42.6667,0.012288,157.538,0.013312,431.158,0.019456,618.264,0.054272,771.012,0.17408,825.65,0.65024,811.906,2.64499,811.12,10.5902,
0.0104167,0.012288,0.0454545,0.011264,0.166667,0.012288,0.727273,0.011264,2.90909,0.011264,10.6667,0.012288,42.6667,0.012288,157.538,0.013312,455.111,0.018432,618.264,0.054272,771.012,0.17408,819.2,0.65536,812.85,2.64192,810.964,10.5923,
0.0113636,0.011264,0.0454545,0.011264,0.181818,0.011264,0.727273,0.011264,2.90909,0.011264,11.6364,0.011264,42.6667,0.012288,157.538,0.013312,431.158,0.019456,630.154,0.053248,766.503,0.175104,816.648,0.657408,813.165,2.6409,810.964,10.5923,
0.0113636,0.011264,0.0454545,0.011264,0.181818,0.011264,0.727273,0.011264,2.66667,0.012288,9.84615,0.013312,39.3846,0.013312,157.538,0.013312,431.158,0.019456,630.154,0.053248,771.012,0.17408,815.378,0.658432,811.277,2.64704,810.885,10.5933,
0.0125,0.01024,0.0454545,0.011264,0.166667,0.012288,0.666667,0.012288,2.90909,0.011264,11.6364,0.011264,42.6667,0.012288,157.538,0.013312,431.158,0.019456,642.51,0.052224,775.574,0.173056,817.922,0.656384,813.48,2.63987,810.885,10.5933,
0.0113636,0.011264,0.0454545,0.011264,0.166667,0.012288,0.727273,0.011264,2.90909,0.011264,11.6364,0.011264,42.6667,0.012288,170.667,0.012288,431.158,0.019456,618.264,0.054272,762.047,0.176128,816.648,0.657408,812.535,2.64294,810.572,10.5974,
0.0113636,0.011264,0.0454545,0.011264,0.166667,0.012288,0.727273,0.011264,2.66667,0.012288,11.6364,0.011264,46.5455,0.011264,157.538,0.013312,431.158,0.019456,642.51,0.052224,775.574,0.173056,815.378,0.658432,810.964,2.64806,810.807,10.5943,
0.0113636,0.011264,0.0454545,0.011264,0.181818,0.011264,0.727273,0.011264,2.28571,0.014336,11.6364,0.011264,42.6667,0.012288,157.538,0.013312,431.158,0.019456,618.264,0.054272,744.727,0.180224,815.378,0.658432,812.85,2.64192,809.242,10.6148,
0.0113636,0.011264,0.0454545,0.011264,0.153846,0.013312,0.727273,0.011264,2.66667,0.012288,10.6667,0.012288,42.6667,0.012288,157.538,0.013312,431.158,0.019456,618.264,0.054272,775.574,0.173056,819.2,0.65536,813.165,2.6409,810.18,10.6025,
0.0104167,0.012288,0.0454545,0.011264,0.166667,0.012288,0.727273,0.011264,2.66667,0.012288,11.6364,0.011264,42.6667,0.012288,146.286,0.014336,409.6,0.02048,630.154,0.053248,766.503,0.175104,819.2,0.65536,813.796,2.63885,809.399,10.6127,
0.0113636,0.011264,0.0454545,0.011264,0.181818,0.011264,0.727273,0.011264,2.90909,0.011264,11.6364,0.011264,42.6667,0.012288,157.538,0.013312,431.158,0.019456,618.264,0.054272,766.503,0.175104,816.648,0.657408,812.85,2.64192,809.789,10.6076,
0.0113636,0.011264,0.0454545,0.011264,0.181818,0.011264,0.727273,0.011264,2.66667,0.012288,10.6667,0.012288,42.6667,0.012288,157.538,0.013312,431.158,0.019456,630.154,0.053248,775.574,0.173056,817.922,0.656384,812.535,2.64294,809.633,10.6097,
0.0125,0.01024,0.0454545,0.011264,0.181818,0.011264,0.727273,0.011264,2.90909,0.011264,10.6667,0.012288,42.6667,0.012288,157.538,0.013312,431.158,0.019456,555.39,0.060416,766.503,0.175104,819.2,0.65536,812.22,2.64397,810.024,10.6045,
0.0113636,0.011264,0.0454545,0.011264,0.166667,0.012288,0.727273,0.011264,2.90909,0.011264,11.6364,0.011264,46.5455,0.011264,157.538,0.013312,431.158,0.019456,630.154,0.053248,771.012,0.17408,819.2,0.65536,812.85,2.64192,809.633,10.6097,
0.0125,0.01024,0.0454545,0.011264,0.153846,0.013312,0.727273,0.011264,2.90909,0.011264,10.6667,0.012288,46.5455,0.011264,157.538,0.013312,409.6,0.02048,606.815,0.055296,762.047,0.176128,816.648,0.657408,812.85,2.64192,809.946,10.6056,
0.0113636,0.011264,0.0454545,0.011264,0.181818,0.011264,0.8,0.01024,2.66667,0.012288,11.6364,0.011264,46.5455,0.011264,170.667,0.012288,431.158,0.019456,642.51,0.052224,771.012,0.17408,819.2,0.65536,813.48,2.63987,809.868,10.6066,
0.0113636,0.011264,0.0454545,0.011264,0.181818,0.011264,0.727273,0.011264,2.90909,0.011264,10.6667,0.012288,46.5455,0.011264,157.538,0.013312,431.158,0.019456,630.154,0.053248,771.012,0.17408,821.768,0.653312,811.906,2.64499,809.633,10.6097,
0.00961538,0.013312,0.0416667,0.012288,0.166667,0.012288,0.666667,0.012288,2.66667,0.012288,11.6364,0.011264,39.3846,0.013312,157.538,0.013312,409.6,0.02048,618.264,0.054272,771.012,0.17408,810.337,0.662528,812.22,2.64397,809.242,10.6148,
0.0113636,0.011264,0.0454545,0.011264,0.181818,0.011264,0.727273,0.011264,2.90909,0.011264,11.6364,0.011264,39.3846,0.013312,146.286,0.014336,409.6,0.02048,618.264,0.054272,789.59,0.169984,814.112,0.659456,812.22,2.64397,809.086,10.6168,
0.0104167,0.012288,0.0454545,0.011264,0.181818,0.011264,0.8,0.01024,2.90909,0.011264,10.6667,0.012288,46.5455,0.011264,157.538,0.013312,431.158,0.019456,630.154,0.053248,569.878,0.23552,815.378,0.658432,813.796,2.63885,809.086,10.6168,
0.0113636,0.011264,0.0454545,0.011264,0.181818,0.011264,0.727273,0.011264,2.66667,0.012288,11.6364,0.011264,42.6667,0.012288,157.538,0.013312,431.158,0.019456,642.51,0.052224,780.19,0.172032,815.378,0.658432,812.85,2.64192,808.618,10.623,
0.0113636,0.011264,0.0454545,0.011264,0.166667,0.012288,0.727273,0.011264,2.90909,0.011264,10.6667,0.012288,42.6667,0.012288,157.538,0.013312,50.5679,0.165888,630.154,0.053248,784.862,0.171008,814.112,0.659456,811.591,2.64602,809.086,10.6168,
0.0104167,0.012288,0.0416667,0.012288,0.181818,0.011264,0.727273,0.011264,2.90909,0.011264,10.6667,0.012288,46.5455,0.011264,146.286,0.014336,372.364,0.022528,642.51,0.052224,784.862,0.171008,815.378,0.658432,812.535,2.64294,808.774,10.6209,
0.0113636,0.011264,0.0454545,0.011264,0.166667,0.012288,0.727273,0.011264,2.90909,0.011264,11.6364,0.011264,42.6667,0.012288,157.538,0.013312,409.6,0.02048,642.51,0.052224,784.862,0.171008,814.112,0.659456,812.22,2.64397,809.164,10.6158,
0.0113636,0.011264,0.0454545,0.011264,0.166667,0.012288,0.666667,0.012288,2.90909,0.011264,11.6364,0.011264,42.6667,0.012288,157.538,0.013312,409.6,0.02048,630.154,0.053248,780.19,0.172032,814.112,0.659456,811.906,2.64499,809.086,10.6168,
0.0113636,0.011264,0.05,0.01024,0.181818,0.011264,0.8,0.01024,2.46154,0.013312,11.6364,0.011264,42.6667,0.012288,146.286,0.014336,409.6,0.02048,630.154,0.053248,780.19,0.172032,816.648,0.657408,813.165,2.6409,809.008,10.6179,
0.0104167,0.012288,0.0454545,0.011264,0.181818,0.011264,0.727273,0.011264,2.90909,0.011264,10.6667,0.012288,46.5455,0.011264,157.538,0.013312,431.158,0.019456,642.51,0.052224,784.862,0.171008,815.378,0.658432,813.48,2.63987,808.229,10.6281,
0.0113636,0.011264,0.0454545,0.011264,0.181818,0.011264,0.727273,0.011264,2.66667,0.012288,11.6364,0.011264,42.6667,0.012288,146.286,0.014336,431.158,0.019456,606.815,0.055296,780.19,0.172032,815.378,0.658432,812.22,2.64397,809.321,10.6138,
0.0125,0.01024,0.0454545,0.011264,0.181818,0.011264,0.727273,0.011264,2.66667,0.012288,11.6364,0.011264,42.6667,0.012288,146.286,0.014336,431.158,0.019456,618.264,0.054272,784.862,0.171008,816.648,0.657408,812.22,2.64397,809.321,10.6138,
0.0113636,0.011264,0.0454545,0.011264,0.166667,0.012288,0.8,0.01024,2.90909,0.011264,11.6364,0.011264,42.6667,0.012288,157.538,0.013312,431.158,0.019456,618.264,0.054272,780.19,0.172032,812.85,0.66048,813.165,2.6409,809.242,10.6148,
0.0104167,0.012288,0.0384615,0.013312,0.181818,0.011264,0.727273,0.011264,2.90909,0.011264,10.6667,0.012288,46.5455,0.011264,157.538,0.013312,431.158,0.019456,595.782,0.05632,780.19,0.172032,817.922,0.656384,813.165,2.6409,809.164,10.6158,
0.0113636,0.011264,0.0454545,0.011264,0.166667,0.012288,0.727273,0.011264,2.90909,0.011264,11.6364,0.011264,42.6667,0.012288,146.286,0.014336,409.6,0.02048,630.154,0.053248,784.862,0.171008,815.378,0.658432,813.796,2.63885,809.242,10.6148,
0.0113636,0.011264,0.0416667,0.012288,0.181818,0.011264,0.666667,0.012288,2.66667,0.012288,10.6667,0.012288,39.3846,0.013312,146.286,0.014336,431.158,0.019456,618.264,0.054272,780.19,0.172032,816.648,0.657408,813.165,2.6409,809.399,10.6127,
0.0104167,0.012288,0.0454545,0.011264,0.181818,0.011264,0.727273,0.011264,2.66667,0.012288,9.14286,0.014336,39.3846,0.013312,157.538,0.013312,431.158,0.019456,618.264,0.054272,784.862,0.171008,821.768,0.653312,811.906,2.64499,809.242,10.6148,
0.0113636,0.011264,0.0416667,0.012288,0.181818,0.011264,0.727273,0.011264,2.90909,0.011264,11.6364,0.011264,46.5455,0.011264,157.538,0.013312,431.158,0.019456,642.51,0.052224,789.59,0.169984,819.2,0.65536,812.85,2.64192,808.852,10.6199,
0.00833333,0.01536,0.0454545,0.011264,0.166667,0.012288,0.727273,0.011264,2.90909,0.011264,10.6667,0.012288,42.6667,0.012288,157.538,0.013312,431.158,0.019456,618.264,0.054272,775.574,0.173056,823.058,0.652288,812.22,2.64397,808.774,10.6209,
0.0113636,0.011264,0.0416667,0.012288,0.181818,0.011264,0.727273,0.011264,2.90909,0.011264,11.6364,0.011264,39.3846,0.013312,157.538,0.013312,431.158,0.019456,606.815,0.055296,789.59,0.169984,823.058,0.652288,812.22,2.64397,809.242,10.6148,
0.0113636,0.011264,0.0454545,0.011264,0.181818,0.011264,0.727273,0.011264,2.90909,0.011264,10.6667,0.012288,46.5455,0.011264,157.538,0.013312,431.158,0.019456,618.264,0.054272,780.19,0.172032,821.768,0.653312,813.796,2.63885,808.774,10.6209,
0.0113636,0.011264,0.0454545,0.011264,0.166667,0.012288,0.727273,0.011264,2.90909,0.011264,10.6667,0.012288,42.6667,0.012288,157.538,0.013312,455.111,0.018432,630.154,0.053248,784.862,0.171008,820.482,0.654336,812.85,2.64192,809.164,10.6158,
0.0113636,0.011264,0.05,0.01024,0.166667,0.012288,0.8,0.01024,2.90909,0.011264,11.6364,0.011264,46.5455,0.011264,157.538,0.013312,431.158,0.019456,618.264,0.054272,784.862,0.171008,817.922,0.656384,812.535,2.64294,808.852,10.6199,
0.0113636,0.011264,0.0454545,0.011264,0.181818,0.011264,0.666667,0.012288,2.90909,0.011264,10.6667,0.012288,42.6667,0.012288,157.538,0.013312,431.158,0.019456,630.154,0.053248,780.19,0.172032,815.378,0.658432,812.85,2.64192,808.774,10.6209,
0.0113636,0.011264,0.0454545,0.011264,0.181818,0.011264,0.727273,0.011264,2.90909,0.011264,11.6364,0.011264,42.6667,0.012288,157.538,0.013312,409.6,0.02048,618.264,0.054272,784.862,0.171008,815.378,0.658432,812.535,2.64294,809.399,10.6127,
0.0125,0.01024,0.0416667,0.012288,0.117647,0.017408,0.666667,0.012288,2.90909,0.011264,11.6364,0.011264,42.6667,0.012288,157.538,0.013312,431.158,0.019456,642.51,0.052224,784.862,0.171008,815.378,0.658432,812.22,2.64397,808.93,10.6189,
0.0113636,0.011264,0.0454545,0.011264,0.166667,0.012288,0.727273,0.011264,2.90909,0.011264,11.6364,0.011264,42.6667,0.012288,157.538,0.013312,431.158,0.019456,630.154,0.053248,780.19,0.172032,816.648,0.657408,813.48,2.63987,808.774,10.6209,
0.0113636,0.011264,0.0416667,0.012288,0.181818,0.011264,0.666667,0.012288,2.66667,0.012288,11.6364,0.011264,46.5455,0.011264,146.286,0.014336,431.158,0.019456,630.154,0.053248,784.862,0.171008,814.112,0.659456,811.591,2.64602,809.008,10.6179,
0.0113636,0.011264,0.0416667,0.012288,0.181818,0.011264,0.727273,0.011264,2.66667,0.012288,11.6364,0.011264,42.6667,0.012288,157.538,0.013312,431.158,0.019456,630.154,0.053248,780.19,0.172032,815.378,0.658432,812.22,2.64397,808.463,10.625,
0.0113636,0.011264,0.0454545,0.011264,0.181818,0.011264,0.666667,0.012288,2.90909,0.011264,10.6667,0.012288,42.6667,0.012288,157.538,0.013312,431.158,0.019456,618.264,0.054272,784.862,0.171008,814.112,0.659456,812.85,2.64192,808.696,10.622,
0.0113636,0.011264,0.0454545,0.011264,0.166667,0.012288,0.727273,0.011264,2.66667,0.012288,11.6364,0.011264,42.6667,0.012288,157.538,0.013312,409.6,0.02048,642.51,0.052224,775.574,0.173056,816.648,0.657408,812.535,2.64294,808.774,10.6209,
0.0104167,0.012288,0.0454545,0.011264,0.166667,0.012288,0.727273,0.011264,2.66667,0.012288,10.6667,0.012288,42.6667,0.012288,157.538,0.013312,431.158,0.019456,618.264,0.054272,784.862,0.171008,816.648,0.657408,812.22,2.64397,808.93,10.6189,
0.0113636,0.011264,0.0454545,0.011264,0.181818,0.011264,0.666667,0.012288,2.90909,0.011264,10.6667,0.012288,42.6667,0.012288,157.538,0.013312,409.6,0.02048,630.154,0.053248,775.574,0.173056,815.378,0.658432,813.165,2.6409,808.93,10.6189,
0.0113636,0.011264,0.0454545,0.011264,0.181818,0.011264,0.666667,0.012288,2.90909,0.011264,10.6667,0.012288,42.6667,0.012288,157.538,0.013312,431.158,0.019456,618.264,0.054272,784.862,0.171008,815.378,0.658432,812.535,2.64294,808.93,10.6189,
0.0113636,0.011264,0.0454545,0.011264,0.181818,0.011264,0.666667,0.012288,2.66667,0.012288,10.6667,0.012288,36.5714,0.014336,157.538,0.013312,409.6,0.02048,630.154,0.053248,780.19,0.172032,817.922,0.656384,812.22,2.64397,808.696,10.622,
0.0113636,0.011264,0.0454545,0.011264,0.2,0.01024,0.727273,0.011264,2.46154,0.013312,10.6667,0.012288,46.5455,0.011264,146.286,0.014336,431.158,0.019456,630.154,0.053248,784.862,0.171008,815.378,0.658432,812.535,2.64294,808.774,10.6209,
0.0104167,0.012288,0.0454545,0.011264,0.181818,0.011264,0.727273,0.011264,2.66667,0.012288,11.6364,0.011264,42.6667,0.012288,157.538,0.013312,431.158,0.019456,630.154,0.053248,780.19,0.172032,814.112,0.659456,811.906,2.64499,809.242,10.6148,
0.0113636,0.011264,0.0454545,0.011264,0.181818,0.011264,0.727273,0.011264,2.90909,0.011264,10.6667,0.012288,42.6667,0.012288,146.286,0.014336,431.158,0.019456,630.154,0.053248,784.862,0.171008,815.378,0.658432,812.535,2.64294,808.541,10.624,
0.0113636,0.011264,0.0454545,0.011264,0.181818,0.011264,0.727273,0.011264,2.90909,0.011264,11.6364,0.011264,39.3846,0.013312,146.286,0.014336,431.158,0.019456,630.154,0.053248,780.19,0.172032,816.648,0.657408,812.535,2.64294,808.93,10.6189,
0.0125,0.01024,0.0454545,0.011264,0.181818,0.011264,0.727273,0.011264,2.90909,0.011264,11.6364,0.011264,42.6667,0.012288,146.286,0.014336,431.158,0.019456,618.264,0.054272,784.862,0.171008,817.922,0.656384,813.165,2.6409,809.477,10.6117,
0.0104167,0.012288,0.0454545,0.011264,0.181818,0.011264,0.727273,0.011264,2.90909,0.011264,11.6364,0.011264,42.6667,0.012288,157.538,0.013312,431.158,0.019456,630.154,0.053248,775.574,0.173056,819.2,0.65536,811.591,2.64602,808.618,10.623,
0.0113636,0.011264,0.0454545,0.011264,0.181818,0.011264,0.727273,0.011264,2.90909,0.011264,11.6364,0.011264,46.5455,0.011264,146.286,0.014336,431.158,0.019456,630.154,0.053248,789.59,0.169984,820.482,0.654336,812.535,2.64294,808.774,10.6209,
0.0113636,0.011264,0.0454545,0.011264,0.181818,0.011264,0.727273,0.011264,2.66667,0.012288,11.6364,0.011264,42.6667,0.012288,146.286,0.014336,431.158,0.019456,618.264,0.054272,775.574,0.173056,823.058,0.652288,812.535,2.64294,808.93,10.6189,
0.0113636,0.011264,0.0454545,0.011264,0.2,0.01024,0.666667,0.012288,2.66667,0.012288,11.6364,0.011264,39.3846,0.013312,146.286,0.014336,455.111,0.018432,642.51,0.052224,780.19,0.172032,820.482,0.654336,812.535,2.64294,809.008,10.6179,
0.0104167,0.012288,0.05,0.01024,0.181818,0.011264,0.727273,0.011264,3.2,0.01024,10.6667,0.012288,42.6667,0.012288,146.286,0.014336,431.158,0.019456,630.154,0.053248,780.19,0.172032,820.482,0.654336,812.85,2.64192,808.93,10.6189,
0.0113636,0.011264,0.0454545,0.011264,0.2,0.01024,0.666667,0.012288,2.90909,0.011264,10.6667,0.012288,46.5455,0.011264,146.286,0.014336,431.158,0.019456,618.264,0.054272,775.574,0.173056,821.768,0.653312,812.85,2.64192,808.618,10.623,
0.0113636,0.011264,0.05,0.01024,0.181818,0.011264,0.727273,0.011264,2.66667,0.012288,9.14286,0.014336,39.3846,0.013312,157.538,0.013312,431.158,0.019456,606.815,0.055296,789.59,0.169984,821.768,0.653312,811.906,2.64499,809.008,10.6179,
0.0113636,0.011264,0.0454545,0.011264,0.181818,0.011264,0.666667,0.012288,2.66667,0.012288,11.6364,0.011264,42.6667,0.012288,157.538,0.013312,431.158,0.019456,630.154,0.053248,784.862,0.171008,819.2,0.65536,812.535,2.64294,809.242,10.6148,
0.0113636,0.011264,0.0454545,0.011264,0.166667,0.012288,0.727273,0.011264,2.90909,0.011264,10.6667,0.012288,42.6667,0.012288,146.286,0.014336,431.158,0.019456,618.264,0.054272,780.19,0.172032,816.648,0.657408,812.22,2.64397,808.93,10.6189,
0.0113636,0.011264,0.0454545,0.011264,0.2,0.01024,0.727273,0.011264,2.90909,0.011264,10.6667,0.012288,42.6667,0.012288,146.286,0.014336,409.6,0.02048,642.51,0.052224,784.862,0.171008,815.378,0.658432,813.165,2.6409,808.618,10.623,
0.0113636,0.011264,0.0454545,0.011264,0.181818,0.011264,0.666667,0.012288,2.90909,0.011264,10.6667,0.012288,42.6667,0.012288,157.538,0.013312,431.158,0.019456,630.154,0.053248,780.19,0.172032,814.112,0.659456,813.48,2.63987,808.541,10.624,
0.0125,0.01024,0.0454545,0.011264,0.2,0.01024,0.727273,0.011264,2.90909,0.011264,10.6667,0.012288,42.6667,0.012288,157.538,0.013312,431.158,0.019456,642.51,0.052224,780.19,0.172032,819.2,0.65536,812.535,2.64294,808.774,10.6209,
0.0113636,0.011264,0.0454545,0.011264,0.181818,0.011264,0.727273,0.011264,2.90909,0.011264,10.6667,0.012288,42.6667,0.012288,146.286,0.014336,431.158,0.019456,630.154,0.053248,775.574,0.173056,814.112,0.659456,813.165,2.6409,808.618,10.623,
0.0113636,0.011264,0.0454545,0.011264,0.181818,0.011264,0.666667,0.012288,2.90909,0.011264,11.6364,0.011264,42.6667,0.012288,146.286,0.014336,431.158,0.019456,606.815,0.055296,766.503,0.175104,815.378,0.658432,812.85,2.64192,809.321,10.6138,
0.0113636,0.011264,0.05,0.01024,0.181818,0.011264,0.8,0.01024,2.66667,0.012288,10.6667,0.012288,46.5455,0.011264,157.538,0.013312,431.158,0.019456,618.264,0.054272,784.862,0.171008,816.648,0.657408,813.165,2.6409,808.541,10.624,
0.0113636,0.011264,0.0454545,0.011264,0.181818,0.011264,0.727273,0.011264,2.90909,0.011264,11.6364,0.011264,42.6667,0.012288,157.538,0.013312,409.6,0.02048,618.264,0.054272,780.19,0.172032,815.378,0.658432,812.22,2.64397,809.164,10.6158,
0.0104167,0.012288,0.0454545,0.011264,0.181818,0.011264,0.727273,0.011264,2.66667,0.012288,11.6364,0.011264,39.3846,0.013312,157.538,0.013312,431.158,0.019456,618.264,0.054272,784.862,0.171008,815.378,0.658432,813.796,2.63885,808.541,10.624,
0.0113636,0.011264,0.0416667,0.012288,0.181818,0.011264,0.666667,0.012288,2.66667,0.012288,10.6667,0.012288,42.6667,0.012288,157.538,0.013312,409.6,0.02048,606.815,0.055296,775.574,0.173056,816.648,0.657408,813.165,2.6409,808.385,10.626,
0.0104167,0.012288,0.0454545,0.011264,0.166667,0.012288,0.727273,0.011264,2.66667,0.012288,10.6667,0.012288,42.6667,0.012288,157.538,0.013312,431.158,0.019456,618.264,0.054272,784.862,0.171008,815.378,0.658432,812.85,2.64192,809.086,10.6168,
0.0113636,0.011264,0.0454545,0.011264,0.181818,0.011264,0.727273,0.011264,2.66667,0.012288,10.6667,0.012288,39.3846,0.013312,157.538,0.013312,431.158,0.019456,630.154,0.053248,775.574,0.173056,816.648,0.657408,811.906,2.64499,808.774,10.6209,
0.0104167,0.012288,0.0333333,0.01536,0.181818,0.011264,0.8,0.01024,2.66667,0.012288,10.6667,0.012288,39.3846,0.013312,157.538,0.013312,431.158,0.019456,585.143,0.057344,784.862,0.171008,816.648,0.657408,813.165,2.6409,808.93,10.6189,
0.0113636,0.011264,0.0454545,0.011264,0.181818,0.011264,0.727273,0.011264,2.66667,0.012288,11.6364,0.011264,42.6667,0.012288,157.538,0.013312,431.158,0.019456,618.264,0.054272,780.19,0.172032,815.378,0.658432,812.85,2.64192,808.307,10.6271,
0.0113636,0.011264,0.0454545,0.011264,0.181818,0.011264,0.727273,0.011264,2.90909,0.011264,7.11111,0.018432,42.6667,0.012288,157.538,0.013312,431.158,0.019456,630.154,0.053248,780.19,0.172032,815.378,0.658432,812.85,2.64192,808.774,10.6209,
0.0113636,0.011264,0.0416667,0.012288,0.181818,0.011264,0.666667,0.012288,2.90909,0.011264,9.84615,0.013312,42.6667,0.012288,157.538,0.013312,431.158,0.019456,630.154,0.053248,780.19,0.172032,816.648,0.657408,812.85,2.64192,808.696,10.622,
0.0113636,0.011264,0.0454545,0.011264,0.181818,0.011264,0.727273,0.011264,2.90909,0.011264,10.6667,0.012288,34.1333,0.01536,157.538,0.013312,431.158,0.019456,630.154,0.053248,789.59,0.169984,816.648,0.657408,812.85,2.64192,808.385,10.626,
0.00735294,0.017408,0.0454545,0.011264,0.181818,0.011264,0.727273,0.011264,2.90909,0.011264,10.6667,0.012288,42.6667,0.012288,157.538,0.013312,431.158,0.019456,655.36,0.0512,775.574,0.173056,817.922,0.656384,812.22,2.64397,807.14,10.6424,
0.0113636,0.011264,0.05,0.01024,0.166667,0.012288,0.727273,0.011264,2.90909,0.011264,10.6667,0.012288,42.6667,0.012288,157.538,0.013312,431.158,0.019456,630.154,0.053248,780.19,0.172032,823.058,0.652288,813.165,2.6409,807.918,10.6322,
0.0104167,0.012288,0.0454545,0.011264,0.181818,0.011264,0.727273,0.011264,2.90909,0.011264,10.6667,0.012288,42.6667,0.012288,157.538,0.013312,390.095,0.021504,630.154,0.053248,780.19,0.172032,821.768,0.653312,813.165,2.6409,809.321,10.6138,
0.0104167,0.012288,0.0454545,0.011264,0.181818,0.011264,0.727273,0.011264,2.90909,0.011264,10.6667,0.012288,39.3846,0.013312,146.286,0.014336,431.158,0.019456,630.154,0.053248,780.19,0.172032,824.352,0.651264,812.22,2.64397,809.164,10.6158,
0.0113636,0.011264,0.0454545,0.011264,0.181818,0.011264,0.727273,0.011264,2.90909,0.011264,10.6667,0.012288,42.6667,0.012288,157.538,0.013312,431.158,0.019456,618.264,0.054272,784.862,0.171008,820.482,0.654336,811.906,2.64499,809.086,10.6168,
0.0113636,0.011264,0.0454545,0.011264,0.181818,0.011264,0.727273,0.011264,2.66667,0.012288,10.6667,0.012288,42.6667,0.012288,157.538,0.013312,431.158,0.019456,618.264,0.054272,775.574,0.173056,821.768,0.653312,812.535,2.64294,809.555,10.6107,
0.0104167,0.012288,0.0454545,0.011264,0.181818,0.011264,0.727273,0.011264,2.90909,0.011264,10.6667,0.012288,42.6667,0.012288,146.286,0.014336,409.6,0.02048,642.51,0.052224,780.19,0.172032,823.058,0.652288,812.535,2.64294,809.086,10.6168,
0.0113636,0.011264,0.0416667,0.012288,0.117647,0.017408,0.727273,0.011264,2.66667,0.012288,10.6667,0.012288,46.5455,0.011264,157.538,0.013312,431.158,0.019456,618.264,0.054272,780.19,0.172032,815.378,0.658432,812.535,2.64294,809.008,10.6179,
0.0113636,0.011264,0.0454545,0.011264,0.181818,0.011264,0.666667,0.012288,2.90909,0.011264,11.6364,0.011264,42.6667,0.012288,146.286,0.014336,431.158,0.019456,630.154,0.053248,784.862,0.171008,815.378,0.658432,812.22,2.64397,808.541,10.624,
0.0104167,0.012288,0.05,0.01024,0.181818,0.011264,0.727273,0.011264,2.90909,0.011264,11.6364,0.011264,42.6667,0.012288,157.538,0.013312,409.6,0.02048,618.264,0.054272,780.19,0.172032,816.648,0.657408,813.165,2.6409,809.242,10.6148,
0.0104167,0.012288,0.0454545,0.011264,0.181818,0.011264,0.727273,0.011264,2.90909,0.011264,10.6667,0.012288,42.6667,0.012288,146.286,0.014336,431.158,0.019456,618.264,0.054272,789.59,0.169984,812.85,0.66048,812.22,2.64397,808.618,10.623,
0.0113636,0.011264,0.0454545,0.011264,0.181818,0.011264,0.727273,0.011264,2.66667,0.012288,10.6667,0.012288,42.6667,0.012288,157.538,0.013312,431.158,0.019456,618.264,0.054272,775.574,0.173056,816.648,0.657408,812.535,2.64294,808.618,10.623,
0.0113636,0.011264,0.0416667,0.012288,0.181818,0.011264,0.666667,0.012288,2.66667,0.012288,10.6667,0.012288,42.6667,0.012288,18.2857,0.114688,431.158,0.019456,595.782,0.05632,789.59,0.169984,815.378,0.658432,810.964,2.64806,808.463,10.625,
0.0113636,0.011264,0.0454545,0.011264,0.181818,0.011264,0.727273,0.011264,2.90909,0.011264,11.6364,0.011264,39.3846,0.013312,136.533,0.01536,431.158,0.019456,618.264,0.054272,780.19,0.172032,815.378,0.658432,812.85,2.64192,808.696,10.622,
0.0125,0.01024,0.0454545,0.011264,0.181818,0.011264,0.727273,0.011264,2.90909,0.011264,11.6364,0.011264,42.6667,0.012288,157.538,0.013312,431.158,0.019456,630.154,0.053248,789.59,0.169984,814.112,0.659456,812.535,2.64294,809.321,10.6138,
0.0104167,0.012288,0.0454545,0.011264,0.166667,0.012288,0.727273,0.011264,2.90909,0.011264,11.6364,0.011264,42.6667,0.012288,146.286,0.014336,431.158,0.019456,630.154,0.053248,775.574,0.173056,816.648,0.657408,813.165,2.6409,809.477,10.6117,
0.0125,0.01024,0.0454545,0.011264,0.181818,0.011264,0.727273,0.011264,2.90909,0.011264,10.6667,0.012288,42.6667,0.012288,157.538,0.013312,431.158,0.019456,642.51,0.052224,784.862,0.171008,816.648,0.657408,813.165,2.6409,809.868,10.6066,
0.0113636,0.011264,0.0454545,0.011264,0.166667,0.012288,0.727273,0.011264,2.66667,0.012288,10.6667,0.012288,39.3846,0.013312,157.538,0.013312,431.158,0.019456,642.51,0.052224,780.19,0.172032,816.648,0.657408,812.535,2.64294,810.494,10.5984,
0.0113636,0.011264,0.0454545,0.011264,0.181818,0.011264,0.727273,0.011264,2.90909,0.011264,10.6667,0.012288,42.6667,0.012288,157.538,0.013312,455.111,0.018432,618.264,0.054272,775.574,0.173056,815.378,0.658432,813.165,2.6409,810.65,10.5964,
0.0113636,0.011264,0.0454545,0.011264,0.166667,0.012288,0.727273,0.011264,2.90909,0.011264,11.6364,0.011264,42.6667,0.012288,157.538,0.013312,431.158,0.019456,630.154,0.053248,780.19,0.172032,816.648,0.657408,813.165,2.6409,810.964,10.5923,
0.0113636,0.011264,0.0416667,0.012288,0.181818,0.011264,0.666667,0.012288,2.66667,0.012288,10.6667,0.012288,42.6667,0.012288,157.538,0.013312,431.158,0.019456,630.154,0.053248,780.19,0.172032,816.648,0.657408,813.165,2.6409,810.807,10.5943,
0.0113636,0.011264,0.0454545,0.011264,0.181818,0.011264,0.727273,0.011264,2.66667,0.012288,11.6364,0.011264,42.6667,0.012288,157.538,0.013312,431.158,0.019456,618.264,0.054272,784.862,0.171008,815.378,0.658432,812.85,2.64192,810.65,10.5964,
0.0125,0.01024,0.0416667,0.012288,0.181818,0.011264,0.666667,0.012288,2.66667,0.012288,11.6364,0.011264,42.6667,0.012288,157.538,0.013312,431.158,0.019456,630.154,0.053248,789.59,0.169984,816.648,0.657408,813.48,2.63987,810.729,10.5953,
0.0113636,0.011264,0.0454545,0.011264,0.166667,0.012288,0.727273,0.011264,2.90909,0.011264,11.6364,0.011264,42.6667,0.012288,157.538,0.013312,431.158,0.019456,618.264,0.054272,780.19,0.172032,816.648,0.657408,812.85,2.64192,810.415,10.5994,
0.0113636,0.011264,0.0416667,0.012288,0.181818,0.011264,0.666667,0.012288,2.66667,0.012288,11.6364,0.011264,42.6667,0.012288,157.538,0.013312,431.158,0.019456,642.51,0.052224,780.19,0.172032,816.648,0.657408,813.165,2.6409,810.259,10.6015,
0.0113636,0.011264,0.0454545,0.011264,0.181818,0.011264,0.727273,0.011264,2.66667,0.012288,10.6667,0.012288,42.6667,0.012288,157.538,0.013312,431.158,0.019456,618.264,0.054272,784.862,0.171008,820.482,0.654336,812.85,2.64192,810.024,10.6045,
0.0113636,0.011264,0.0454545,0.011264,0.181818,0.011264,0.666667,0.012288,2.66667,0.012288,10.6667,0.012288,46.5455,0.011264,157.538,0.013312,431.158,0.019456,630.154,0.053248,784.862,0.171008,823.058,0.652288,811.906,2.64499,810.102,10.6035,
0.0113636,0.011264,0.0416667,0.012288,0.166667,0.012288,0.727273,0.011264,2.66667,0.012288,11.6364,0.011264,42.6667,0.012288,157.538,0.013312,409.6,0.02048,618.264,0.054272,771.012,0.17408,820.482,0.654336,812.85,2.64192,809.946,10.6056,
0.0113636,0.011264,0.0454545,0.011264,0.181818,0.011264,0.727273,0.011264,2.66667,0.012288,11.6364,0.011264,46.5455,0.011264,146.286,0.014336,431.158,0.019456,618.264,0.054272,766.503,0.175104,821.768,0.653312,813.48,2.63987,810.024,10.6045,
0.0113636,0.011264,0.0454545,0.011264,0.181818,0.011264,0.727273,0.011264,2.90909,0.011264,11.6364,0.011264,39.3846,0.013312,157.538,0.013312,431.158,0.019456,606.815,0.055296,780.19,0.172032,823.058,0.652288,813.165,2.6409,810.024,10.6045,
0.0125,0.01024,0.0454545,0.011264,0.181818,0.011264,0.666667,0.012288,2.90909,0.011264,10.6667,0.012288,42.6667,0.012288,146.286,0.014336,409.6,0.02048,642.51,0.052224,780.19,0.172032,821.768,0.653312,812.22,2.64397,809.789,10.6076,
0.0113636,0.011264,0.05,0.01024,0.181818,0.011264,0.727273,0.011264,2.90909,0.011264,10.6667,0.012288,42.6667,0.012288,146.286,0.014336,431.158,0.019456,630.154,0.053248,775.574,0.173056,817.922,0.656384,812.535,2.64294,810.102,10.6035,
0.0113636,0.011264,0.0454545,0.011264,0.2,0.01024,0.727273,0.011264,2.90909,0.011264,11.6364,0.011264,46.5455,0.011264,157.538,0.013312,431.158,0.019456,630.154,0.053248,784.862,0.171008,815.378,0.658432,812.85,2.64192,809.946,10.6056,
0.0113636,0.011264,0.0454545,0.011264,0.181818,0.011264,0.727273,0.011264,2.90909,0.011264,11.6364,0.011264,42.6667,0.012288,146.286,0.014336,409.6,0.02048,618.264,0.054272,789.59,0.169984,817.922,0.656384,812.535,2.64294,809.946,10.6056,
0.0113636,0.011264,0.0416667,0.012288,0.181818,0.011264,0.666667,0.012288,2.90909,0.011264,10.6667,0.012288,39.3846,0.013312,157.538,0.013312,431.158,0.019456,618.264,0.054272,780.19,0.172032,815.378,0.658432,813.48,2.63987,810.102,10.6035,
0.0104167,0.012288,0.0454545,0.011264,0.181818,0.011264,0.8,0.01024,2.90909,0.011264,11.6364,0.011264,42.6667,0.012288,157.538,0.013312,455.111,0.018432,697.191,0.048128,447.345,0.300032,814.112,0.659456,811.906,2.64499,808.618,10.623,
0.0125,0.01024,0.05,0.01024,0.2,0.01024,0.727273,0.011264,2.90909,0.011264,12.8,0.01024,46.5455,0.011264,170.667,0.012288,455.111,0.018432,682.667,0.049152,775.574,0.173056,817.922,0.656384,813.165,2.6409,809.321,10.6138,
0.0113636,0.011264,0.05,0.01024,0.181818,0.011264,0.8,0.01024,3.2,0.01024,11.6364,0.011264,46.5455,0.011264,170.667,0.012288,455.111,0.018432,668.735,0.050176,766.503,0.175104,817.922,0.656384,813.165,2.6409,809.008,10.6179,
0.0125,0.01024,0.0454545,0.011264,0.2,0.01024,0.727273,0.011264,3.2,0.01024,11.6364,0.011264,46.5455,0.011264,157.538,0.013312,431.158,0.019456,655.36,0.0512,766.503,0.175104,815.378,0.658432,812.22,2.64397,809.242,10.6148,
0.0113636,0.011264,0.0454545,0.011264,0.181818,0.011264,0.8,0.01024,2.90909,0.011264,12.8,0.01024,46.5455,0.011264,157.538,0.013312,481.882,0.017408,655.36,0.0512,762.047,0.176128,816.648,0.657408,812.535,2.64294,808.852,10.6199,
0.0125,0.01024,0.0454545,0.011264,0.2,0.01024,0.727273,0.011264,2.90909,0.011264,12.8,0.01024,46.5455,0.011264,157.538,0.013312,455.111,0.018432,668.735,0.050176,771.012,0.17408,815.378,0.658432,812.85,2.64192,808.696,10.622,
0.0125,0.01024,0.05,0.01024,0.2,0.01024,0.8,0.01024,2.90909,0.011264,11.6364,0.011264,46.5455,0.011264,170.667,0.012288,481.882,0.017408,668.735,0.050176,775.574,0.173056,816.648,0.657408,813.796,2.63885,808.93,10.6189,
0.0125,0.01024,0.0454545,0.011264,0.2,0.01024,0.8,0.01024,3.2,0.01024,11.6364,0.011264,46.5455,0.011264,170.667,0.012288,481.882,0.017408,655.36,0.0512,766.503,0.175104,816.648,0.657408,813.165,2.6409,809.008,10.6179,
0.0125,0.01024,0.05,0.01024,0.181818,0.011264,0.8,0.01024,2.46154,0.013312,12.8,0.01024,42.6667,0.012288,170.667,0.012288,481.882,0.017408,273.067,0.12288,771.012,0.17408,816.648,0.657408,812.535,2.64294,808.93,10.6189,
0.0113636,0.011264,0.0454545,0.011264,0.2,0.01024,0.8,0.01024,2.90909,0.011264,11.6364,0.011264,46.5455,0.011264,170.667,0.012288,481.882,0.017408,682.667,0.049152,766.503,0.175104,817.922,0.656384,812.85,2.64192,807.918,10.6322,
0.0125,0.01024,0.05,0.01024,0.181818,0.011264,0.8,0.01024,3.2,0.01024,11.6364,0.011264,42.6667,0.012288,170.667,0.012288,481.882,0.017408,668.735,0.050176,771.012,0.17408,817.922,0.656384,812.535,2.64294,809.086,10.6168,
0.0125,0.01024,0.0454545,0.011264,0.2,0.01024,0.8,0.01024,2.66667,0.012288,11.6364,0.011264,46.5455,0.011264,170.667,0.012288,455.111,0.018432,642.51,0.052224,775.574,0.173056,819.2,0.65536,812.535,2.64294,808.852,10.6199,
0.0113636,0.011264,0.05,0.01024,0.2,0.01024,0.727273,0.011264,3.2,0.01024,12.8,0.01024,46.5455,0.011264,157.538,0.013312,481.882,0.017408,655.36,0.0512,771.012,0.17408,817.922,0.656384,814.112,2.63782,809.242,10.6148,
0.0113636,0.011264,0.0454545,0.011264,0.2,0.01024,0.8,0.01024,2.90909,0.011264,11.6364,0.011264,46.5455,0.011264,170.667,0.012288,455.111,0.018432,655.36,0.0512,771.012,0.17408,817.922,0.656384,813.48,2.63987,809.242,10.6148,
0.0125,0.01024,0.05,0.01024,0.2,0.01024,0.8,0.01024,2.90909,0.011264,12.8,0.01024,46.5455,0.011264,170.667,0.012288,481.882,0.017408,655.36,0.0512,775.574,0.173056,815.378,0.658432,812.535,2.64294,808.852,10.6199,
0.0113636,0.011264,0.0454545,0.011264,0.2,0.01024,0.727273,0.011264,3.2,0.01024,11.6364,0.011264,46.5455,0.011264,170.667,0.012288,481.882,0.017408,642.51,0.052224,775.574,0.173056,817.922,0.656384,812.22,2.64397,809.242,10.6148,
0.0125,0.01024,0.05,0.01024,0.181818,0.011264,0.8,0.01024,2.90909,0.011264,12.8,0.01024,46.5455,0.011264,157.538,0.013312,481.882,0.017408,655.36,0.0512,775.574,0.173056,815.378,0.658432,813.165,2.6409,809.164,10.6158,
0.0125,0.01024,0.05,0.01024,0.2,0.01024,0.205128,0.039936,3.2,0.01024,11.6364,0.011264,46.5455,0.011264,157.538,0.013312,455.111,0.018432,655.36,0.0512,771.012,0.17408,816.648,0.657408,812.535,2.64294,808.696,10.622,
0.0125,0.01024,0.05,0.01024,0.181818,0.011264,0.727273,0.011264,3.2,0.01024,12.8,0.01024,42.6667,0.012288,170.667,0.012288,481.882,0.017408,655.36,0.0512,766.503,0.175104,819.2,0.65536,813.796,2.63885,809.477,10.6117,
0.0125,0.01024,0.0454545,0.011264,0.2,0.01024,0.8,0.01024,2.90909,0.011264,11.6364,0.011264,46.5455,0.011264,170.667,0.012288,481.882,0.017408,682.667,0.049152,766.503,0.175104,820.482,0.654336,813.48,2.63987,808.93,10.6189,
0.0113636,0.011264,0.05,0.01024,0.181818,0.011264,0.8,0.01024,3.2,0.01024,12.8,0.01024,46.5455,0.011264,170.667,0.012288,481.882,0.017408,655.36,0.0512,771.012,0.17408,824.352,0.651264,812.85,2.64192,808.618,10.623,
0.0125,0.01024,0.0454545,0.011264,0.2,0.01024,0.727273,0.011264,3.2,0.01024,12.8,0.01024,46.5455,0.011264,170.667,0.012288,481.882,0.017408,668.735,0.050176,766.503,0.175104,824.352,0.651264,812.535,2.64294,809.086,10.6168,
0.0113636,0.011264,0.05,0.01024,0.2,0.01024,0.8,0.01024,3.2,0.01024,12.8,0.01024,51.2,0.01024,120.471,0.017408,481.882,0.017408,655.36,0.0512,775.574,0.173056,824.352,0.651264,812.85,2.64192,809.164,10.6158,
0.0125,0.01024,0.05,0.01024,0.2,0.01024,0.8,0.01024,2.90909,0.011264,12.8,0.01024,46.5455,0.011264,157.538,0.013312,481.882,0.017408,642.51,0.052224,771.012,0.17408,821.768,0.653312,812.85,2.64192,808.93,10.6189,
0.0104167,0.012288,0.05,0.01024,0.181818,0.011264,0.727273,0.011264,2.90909,0.011264,11.6364,0.011264,46.5455,0.011264,157.538,0.013312,455.111,0.018432,668.735,0.050176,771.012,0.17408,821.768,0.653312,813.48,2.63987,809.086,10.6168,
0.0125,0.01024,0.05,0.01024,0.2,0.01024,0.8,0.01024,2.90909,0.011264,11.6364,0.011264,46.5455,0.011264,157.538,0.013312,481.882,0.017408,655.36,0.0512,775.574,0.173056,814.112,0.659456,813.796,2.63885,809.086,10.6168,
0.0113636,0.011264,0.05,0.01024,0.2,0.01024,0.8,0.01024,2.90909,0.011264,12.8,0.01024,46.5455,0.011264,146.286,0.014336,481.882,0.017408,655.36,0.0512,789.59,0.169984,815.378,0.658432,812.535,2.64294,809.086,10.6168,
0.0113636,0.011264,0.0454545,0.011264,0.2,0.01024,0.727273,0.011264,2.90909,0.011264,11.6364,0.011264,51.2,0.01024,170.667,0.012288,481.882,0.017408,655.36,0.0512,780.19,0.172032,815.378,0.658432,812.22,2.64397,809.477,10.6117,
0.0113636,0.011264,0.05,0.01024,0.2,0.01024,0.8,0.01024,3.2,0.01024,11.6364,0.011264,46.5455,0.011264,170.667,0.012288,481.882,0.017408,655.36,0.0512,789.59,0.169984,817.922,0.656384,812.85,2.64192,808.618,10.623,
0.0125,0.01024,0.05,0.01024,0.2,0.01024,0.727273,0.011264,2.90909,0.011264,12.8,0.01024,46.5455,0.011264,170.667,0.012288,481.882,0.017408,642.51,0.052224,780.19,0.172032,817.922,0.656384,813.796,2.63885,808.774,10.6209,
0.0125,0.01024,0.05,0.01024,0.181818,0.011264,0.8,0.01024,3.2,0.01024,12.8,0.01024,46.5455,0.011264,157.538,0.013312,455.111,0.018432,655.36,0.0512,784.862,0.171008,815.378,0.658432,814.112,2.63782,808.307,10.6271,
0.0113636,0.011264,0.0454545,0.011264,0.2,0.01024,0.727273,0.011264,3.2,0.01024,11.6364,0.011264,46.5455,0.011264,170.667,0.012288,481.882,0.017408,642.51,0.052224,780.19,0.172032,819.2,0.65536,814.112,2.63782,808.463,10.625,
0.0125,0.01024,0.05,0.01024,0.2,0.01024,0.8,0.01024,2.66667,0.012288,11.6364,0.011264,46.5455,0.011264,170.667,0.012288,455.111,0.018432,642.51,0.052224,784.862,0.171008,817.922,0.656384,813.48,2.63987,808.385,10.626,
0.0125,0.01024,0.05,0.01024,0.2,0.01024,0.8,0.01024,3.2,0.01024,11.6364,0.011264,46.5455,0.011264,170.667,0.012288,481.882,0.017408,630.154,0.053248,789.59,0.169984,819.2,0.65536,813.796,2.63885,809.008,10.6179,
0.0113636,0.011264,0.05,0.01024,0.2,0.01024,0.727273,0.011264,2.90909,0.011264,11.6364,0.011264,46.5455,0.011264,170.667,0.012288,481.882,0.017408,655.36,0.0512,780.19,0.172032,817.922,0.656384,813.796,2.63885,808.541,10.624,
0.0125,0.01024,0.05,0.01024,0.2,0.01024,0.8,0.01024,2.66667,0.012288,11.6364,0.011264,46.5455,0.011264,170.667,0.012288,481.882,0.017408,655.36,0.0512,780.19,0.172032,819.2,0.65536,814.112,2.63782,808.774,10.6209,
0.0113636,0.011264,0.0454545,0.011264,0.2,0.01024,0.8,0.01024,2.90909,0.011264,12.8,0.01024,46.5455,0.011264,170.667,0.012288,455.111,0.018432,655.36,0.0512,775.574,0.173056,816.648,0.657408,812.85,2.64192,808.93,10.6189,
0.0125,0.01024,0.0454545,0.011264,0.2,0.01024,0.8,0.01024,3.2,0.01024,12.8,0.01024,46.5455,0.011264,170.667,0.012288,481.882,0.017408,655.36,0.0512,771.012,0.17408,816.648,0.657408,813.165,2.6409,808.774,10.6209,
0.0113636,0.011264,0.05,0.01024,0.181818,0.011264,0.8,0.01024,2.90909,0.011264,12.8,0.01024,39.3846,0.013312,157.538,0.013312,481.882,0.017408,655.36,0.0512,762.047,0.176128,816.648,0.657408,814.112,2.63782,808.93,10.6189,
0.0125,0.01024,0.0454545,0.011264,0.2,0.01024,0.727273,0.011264,2,0.016384,10.6667,0.012288,46.5455,0.011264,170.667,0.012288,481.882,0.017408,642.51,0.052224,766.503,0.175104,815.378,0.658432,814.428,2.6368,809.242,10.6148,
0.0113636,0.011264,0.05,0.01024,0.2,0.01024,0.8,0.01024,3.2,0.01024,11.6364,0.011264,46.5455,0.011264,170.667,0.012288,455.111,0.018432,655.36,0.0512,775.574,0.173056,817.922,0.656384,813.796,2.63885,808.151,10.6291,
0.0125,0.01024,0.0454545,0.011264,0.2,0.01024,0.727273,0.011264,2.90909,0.011264,11.6364,0.011264,46.5455,0.011264,170.667,0.012288,481.882,0.017408,655.36,0.0512,771.012,0.17408,816.648,0.657408,812.85,2.64192,808.385,10.626,
0.0113636,0.011264,0.05,0.01024,0.181818,0.011264,0.8,0.01024,2.66667,0.012288,11.6364,0.011264,46.5455,0.011264,170.667,0.012288,455.111,0.018432,642.51,0.052224,766.503,0.175104,817.922,0.656384,814.112,2.63782,808.385,10.626,
0.0125,0.01024,0.0454545,0.011264,0.2,0.01024,0.8,0.01024,2.90909,0.011264,11.6364,0.011264,46.5455,0.011264,170.667,0.012288,481.882,0.017408,655.36,0.0512,775.574,0.173056,823.058,0.652288,812.535,2.64294,809.321,10.6138,
0.0113636,0.011264,0.05,0.01024,0.2,0.01024,0.8,0.01024,3.2,0.01024,11.6364,0.011264,46.5455,0.011264,170.667,0.012288,481.882,0.017408,642.51,0.052224,766.503,0.175104,821.768,0.653312,813.48,2.63987,808.852,10.6199,
0.0113636,0.011264,0.05,0.01024,0.2,0.01024,0.8,0.01024,2.90909,0.011264,11.6364,0.011264,46.5455,0.011264,170.667,0.012288,455.111,0.018432,668.735,0.050176,775.574,0.173056,825.65,0.65024,814.428,2.6368,808.774,10.6209,
0.0113636,0.011264,0.05,0.01024,0.2,0.01024,0.8,0.01024,3.2,0.01024,9.84615,0.013312,46.5455,0.011264,157.538,0.013312,481.882,0.017408,668.735,0.050176,771.012,0.17408,823.058,0.652288,813.796,2.63885,808.463,10.625,
0.0125,0.01024,0.0454545,0.011264,0.2,0.01024,0.8,0.01024,3.2,0.01024,9.84615,0.013312,46.5455,0.011264,170.667,0.012288,481.882,0.017408,642.51,0.052224,771.012,0.17408,821.768,0.653312,813.48,2.63987,808.541,10.624,
0.0113636,0.011264,0.05,0.01024,0.2,0.01024,0.8,0.01024,2.90909,0.011264,12.8,0.01024,46.5455,0.011264,146.286,0.014336,481.882,0.017408,655.36,0.0512,766.503,0.175104,823.058,0.652288,814.112,2.63782,808.93,10.6189,
0.0125,0.01024,0.0454545,0.011264,0.2,0.01024,0.8,0.01024,3.2,0.01024,11.6364,0.011264,46.5455,0.011264,157.538,0.013312,455.111,0.018432,642.51,0.052224,771.012,0.17408,817.922,0.656384,811.906,2.64499,808.774,10.6209,
0.0125,0.01024,0.05,0.01024,0.181818,0.011264,0.8,0.01024,3.2,0.01024,11.6364,0.011264,46.5455,0.011264,157.538,0.013312,481.882,0.017408,655.36,0.0512,771.012,0.17408,816.648,0.657408,813.796,2.63885,808.229,10.6281,
0.0125,0.01024,0.05,0.01024,0.2,0.01024,0.727273,0.011264,3.2,0.01024,12.8,0.01024,46.5455,0.011264,107.789,0.019456,481.882,0.017408,642.51,0.052224,766.503,0.175104,817.922,0.656384,815.061,2.63475,808.696,10.622,
0.0113636,0.011264,0.05,0.01024,0.181818,0.011264,0.8,0.01024,3.2,0.01024,11.6364,0.011264,46.5455,0.011264,146.286,0.014336,481.882,0.017408,655.36,0.0512,775.574,0.173056,815.378,0.658432,815.061,2.63475,808.229,10.6281,
0.0113636,0.011264,0.0384615,0.013312,0.2,0.01024,0.8,0.01024,2.90909,0.011264,11.6364,0.011264,46.5455,0.011264,170.667,0.012288,481.882,0.017408,655.36,0.0512,771.012,0.17408,816.648,0.657408,814.112,2.63782,808.618,10.623,
0.0113636,0.011264,0.0454545,0.011264,0.166667,0.012288,0.8,0.01024,3.2,0.01024,12.8,0.01024,42.6667,0.012288,170.667,0.012288,481.882,0.017408,668.735,0.050176,766.503,0.175104,817.922,0.656384,813.796,2.63885,808.93,10.6189,
0.0125,0.01024,0.0454545,0.011264,0.2,0.01024,0.727273,0.011264,2.90909,0.011264,12.8,0.01024,46.5455,0.011264,170.667,0.012288,481.882,0.017408,642.51,0.052224,780.19,0.172032,816.648,0.657408,813.48,2.63987,809.555,10.6107,
0.0113636,0.011264,0.05,0.01024,0.181818,0.011264,0.8,0.01024,2.66667,0.012288,11.6364,0.011264,46.5455,0.011264,170.667,0.012288,455.111,0.018432,655.36,0.0512,771.012,0.17408,816.648,0.657408,814.744,2.63578,809.399,10.6127,
0.0125,0.01024,0.05,0.01024,0.2,0.01024,0.8,0.01024,3.2,0.01024,12.8,0.01024,46.5455,0.011264,157.538,0.013312,481.882,0.017408,642.51,0.052224,771.012,0.17408,819.2,0.65536,814.428,2.6368,809.789,10.6076,
0.0113636,0.011264,0.05,0.01024,0.181818,0.011264,0.727273,0.011264,2.90909,0.011264,11.6364,0.011264,46.5455,0.011264,170.667,0.012288,481.882,0.017408,630.154,0.053248,771.012,0.17408,820.482,0.654336,813.796,2.63885,808.93,10.6189,
0.0125,0.01024,0.0454545,0.011264,0.2,0.01024,0.8,0.01024,2.90909,0.011264,11.6364,0.011264,46.5455,0.011264,170.667,0.012288,481.882,0.017408,642.51,0.052224,771.012,0.17408,812.85,0.66048,814.112,2.63782,809.164,10.6158,
0.0113636,0.011264,0.05,0.01024,0.181818,0.011264,0.8,0.01024,2.90909,0.011264,12.8,0.01024,46.5455,0.011264,170.667,0.012288,481.882,0.017408,642.51,0.052224,766.503,0.175104,812.85,0.66048,812.535,2.64294,809.164,10.6158,
0.0125,0.01024,0.05,0.01024,0.2,0.01024,0.727273,0.011264,2.90909,0.011264,11.6364,0.011264,51.2,0.01024,170.667,0.012288,481.882,0.017408,655.36,0.0512,766.503,0.175104,811.591,0.661504,813.796,2.63885,808.852,10.6199,
0.0113636,0.011264,0.05,0.01024,0.181818,0.011264,0.8,0.01024,2.66667,0.012288,11.6364,0.011264,46.5455,0.011264,170.667,0.012288,481.882,0.017408,630.154,0.053248,766.503,0.175104,812.85,0.66048,813.48,2.63987,809.008,10.6179,
0.0125,0.01024,0.0454545,0.011264,0.181818,0.011264,0.8,0.01024,2.90909,0.011264,12.8,0.01024,46.5455,0.011264,157.538,0.013312,481.882,0.017408,655.36,0.0512,775.574,0.173056,814.112,0.659456,814.112,2.63782,809.086,10.6168,
0.0113636,0.011264,0.05,0.01024,0.181818,0.011264,0.8,0.01024,3.2,0.01024,11.6364,0.011264,46.5455,0.011264,170.667,0.012288,455.111,0.018432,642.51,0.052224,771.012,0.17408,812.85,0.66048,814.112,2.63782,809.399,10.6127,
0.0125,0.01024,0.05,0.01024,0.181818,0.011264,0.727273,0.011264,3.2,0.01024,11.6364,0.011264,46.5455,0.011264,157.538,0.013312,481.882,0.017408,618.264,0.054272,771.012,0.17408,810.337,0.662528,813.48,2.63987,808.93,10.6189,
0.0125,0.01024,0.05,0.01024,0.181818,0.011264,0.8,0.01024,2.90909,0.011264,12.8,0.01024,46.5455,0.011264,170.667,0.012288,481.882,0.017408,630.154,0.053248,771.012,0.17408,811.591,0.661504,812.85,2.64192,809.321,10.6138,
0.0113636,0.011264,0.0454545,0.011264,0.2,0.01024,0.8,0.01024,3.2,0.01024,12.8,0.01024,46.5455,0.011264,170.667,0.012288,455.111,0.018432,630.154,0.053248,766.503,0.175104,816.648,0.657408,813.796,2.63885,809.164,10.6158,
0.0113636,0.011264,0.05,0.01024,0.2,0.01024,0.8,0.01024,3.2,0.01024,11.6364,0.011264,46.5455,0.011264,170.667,0.012288,481.882,0.017408,642.51,0.052224,775.574,0.173056,817.922,0.656384,814.428,2.6368,809.086,10.6168,
0.0125,0.01024,0.05,0.01024,0.2,0.01024,0.727273,0.011264,2.90909,0.011264,11.6364,0.011264,42.6667,0.012288,170.667,0.012288,481.882,0.017408,668.735,0.050176,766.503,0.175104,819.2,0.65536,814.428,2.6368,808.774,10.6209,
0.0125,0.01024,0.05,0.01024,0.2,0.01024,0.8,0.01024,3.2,0.01024,11.6364,0.011264,46.5455,0.011264,170.667,0.012288,481.882,0.017408,642.51,0.052224,775.574,0.173056,817.922,0.656384,813.796,2.63885,808.852,10.6199,
0.0125,0.01024,0.0454545,0.011264,0.2,0.01024,0.8,0.01024,3.2,0.01024,12.8,0.01024,46.5455,0.011264,170.667,0.012288,481.882,0.017408,655.36,0.0512,771.012,0.17408,817.922,0.656384,813.165,2.6409,808.696,10.622,
0.0125,0.01024,0.05,0.01024,0.2,0.01024,0.8,0.01024,2.90909,0.011264,11.6364,0.011264,46.5455,0.011264,170.667,0.012288,455.111,0.018432,642.51,0.052224,766.503,0.175104,819.2,0.65536,813.165,2.6409,808.541,10.624,
0.0125,0.01024,0.0454545,0.011264,0.2,0.01024,0.8,0.01024,3.2,0.01024,11.6364,0.011264,46.5455,0.011264,157.538,0.013312,481.882,0.017408,642.51,0.052224,775.574,0.173056,815.378,0.658432,813.48,2.63987,808.774,10.6209,
0.0125,0.01024,0.05,0.01024,0.166667,0.012288,0.888889,0.009216,2.90909,0.011264,12.8,0.01024,46.5455,0.011264,170.667,0.012288,409.6,0.02048,642.51,0.052224,775.574,0.173056,810.337,0.662528,814.428,2.6368,808.541,10.624,
0.0078125,0.016384,0.05,0.01024,0.2,0.01024,0.8,0.01024,2.90909,0.011264,11.6364,0.011264,46.5455,0.011264,170.667,0.012288,481.882,0.017408,618.264,0.054272,775.574,0.173056,812.85,0.66048,814.428,2.6368,809.008,10.6179,
0.0113636,0.011264,0.0454545,0.011264,0.181818,0.011264,0.727273,0.011264,3.2,0.01024,11.6364,0.011264,46.5455,0.011264,170.667,0.012288,481.882,0.017408,642.51,0.052224,766.503,0.175104,812.85,0.66048,814.744,2.63578,809.399,10.6127,
0.0125,0.01024,0.05,0.01024,0.181818,0.011264,0.666667,0.012288,2.90909,0.011264,12.8,0.01024,46.5455,0.011264,170.667,0.012288,455.111,0.018432,642.51,0.052224,771.012,0.17408,812.85,0.66048,813.796,2.63885,809.086,10.6168,
0.0113636,0.011264,0.05,0.01024,0.181818,0.011264,0.8,0.01024,2.66667,0.012288,11.6364,0.011264,42.6667,0.012288,170.667,0.012288,481.882,0.017408,642.51,0.052224,775.574,0.173056,811.591,0.661504,814.112,2.63782,808.774,10.6209,
0.0113636,0.011264,0.05,0.01024,0.181818,0.011264,0.727273,0.011264,3.2,0.01024,11.6364,0.011264,46.5455,0.011264,170.667,0.012288,455.111,0.018432,655.36,0.0512,771.012,0.17408,814.112,0.659456,814.428,2.6368,808.852,10.6199,
0.0113636,0.011264,0.05,0.01024,0.181818,0.011264,0.8,0.01024,2.90909,0.011264,12.8,0.01024,46.5455,0.011264,170.667,0.012288,481.882,0.017408,630.154,0.053248,775.574,0.173056,811.591,0.661504,812.535,2.64294,809.789,10.6076,
0.0113636,0.011264,0.0454545,0.011264,0.166667,0.012288,0.727273,0.011264,2.90909,0.011264,12.8,0.01024,46.5455,0.011264,170.667,0.012288,481.882,0.017408,642.51,0.052224,766.503,0.175104,812.85,0.66048,813.165,2.6409,810.259,10.6015,
0.00961538,0.013312,0.05,0.01024,0.2,0.01024,0.8,0.01024,2.90909,0.011264,10.6667,0.012288,46.5455,0.011264,170.667,0.012288,372.364,0.022528,655.36,0.0512,775.574,0.173056,811.591,0.661504,814.744,2.63578,810.572,10.5974,
0.0113636,0.011264,0.05,0.01024,0.2,0.01024,0.8,0.01024,2.90909,0.011264,12.8,0.01024,46.5455,0.011264,170.667,0.012288,481.882,0.017408,655.36,0.0512,771.012,0.17408,811.591,0.661504,813.48,2.63987,810.572,10.5974,
0.0104167,0.012288,0.0454545,0.011264,0.181818,0.011264,0.8,0.01024,3.2,0.01024,11.6364,0.011264,46.5455,0.011264,170.667,0.012288,431.158,0.019456,642.51,0.052224,775.574,0.173056,811.591,0.661504,813.48,2.63987,811.042,10.5912,
0.0125,0.01024,0.05,0.01024,0.2,0.01024,0.8,0.01024,2.90909,0.011264,11.6364,0.011264,46.5455,0.011264,157.538,0.013312,372.364,0.022528,655.36,0.0512,766.503,0.175104,812.85,0.66048,812.85,2.64192,811.042,10.5912,
0.0125,0.01024,0.05,0.01024,0.166667,0.012288,0.727273,0.011264,2.90909,0.011264,11.6364,0.011264,46.5455,0.011264,170.667,0.012288,481.882,0.017408,642.51,0.052224,771.012,0.17408,811.591,0.661504,813.165,2.6409,810.415,10.5994,
0.0125,0.01024,0.05,0.01024,0.2,0.01024,0.727273,0.011264,2.90909,0.011264,11.6364,0.011264,46.5455,0.011264,170.667,0.012288,481.882,0.017408,655.36,0.0512,520.127,0.258048,810.337,0.662528,813.165,2.6409,810.807,10.5943,
0.0113636,0.011264,0.05,0.01024,0.181818,0.011264,0.8,0.01024,2.90909,0.011264,12.8,0.01024,46.5455,0.011264,157.538,0.013312,481.882,0.017408,642.51,0.052224,780.19,0.172032,811.591,0.661504,814.744,2.63578,810.572,10.5974,
0.0125,0.01024,0.05,0.01024,0.2,0.01024,0.8,0.01024,3.2,0.01024,12.8,0.01024,46.5455,0.011264,170.667,0.012288,481.882,0.017408,642.51,0.052224,766.503,0.175104,812.85,0.66048,814.428,2.6368,810.415,10.5994,
0.0113636,0.011264,0.05,0.01024,0.2,0.01024,0.8,0.01024,2.90909,0.011264,11.6364,0.011264,39.3846,0.013312,170.667,0.012288,455.111,0.018432,655.36,0.0512,771.012,0.17408,811.591,0.661504,813.48,2.63987,810.18,10.6025,
0.0125,0.01024,0.05,0.01024,0.2,0.01024,0.8,0.01024,3.2,0.01024,11.6364,0.011264,46.5455,0.011264,170.667,0.012288,481.882,0.017408,630.154,0.053248,775.574,0.173056,815.378,0.658432,812.85,2.64192,809.789,10.6076,
0.0125,0.01024,0.05,0.01024,0.2,0.01024,0.8,0.01024,3.2,0.01024,12.8,0.01024,32,0.016384,157.538,0.013312,481.882,0.017408,642.51,0.052224,771.012,0.17408,817.922,0.656384,812.85,2.64192,810.18,10.6025,
0.0125,0.01024,0.05,0.01024,0.181818,0.011264,0.727273,0.011264,2.90909,0.011264,11.6364,0.011264,51.2,0.01024,157.538,0.013312,481.882,0.017408,642.51,0.052224,771.012,0.17408,819.2,0.65536,813.165,2.6409,809.711,10.6086,
0.0125,0.01024,0.0555556,0.009216,0.181818,0.011264,0.8,0.01024,2.66667,0.012288,11.6364,0.011264,46.5455,0.011264,170.667,0.012288,481.882,0.017408,655.36,0.0512,762.047,0.176128,819.2,0.65536,814.744,2.63578,809.868,10.6066,
0.0125,0.01024,0.05,0.01024,0.2,0.01024,0.8,0.01024,3.2,0.01024,11.6364,0.011264,36.5714,0.014336,170.667,0.012288,481.882,0.017408,668.735,0.050176,771.012,0.17408,820.482,0.654336,814.428,2.6368,810.259,10.6015,
0.0125,0.01024,0.05,0.01024,0.181818,0.011264,0.8,0.01024,3.2,0.01024,12.8,0.01024,46.5455,0.011264,157.538,0.013312,481.882,0.017408,642.51,0.052224,775.574,0.173056,816.648,0.657408,815.061,2.63475,810.259,10.6015,
0.0113636,0.011264,0.0454545,0.011264,0.2,0.01024,0.8,0.01024,3.2,0.01024,11.6364,0.011264,46.5455,0.011264,157.538,0.013312,481.882,0.017408,655.36,0.0512,762.047,0.176128,816.648,0.657408,813.48,2.63987,809.946,10.6056,
0.0113636,0.011264,0.05,0.01024,0.2,0.01024,0.8,0.01024,3.2,0.01024,12.8,0.01024,46.5455,0.011264,170.667,0.012288,481.882,0.017408,630.154,0.053248,780.19,0.172032,810.337,0.662528,812.85,2.64192,809.711,10.6086,
0.0125,0.01024,0.0454545,0.011264,0.2,0.01024,0.8,0.01024,2.90909,0.011264,12.8,0.01024,46.5455,0.011264,136.533,0.01536,455.111,0.018432,668.735,0.050176,771.012,0.17408,812.85,0.66048,813.48,2.63987,809.242,10.6148,
0.00961538,0.013312,0.0416667,0.012288,0.181818,0.011264,0.666667,0.012288,2.46154,0.013312,11.6364,0.011264,39.3846,0.013312,146.286,0.014336,409.6,0.02048,642.51,0.052224,748.983,0.1792,812.85,0.66048,811.591,2.64602,808.307,10.6271,
0.0113636,0.011264,0.0454545,0.011264,0.181818,0.011264,0.727273,0.011264,2.90909,0.011264,11.6364,0.011264,42.6667,0.012288,157.538,0.013312,431.158,0.019456,642.51,0.052224,489.075,0.274432,815.378,0.658432,811.906,2.64499,808.385,10.626,
0.00961538,0.013312,0.0454545,0.011264,0.181818,0.011264,0.8,0.01024,2.66667,0.012288,10.6667,0.012288,42.6667,0.012288,146.286,0.014336,431.158,0.019456,630.154,0.053248,780.19,0.172032,814.112,0.659456,812.535,2.64294,808.618,10.623,
0.0104167,0.012288,0.0416667,0.012288,0.181818,0.011264,0.727273,0.011264,2.90909,0.011264,10.6667,0.012288,42.6667,0.012288,157.538,0.013312,431.158,0.019456,642.51,0.052224,753.287,0.178176,815.378,0.658432,812.85,2.64192,808.541,10.624,
0.0104167,0.012288,0.0454545,0.011264,0.181818,0.011264,0.727273,0.011264,2.90909,0.011264,11.6364,0.011264,42.6667,0.012288,157.538,0.013312,431.158,0.019456,630.154,0.053248,775.574,0.173056,814.112,0.659456,812.85,2.64192,809.321,10.6138,
0.00657895,0.019456,0.0416667,0.012288,0.181818,0.011264,0.727273,0.011264,2.66667,0.012288,11.6364,0.011264,42.6667,0.012288,157.538,0.013312,431.158,0.019456,642.51,0.052224,757.642,0.177152,816.648,0.657408,813.48,2.63987,808.385,10.626,
0.0104167,0.012288,0.0454545,0.011264,0.181818,0.011264,0.727273,0.011264,2.66667,0.012288,10.6667,0.012288,46.5455,0.011264,157.538,0.013312,455.111,0.018432,642.51,0.052224,766.503,0.175104,816.648,0.657408,812.85,2.64192,809.477,10.6117,
0.0113636,0.011264,0.0454545,0.011264,0.181818,0.011264,0.727273,0.011264,2.66667,0.012288,11.6364,0.011264,46.5455,0.011264,157.538,0.013312,372.364,0.022528,642.51,0.052224,775.574,0.173056,817.922,0.656384,812.535,2.64294,808.852,10.6199,
0.0113636,0.011264,0.0454545,0.011264,0.181818,0.011264,0.727273,0.011264,2.13333,0.01536,11.6364,0.011264,46.5455,0.011264,157.538,0.013312,431.158,0.019456,642.51,0.052224,775.574,0.173056,815.378,0.658432,812.85,2.64192,808.463,10.625,
0.0113636,0.011264,0.0416667,0.012288,0.181818,0.011264,0.727273,0.011264,2.90909,0.011264,10.6667,0.012288,46.5455,0.011264,157.538,0.013312,409.6,0.02048,642.51,0.052224,771.012,0.17408,814.112,0.659456,812.22,2.64397,807.684,10.6353,
0.0113636,0.011264,0.05,0.01024,0.166667,0.012288,0.727273,0.011264,2.66667,0.012288,10.6667,0.012288,46.5455,0.011264,157.538,0.013312,409.6,0.02048,630.154,0.053248,771.012,0.17408,819.2,0.65536,811.906,2.64499,808.93,10.6189,
0.00961538,0.013312,0.0416667,0.012288,0.181818,0.011264,0.666667,0.012288,2.90909,0.011264,10.6667,0.012288,46.5455,0.011264,146.286,0.014336,431.158,0.019456,642.51,0.052224,771.012,0.17408,819.2,0.65536,813.48,2.63987,808.93,10.6189,
0.0104167,0.012288,0.0454545,0.011264,0.125,0.016384,0.727273,0.011264,2.90909,0.011264,10.6667,0.012288,42.6667,0.012288,157.538,0.013312,431.158,0.019456,618.264,0.054272,766.503,0.175104,812.85,0.66048,813.165,2.6409,808.151,10.6291,
0.0104167,0.012288,0.0454545,0.011264,0.181818,0.011264,0.727273,0.011264,2.90909,0.011264,10.6667,0.012288,42.6667,0.012288,157.538,0.013312,431.158,0.019456,618.264,0.054272,771.012,0.17408,815.378,0.658432,812.535,2.64294,808.073,10.6301,
0.0104167,0.012288,0.0454545,0.011264,0.181818,0.011264,0.727273,0.011264,2.66667,0.012288,10.6667,0.012288,42.6667,0.012288,157.538,0.013312,431.158,0.019456,618.264,0.054272,771.012,0.17408,816.648,0.657408,812.535,2.64294,807.918,10.6322,
0.0113636,0.011264,0.0454545,0.011264,0.2,0.01024,0.727273,0.011264,2.90909,0.011264,10.6667,0.012288,42.6667,0.012288,157.538,0.013312,409.6,0.02048,618.264,0.054272,771.012,0.17408,814.112,0.659456,812.535,2.64294,808.618,10.623,
0.0104167,0.012288,0.0454545,0.011264,0.181818,0.011264,0.727273,0.011264,2.90909,0.011264,10.6667,0.012288,42.6667,0.012288,157.538,0.013312,455.111,0.018432,618.264,0.054272,762.047,0.176128,810.337,0.662528,812.22,2.64397,809.399,10.6127,
0.0125,0.01024,0.0454545,0.011264,0.181818,0.011264,0.727273,0.011264,2.66667,0.012288,10.6667,0.012288,46.5455,0.011264,157.538,0.013312,431.158,0.019456,642.51,0.052224,762.047,0.176128,814.112,0.659456,813.48,2.63987,809.711,10.6086,
0.0104167,0.012288,0.0416667,0.012288,0.181818,0.011264,0.666667,0.012288,2.90909,0.011264,11.6364,0.011264,46.5455,0.011264,157.538,0.013312,431.158,0.019456,630.154,0.053248,766.503,0.175104,817.922,0.656384,813.165,2.6409,809.946,10.6056,
0.0104167,0.012288,0.0454545,0.011264,0.181818,0.011264,0.666667,0.012288,2.90909,0.011264,11.6364,0.011264,42.6667,0.012288,157.538,0.013312,409.6,0.02048,642.51,0.052224,771.012,0.17408,811.591,0.661504,812.535,2.64294,809.868,10.6066,
0.0104167,0.012288,0.0454545,0.011264,0.181818,0.011264,0.727273,0.011264,2.66667,0.012288,10.6667,0.012288,42.6667,0.012288,157.538,0.013312,431.158,0.019456,618.264,0.054272,766.503,0.175104,814.112,0.659456,812.85,2.64192,809.399,10.6127,
0.0104167,0.012288,0.0416667,0.012288,0.181818,0.011264,0.727273,0.011264,2.66667,0.012288,10.6667,0.012288,46.5455,0.011264,157.538,0.013312,431.158,0.019456,642.51,0.052224,762.047,0.176128,819.2,0.65536,812.85,2.64192,809.242,10.6148,
0.0113636,0.011264,0.0454545,0.011264,0.181818,0.011264,0.727273,0.011264,2.90909,0.011264,11.6364,0.011264,42.6667,0.012288,157.538,0.013312,431.158,0.019456,630.154,0.053248,775.574,0.173056,815.378,0.658432,812.85,2.64192,809.086,10.6168,
0.0113636,0.011264,0.0454545,0.011264,0.181818,0.011264,0.666667,0.012288,2.90909,0.011264,11.6364,0.011264,28.4444,0.018432,157.538,0.013312,431.158,0.019456,630.154,0.053248,766.503,0.175104,816.648,0.657408,812.85,2.64192,809.008,10.6179,
0.0104167,0.012288,0.0454545,0.011264,0.181818,0.011264,0.727273,0.011264,2.66667,0.012288,11.6364,0.011264,42.6667,0.012288,157.538,0.013312,455.111,0.018432,618.264,0.054272,775.574,0.173056,814.112,0.659456,812.85,2.64192,808.93,10.6189,
0.0113636,0.011264,0.0454545,0.011264,0.181818,0.011264,0.727273,0.011264,2.66667,0.012288,10.6667,0.012288,46.5455,0.011264,157.538,0.013312,431.158,0.019456,618.264,0.054272,771.012,0.17408,816.648,0.657408,811.277,2.64704,809.242,10.6148,
0.0113636,0.011264,0.0416667,0.012288,0.133333,0.01536,0.727273,0.011264,2.90909,0.011264,11.6364,0.011264,42.6667,0.012288,157.538,0.013312,409.6,0.02048,630.154,0.053248,771.012,0.17408,815.378,0.658432,813.165,2.6409,809.164,10.6158,
0.0104167,0.012288,0.0454545,0.011264,0.181818,0.011264,0.727273,0.011264,2.90909,0.011264,11.6364,0.011264,42.6667,0.012288,170.667,0.012288,431.158,0.019456,642.51,0.052224,771.012,0.17408,817.922,0.656384,812.535,2.64294,809.321,10.6138,
0.0113636,0.011264,0.0454545,0.011264,0.181818,0.011264,0.666667,0.012288,2.90909,0.011264,10.6667,0.012288,42.6667,0.012288,157.538,0.013312,409.6,0.02048,618.264,0.054272,771.012,0.17408,815.378,0.658432,812.535,2.64294,809.086,10.6168,
0.0113636,0.011264,0.0416667,0.012288,0.181818,0.011264,0.666667,0.012288,2.90909,0.011264,10.6667,0.012288,42.6667,0.012288,157.538,0.013312,431.158,0.019456,606.815,0.055296,762.047,0.176128,815.378,0.658432,813.48,2.63987,809.242,10.6148,
0.0104167,0.012288,0.0454545,0.011264,0.181818,0.011264,0.615385,0.013312,2.66667,0.012288,11.6364,0.011264,42.6667,0.012288,170.667,0.012288,431.158,0.019456,642.51,0.052224,766.503,0.175104,816.648,0.657408,812.85,2.64192,809.008,10.6179,
0.0104167,0.012288,0.0357143,0.014336,0.2,0.01024,0.666667,0.012288,2.90909,0.011264,11.6364,0.011264,42.6667,0.012288,157.538,0.013312,409.6,0.02048,606.815,0.055296,766.503,0.175104,798.003,0.672768,812.22,2.64397,809.242,10.6148,
0.0104167,0.012288,0.0454545,0.011264,0.181818,0.011264,0.727273,0.011264,2.90909,0.011264,11.6364,0.011264,42.6667,0.012288,157.538,0.013312,431.158,0.019456,606.815,0.055296,771.012,0.17408,815.378,0.658432,812.535,2.64294,809.399,10.6127,
0.0113636,0.011264,0.0454545,0.011264,0.181818,0.011264,0.727273,0.011264,2.90909,0.011264,11.6364,0.011264,46.5455,0.011264,157.538,0.013312,431.158,0.019456,642.51,0.052224,762.047,0.176128,816.648,0.657408,812.535,2.64294,808.93,10.6189,
0.00892857,0.014336,0.0454545,0.011264,0.181818,0.011264,0.666667,0.012288,2.66667,0.012288,11.6364,0.011264,42.6667,0.012288,157.538,0.013312,431.158,0.019456,618.264,0.054272,766.503,0.175104,816.648,0.657408,812.85,2.64192,809.164,10.6158,
0.0104167,0.012288,0.0454545,0.011264,0.2,0.01024,0.666667,0.012288,2.90909,0.011264,11.6364,0.011264,46.5455,0.011264,146.286,0.014336,431.158,0.019456,642.51,0.052224,771.012,0.17408,817.922,0.656384,813.165,2.6409,808.696,10.622,
0.0113636,0.011264,0.0454545,0.011264,0.181818,0.011264,0.727273,0.011264,2.90909,0.011264,11.6364,0.011264,46.5455,0.011264,157.538,0.013312,315.077,0.026624,618.264,0.054272,766.503,0.175104,814.112,0.659456,813.165,2.6409,808.852,10.6199,
0.0113636,0.011264,0.0454545,0.011264,0.2,0.01024,0.727273,0.011264,2.90909,0.011264,11.6364,0.011264,36.5714,0.014336,157.538,0.013312,431.158,0.019456,630.154,0.053248,771.012,0.17408,815.378,0.658432,812.535,2.64294,809.242,10.6148,
0.0104167,0.012288,0.0454545,0.011264,0.181818,0.011264,0.727273,0.011264,2.90909,0.011264,11.6364,0.011264,46.5455,0.011264,157.538,0.013312,431.158,0.019456,618.264,0.054272,771.012,0.17408,819.2,0.65536,812.535,2.64294,808.93,10.6189,
0.0125,0.01024,0.0454545,0.011264,0.2,0.01024,0.666667,0.012288,2.90909,0.011264,8.53333,0.01536,42.6667,0.012288,157.538,0.013312,431.158,0.019456,630.154,0.053248,775.574,0.173056,816.648,0.657408,812.535,2.64294,808.852,10.6199,
0.0104167,0.012288,0.0454545,0.011264,0.181818,0.011264,0.727273,0.011264,2.90909,0.011264,10.6667,0.012288,42.6667,0.012288,146.286,0.014336,431.158,0.019456,630.154,0.053248,771.012,0.17408,815.378,0.658432,812.22,2.64397,809.008,10.6179,
0.0125,0.01024,0.0454545,0.011264,0.2,0.01024,0.727273,0.011264,2.66667,0.012288,11.6364,0.011264,42.6667,0.012288,157.538,0.013312,431.158,0.019456,630.154,0.053248,771.012,0.17408,819.2,0.65536,812.85,2.64192,809.555,10.6107,
0.0113636,0.011264,0.0454545,0.011264,0.181818,0.011264,0.8,0.01024,2.90909,0.011264,11.6364,0.011264,46.5455,0.011264,157.538,0.013312,431.158,0.019456,630.154,0.053248,766.503,0.175104,816.648,0.657408,812.535,2.64294,809.008,10.6179,
0.0113636,0.011264,0.0454545,0.011264,0.2,0.01024,0.666667,0.012288,2.90909,0.011264,11.6364,0.011264,42.6667,0.012288,157.538,0.013312,431.158,0.019456,618.264,0.054272,771.012,0.17408,819.2,0.65536,812.535,2.64294,808.93,10.6189,
0.0113636,0.011264,0.0454545,0.011264,0.181818,0.011264,0.727273,0.011264,2.90909,0.011264,10.6667,0.012288,42.6667,0.012288,157.538,0.013312,409.6,0.02048,606.815,0.055296,771.012,0.17408,817.922,0.656384,813.165,2.6409,809.242,10.6148,
0.0113636,0.011264,0.0416667,0.012288,0.181818,0.011264,0.666667,0.012288,2.90909,0.011264,11.6364,0.011264,42.6667,0.012288,146.286,0.014336,409.6,0.02048,606.815,0.055296,766.503,0.175104,815.378,0.658432,812.85,2.64192,809.321,10.6138,
0.0113636,0.011264,0.0454545,0.011264,0.181818,0.011264,0.727273,0.011264,2.66667,0.012288,8.53333,0.01536,42.6667,0.012288,157.538,0.013312,431.158,0.019456,618.264,0.054272,775.574,0.173056,817.922,0.656384,812.85,2.64192,809.008,10.6179,
0.0113636,0.011264,0.0454545,0.011264,0.2,0.01024,0.533333,0.01536,2.66667,0.012288,10.6667,0.012288,42.6667,0.012288,146.286,0.014336,431.158,0.019456,618.264,0.054272,775.574,0.173056,817.922,0.656384,812.22,2.64397,809.399,10.6127,
0.0104167,0.012288,0.0454545,0.011264,0.181818,0.011264,0.666667,0.012288,2.90909,0.011264,10.6667,0.012288,42.6667,0.012288,157.538,0.013312,431.158,0.019456,630.154,0.053248,775.574,0.173056,817.922,0.656384,812.22,2.64397,809.399,10.6127,
0.0113636,0.011264,0.0454545,0.011264,0.2,0.01024,0.666667,0.012288,2.90909,0.011264,10.6667,0.012288,42.6667,0.012288,157.538,0.013312,431.158,0.019456,630.154,0.053248,775.574,0.173056,815.378,0.658432,812.22,2.64397,809.008,10.6179,
0.0113636,0.011264,0.0454545,0.011264,0.181818,0.011264,0.727273,0.011264,2.90909,0.011264,10.6667,0.012288,42.6667,0.012288,157.538,0.013312,431.158,0.019456,630.154,0.053248,784.862,0.171008,816.648,0.657408,812.535,2.64294,809.008,10.6179,
0.0113636,0.011264,0.0454545,0.011264,0.181818,0.011264,0.666667,0.012288,2.90909,0.011264,10.6667,0.012288,39.3846,0.013312,157.538,0.013312,409.6,0.02048,630.154,0.053248,780.19,0.172032,820.482,0.654336,812.85,2.64192,809.399,10.6127,
0.0104167,0.012288,0.05,0.01024,0.181818,0.011264,0.727273,0.011264,2.66667,0.012288,11.6364,0.011264,42.6667,0.012288,157.538,0.013312,431.158,0.019456,630.154,0.053248,780.19,0.172032,823.058,0.652288,812.535,2.64294,809.086,10.6168,
0.0104167,0.012288,0.0454545,0.011264,0.181818,0.011264,0.666667,0.012288,2.90909,0.011264,10.6667,0.012288,46.5455,0.011264,157.538,0.013312,431.158,0.019456,630.154,0.053248,780.19,0.172032,819.2,0.65536,812.85,2.64192,808.541,10.624,
0.0113636,0.011264,0.05,0.01024,0.0512821,0.039936,0.727273,0.011264,2.90909,0.011264,11.6364,0.011264,42.6667,0.012288,157.538,0.013312,409.6,0.02048,630.154,0.053248,780.19,0.172032,816.648,0.657408,812.85,2.64192,809.164,10.6158,
0.0125,0.01024,0.0454545,0.011264,0.181818,0.011264,0.666667,0.012288,2.90909,0.011264,11.6364,0.011264,42.6667,0.012288,157.538,0.013312,431.158,0.019456,642.51,0.052224,775.574,0.173056,814.112,0.659456,812.535,2.64294,808.852,10.6199,
0.0113636,0.011264,0.05,0.01024,0.181818,0.011264,0.727273,0.011264,2.90909,0.011264,11.6364,0.011264,42.6667,0.012288,157.538,0.013312,431.158,0.019456,630.154,0.053248,775.574,0.173056,817.922,0.656384,812.85,2.64192,809.008,10.6179,
0.0113636,0.011264,0.0454545,0.011264,0.2,0.01024,0.727273,0.011264,2.66667,0.012288,11.6364,0.011264,42.6667,0.012288,157.538,0.013312,431.158,0.019456,618.264,0.054272,784.862,0.171008,816.648,0.657408,812.22,2.64397,808.541,10.624,
0.0113636,0.011264,0.0384615,0.013312,0.181818,0.011264,0.727273,0.011264,2.66667,0.012288,11.6364,0.011264,42.6667,0.012288,157.538,0.013312,431.158,0.019456,642.51,0.052224,780.19,0.172032,819.2,0.65536,812.535,2.64294,809.242,10.6148,
0.0104167,0.012288,0.02,0.0256,0.2,0.01024,0.727273,0.011264,2.90909,0.011264,11.6364,0.011264,42.6667,0.012288,157.538,0.013312,431.158,0.019456,642.51,0.052224,780.19,0.172032,825.65,0.65024,812.85,2.64192,809.008,10.6179,
0.0104167,0.012288,0.0416667,0.012288,0.181818,0.011264,0.666667,0.012288,2.66667,0.012288,11.6364,0.011264,42.6667,0.012288,157.538,0.013312,431.158,0.019456,630.154,0.053248,784.862,0.171008,820.482,0.654336,812.85,2.64192,809.008,10.6179,
0.0113636,0.011264,0.0416667,0.012288,0.2,0.01024,0.727273,0.011264,2.90909,0.011264,11.6364,0.011264,42.6667,0.012288,157.538,0.013312,431.158,0.019456,630.154,0.053248,780.19,0.172032,819.2,0.65536,812.535,2.64294,809.242,10.6148,
0.0104167,0.012288,0.05,0.01024,0.166667,0.012288,0.727273,0.011264,2.90909,0.011264,10.6667,0.012288,42.6667,0.012288,157.538,0.013312,431.158,0.019456,642.51,0.052224,784.862,0.171008,819.2,0.65536,812.535,2.64294,809.008,10.6179,
0.0113636,0.011264,0.0454545,0.011264,0.181818,0.011264,0.666667,0.012288,2.90909,0.011264,10.6667,0.012288,42.6667,0.012288,146.286,0.014336,431.158,0.019456,618.264,0.054272,775.574,0.173056,819.2,0.65536,812.535,2.64294,809.242,10.6148,
0.0104167,0.012288,0.0454545,0.011264,0.142857,0.014336,0.727273,0.011264,2.66667,0.012288,11.6364,0.011264,46.5455,0.011264,157.538,0.013312,431.158,0.019456,630.154,0.053248,780.19,0.172032,817.922,0.656384,812.22,2.64397,808.93,10.6189,
0.0113636,0.011264,0.0454545,0.011264,0.142857,0.014336,0.727273,0.011264,2.90909,0.011264,10.6667,0.012288,46.5455,0.011264,157.538,0.013312,431.158,0.019456,642.51,0.052224,780.19,0.172032,816.648,0.657408,811.906,2.64499,809.321,10.6138,
0.0113636,0.011264,0.0454545,0.011264,0.133333,0.01536,0.727273,0.011264,2.90909,0.011264,11.6364,0.011264,42.6667,0.012288,170.667,0.012288,431.158,0.019456,606.815,0.055296,784.862,0.171008,821.768,0.653312,813.796,2.63885,809.086,10.6168,
0.0104167,0.012288,0.0416667,0.012288,0.2,0.01024,0.533333,0.01536,2.90909,0.011264,11.6364,0.011264,42.6667,0.012288,157.538,0.013312,431.158,0.019456,618.264,0.054272,771.012,0.17408,823.058,0.652288,813.48,2.63987,808.93,10.6189,
0.0104167,0.012288,0.05,0.01024,0.181818,0.011264,0.727273,0.011264,2.90909,0.011264,11.6364,0.011264,42.6667,0.012288,157.538,0.013312,431.158,0.019456,630.154,0.053248,766.503,0.175104,820.482,0.654336,812.535,2.64294,809.321,10.6138,
0.0113636,0.011264,0.0416667,0.012288,0.181818,0.011264,0.727273,0.011264,2.66667,0.012288,10.6667,0.012288,42.6667,0.012288,157.538,0.013312,431.158,0.019456,630.154,0.053248,771.012,0.17408,815.378,0.658432,811.906,2.64499,809.086,10.6168,
0.0113636,0.011264,0.0454545,0.011264,0.181818,0.011264,0.727273,0.011264,2.90909,0.011264,10.6667,0.012288,42.6667,0.012288,157.538,0.013312,431.158,0.019456,630.154,0.053248,766.503,0.175104,815.378,0.658432,813.48,2.63987,809.008,10.6179,
0.0104167,0.012288,0.0416667,0.012288,0.2,0.01024,0.727273,0.011264,2.90909,0.011264,11.6364,0.011264,42.6667,0.012288,157.538,0.013312,431.158,0.019456,618.264,0.054272,766.503,0.175104,821.768,0.653312,812.535,2.64294,808.774,10.6209,
0.0104167,0.012288,0.0454545,0.011264,0.166667,0.012288,0.727273,0.011264,2.90909,0.011264,11.6364,0.011264,42.6667,0.012288,157.538,0.013312,431.158,0.019456,618.264,0.054272,771.012,0.17408,817.922,0.656384,813.48,2.63987,809.164,10.6158,
0.0113636,0.011264,0.0454545,0.011264,0.181818,0.011264,0.666667,0.012288,2.90909,0.011264,10.6667,0.012288,46.5455,0.011264,157.538,0.013312,409.6,0.02048,642.51,0.052224,771.012,0.17408,821.768,0.653312,813.48,2.63987,809.008,10.6179,
0.0113636,0.011264,0.0454545,0.011264,0.166667,0.012288,0.727273,0.011264,2.90909,0.011264,10.6667,0.012288,42.6667,0.012288,157.538,0.013312,431.158,0.019456,630.154,0.053248,771.012,0.17408,821.768,0.653312,812.85,2.64192,809.008,10.6179,
0.0113636,0.011264,0.0416667,0.012288,0.181818,0.011264,0.727273,0.011264,2.90909,0.011264,10.6667,0.012288,42.6667,0.012288,157.538,0.013312,455.111,0.018432,618.264,0.054272,771.012,0.17408,821.768,0.653312,812.535,2.64294,809.008,10.6179,
0.0104167,0.012288,0.0454545,0.011264,0.181818,0.011264,0.727273,0.011264,2.90909,0.011264,11.6364,0.011264,42.6667,0.012288,157.538,0.013312,431.158,0.019456,618.264,0.054272,771.012,0.17408,817.922,0.656384,812.22,2.64397,809.164,10.6158,
0.0113636,0.011264,0.0416667,0.012288,0.181818,0.011264,0.727273,0.011264,2.90909,0.011264,11.6364,0.011264,42.6667,0.012288,157.538,0.013312,431.158,0.019456,630.154,0.053248,766.503,0.175104,819.2,0.65536,812.535,2.64294,808.93,10.6189,
0.0113636,0.011264,0.0454545,0.011264,0.166667,0.012288,0.727273,0.011264,1.03226,0.031744,11.6364,0.011264,42.6667,0.012288,157.538,0.013312,431.158,0.019456,642.51,0.052224,766.503,0.175104,820.482,0.654336,813.796,2.63885,809.086,10.6168,
0.00833333,0.01536,0.0416667,0.012288,0.181818,0.011264,0.666667,0.012288,2.66667,0.012288,11.6364,0.011264,42.6667,0.012288,157.538,0.013312,409.6,0.02048,618.264,0.054272,771.012,0.17408,816.648,0.657408,812.535,2.64294,809.008,10.6179,
0.0104167,0.012288,0.05,0.01024,0.166667,0.012288,0.727273,0.011264,2.90909,0.011264,11.6364,0.011264,46.5455,0.011264,157.538,0.013312,409.6,0.02048,630.154,0.053248,775.574,0.173056,820.482,0.654336,812.22,2.64397,809.946,10.6056,
0.0113636,0.011264,0.0454545,0.011264,0.181818,0.011264,0.666667,0.012288,2.90909,0.011264,10.6667,0.012288,42.6667,0.012288,157.538,0.013312,431.158,0.019456,642.51,0.052224,766.503,0.175104,821.768,0.653312,812.535,2.64294,809.399,10.6127,
0.0113636,0.011264,0.0454545,0.011264,0.166667,0.012288,0.727273,0.011264,2.90909,0.011264,11.6364,0.011264,42.6667,0.012288,157.538,0.013312,431.158,0.019456,618.264,0.054272,766.503,0.175104,817.922,0.656384,812.22,2.64397,810.572,10.5974,
0.0104167,0.012288,0.0454545,0.011264,0.181818,0.011264,0.727273,0.011264,2.66667,0.012288,11.6364,0.011264,42.6667,0.012288,18.4505,0.113664,431.158,0.019456,618.264,0.054272,771.012,0.17408,820.482,0.654336,812.22,2.64397,811.042,10.5912,
0.0104167,0.012288,0.0454545,0.011264,0.166667,0.012288,0.727273,0.011264,2.90909,0.011264,11.6364,0.011264,42.6667,0.012288,146.286,0.014336,431.158,0.019456,618.264,0.054272,771.012,0.17408,816.648,0.657408,813.48,2.63987,810.729,10.5953,
0.0113636,0.011264,0.0454545,0.011264,0.181818,0.011264,0.727273,0.011264,2.90909,0.011264,7.11111,0.018432,46.5455,0.011264,157.538,0.013312,431.158,0.019456,618.264,0.054272,771.012,0.17408,816.648,0.657408,812.535,2.64294,811.199,10.5892,
0.0113636,0.011264,0.05,0.01024,0.166667,0.012288,0.8,0.01024,2.90909,0.011264,10.6667,0.012288,42.6667,0.012288,157.538,0.013312,431.158,0.019456,630.154,0.053248,766.503,0.175104,816.648,0.657408,812.535,2.64294,810.65,10.5964,
0.0104167,0.012288,0.0454545,0.011264,0.181818,0.011264,0.666667,0.012288,2.66667,0.012288,10.6667,0.012288,42.6667,0.012288,146.286,0.014336,431.158,0.019456,630.154,0.053248,766.503,0.175104,816.648,0.657408,812.22,2.64397,810.65,10.5964,
0.0104167,0.012288,0.05,0.01024,0.181818,0.011264,0.571429,0.014336,2.66667,0.012288,10.6667,0.012288,42.6667,0.012288,146.286,0.014336,431.158,0.019456,655.36,0.0512,762.047,0.176128,820.482,0.654336,812.535,2.64294,810.415,10.5994,
0.0104167,0.012288,0.0454545,0.011264,0.181818,0.011264,0.727273,0.011264,2.90909,0.011264,10.6667,0.012288,42.6667,0.012288,157.538,0.013312,455.111,0.018432,630.154,0.053248,771.012,0.17408,823.058,0.652288,812.85,2.64192,810.259,10.6015,
0.0104167,0.012288,0.0454545,0.011264,0.181818,0.011264,0.8,0.01024,2.90909,0.011264,11.6364,0.011264,42.6667,0.012288,157.538,0.013312,431.158,0.019456,630.154,0.053248,771.012,0.17408,819.2,0.65536,814.112,2.63782,810.18,10.6025,
0.0104167,0.012288,0.0454545,0.011264,0.181818,0.011264,0.615385,0.013312,2.90909,0.011264,11.6364,0.011264,42.6667,0.012288,157.538,0.013312,431.158,0.019456,630.154,0.053248,762.047,0.176128,810.337,0.662528,812.535,2.64294,810.572,10.5974,
0.0104167,0.012288,0.05,0.01024,0.181818,0.011264,0.666667,0.012288,2.90909,0.011264,11.6364,0.011264,42.6667,0.012288,157.538,0.013312,431.158,0.019456,655.36,0.0512,766.503,0.175104,817.922,0.656384,812.535,2.64294,809.946,10.6056,
0.0104167,0.012288,0.0454545,0.011264,0.181818,0.011264,0.666667,0.012288,1.88235,0.017408,10.6667,0.012288,42.6667,0.012288,157.538,0.013312,431.158,0.019456,642.51,0.052224,762.047,0.176128,812.85,0.66048,812.535,2.64294,810.102,10.6035,
0.0113636,0.011264,0.0454545,0.011264,0.166667,0.012288,0.727273,0.011264,2.90909,0.011264,11.6364,0.011264,46.5455,0.011264,157.538,0.013312,431.158,0.019456,642.51,0.052224,775.574,0.173056,814.112,0.659456,812.535,2.64294,809.633,10.6097,
0.0104167,0.012288,0.0416667,0.012288,0.2,0.01024,0.615385,0.013312,2.90909,0.011264,11.6364,0.011264,46.5455,0.011264,157.538,0.013312,431.158,0.019456,655.36,0.0512,775.574,0.173056,821.768,0.653312,812.535,2.64294,809.946,10.6056,
0.0104167,0.012288,0.0454545,0.011264,0.166667,0.012288,0.8,0.01024,2.90909,0.011264,10.6667,0.012288,46.5455,0.011264,146.286,0.014336,431.158,0.019456,630.154,0.053248,775.574,0.173056,826.953,0.649216,813.48,2.63987,809.633,10.6097,
0.0113636,0.011264,0.0454545,0.011264,0.181818,0.011264,0.727273,0.011264,2.66667,0.012288,10.6667,0.012288,42.6667,0.012288,157.538,0.013312,431.158,0.019456,642.51,0.052224,766.503,0.175104,816.648,0.657408,813.165,2.6409,809.321,10.6138,
0.0104167,0.012288,0.05,0.01024,0.166667,0.012288,0.727273,0.011264,2.66667,0.012288,10.6667,0.012288,46.5455,0.011264,157.538,0.013312,431.158,0.019456,642.51,0.052224,780.19,0.172032,819.2,0.65536,812.535,2.64294,809.555,10.6107,
0.0104167,0.012288,0.0454545,0.011264,0.181818,0.011264,0.727273,0.011264,2.90909,0.011264,10.6667,0.012288,42.6667,0.012288,157.538,0.013312,409.6,0.02048,655.36,0.0512,771.012,0.17408,817.922,0.656384,812.535,2.64294,809.868,10.6066,
0.00961538,0.013312,0.0454545,0.011264,0.181818,0.011264,0.666667,0.012288,2.66667,0.012288,10.6667,0.012288,39.3846,0.013312,146.286,0.014336,431.158,0.019456,655.36,0.0512,757.642,0.177152,817.922,0.656384,813.48,2.63987,808.93,10.6189,
0.0104167,0.012288,0.0454545,0.011264,0.2,0.01024,0.727273,0.011264,2.90909,0.011264,11.6364,0.011264,42.6667,0.012288,157.538,0.013312,431.158,0.019456,655.36,0.0512,639.376,0.20992,819.2,0.65536,814.744,2.63578,809.555,10.6107,
0.0113636,0.011264,0.0294118,0.017408,0.181818,0.011264,0.727273,0.011264,2.66667,0.012288,11.6364,0.011264,42.6667,0.012288,157.538,0.013312,455.111,0.018432,630.154,0.053248,766.503,0.175104,820.482,0.654336,814.112,2.63782,809.086,10.6168,
0.0113636,0.011264,0.0416667,0.012288,0.2,0.01024,0.727273,0.011264,2.66667,0.012288,11.6364,0.011264,42.6667,0.012288,146.286,0.014336,431.158,0.019456,630.154,0.053248,766.503,0.175104,820.482,0.654336,814.744,2.63578,809.399,10.6127,
0.0113636,0.011264,0.0454545,0.011264,0.2,0.01024,0.727273,0.011264,2.66667,0.012288,11.6364,0.011264,42.6667,0.012288,170.667,0.012288,47.6279,0.176128,642.51,0.052224,775.574,0.173056,820.482,0.654336,815.695,2.6327,809.242,10.6148,
0.0113636,0.011264,0.0454545,0.011264,0.2,0.01024,0.727273,0.011264,2.90909,0.011264,10.6667,0.012288,42.6667,0.012288,157.538,0.013312,390.095,0.021504,630.154,0.053248,780.19,0.172032,821.768,0.653312,814.112,2.63782,809.164,10.6158,
0.0113636,0.011264,0.05,0.01024,0.181818,0.011264,0.8,0.01024,2.90909,0.011264,11.6364,0.011264,46.5455,0.011264,157.538,0.013312,431.158,0.019456,642.51,0.052224,780.19,0.172032,819.2,0.65536,810.65,2.64909,809.008,10.6179,
0.0113636,0.011264,0.0454545,0.011264,0.2,0.01024,0.727273,0.011264,2.90909,0.011264,11.6364,0.011264,42.6667,0.012288,157.538,0.013312,455.111,0.018432,642.51,0.052224,789.59,0.169984,821.768,0.653312,812.85,2.64192,808.93,10.6189,
0.0104167,0.012288,0.0454545,0.011264,0.2,0.01024,0.727273,0.011264,2.46154,0.013312,10.6667,0.012288,42.6667,0.012288,146.286,0.014336,431.158,0.019456,642.51,0.052224,780.19,0.172032,823.058,0.652288,812.22,2.64397,809.086,10.6168,
0.0113636,0.011264,0.0454545,0.011264,0.181818,0.011264,0.666667,0.012288,2.90909,0.011264,11.6364,0.011264,42.6667,0.012288,157.538,0.013312,431.158,0.019456,211.406,0.15872,784.862,0.171008,819.2,0.65536,813.48,2.63987,807.762,10.6342,
0.0113636,0.011264,0.05,0.01024,0.2,0.01024,0.727273,0.011264,2.66667,0.012288,11.6364,0.011264,42.6667,0.012288,157.538,0.013312,455.111,0.018432,618.264,0.054272,784.862,0.171008,819.2,0.65536,813.48,2.63987,809.008,10.6179,
0.0113636,0.011264,0.0454545,0.011264,0.2,0.01024,0.666667,0.012288,2.90909,0.011264,10.6667,0.012288,46.5455,0.011264,157.538,0.013312,455.111,0.018432,630.154,0.053248,784.862,0.171008,823.058,0.652288,813.165,2.6409,808.93,10.6189,
0.0104167,0.012288,0.0454545,0.011264,0.181818,0.011264,0.727273,0.011264,2.90909,0.011264,11.6364,0.011264,46.5455,0.011264,157.538,0.013312,431.158,0.019456,642.51,0.052224,775.574,0.173056,823.058,0.652288,813.48,2.63987,809.086,10.6168,
0.0104167,0.012288,0.05,0.01024,0.2,0.01024,0.727273,0.011264,2.90909,0.011264,11.6364,0.011264,42.6667,0.012288,157.538,0.013312,431.158,0.019456,642.51,0.052224,771.012,0.17408,821.768,0.653312,814.744,2.63578,808.852,10.6199,
0.0113636,0.011264,0.0454545,0.011264,0.2,0.01024,0.8,0.01024,2.90909,0.011264,11.6364,0.011264,46.5455,0.011264,157.538,0.013312,431.158,0.019456,642.51,0.052224,775.574,0.173056,821.768,0.653312,814.428,2.6368,808.93,10.6189,
0.0113636,0.011264,0.0454545,0.011264,0.2,0.01024,0.727273,0.011264,2.90909,0.011264,10.6667,0.012288,42.6667,0.012288,146.286,0.014336,455.111,0.018432,642.51,0.052224,766.503,0.175104,824.352,0.651264,814.428,2.6368,808.618,10.623,
0.0113636,0.011264,0.0454545,0.011264,0.181818,0.011264,0.727273,0.011264,2.90909,0.011264,11.6364,0.011264,46.5455,0.011264,157.538,0.013312,455.111,0.018432,630.154,0.053248,766.503,0.175104,824.352,0.651264,813.796,2.63885,808.774,10.6209,
0.0113636,0.011264,0.0416667,0.012288,0.2,0.01024,0.727273,0.011264,2.66667,0.012288,10.6667,0.012288,46.5455,0.011264,146.286,0.014336,431.158,0.019456,642.51,0.052224,771.012,0.17408,824.352,0.651264,813.796,2.63885,808.541,10.624,
0.0113636,0.011264,0.05,0.01024,0.2,0.01024,0.727273,0.011264,2.90909,0.011264,11.6364,0.011264,42.6667,0.012288,170.667,0.012288,455.111,0.018432,642.51,0.052224,771.012,0.17408,820.482,0.654336,814.112,2.63782,808.541,10.624,
0.0113636,0.011264,0.0454545,0.011264,0.2,0.01024,0.727273,0.011264,2.90909,0.011264,11.6364,0.011264,42.6667,0.012288,157.538,0.013312,455.111,0.018432,630.154,0.053248,780.19,0.172032,823.058,0.652288,814.112,2.63782,809.399,10.6127,
0.0104167,0.012288,0.05,0.01024,0.181818,0.011264,0.727273,0.011264,2.66667,0.012288,10.6667,0.012288,46.5455,0.011264,157.538,0.013312,455.111,0.018432,618.264,0.054272,766.503,0.175104,820.482,0.654336,814.112,2.63782,809.008,10.6179,
0.0113636,0.011264,0.0416667,0.012288,0.2,0.01024,0.727273,0.011264,2.66667,0.012288,11.6364,0.011264,42.6667,0.012288,157.538,0.013312,455.111,0.018432,618.264,0.054272,775.574,0.173056,820.482,0.654336,811.277,2.64704,808.696,10.622,
0.0113636,0.011264,0.0454545,0.011264,0.181818,0.011264,0.8,0.01024,2.90909,0.011264,10.6667,0.012288,46.5455,0.011264,157.538,0.013312,431.158,0.019456,606.815,0.055296,771.012,0.17408,824.352,0.651264,813.165,2.6409,809.008,10.6179,
0.0113636,0.011264,0.05,0.01024,0.2,0.01024,0.727273,0.011264,2.90909,0.011264,10.6667,0.012288,46.5455,0.011264,170.667,0.012288,431.158,0.019456,630.154,0.053248,775.574,0.173056,825.65,0.65024,813.796,2.63885,809.164,10.6158,
0.0104167,0.012288,0.0454545,0.011264,0.181818,0.011264,0.8,0.01024,2.90909,0.011264,11.6364,0.011264,42.6667,0.012288,157.538,0.013312,431.158,0.019456,642.51,0.052224,766.503,0.175104,820.482,0.654336,814.744,2.63578,809.477,10.6117,
0.0104167,0.012288,0.0454545,0.011264,0.133333,0.01536,0.727273,0.011264,2.90909,0.011264,11.6364,0.011264,42.6667,0.012288,170.667,0.012288,455.111,0.018432,642.51,0.052224,771.012,0.17408,823.058,0.652288,814.744,2.63578,808.93,10.6189,
0.0113636,0.011264,0.0454545,0.011264,0.181818,0.011264,0.727273,0.011264,2.90909,0.011264,11.6364,0.011264,42.6667,0.012288,157.538,0.013312,431.158,0.019456,642.51,0.052224,771.012,0.17408,821.768,0.653312,814.744,2.63578,809.086,10.6168,
0.0104167,0.012288,0.0454545,0.011264,0.181818,0.011264,0.727273,0.011264,2.90909,0.011264,10.6667,0.012288,46.5455,0.011264,170.667,0.012288,455.111,0.018432,618.264,0.054272,771.012,0.17408,823.058,0.652288,814.744,2.63578,809.242,10.6148,
0.0113636,0.011264,0.0454545,0.011264,0.2,0.01024,0.727273,0.011264,3.2,0.01024,11.6364,0.011264,42.6667,0.012288,157.538,0.013312,431.158,0.019456,630.154,0.053248,775.574,0.173056,816.648,0.657408,813.796,2.63885,808.93,10.6189,
0.0104167,0.012288,0.0454545,0.011264,0.2,0.01024,0.727273,0.011264,2.90909,0.011264,11.6364,0.011264,46.5455,0.011264,157.538,0.013312,431.158,0.019456,642.51,0.052224,771.012,0.17408,819.2,0.65536,814.744,2.63578,809.008,10.6179,
0.0113636,0.011264,0.0454545,0.011264,0.181818,0.011264,0.8,0.01024,2.90909,0.011264,10.6667,0.012288,46.5455,0.011264,157.538,0.013312,455.111,0.018432,618.264,0.054272,771.012,0.17408,821.768,0.653312,814.112,2.63782,808.774,10.6209,
0.0104167,0.012288,0.0454545,0.011264,0.2,0.01024,0.666667,0.012288,2.90909,0.011264,9.14286,0.014336,46.5455,0.011264,170.667,0.012288,455.111,0.018432,630.154,0.053248,775.574,0.173056,823.058,0.652288,813.48,2.63987,809.086,10.6168,
0.00961538,0.013312,0.0454545,0.011264,0.181818,0.011264,0.727273,0.011264,2.90909,0.011264,9.14286,0.014336,46.5455,0.011264,157.538,0.013312,455.111,0.018432,618.264,0.054272,775.574,0.173056,824.352,0.651264,812.22,2.64397,808.385,10.626,
0.0113636,0.011264,0.0454545,0.011264,0.2,0.01024,0.666667,0.012288,2.90909,0.011264,8,0.016384,46.5455,0.011264,157.538,0.013312,431.158,0.019456,630.154,0.053248,771.012,0.17408,823.058,0.652288,812.22,2.64397,808.93,10.6189,
0.0113636,0.011264,0.0454545,0.011264,0.181818,0.011264,0.666667,0.012288,2.90909,0.011264,10.6667,0.012288,42.6667,0.012288,102.4,0.02048,327.68,0.0256,618.264,0.054272,766.503,0.175104,824.352,0.651264,813.48,2.63987,809.086,10.6168,
0.0113636,0.011264,0.0454545,0.011264,0.181818,0.011264,0.666667,0.012288,2.66667,0.012288,10.6667,0.012288,46.5455,0.011264,157.538,0.013312,431.158,0.019456,606.815,0.055296,766.503,0.175104,821.768,0.653312,814.112,2.63782,808.618,10.623,
0.00694444,0.018432,0.05,0.01024,0.181818,0.011264,0.727273,0.011264,2.90909,0.011264,11.6364,0.011264,42.6667,0.012288,157.538,0.013312,455.111,0.018432,630.154,0.053248,775.574,0.173056,821.768,0.653312,813.165,2.6409,808.93,10.6189,
0.0104167,0.012288,0.0454545,0.011264,0.2,0.01024,0.727273,0.011264,2.90909,0.011264,11.6364,0.011264,46.5455,0.011264,157.538,0.013312,455.111,0.018432,630.154,0.053248,771.012,0.17408,824.352,0.651264,814.744,2.63578,809.086,10.6168,
0.0104167,0.012288,0.0454545,0.011264,0.181818,0.011264,0.666667,0.012288,2.90909,0.011264,10.6667,0.012288,46.5455,0.011264,170.667,0.012288,455.111,0.018432,618.264,0.054272,771.012,0.17408,825.65,0.65024,814.428,2.6368,808.385,10.626,
0.0104167,0.012288,0.0416667,0.012288,0.181818,0.011264,0.666667,0.012288,3.2,0.01024,10.6667,0.012288,46.5455,0.011264,146.286,0.014336,455.111,0.018432,618.264,0.054272,771.012,0.17408,823.058,0.652288,814.744,2.63578,808.541,10.624,
0.0113636,0.011264,0.05,0.01024,0.181818,0.011264,0.8,0.01024,2.66667,0.012288,11.6364,0.011264,42.6667,0.012288,146.286,0.014336,455.111,0.018432,630.154,0.053248,771.012,0.17408,824.352,0.651264,814.744,2.63578,808.852,10.6199,
0.0113636,0.011264,0.05,0.01024,0.2,0.01024,0.727273,0.011264,2.90909,0.011264,11.6364,0.011264,28.4444,0.018432,157.538,0.013312,431.158,0.019456,642.51,0.052224,771.012,0.17408,823.058,0.652288,814.744,2.63578,809.321,10.6138,
0.0104167,0.012288,0.0454545,0.011264,0.2,0.01024,0.727273,0.011264,2.90909,0.011264,11.6364,0.011264,46.5455,0.011264,157.538,0.013312,481.882,0.017408,642.51,0.052224,766.503,0.175104,821.768,0.653312,814.428,2.6368,808.463,10.625,
0.00961538,0.013312,0.0454545,0.011264,0.181818,0.011264,0.8,0.01024,2.90909,0.011264,10.6667,0.012288,46.5455,0.011264,157.538,0.013312,409.6,0.02048,618.264,0.054272,775.574,0.173056,821.768,0.653312,814.428,2.6368,808.463,10.625,
0.0104167,0.012288,0.0454545,0.011264,0.2,0.01024,0.666667,0.012288,3.2,0.01024,11.6364,0.011264,46.5455,0.011264,170.667,0.012288,455.111,0.018432,630.154,0.053248,766.503,0.175104,823.058,0.652288,813.48,2.63987,808.541,10.624,
0.0113636,0.011264,0.0454545,0.011264,0.181818,0.011264,0.727273,0.011264,3.2,0.01024,11.6364,0.011264,46.5455,0.011264,170.667,0.012288,431.158,0.019456,630.154,0.053248,771.012,0.17408,821.768,0.653312,813.48,2.63987,809.164,10.6158,
0.0113636,0.011264,0.0416667,0.012288,0.2,0.01024,0.727273,0.011264,2.90909,0.011264,9.14286,0.014336,46.5455,0.011264,157.538,0.013312,409.6,0.02048,618.264,0.054272,771.012,0.17408,821.768,0.653312,813.165,2.6409,809.242,10.6148,
0.0125,0.01024,0.0454545,0.011264,0.181818,0.011264,0.666667,0.012288,3.2,0.01024,11.6364,0.011264,46.5455,0.011264,157.538,0.013312,455.111,0.018432,606.815,0.055296,771.012,0.17408,825.65,0.65024,812.85,2.64192,808.93,10.6189,
0.0113636,0.011264,0.0454545,0.011264,0.2,0.01024,0.727273,0.011264,2.90909,0.011264,11.6364,0.011264,46.5455,0.011264,170.667,0.012288,431.158,0.019456,630.154,0.053248,771.012,0.17408,817.922,0.656384,814.112,2.63782,808.774,10.6209,
0.0125,0.01024,0.0454545,0.011264,0.2,0.01024,0.727273,0.011264,2.90909,0.011264,11.6364,0.011264,46.5455,0.011264,157.538,0.013312,455.111,0.018432,618.264,0.054272,775.574,0.173056,820.482,0.654336,813.796,2.63885,808.696,10.622,
0.0113636,0.011264,0.00746269,0.068608,0.181818,0.011264,0.727273,0.011264,2.90909,0.011264,10.6667,0.012288,42.6667,0.012288,170.667,0.012288,431.158,0.019456,630.154,0.053248,775.574,0.173056,820.482,0.654336,815.378,2.63373,809.399,10.6127,
0.0113636,0.011264,0.0416667,0.012288,0.2,0.01024,0.666667,0.012288,2.90909,0.011264,10.6667,0.012288,46.5455,0.011264,170.667,0.012288,455.111,0.018432,630.154,0.053248,771.012,0.17408,823.058,0.652288,813.796,2.63885,809.477,10.6117,
0.0125,0.01024,0.0454545,0.011264,0.2,0.01024,0.8,0.01024,2.90909,0.011264,11.6364,0.011264,42.6667,0.012288,170.667,0.012288,455.111,0.018432,618.264,0.054272,771.012,0.17408,823.058,0.652288,813.796,2.63885,809.164,10.6158,
0.0125,0.01024,0.0454545,0.011264,0.181818,0.011264,0.727273,0.011264,3.2,0.01024,11.6364,0.011264,46.5455,0.011264,157.538,0.013312,431.158,0.019456,630.154,0.053248,766.503,0.175104,823.058,0.652288,813.48,2.63987,808.852,10.6199,
0.0113636,0.011264,0.0454545,0.011264,0.181818,0.011264,0.727273,0.011264,2.90909,0.011264,10.6667,0.012288,46.5455,0.011264,170.667,0.012288,431.158,0.019456,618.264,0.054272,775.574,0.173056,824.352,0.651264,813.165,2.6409,808.696,10.622,
0.0113636,0.011264,0.0454545,0.011264,0.181818,0.011264,0.727273,0.011264,2.90909,0.011264,10.6667,0.012288,46.5455,0.011264,170.667,0.012288,431.158,0.019456,618.264,0.054272,771.012,0.17408,825.65,0.65024,813.48,2.63987,808.696,10.622,
0.0113636,0.011264,0.0454545,0.011264,0.181818,0.011264,0.727273,0.011264,2.90909,0.011264,11.6364,0.011264,42.6667,0.012288,170.667,0.012288,431.158,0.019456,642.51,0.052224,775.574,0.173056,824.352,0.651264,811.906,2.64499,808.93,10.6189,
0.0113636,0.011264,0.0454545,0.011264,0.181818,0.011264,0.727273,0.011264,2.90909,0.011264,11.6364,0.011264,46.5455,0.011264,170.667,0.012288,431.158,0.019456,618.264,0.054272,766.503,0.175104,824.352,0.651264,813.796,2.63885,809.711,10.6086,
0.0113636,0.011264,0.0454545,0.011264,0.181818,0.011264,0.727273,0.011264,2.90909,0.011264,10.6667,0.012288,46.5455,0.011264,170.667,0.012288,431.158,0.019456,630.154,0.053248,771.012,0.17408,823.058,0.652288,812.535,2.64294,809.242,10.6148,
0.0113636,0.011264,0.0454545,0.011264,0.181818,0.011264,0.727273,0.011264,2.90909,0.011264,11.6364,0.011264,42.6667,0.012288,170.667,0.012288,455.111,0.018432,606.815,0.055296,775.574,0.173056,824.352,0.651264,813.165,2.6409,809.242,10.6148,
0.0104167,0.012288,0.0454545,0.011264,0.181818,0.011264,0.8,0.01024,2.90909,0.011264,10.6667,0.012288,46.5455,0.011264,170.667,0.012288,431.158,0.019456,642.51,0.052224,771.012,0.17408,826.953,0.649216,814.744,2.63578,808.93,10.6189,
0.0125,0.01024,0.0454545,0.011264,0.2,0.01024,0.727273,0.011264,3.2,0.01024,10.6667,0.012288,46.5455,0.011264,157.538,0.013312,431.158,0.019456,642.51,0.052224,740.52,0.181248,823.058,0.652288,813.796,2.63885,809.086,10.6168,
0.0104167,0.012288,0.0454545,0.011264,0.2,0.01024,0.8,0.01024,2.90909,0.011264,11.6364,0.011264,46.5455,0.011264,170.667,0.012288,431.158,0.019456,630.154,0.053248,766.503,0.175104,821.768,0.653312,815.061,2.63475,809.086,10.6168,
0.0125,0.01024,0.0454545,0.011264,0.2,0.01024,0.727273,0.011264,2.90909,0.011264,11.6364,0.011264,46.5455,0.011264,157.538,0.013312,431.158,0.019456,618.264,0.054272,766.503,0.175104,824.352,0.651264,814.744,2.63578,809.164,10.6158,
0.0104167,0.012288,0.0454545,0.011264,0.181818,0.011264,0.727273,0.011264,3.2,0.01024,11.6364,0.011264,46.5455,0.011264,170.667,0.012288,455.111,0.018432,618.264,0.054272,771.012,0.17408,817.922,0.656384,814.744,2.63578,808.93,10.6189,
0.0113636,0.011264,0.0454545,0.011264,0.181818,0.011264,0.727273,0.011264,3.2,0.01024,10.6667,0.012288,46.5455,0.011264,170.667,0.012288,431.158,0.019456,642.51,0.052224,766.503,0.175104,821.768,0.653312,814.112,2.63782,809.242,10.6148,
0.0113636,0.011264,0.05,0.01024,0.181818,0.011264,0.727273,0.011264,2.90909,0.011264,9.84615,0.013312,42.6667,0.012288,170.667,0.012288,431.158,0.019456,618.264,0.054272,766.503,0.175104,824.352,0.651264,813.165,2.6409,808.93,10.6189,
0.0104167,0.012288,0.0454545,0.011264,0.181818,0.011264,0.666667,0.012288,2.90909,0.011264,10.6667,0.012288,46.5455,0.011264,170.667,0.012288,409.6,0.02048,606.815,0.055296,780.19,0.172032,823.058,0.652288,814.744,2.63578,808.774,10.6209,
0.0104167,0.012288,0.05,0.01024,0.181818,0.011264,0.727273,0.011264,2.90909,0.011264,11.6364,0.011264,46.5455,0.011264,170.667,0.012288,455.111,0.018432,618.264,0.054272,766.503,0.175104,824.352,0.651264,814.428,2.6368,808.852,10.6199,
0.0125,0.01024,0.0454545,0.011264,0.181818,0.011264,0.666667,0.012288,3.2,0.01024,11.6364,0.011264,42.6667,0.012288,170.667,0.012288,431.158,0.019456,618.264,0.054272,766.503,0.175104,820.482,0.654336,814.428,2.6368,809.008,10.6179,
0.0113636,0.011264,0.05,0.01024,0.2,0.01024,0.727273,0.011264,2.90909,0.011264,10.6667,0.012288,46.5455,0.011264,170.667,0.012288,431.158,0.019456,618.264,0.054272,771.012,0.17408,821.768,0.653312,814.744,2.63578,809.164,10.6158,
0.00961538,0.013312,0.0454545,0.011264,0.2,0.01024,0.727273,0.011264,2.90909,0.011264,10.6667,0.012288,46.5455,0.011264,170.667,0.012288,409.6,0.02048,642.51,0.052224,766.503,0.175104,824.352,0.651264,814.744,2.63578,808.229,10.6281,
0.0104167,0.012288,0.0454545,0.011264,0.181818,0.011264,0.727273,0.011264,2.90909,0.011264,11.6364,0.011264,46.5455,0.011264,157.538,0.013312,409.6,0.02048,642.51,0.052224,775.574,0.173056,820.482,0.654336,815.061,2.63475,809.008,10.6179,
0.0113636,0.011264,0.0454545,0.011264,0.2,0.01024,0.666667,0.012288,2.90909,0.011264,10.6667,0.012288,46.5455,0.011264,170.667,0.012288,409.6,0.02048,618.264,0.054272,771.012,0.17408,819.2,0.65536,814.744,2.63578,808.541,10.624,
0.0113636,0.011264,0.05,0.01024,0.105263,0.019456,0.727273,0.011264,2.90909,0.011264,11.6364,0.011264,46.5455,0.011264,157.538,0.013312,409.6,0.02048,618.264,0.054272,775.574,0.173056,821.768,0.653312,814.744,2.63578,808.93,10.6189,
0.0113636,0.011264,0.0454545,0.011264,0.181818,0.011264,0.727273,0.011264,2.90909,0.011264,11.6364,0.011264,46.5455,0.011264,170.667,0.012288,431.158,0.019456,630.154,0.053248,766.503,0.175104,820.482,0.654336,814.744,2.63578,809.008,10.6179,
0.0113636,0.011264,0.0454545,0.011264,0.181818,0.011264,0.666667,0.012288,2.90909,0.011264,10.6667,0.012288,42.6667,0.012288,170.667,0.012288,455.111,0.018432,618.264,0.054272,771.012,0.17408,823.058,0.652288,815.061,2.63475,808.618,10.623,
0.0113636,0.011264,0.0454545,0.011264,0.2,0.01024,0.727273,0.011264,3.2,0.01024,11.6364,0.011264,46.5455,0.011264,157.538,0.013312,455.111,0.018432,618.264,0.054272,784.862,0.171008,825.65,0.65024,815.061,2.63475,808.696,10.622,
0.0113636,0.011264,0.05,0.01024,0.181818,0.011264,0.727273,0.011264,2.90909,0.011264,11.6364,0.011264,42.6667,0.012288,170.667,0.012288,431.158,0.019456,630.154,0.053248,780.19,0.172032,821.768,0.653312,814.428,2.6368,808.696,10.622,
0.0113636,0.011264,0.0454545,0.011264,0.166667,0.012288,0.727273,0.011264,2.90909,0.011264,10.6667,0.012288,46.5455,0.011264,170.667,0.012288,431.158,0.019456,630.154,0.053248,784.862,0.171008,825.65,0.65024,814.428,2.6368,808.852,10.6199,
0.0113636,0.011264,0.0454545,0.011264,0.181818,0.011264,0.727273,0.011264,2.90909,0.011264,11.6364,0.011264,46.5455,0.011264,157.538,0.013312,431.158,0.019456,630.154,0.053248,789.59,0.169984,817.922,0.656384,814.112,2.63782,809.868,10.6066,
0.0125,0.01024,0.0416667,0.012288,0.181818,0.011264,0.727273,0.011264,2.90909,0.011264,11.6364,0.011264,46.5455,0.011264,157.538,0.013312,455.111,0.018432,630.154,0.053248,780.19,0.172032,820.482,0.654336,814.112,2.63782,809.555,10.6107,
0.0113636,0.011264,0.0454545,0.011264,0.181818,0.011264,0.8,0.01024,3.2,0.01024,11.6364,0.011264,46.5455,0.011264,157.538,0.013312,409.6,0.02048,618.264,0.054272,780.19,0.172032,823.058,0.652288,814.428,2.6368,809.711,10.6086,
0.0113636,0.011264,0.0416667,0.012288,0.181818,0.011264,0.615385,0.013312,2.90909,0.011264,10.6667,0.012288,46.5455,0.011264,170.667,0.012288,455.111,0.018432,630.154,0.053248,780.19,0.172032,821.768,0.653312,814.744,2.63578,810.415,10.5994,
0.0104167,0.012288,0.0454545,0.011264,0.181818,0.011264,0.727273,0.011264,2.90909,0.011264,11.6364,0.011264,46.5455,0.011264,170.667,0.012288,455.111,0.018432,642.51,0.052224,784.862,0.171008,820.482,0.654336,814.744,2.63578,809.711,10.6086,
0.0104167,0.012288,0.0454545,0.011264,0.181818,0.011264,0.727273,0.011264,3.2,0.01024,10.6667,0.012288,46.5455,0.011264,157.538,0.013312,431.158,0.019456,618.264,0.054272,789.59,0.169984,821.768,0.653312,814.744,2.63578,810.18,10.6025,
0.0113636,0.011264,0.0454545,0.011264,0.166667,0.012288,0.615385,0.013312,3.2,0.01024,10.6667,0.012288,46.5455,0.011264,170.667,0.012288,455.111,0.018432,618.264,0.054272,784.862,0.171008,823.058,0.652288,814.428,2.6368,810.18,10.6025,
0.0113636,0.011264,0.0454545,0.011264,0.2,0.01024,0.666667,0.012288,2.90909,0.011264,11.6364,0.011264,46.5455,0.011264,170.667,0.012288,455.111,0.018432,618.264,0.054272,784.862,0.171008,825.65,0.65024,815.061,2.63475,809.946,10.6056,
0.0113636,0.011264,0.0454545,0.011264,0.181818,0.011264,0.727273,0.011264,2.90909,0.011264,11.6364,0.011264,46.5455,0.011264,170.667,0.012288,455.111,0.018432,630.154,0.053248,780.19,0.172032,821.768,0.653312,814.112,2.63782,810.415,10.5994,
0.0113636,0.011264,0.0454545,0.011264,0.2,0.01024,0.615385,0.013312,2.90909,0.011264,11.6364,0.011264,46.5455,0.011264,170.667,0.012288,455.111,0.018432,630.154,0.053248,789.59,0.169984,824.352,0.651264,814.428,2.6368,809.946,10.6056,
0.0113636,0.011264,0.05,0.01024,0.181818,0.011264,0.727273,0.011264,3.2,0.01024,11.6364,0.011264,42.6667,0.012288,170.667,0.012288,455.111,0.018432,630.154,0.053248,784.862,0.171008,817.922,0.656384,815.061,2.63475,810.415,10.5994,
0.0113636,0.011264,0.0454545,0.011264,0.166667,0.012288,0.727273,0.011264,3.2,0.01024,10.6667,0.012288,46.5455,0.011264,157.538,0.013312,455.111,0.018432,618.264,0.054272,789.59,0.169984,820.482,0.654336,814.112,2.63782,809.711,10.6086,
0.0113636,0.011264,0.0454545,0.011264,0.181818,0.011264,0.8,0.01024,2.90909,0.011264,11.6364,0.011264,46.5455,0.011264,170.667,0.012288,455.111,0.018432,618.264,0.054272,775.574,0.173056,821.768,0.653312,814.744,2.63578,808.93,10.6189,
0.0113636,0.011264,0.0454545,0.011264,0.181818,0.011264,0.727273,0.011264,2.90909,0.011264,11.6364,0.011264,46.5455,0.011264,170.667,0.012288,455.111,0.018432,618.264,0.054272,780.19,0.172032,820.482,0.654336,814.744,2.63578,809.868,10.6066,
0.0113636,0.011264,0.0454545,0.011264,0.181818,0.011264,0.727273,0.011264,2.90909,0.011264,11.6364,0.011264,42.6667,0.012288,170.667,0.012288,455.111,0.018432,618.264,0.054272,784.862,0.171008,820.482,0.654336,814.428,2.6368,809.868,10.6066,
0.0113636,0.011264,0.0454545,0.011264,0.2,0.01024,0.727273,0.011264,2.90909,0.011264,11.6364,0.011264,46.5455,0.011264,170.667,0.012288,455.111,0.018432,618.264,0.054272,780.19,0.172032,819.2,0.65536,814.428,2.6368,808.93,10.6189,
0.0125,0.01024,0.0294118,0.017408,0.2,0.01024,0.8,0.01024,2.90909,0.011264,12.8,0.01024,46.5455,0.011264,157.538,0.013312,431.158,0.019456,606.815,0.055296,784.862,0.171008,815.378,0.658432,814.744,2.63578,808.696,10.622,
0.0125,0.01024,0.0454545,0.011264,0.181818,0.011264,0.727273,0.011264,2.90909,0.011264,10.6667,0.012288,46.5455,0.011264,170.667,0.012288,455.111,0.018432,630.154,0.053248,784.862,0.171008,815.378,0.658432,814.744,2.63578,808.696,10.622,
0.0113636,0.011264,0.0454545,0.011264,0.2,0.01024,0.727273,0.011264,3.2,0.01024,11.6364,0.011264,46.5455,0.011264,170.667,0.012288,455.111,0.018432,642.51,0.052224,784.862,0.171008,820.482,0.654336,814.112,2.63782,809.086,10.6168,
0.0113636,0.011264,0.0454545,0.011264,0.2,0.01024,0.727273,0.011264,3.2,0.01024,11.6364,0.011264,46.5455,0.011264,170.667,0.012288,455.111,0.018432,606.815,0.055296,780.19,0.172032,820.482,0.654336,814.428,2.6368,810.18,10.6025,
0.00961538,0.013312,0.05,0.01024,0.181818,0.011264,0.727273,0.011264,2.66667,0.012288,11.6364,0.011264,42.6667,0.012288,146.286,0.014336,390.095,0.021504,546.133,0.06144,757.642,0.177152,812.85,0.66048,794.677,2.70234,809.477,10.6117,
0.0125,0.01024,0.0454545,0.011264,0.181818,0.011264,0.727273,0.011264,2.90909,0.011264,10.6667,0.012288,42.6667,0.012288,157.538,0.013312,431.158,0.019456,204.8,0.16384,771.012,0.17408,814.112,0.659456,813.165,2.6409,809.789,10.6076,
0.0113636,0.011264,0.0454545,0.011264,0.181818,0.011264,0.8,0.01024,2.90909,0.011264,11.6364,0.011264,42.6667,0.012288,157.538,0.013312,431.158,0.019456,618.264,0.054272,661.98,0.202752,815.378,0.658432,814.112,2.63782,809.868,10.6066,
0.0125,0.01024,0.0454545,0.011264,0.2,0.01024,0.727273,0.011264,2.90909,0.011264,11.6364,0.011264,46.5455,0.011264,157.538,0.013312,431.158,0.019456,642.51,0.052224,762.047,0.176128,817.922,0.656384,814.744,2.63578,809.399,10.6127,
0.0113636,0.011264,0.05,0.01024,0.181818,0.011264,0.8,0.01024,2.66667,0.012288,11.6364,0.011264,39.3846,0.013312,157.538,0.013312,431.158,0.019456,630.154,0.053248,771.012,0.17408,814.112,0.659456,814.428,2.6368,809.789,10.6076,
0.0125,0.01024,0.0454545,0.011264,0.2,0.01024,0.727273,0.011264,2.90909,0.011264,11.6364,0.011264,42.6667,0.012288,157.538,0.013312,431.158,0.019456,642.51,0.052224,771.012,0.17408,815.378,0.658432,814.428,2.6368,809.868,10.6066,
0.0113636,0.011264,0.0454545,0.011264,0.181818,0.011264,0.727273,0.011264,2.90909,0.011264,11.6364,0.011264,42.6667,0.012288,157.538,0.013312,431.158,0.019456,630.154,0.053248,766.503,0.175104,815.378,0.658432,814.744,2.63578,809.555,10.6107,
0.0113636,0.011264,0.0454545,0.011264,0.2,0.01024,0.727273,0.011264,2.66667,0.012288,11.6364,0.011264,42.6667,0.012288,157.538,0.013312,431.158,0.019456,630.154,0.053248,775.574,0.173056,817.922,0.656384,814.112,2.63782,809.321,10.6138,
0.0113636,0.011264,0.0333333,0.01536,0.181818,0.011264,0.8,0.01024,2.28571,0.014336,10.6667,0.012288,42.6667,0.012288,157.538,0.013312,431.158,0.019456,642.51,0.052224,766.503,0.175104,815.378,0.658432,814.744,2.63578,809.477,10.6117,
0.0113636,0.011264,0.0454545,0.011264,0.2,0.01024,0.727273,0.011264,2.90909,0.011264,10.6667,0.012288,42.6667,0.012288,157.538,0.013312,431.158,0.019456,630.154,0.053248,771.012,0.17408,816.648,0.657408,814.744,2.63578,808.774,10.6209,
0.0113636,0.011264,0.0454545,0.011264,0.166667,0.012288,0.727273,0.011264,2.90909,0.011264,10.6667,0.012288,42.6667,0.012288,157.538,0.013312,431.158,0.019456,630.154,0.053248,766.503,0.175104,816.648,0.657408,813.165,2.6409,810.024,10.6045,
0.0113636,0.011264,0.0454545,0.011264,0.181818,0.011264,0.727273,0.011264,2.90909,0.011264,10.6667,0.012288,46.5455,0.011264,157.538,0.013312,455.111,0.018432,618.264,0.054272,771.012,0.17408,819.2,0.65536,813.48,2.63987,809.477,10.6117,
0.0113636,0.011264,0.0454545,0.011264,0.181818,0.011264,0.8,0.01024,2.90909,0.011264,11.6364,0.011264,46.5455,0.011264,146.286,0.014336,431.158,0.019456,630.154,0.053248,775.574,0.173056,821.768,0.653312,814.112,2.63782,809.399,10.6127,
0.0104167,0.012288,0.0454545,0.011264,0.181818,0.011264,0.8,0.01024,2.90909,0.011264,11.6364,0.011264,46.5455,0.011264,157.538,0.013312,431.158,0.019456,630.154,0.053248,775.574,0.173056,821.768,0.653312,815.061,2.63475,809.399,10.6127,
0.0113636,0.011264,0.05,0.01024,0.181818,0.011264,0.8,0.01024,2.66667,0.012288,11.6364,0.011264,42.6667,0.012288,157.538,0.013312,431.158,0.019456,630.154,0.053248,771.012,0.17408,823.058,0.652288,815.061,2.63475,809.789,10.6076,
0.0113636,0.011264,0.0454545,0.011264,0.181818,0.011264,0.727273,0.011264,3.2,0.01024,11.6364,0.011264,42.6667,0.012288,157.538,0.013312,431.158,0.019456,606.815,0.055296,766.503,0.175104,823.058,0.652288,814.428,2.6368,809.633,10.6097,
0.0104167,0.012288,0.0454545,0.011264,0.181818,0.011264,0.8,0.01024,2.90909,0.011264,11.6364,0.011264,46.5455,0.011264,157.538,0.013312,431.158,0.019456,618.264,0.054272,766.503,0.175104,820.482,0.654336,815.061,2.63475,809.633,10.6097,
0.0125,0.01024,0.0454545,0.011264,0.181818,0.011264,0.727273,0.011264,3.2,0.01024,11.6364,0.011264,42.6667,0.012288,157.538,0.013312,431.158,0.019456,630.154,0.053248,775.574,0.173056,819.2,0.65536,814.744,2.63578,809.633,10.6097,
0.0113636,0.011264,0.0454545,0.011264,0.166667,0.012288,0.615385,0.013312,2.90909,0.011264,11.6364,0.011264,42.6667,0.012288,157.538,0.013312,431.158,0.019456,618.264,0.054272,766.503,0.175104,816.648,0.657408,814.744,2.63578,809.399,10.6127,
0.0125,0.01024,0.0454545,0.011264,0.181818,0.011264,0.727273,0.011264,2.90909,0.011264,11.6364,0.011264,46.5455,0.011264,146.286,0.014336,431.158,0.019456,618.264,0.054272,766.503,0.175104,817.922,0.656384,813.165,2.6409,809.633,10.6097,
0.0113636,0.011264,0.0454545,0.011264,0.181818,0.011264,0.727273,0.011264,2.66667,0.012288,11.6364,0.011264,42.6667,0.012288,157.538,0.013312,356.174,0.023552,630.154,0.053248,775.574,0.173056,819.2,0.65536,813.48,2.63987,809.477,10.6117,
0.0125,0.01024,0.0454545,0.011264,0.181818,0.011264,0.727273,0.011264,2.90909,0.011264,11.6364,0.011264,42.6667,0.012288,157.538,0.013312,431.158,0.019456,642.51,0.052224,771.012,0.17408,820.482,0.654336,813.48,2.63987,810.024,10.6045,
0.0113636,0.011264,0.05,0.01024,0.181818,0.011264,0.8,0.01024,2.66667,0.012288,11.6364,0.011264,42.6667,0.012288,157.538,0.013312,431.158,0.019456,630.154,0.053248,762.047,0.176128,817.922,0.656384,814.112,2.63782,809.946,10.6056,
0.0113636,0.011264,0.0454545,0.011264,0.2,0.01024,0.727273,0.011264,2.90909,0.011264,11.6364,0.011264,39.3846,0.013312,157.538,0.013312,455.111,0.018432,630.154,0.053248,771.012,0.17408,817.922,0.656384,813.165,2.6409,809.789,10.6076,
0.0104167,0.012288,0.0454545,0.011264,0.181818,0.011264,0.727273,0.011264,2.90909,0.011264,11.6364,0.011264,42.6667,0.012288,157.538,0.013312,431.158,0.019456,618.264,0.054272,771.012,0.17408,820.482,0.654336,813.796,2.63885,809.321,10.6138,
0.0113636,0.011264,0.0454545,0.011264,0.2,0.01024,0.727273,0.011264,2.90909,0.011264,11.6364,0.011264,42.6667,0.012288,146.286,0.014336,431.158,0.019456,642.51,0.052224,775.574,0.173056,819.2,0.65536,814.428,2.6368,809.555,10.6107,
0.0104167,0.012288,0.05,0.01024,0.181818,0.011264,0.8,0.01024,2.90909,0.011264,11.6364,0.011264,42.6667,0.012288,157.538,0.013312,431.158,0.019456,642.51,0.052224,775.574,0.173056,820.482,0.654336,814.112,2.63782,809.242,10.6148,
0.0113636,0.011264,0.0454545,0.011264,0.181818,0.011264,0.727273,0.011264,2.90909,0.011264,11.6364,0.011264,46.5455,0.011264,157.538,0.013312,431.158,0.019456,618.264,0.054272,775.574,0.173056,819.2,0.65536,815.061,2.63475,809.399,10.6127,
0.0113636,0.011264,0.0454545,0.011264,0.181818,0.011264,0.727273,0.011264,2.90909,0.011264,11.6364,0.011264,46.5455,0.011264,157.538,0.013312,431.158,0.019456,630.154,0.053248,771.012,0.17408,823.058,0.652288,814.428,2.6368,809.555,10.6107,
0.0125,0.01024,0.0454545,0.011264,0.181818,0.011264,0.727273,0.011264,2.90909,0.011264,10.6667,0.012288,42.6667,0.012288,157.538,0.013312,455.111,0.018432,595.782,0.05632,753.287,0.178176,821.768,0.653312,814.744,2.63578,809.868,10.6066,
0.0113636,0.011264,0.05,0.01024,0.181818,0.011264,0.727273,0.011264,2.90909,0.011264,11.6364,0.011264,42.6667,0.012288,157.538,0.013312,431.158,0.019456,630.154,0.053248,766.503,0.175104,821.768,0.653312,815.061,2.63475,809.868,10.6066,
0.0125,0.01024,0.0454545,0.011264,0.181818,0.011264,0.727273,0.011264,2.90909,0.011264,10.6667,0.012288,42.6667,0.012288,157.538,0.013312,431.158,0.019456,564.966,0.059392,766.503,0.175104,821.768,0.653312,815.061,2.63475,809.555,10.6107,
0.0113636,0.011264,0.0454545,0.011264,0.181818,0.011264,0.727273,0.011264,2.90909,0.011264,11.6364,0.011264,39.3846,0.013312,157.538,0.013312,455.111,0.018432,642.51,0.052224,766.503,0.175104,825.65,0.65024,814.428,2.6368,809.399,10.6127,
0.0113636,0.011264,0.0454545,0.011264,0.181818,0.011264,0.727273,0.011264,2.90909,0.011264,11.6364,0.011264,42.6667,0.012288,157.538,0.013312,431.158,0.019456,630.154,0.053248,766.503,0.175104,824.352,0.651264,815.061,2.63475,809.789,10.6076,
0.0113636,0.011264,0.05,0.01024,0.181818,0.011264,0.727273,0.011264,2.66667,0.012288,11.6364,0.011264,39.3846,0.013312,157.538,0.013312,455.111,0.018432,630.154,0.053248,766.503,0.175104,821.768,0.653312,814.744,2.63578,809.633,10.6097,
0.0113636,0.011264,0.0454545,0.011264,0.181818,0.011264,0.727273,0.011264,2.90909,0.011264,10.6667,0.012288,42.6667,0.012288,157.538,0.013312,431.158,0.019456,606.815,0.055296,771.012,0.17408,825.65,0.65024,813.48,2.63987,809.399,10.6127,
0.0104167,0.012288,0.0454545,0.011264,0.181818,0.011264,0.727273,0.011264,2.66667,0.012288,10.6667,0.012288,39.3846,0.013312,157.538,0.013312,409.6,0.02048,618.264,0.054272,766.503,0.175104,821.768,0.653312,812.85,2.64192,808.93,10.6189,
0.0113636,0.011264,0.0454545,0.011264,0.153846,0.013312,0.5,0.016384,2.66667,0.012288,10.6667,0.012288,42.6667,0.012288,136.533,0.01536,409.6,0.02048,630.154,0.053248,766.503,0.175104,821.768,0.653312,811.906,2.64499,809.242,10.6148,
0.0104167,0.012288,0.0454545,0.011264,0.166667,0.012288,0.8,0.01024,2.90909,0.011264,11.6364,0.011264,46.5455,0.011264,128,0.016384,431.158,0.019456,630.154,0.053248,771.012,0.17408,824.352,0.651264,813.796,2.63885,809.399,10.6127,
0.0113636,0.011264,0.0454545,0.011264,0.2,0.01024,0.8,0.01024,2.90909,0.011264,11.6364,0.011264,42.6667,0.012288,157.538,0.013312,431.158,0.019456,606.815,0.055296,771.012,0.17408,823.058,0.652288,814.428,2.6368,809.399,10.6127,
0.0113636,0.011264,0.0454545,0.011264,0.181818,0.011264,0.8,0.01024,2.66667,0.012288,11.6364,0.011264,46.5455,0.011264,157.538,0.013312,409.6,0.02048,618.264,0.054272,771.012,0.17408,824.352,0.651264,814.112,2.63782,809.399,10.6127,
0.0125,0.01024,0.0454545,0.011264,0.181818,0.011264,0.727273,0.011264,2.90909,0.011264,11.6364,0.011264,46.5455,0.011264,157.538,0.013312,431.158,0.019456,537.18,0.062464,766.503,0.175104,824.352,0.651264,814.744,2.63578,809.164,10.6158,
0.0113636,0.011264,0.0454545,0.011264,0.181818,0.011264,0.8,0.01024,2,0.016384,11.6364,0.011264,39.3846,0.013312,157.538,0.013312,455.111,0.018432,630.154,0.053248,766.503,0.175104,824.352,0.651264,813.165,2.6409,809.633,10.6097,
0.0125,0.01024,0.0416667,0.012288,0.181818,0.011264,0.727273,0.011264,2.90909,0.011264,11.6364,0.011264,42.6667,0.012288,157.538,0.013312,455.111,0.018432,618.264,0.054272,766.503,0.175104,824.352,0.651264,812.85,2.64192,809.477,10.6117,
0.0104167,0.012288,0.05,0.01024,0.181818,0.011264,0.727273,0.011264,2.90909,0.011264,11.6364,0.011264,42.6667,0.012288,157.538,0.013312,431.158,0.019456,630.154,0.053248,766.503,0.175104,821.768,0.653312,813.796,2.63885,809.711,10.6086,
0.00735294,0.017408,0.0416667,0.012288,0.2,0.01024,0.666667,0.012288,2.46154,0.013312,11.6364,0.011264,39.3846,0.013312,157.538,0.013312,455.111,0.018432,655.36,0.0512,771.012,0.17408,819.2,0.65536,813.165,2.6409,809.242,10.6148,
0.0104167,0.012288,0.05,0.01024,0.181818,0.011264,0.727273,0.011264,2.66667,0.012288,10.6667,0.012288,42.6667,0.012288,157.538,0.013312,455.111,0.018432,630.154,0.053248,762.047,0.176128,819.2,0.65536,812.22,2.64397,809.711,10.6086,
0.0113636,0.011264,0.0454545,0.011264,0.181818,0.011264,0.727273,0.011264,2.90909,0.011264,11.6364,0.011264,42.6667,0.012288,157.538,0.013312,431.158,0.019456,618.264,0.054272,771.012,0.17408,823.058,0.652288,813.796,2.63885,809.711,10.6086,
0.0113636,0.011264,0.0454545,0.011264,0.181818,0.011264,0.727273,0.011264,2.90909,0.011264,11.6364,0.011264,42.6667,0.012288,157.538,0.013312,431.158,0.019456,618.264,0.054272,766.503,0.175104,820.482,0.654336,814.744,2.63578,809.633,10.6097,
0.0113636,0.011264,0.0454545,0.011264,0.181818,0.011264,0.727273,0.011264,2.66667,0.012288,11.6364,0.011264,42.6667,0.012288,157.538,0.013312,372.364,0.022528,642.51,0.052224,771.012,0.17408,823.058,0.652288,814.744,2.63578,809.086,10.6168,
0.0104167,0.012288,0.0454545,0.011264,0.181818,0.011264,0.727273,0.011264,2.90909,0.011264,11.6364,0.011264,42.6667,0.012288,157.538,0.013312,390.095,0.021504,630.154,0.053248,771.012,0.17408,821.768,0.653312,814.428,2.6368,808.541,10.624,
0.0113636,0.011264,0.0454545,0.011264,0.2,0.01024,0.727273,0.011264,2.90909,0.011264,11.6364,0.011264,42.6667,0.012288,157.538,0.013312,372.364,0.022528,630.154,0.053248,771.012,0.17408,823.058,0.652288,814.744,2.63578,809.242,10.6148,
0.0113636,0.011264,0.05,0.01024,0.181818,0.011264,0.8,0.01024,2.90909,0.011264,10.6667,0.012288,39.3846,0.013312,157.538,0.013312,390.095,0.021504,630.154,0.053248,771.012,0.17408,821.768,0.653312,814.112,2.63782,808.774,10.6209,
0.0113636,0.011264,0.0454545,0.011264,0.2,0.01024,0.727273,0.011264,2.90909,0.011264,11.6364,0.011264,42.6667,0.012288,157.538,0.013312,409.6,0.02048,630.154,0.053248,771.012,0.17408,823.058,0.652288,814.112,2.63782,809.242,10.6148,
0.0113636,0.011264,0.0454545,0.011264,0.181818,0.011264,0.727273,0.011264,2.90909,0.011264,11.6364,0.011264,42.6667,0.012288,157.538,0.013312,409.6,0.02048,630.154,0.053248,766.503,0.175104,821.768,0.653312,813.48,2.63987,809.164,10.6158,
0.00961538,0.013312,0.0454545,0.011264,0.181818,0.011264,0.727273,0.011264,2.90909,0.011264,11.6364,0.011264,42.6667,0.012288,170.667,0.012288,372.364,0.022528,630.154,0.053248,771.012,0.17408,821.768,0.653312,814.428,2.6368,809.555,10.6107,
0.0104167,0.012288,0.05,0.01024,0.181818,0.011264,0.727273,0.011264,2.66667,0.012288,11.6364,0.011264,39.3846,0.013312,170.667,0.012288,356.174,0.023552,630.154,0.053248,766.503,0.175104,816.648,0.657408,814.112,2.63782,809.086,10.6168,
0.00892857,0.014336,0.0454545,0.011264,0.2,0.01024,0.727273,0.011264,2.90909,0.011264,10.6667,0.012288,42.6667,0.012288,157.538,0.013312,390.095,0.021504,630.154,0.053248,775.574,0.173056,817.922,0.656384,813.796,2.63885,809.321,10.6138,
0.0104167,0.012288,0.0454545,0.011264,0.181818,0.011264,0.727273,0.011264,2.90909,0.011264,11.6364,0.011264,42.6667,0.012288,157.538,0.013312,372.364,0.022528,642.51,0.052224,780.19,0.172032,821.768,0.653312,813.796,2.63885,809.164,10.6158,
0.0113636,0.011264,0.0454545,0.011264,0.181818,0.011264,0.727273,0.011264,2.90909,0.011264,10.6667,0.012288,46.5455,0.011264,157.538,0.013312,409.6,0.02048,630.154,0.053248,784.862,0.171008,823.058,0.652288,812.85,2.64192,809.242,10.6148,
0.0104167,0.012288,0.0454545,0.011264,0.181818,0.011264,0.8,0.01024,2.90909,0.011264,11.6364,0.011264,46.5455,0.011264,157.538,0.013312,356.174,0.023552,630.154,0.053248,780.19,0.172032,824.352,0.651264,812.535,2.64294,809.086,10.6168,
0.0125,0.01024,0.0454545,0.011264,0.2,0.01024,0.727273,0.011264,2.66667,0.012288,11.6364,0.011264,39.3846,0.013312,157.538,0.013312,431.158,0.019456,655.36,0.0512,780.19,0.172032,821.768,0.653312,814.428,2.6368,808.852,10.6199,
0.0113636,0.011264,0.05,0.01024,0.181818,0.011264,0.8,0.01024,2.90909,0.011264,11.6364,0.011264,42.6667,0.012288,170.667,0.012288,390.095,0.021504,618.264,0.054272,784.862,0.171008,823.058,0.652288,814.428,2.6368,809.008,10.6179,
0.0113636,0.011264,0.0454545,0.011264,0.181818,0.011264,0.727273,0.011264,2.90909,0.011264,11.6364,0.011264,42.6667,0.012288,157.538,0.013312,390.095,0.021504,618.264,0.054272,780.19,0.172032,823.058,0.652288,813.165,2.6409,808.696,10.622,
0.0113636,0.011264,0.0454545,0.011264,0.181818,0.011264,0.8,0.01024,2.90909,0.011264,11.6364,0.011264,46.5455,0.011264,157.538,0.013312,409.6,0.02048,618.264,0.054272,789.59,0.169984,823.058,0.652288,812.85,2.64192,808.774,10.6209,
0.0113636,0.011264,0.0454545,0.011264,0.181818,0.011264,0.727273,0.011264,2.90909,0.011264,11.6364,0.011264,42.6667,0.012288,157.538,0.013312,390.095,0.021504,630.154,0.053248,780.19,0.172032,821.768,0.653312,813.796,2.63885,809.399,10.6127,
0.0113636,0.011264,0.0454545,0.011264,0.181818,0.011264,0.8,0.01024,2.66667,0.012288,11.6364,0.011264,42.6667,0.012288,157.538,0.013312,372.364,0.022528,630.154,0.053248,780.19,0.172032,820.482,0.654336,813.48,2.63987,808.774,10.6209,
0.0104167,0.012288,0.0416667,0.012288,0.181818,0.011264,0.727273,0.011264,2.90909,0.011264,11.6364,0.011264,46.5455,0.011264,157.538,0.013312,390.095,0.021504,642.51,0.052224,784.862,0.171008,823.058,0.652288,813.165,2.6409,808.541,10.624,
0.0113636,0.011264,0.0454545,0.011264,0.181818,0.011264,0.8,0.01024,2.90909,0.011264,11.6364,0.011264,42.6667,0.012288,157.538,0.013312,409.6,0.02048,606.815,0.055296,780.19,0.172032,823.058,0.652288,814.744,2.63578,808.774,10.6209,
0.0113636,0.011264,0.0454545,0.011264,0.181818,0.011264,0.8,0.01024,2.90909,0.011264,11.6364,0.011264,42.6667,0.012288,157.538,0.013312,390.095,0.021504,642.51,0.052224,784.862,0.171008,823.058,0.652288,814.428,2.6368,809.164,10.6158,
0.0113636,0.011264,0.05,0.01024,0.166667,0.012288,0.727273,0.011264,2.90909,0.011264,11.6364,0.011264,42.6667,0.012288,157.538,0.013312,390.095,0.021504,630.154,0.053248,775.574,0.173056,823.058,0.652288,814.744,2.63578,808.852,10.6199,
0.0113636,0.011264,0.0454545,0.011264,0.181818,0.011264,0.727273,0.011264,2.66667,0.012288,11.6364,0.011264,46.5455,0.011264,157.538,0.013312,390.095,0.021504,618.264,0.054272,789.59,0.169984,823.058,0.652288,814.428,2.6368,809.008,10.6179,
0.0113636,0.011264,0.0454545,0.011264,0.0444444,0.04608,0.8,0.01024,2.90909,0.011264,10.6667,0.012288,46.5455,0.011264,157.538,0.013312,390.095,0.021504,564.966,0.059392,780.19,0.172032,821.768,0.653312,814.744,2.63578,809.008,10.6179,
0.0113636,0.011264,0.0454545,0.011264,0.2,0.01024,0.727273,0.011264,2.90909,0.011264,10.6667,0.012288,46.5455,0.011264,157.538,0.013312,356.174,0.023552,618.264,0.054272,784.862,0.171008,823.058,0.652288,814.112,2.63782,808.618,10.623,
0.0113636,0.011264,0.05,0.01024,0.181818,0.011264,0.727273,0.011264,2.66667,0.012288,11.6364,0.011264,42.6667,0.012288,157.538,0.013312,431.158,0.019456,630.154,0.053248,780.19,0.172032,823.058,0.652288,814.428,2.6368,809.008,10.6179,
0.0125,0.01024,0.05,0.01024,0.2,0.01024,0.727273,0.011264,2.90909,0.011264,11.6364,0.011264,46.5455,0.011264,157.538,0.013312,372.364,0.022528,618.264,0.054272,784.862,0.171008,821.768,0.653312,814.744,2.63578,808.774,10.6209,
0.0104167,0.012288,0.05,0.01024,0.181818,0.011264,0.8,0.01024,2.66667,0.012288,11.6364,0.011264,42.6667,0.012288,157.538,0.013312,356.174,0.023552,630.154,0.053248,780.19,0.172032,823.058,0.652288,813.48,2.63987,808.852,10.6199,
0.0113636,0.011264,0.0454545,0.011264,0.181818,0.011264,0.666667,0.012288,2.66667,0.012288,11.6364,0.011264,42.6667,0.012288,157.538,0.013312,409.6,0.02048,642.51,0.052224,784.862,0.171008,823.058,0.652288,813.796,2.63885,808.774,10.6209,
0.0113636,0.011264,0.05,0.01024,0.166667,0.012288,0.727273,0.011264,2.66667,0.012288,10.6667,0.012288,42.6667,0.012288,157.538,0.013312,390.095,0.021504,555.39,0.060416,775.574,0.173056,823.058,0.652288,812.85,2.64192,808.696,10.622,
0.0113636,0.011264,0.0454545,0.011264,0.181818,0.011264,0.727273,0.011264,2.90909,0.011264,11.6364,0.011264,42.6667,0.012288,157.538,0.013312,390.095,0.021504,606.815,0.055296,775.574,0.173056,821.768,0.653312,812.535,2.64294,808.696,10.622,
0.0113636,0.011264,0.05,0.01024,0.181818,0.011264,0.727273,0.011264,2.90909,0.011264,11.6364,0.011264,46.5455,0.011264,157.538,0.013312,356.174,0.023552,630.154,0.053248,771.012,0.17408,824.352,0.651264,813.796,2.63885,809.711,10.6086,
0.0113636,0.011264,0.0454545,0.011264,0.181818,0.011264,0.727273,0.011264,2.90909,0.011264,11.6364,0.011264,42.6667,0.012288,157.538,0.013312,390.095,0.021504,642.51,0.052224,775.574,0.173056,824.352,0.651264,814.744,2.63578,809.633,10.6097,
0.0113636,0.011264,0.0454545,0.011264,0.166667,0.012288,0.727273,0.011264,2.90909,0.011264,11.6364,0.011264,39.3846,0.013312,157.538,0.013312,409.6,0.02048,630.154,0.053248,766.503,0.175104,824.352,0.651264,814.112,2.63782,810.415,10.5994,
0.0113636,0.011264,0.0454545,0.011264,0.181818,0.011264,0.727273,0.011264,2.66667,0.012288,11.6364,0.011264,42.6667,0.012288,157.538,0.013312,356.174,0.023552,630.154,0.053248,771.012,0.17408,824.352,0.651264,812.85,2.64192,809.711,10.6086,
0.0104167,0.012288,0.05,0.01024,0.166667,0.012288,0.727273,0.011264,2.90909,0.011264,11.6364,0.011264,42.6667,0.012288,157.538,0.013312,390.095,0.021504,585.143,0.057344,766.503,0.175104,823.058,0.652288,814.112,2.63782,809.008,10.6179,
0.0113636,0.011264,0.0454545,0.011264,0.181818,0.011264,0.727273,0.011264,2.90909,0.011264,12.8,0.01024,46.5455,0.011264,157.538,0.013312,372.364,0.022528,642.51,0.052224,771.012,0.17408,823.058,0.652288,812.85,2.64192,809.633,10.6097,
0.0113636,0.011264,0.0454545,0.011264,0.181818,0.011264,0.5,0.016384,2.90909,0.011264,12.8,0.01024,46.5455,0.011264,146.286,0.014336,409.6,0.02048,618.264,0.054272,766.503,0.175104,824.352,0.651264,813.165,2.6409,811.042,10.5912,
0.0125,0.01024,0.0454545,0.011264,0.2,0.01024,0.666667,0.012288,2.66667,0.012288,11.6364,0.011264,42.6667,0.012288,157.538,0.013312,409.6,0.02048,630.154,0.053248,771.012,0.17408,821.768,0.653312,814.112,2.63782,810.964,10.5923,
0.0113636,0.011264,0.0454545,0.011264,0.166667,0.012288,0.8,0.01024,2.90909,0.011264,11.6364,0.011264,42.6667,0.012288,157.538,0.013312,431.158,0.019456,630.154,0.053248,748.983,0.1792,820.482,0.654336,813.796,2.63885,810.65,10.5964,
0.0113636,0.011264,0.0454545,0.011264,0.181818,0.011264,0.727273,0.011264,2.66667,0.012288,11.6364,0.011264,42.6667,0.012288,157.538,0.013312,455.111,0.018432,655.36,0.0512,762.047,0.176128,820.482,0.654336,813.165,2.6409,810.885,10.5933,
0.0113636,0.011264,0.05,0.01024,0.166667,0.012288,0.727273,0.011264,2.90909,0.011264,11.6364,0.011264,42.6667,0.012288,157.538,0.013312,455.111,0.018432,618.264,0.054272,757.642,0.177152,823.058,0.652288,814.428,2.6368,809.086,10.6168,
0.0125,0.01024,0.0454545,0.011264,0.181818,0.011264,0.727273,0.011264,2.90909,0.011264,11.6364,0.011264,42.6667,0.012288,157.538,0.013312,431.158,0.019456,630.154,0.053248,775.574,0.173056,823.058,0.652288,814.112,2.63782,810.65,10.5964,
0.0113636,0.011264,0.05,0.01024,0.181818,0.011264,0.727273,0.011264,2.90909,0.011264,10.6667,0.012288,42.6667,0.012288,157.538,0.013312,455.111,0.018432,655.36,0.0512,780.19,0.172032,821.768,0.653312,813.48,2.63987,810.337,10.6004,
0.0113636,0.011264,0.0454545,0.011264,0.181818,0.011264,0.666667,0.012288,2.90909,0.011264,11.6364,0.011264,46.5455,0.011264,157.538,0.013312,431.158,0.019456,642.51,0.052224,771.012,0.17408,824.352,0.651264,813.796,2.63885,810.729,10.5953,
0.0113636,0.011264,0.05,0.01024,0.181818,0.011264,0.727273,0.011264,2.90909,0.011264,11.6364,0.011264,46.5455,0.011264,157.538,0.013312,431.158,0.019456,642.51,0.052224,766.503,0.175104,824.352,0.651264,814.744,2.63578,809.789,10.6076,
0.0113636,0.011264,0.0454545,0.011264,0.181818,0.011264,0.727273,0.011264,2.90909,0.011264,11.6364,0.011264,46.5455,0.011264,157.538,0.013312,455.111,0.018432,642.51,0.052224,766.503,0.175104,824.352,0.651264,813.796,2.63885,810.572,10.5974,
0.0113636,0.011264,0.05,0.01024,0.181818,0.011264,0.8,0.01024,2.90909,0.011264,11.6364,0.011264,42.6667,0.012288,157.538,0.013312,455.111,0.018432,642.51,0.052224,771.012,0.17408,823.058,0.652288,813.796,2.63885,809.633,10.6097,
0.0113636,0.011264,0.0454545,0.011264,0.181818,0.011264,0.666667,0.012288,2.90909,0.011264,10.6667,0.012288,46.5455,0.011264,157.538,0.013312,455.111,0.018432,630.154,0.053248,766.503,0.175104,820.482,0.654336,812.85,2.64192,809.946,10.6056,
0.0104167,0.012288,0.05,0.01024,0.181818,0.011264,0.8,0.01024,2.66667,0.012288,11.6364,0.011264,46.5455,0.011264,157.538,0.013312,455.111,0.018432,642.51,0.052224,762.047,0.176128,823.058,0.652288,813.165,2.6409,810.18,10.6025,
0.0113636,0.011264,0.0454545,0.011264,0.2,0.01024,0.8,0.01024,2.90909,0.011264,10.6667,0.012288,42.6667,0.012288,157.538,0.013312,431.158,0.019456,630.154,0.053248,771.012,0.17408,824.352,0.651264,812.85,2.64192,809.946,10.6056,
