bandwidth_0,time_0,bandwidth_1,time_1,bandwidth_2,time_2,bandwidth_3,time_3,bandwidth_4,time_4,bandwidth_5,time_5,bandwidth_6,time_6,bandwidth_7,time_7,bandwidth_8,time_8,bandwidth_9,time_9,bandwidth_10,time_10,bandwidth_11,time_11,bandwidth_12,time_12,bandwidth_13,time_13,
0.0104167,0.012288,0.05,0.01024,0.2,0.01024,0.727273,0.011264,2.90909,0.011264,11.6364,0.011264,42.6667,0.012288,128,0.016384,256,0.032768,341.333,0.098304,402.061,0.333824,379.919,1.41312,578.206,3.71405,573.815,14.9699,
0.0113636,0.011264,0.05,0.01024,0.2,0.01024,0.727273,0.011264,2.90909,0.011264,11.6364,0.011264,42.6667,0.012288,136.533,0.01536,264.258,0.031744,348.596,0.096256,404.543,0.331776,381.578,1.40698,578.525,3.712,573.972,14.9658,
0.0125,0.01024,0.0555556,0.009216,0.2,0.01024,0.727273,0.011264,2.90909,0.011264,11.6364,0.011264,42.6667,0.012288,128,0.016384,256,0.032768,348.596,0.096256,404.543,0.331776,380.747,1.41005,578.525,3.712,574.562,14.9504,
0.0125,0.01024,0.05,0.01024,0.2,0.01024,0.727273,0.011264,2.90909,0.011264,11.6364,0.011264,42.6667,0.012288,128,0.016384,264.258,0.031744,348.596,0.096256,404.543,0.331776,380.747,1.41005,578.844,3.70995,574.838,14.9432,
0.0125,0.01024,0.05,0.01024,0.2,0.01024,0.8,0.01024,2.66667,0.012288,11.6364,0.011264,39.3846,0.013312,136.533,0.01536,256,0.032768,352.344,0.095232,405.796,0.330752,381.578,1.40698,578.844,3.70995,575.035,14.9381,
0.0113636,0.011264,0.05,0.01024,0.2,0.01024,0.727273,0.011264,2.90909,0.011264,11.6364,0.011264,42.6667,0.012288,128,0.016384,256,0.032768,184.09,0.182272,404.543,0.331776,381.856,1.40595,578.525,3.712,574.956,14.9402,
0.0125,0.01024,0.05,0.01024,0.222222,0.009216,0.727273,0.011264,2.90909,0.011264,10.6667,0.012288,42.6667,0.012288,128,0.016384,264.258,0.031744,341.333,0.098304,405.796,0.330752,381.3,1.408,579.004,3.70893,575.153,14.935,
0.0125,0.01024,0.05,0.01024,0.2,0.01024,0.727273,0.011264,2.90909,0.011264,11.6364,0.011264,42.6667,0.012288,136.533,0.01536,256,0.032768,348.596,0.096256,404.543,0.331776,381.3,1.408,578.844,3.70995,575.232,14.933,
0.0125,0.01024,0.0555556,0.009216,0.2,0.01024,0.8,0.01024,2.90909,0.011264,11.6364,0.011264,39.3846,0.013312,128,0.016384,264.258,0.031744,344.926,0.09728,404.543,0.331776,381.3,1.408,578.844,3.70995,575.193,14.934,
0.0125,0.01024,0.05,0.01024,0.2,0.01024,0.727273,0.011264,2.90909,0.011264,11.6364,0.011264,42.6667,0.012288,128,0.016384,264.258,0.031744,352.344,0.095232,404.543,0.331776,446.203,1.2032,578.525,3.712,575.193,14.934,
0.0125,0.01024,0.05,0.01024,0.2,0.01024,0.8,0.01024,2.66667,0.012288,11.6364,0.011264,3.30323,0.15872,128,0.016384,248.242,0.033792,348.596,0.096256,404.543,0.331776,572.367,0.937984,578.844,3.70995,575.35,14.9299,
0.0113636,0.011264,0.05,0.01024,0.2,0.01024,0.727273,0.011264,2.90909,0.011264,11.6364,0.011264,36.5714,0.014336,136.533,0.01536,256,0.032768,352.344,0.095232,404.543,0.331776,572.367,0.937984,578.365,3.71302,575.311,14.9309,
0.0125,0.01024,0.05,0.01024,0.2,0.01024,0.727273,0.011264,2.90909,0.011264,11.6364,0.011264,39.3846,0.013312,128,0.016384,264.258,0.031744,348.596,0.096256,403.298,0.3328,569.878,0.94208,577.41,3.71917,575.035,14.9381,
0.0125,0.01024,0.05,0.01024,0.2,0.01024,0.727273,0.011264,2.90909,0.011264,11.6364,0.011264,39.3846,0.013312,136.533,0.01536,264.258,0.031744,341.333,0.098304,404.543,0.331776,569.259,0.943104,577.728,3.71712,575.153,14.935,
0.0125,0.01024,0.05,0.01024,0.2,0.01024,0.8,0.01024,2.90909,0.011264,10.6667,0.012288,42.6667,0.012288,136.533,0.01536,248.242,0.033792,344.926,0.09728,403.298,0.3328,571.12,0.940032,578.684,3.71098,575.193,14.934,
0.0125,0.01024,0.0454545,0.011264,0.181818,0.011264,0.727273,0.011264,2.90909,0.011264,10.6667,0.012288,42.6667,0.012288,128,0.016384,264.258,0.031744,352.344,0.095232,404.543,0.331776,571.743,0.939008,578.684,3.71098,575.153,14.935,
0.0125,0.01024,0.05,0.01024,0.2,0.01024,0.727273,0.011264,2.90909,0.011264,11.6364,0.011264,42.6667,0.012288,136.533,0.01536,248.242,0.033792,348.596,0.096256,405.796,0.330752,571.12,0.940032,578.844,3.70995,575.074,14.9371,
0.0125,0.01024,0.05,0.01024,0.181818,0.011264,0.727273,0.011264,2.90909,0.011264,11.6364,0.011264,42.6667,0.012288,128,0.016384,248.242,0.033792,348.596,0.096256,404.543,0.331776,574.877,0.933888,579.164,3.7079,574.523,14.9514,
0.0125,0.01024,0.0555556,0.009216,0.2,0.01024,0.727273,0.011264,2.90909,0.011264,11.6364,0.011264,42.6667,0.012288,128,0.016384,264.258,0.031744,348.596,0.096256,404.543,0.331776,575.508,0.932864,578.844,3.70995,573.972,14.9658,
0.0125,0.01024,0.0454545,0.011264,0.181818,0.011264,0.666667,0.012288,2.90909,0.011264,11.6364,0.011264,42.6667,0.012288,128,0.016384,256,0.032768,352.344,0.095232,404.543,0.331776,575.508,0.932864,578.844,3.70995,574.444,14.9535,
0.0125,0.01024,0.05,0.01024,0.2,0.01024,0.727273,0.011264,2.90909,0.011264,11.6364,0.011264,39.3846,0.013312,136.533,0.01536,264.258,0.031744,352.344,0.095232,404.543,0.331776,576.141,0.93184,578.684,3.71098,574.287,14.9576,
0.0125,0.01024,0.05,0.01024,0.2,0.01024,0.727273,0.011264,2.90909,0.011264,11.6364,0.011264,39.3846,0.013312,136.533,0.01536,256,0.032768,352.344,0.095232,404.543,0.331776,576.141,0.93184,576.933,3.72224,574.051,14.9637,
0.0125,0.01024,0.05,0.01024,0.2,0.01024,0.8,0.01024,2.90909,0.011264,11.6364,0.011264,39.3846,0.013312,128,0.016384,248.242,0.033792,344.926,0.09728,404.543,0.331776,576.141,0.93184,578.206,3.71405,574.13,14.9617,
0.0125,0.01024,0.05,0.01024,0.2,0.01024,0.727273,0.011264,2.90909,0.011264,10.6667,0.012288,42.6667,0.012288,136.533,0.01536,256,0.032768,348.596,0.096256,405.796,0.330752,576.141,0.93184,578.844,3.70995,574.405,14.9545,
0.0125,0.01024,0.0555556,0.009216,0.2,0.01024,0.8,0.01024,2.90909,0.011264,11.6364,0.011264,39.3846,0.013312,136.533,0.01536,248.242,0.033792,348.596,0.096256,404.543,0.331776,575.508,0.932864,579.164,3.7079,574.759,14.9453,
0.0113636,0.011264,0.05,0.01024,0.2,0.01024,0.727273,0.011264,2.90909,0.011264,11.6364,0.011264,39.3846,0.013312,136.533,0.01536,256,0.032768,348.596,0.096256,404.543,0.331776,576.141,0.93184,578.684,3.71098,574.956,14.9402,
0.0125,0.01024,0.0555556,0.009216,0.2,0.01024,0.8,0.01024,2.90909,0.011264,11.6364,0.011264,42.6667,0.012288,136.533,0.01536,256,0.032768,348.596,0.096256,405.796,0.330752,576.774,0.930816,578.844,3.70995,575.193,14.934,
0.0113636,0.011264,0.05,0.01024,0.2,0.01024,0.727273,0.011264,2.90909,0.011264,10.6667,0.012288,39.3846,0.013312,128,0.016384,248.242,0.033792,348.596,0.096256,405.796,0.330752,576.141,0.93184,579.004,3.70893,575.035,14.9381,
0.0125,0.01024,0.05,0.01024,0.2,0.01024,0.727273,0.011264,2.90909,0.011264,11.6364,0.011264,39.3846,0.013312,128,0.016384,264.258,0.031744,348.596,0.096256,404.543,0.331776,577.41,0.929792,578.844,3.70995,575.153,14.935,
0.0125,0.01024,0.05,0.01024,0.181818,0.011264,0.727273,0.011264,2.90909,0.011264,11.6364,0.011264,39.3846,0.013312,136.533,0.01536,256,0.032768,348.596,0.096256,404.543,0.331776,576.141,0.93184,579.004,3.70893,575.114,14.9361,
0.0125,0.01024,0.05,0.01024,0.2,0.01024,0.727273,0.011264,2.90909,0.011264,11.6364,0.011264,32,0.016384,136.533,0.01536,256,0.032768,352.344,0.095232,404.543,0.331776,576.774,0.930816,578.844,3.70995,575.074,14.9371,
0.0125,0.01024,0.05,0.01024,0.2,0.01024,0.727273,0.011264,2.90909,0.011264,11.6364,0.011264,42.6667,0.012288,128,0.016384,256,0.032768,321.255,0.104448,405.796,0.330752,575.508,0.932864,578.844,3.70995,575.074,14.9371,
0.0125,0.01024,0.0555556,0.009216,0.2,0.01024,0.727273,0.011264,2.90909,0.011264,11.6364,0.011264,42.6667,0.012288,128,0.016384,264.258,0.031744,348.596,0.096256,404.543,0.331776,576.774,0.930816,577.569,3.71814,575.153,14.935,
0.0113636,0.011264,0.05,0.01024,0.2,0.01024,0.8,0.01024,2.90909,0.011264,11.6364,0.011264,42.6667,0.012288,128,0.016384,264.258,0.031744,348.596,0.096256,404.543,0.331776,576.774,0.930816,578.844,3.70995,575.035,14.9381,
0.0125,0.01024,0.05,0.01024,0.222222,0.009216,0.8,0.01024,2.90909,0.011264,11.6364,0.011264,39.3846,0.013312,136.533,0.01536,248.242,0.033792,348.596,0.096256,405.796,0.330752,576.141,0.93184,579.004,3.70893,574.877,14.9422,
0.0125,0.01024,0.05,0.01024,0.2,0.01024,0.727273,0.011264,2.66667,0.012288,11.6364,0.011264,39.3846,0.013312,128,0.016384,256,0.032768,348.596,0.096256,404.543,0.331776,576.774,0.930816,578.684,3.71098,574.838,14.9432,
0.0125,0.01024,0.05,0.01024,0.2,0.01024,0.727273,0.011264,2.90909,0.011264,11.6364,0.011264,39.3846,0.013312,128,0.016384,248.242,0.033792,348.596,0.096256,404.543,0.331776,576.141,0.93184,579.004,3.70893,575.193,14.934,
0.0113636,0.011264,0.05,0.01024,0.2,0.01024,0.727273,0.011264,2.90909,0.011264,10.6667,0.012288,39.3846,0.013312,136.533,0.01536,256,0.032768,352.344,0.095232,404.543,0.331776,576.774,0.930816,579.164,3.7079,575.074,14.9371,
0.0125,0.01024,0.0555556,0.009216,0.2,0.01024,0.727273,0.011264,2.46154,0.013312,11.6364,0.011264,39.3846,0.013312,128,0.016384,256,0.032768,356.174,0.094208,404.543,0.331776,576.141,0.93184,578.844,3.70995,574.405,14.9545,
0.0125,0.01024,0.05,0.01024,0.2,0.01024,0.727273,0.011264,1.88235,0.017408,10.6667,0.012288,39.3846,0.013312,128,0.016384,256,0.032768,348.596,0.096256,405.796,0.330752,577.41,0.929792,577.41,3.71917,574.326,14.9565,
0.0125,0.01024,0.05,0.01024,0.2,0.01024,0.727273,0.011264,2.46154,0.013312,11.6364,0.011264,39.3846,0.013312,128,0.016384,256,0.032768,348.596,0.096256,404.543,0.331776,575.508,0.932864,577.41,3.71917,574.602,14.9494,
0.0113636,0.011264,0.05,0.01024,0.181818,0.011264,0.727273,0.011264,2.90909,0.011264,11.6364,0.011264,39.3846,0.013312,128,0.016384,264.258,0.031744,330.99,0.101376,404.543,0.331776,576.774,0.930816,577.569,3.71814,574.365,14.9555,
0.0138889,0.009216,0.05,0.01024,0.2,0.01024,0.727273,0.011264,2.90909,0.011264,11.6364,0.011264,39.3846,0.013312,136.533,0.01536,256,0.032768,352.344,0.095232,404.543,0.331776,576.141,0.93184,576.774,3.72326,574.169,14.9606,
0.0125,0.01024,0.05,0.01024,0.2,0.01024,0.727273,0.011264,2.90909,0.011264,10.6667,0.012288,39.3846,0.013312,128,0.016384,256,0.032768,352.344,0.095232,404.543,0.331776,575.508,0.932864,576.616,3.72429,574.247,14.9586,
0.0125,0.01024,0.0555556,0.009216,0.2,0.01024,0.8,0.01024,2.90909,0.011264,10.6667,0.012288,39.3846,0.013312,136.533,0.01536,256,0.032768,348.596,0.096256,404.543,0.331776,576.774,0.930816,576.616,3.72429,574.287,14.9576,
0.0113636,0.011264,0.05,0.01024,0.2,0.01024,0.8,0.01024,2.66667,0.012288,10.6667,0.012288,39.3846,0.013312,136.533,0.01536,248.242,0.033792,352.344,0.095232,404.543,0.331776,575.508,0.932864,576.141,3.72736,574.326,14.9565,
0.0125,0.01024,0.05,0.01024,0.2,0.01024,0.727273,0.011264,2.90909,0.011264,11.6364,0.011264,42.6667,0.012288,128,0.016384,264.258,0.031744,348.596,0.096256,404.543,0.331776,576.141,0.93184,576.774,3.72326,574.287,14.9576,
0.0125,0.01024,0.05,0.01024,0.2,0.01024,0.8,0.01024,2.90909,0.011264,11.6364,0.011264,42.6667,0.012288,136.533,0.01536,256,0.032768,356.174,0.094208,404.543,0.331776,576.774,0.930816,576.774,3.72326,574.68,14.9473,
0.0125,0.01024,0.05,0.01024,0.2,0.01024,0.727273,0.011264,2.90909,0.011264,11.6364,0.011264,42.6667,0.012288,128,0.016384,256,0.032768,348.596,0.096256,404.543,0.331776,576.774,0.930816,576.933,3.72224,575.035,14.9381,
0.0125,0.01024,0.05,0.01024,0.181818,0.011264,0.8,0.01024,2.90909,0.011264,11.6364,0.011264,36.5714,0.014336,128,0.016384,227.556,0.036864,352.344,0.095232,404.543,0.331776,577.41,0.929792,577.092,3.72122,575.114,14.9361,
0.0125,0.01024,0.05,0.01024,0.2,0.01024,0.727273,0.011264,2.90909,0.011264,11.6364,0.011264,42.6667,0.012288,136.533,0.01536,248.242,0.033792,348.596,0.096256,404.543,0.331776,576.141,0.93184,576.933,3.72224,575.153,14.935,
0.0125,0.01024,0.05,0.01024,0.181818,0.011264,0.727273,0.011264,2.90909,0.011264,11.6364,0.011264,42.6667,0.012288,128,0.016384,264.258,0.031744,348.596,0.096256,404.543,0.331776,576.774,0.930816,576.933,3.72224,575.153,14.935,
0.0125,0.01024,0.0555556,0.009216,0.2,0.01024,0.727273,0.011264,2.90909,0.011264,11.6364,0.011264,42.6667,0.012288,128,0.016384,256,0.032768,352.344,0.095232,404.543,0.331776,576.141,0.93184,577.41,3.71917,575.153,14.935,
0.0113636,0.011264,0.05,0.01024,0.181818,0.011264,0.666667,0.012288,2.90909,0.011264,11.6364,0.011264,42.6667,0.012288,136.533,0.01536,256,0.032768,352.344,0.095232,404.543,0.331776,577.41,0.929792,576.299,3.72634,575.074,14.9371,
0.0125,0.01024,0.05,0.01024,0.222222,0.009216,0.727273,0.011264,2.66667,0.012288,11.6364,0.011264,42.6667,0.012288,128,0.016384,256,0.032768,352.344,0.095232,404.543,0.331776,576.141,0.93184,577.41,3.71917,575.114,14.9361,
0.0125,0.01024,0.05,0.01024,0.181818,0.011264,0.727273,0.011264,2.66667,0.012288,11.6364,0.011264,42.6667,0.012288,128,0.016384,256,0.032768,352.344,0.095232,404.543,0.331776,576.774,0.930816,577.41,3.71917,575.114,14.9361,
0.0125,0.01024,0.05,0.01024,0.2,0.01024,0.727273,0.011264,2.66667,0.012288,11.6364,0.011264,39.3846,0.013312,128,0.016384,256,0.032768,348.596,0.096256,404.543,0.331776,576.774,0.930816,577.569,3.71814,575.193,14.934,
0.0113636,0.011264,0.05,0.01024,0.2,0.01024,0.727273,0.011264,2.90909,0.011264,11.6364,0.011264,39.3846,0.013312,128,0.016384,248.242,0.033792,356.174,0.094208,404.543,0.331776,576.141,0.93184,577.41,3.71917,575.193,14.934,
0.0125,0.01024,0.0555556,0.009216,0.2,0.01024,0.8,0.01024,2.90909,0.011264,11.6364,0.011264,42.6667,0.012288,136.533,0.01536,256,0.032768,352.344,0.095232,404.543,0.331776,576.774,0.930816,577.728,3.71712,575.271,14.932,
0.0125,0.01024,0.05,0.01024,0.2,0.01024,0.727273,0.011264,2.90909,0.011264,10.6667,0.012288,42.6667,0.012288,128,0.016384,256,0.032768,348.596,0.096256,404.543,0.331776,576.774,0.930816,576.774,3.72326,574.877,14.9422,
0.0125,0.01024,0.05,0.01024,0.2,0.01024,0.727273,0.011264,2.66667,0.012288,11.6364,0.011264,42.6667,0.012288,128,0.016384,256,0.032768,344.926,0.09728,404.543,0.331776,576.774,0.930816,576.457,3.72531,574.169,14.9606,
0.0125,0.01024,0.05,0.01024,0.181818,0.011264,0.727273,0.011264,2.90909,0.011264,11.6364,0.011264,42.6667,0.012288,136.533,0.01536,256,0.032768,348.596,0.096256,404.543,0.331776,577.41,0.929792,577.251,3.72019,574.13,14.9617,
0.0138889,0.009216,0.05,0.01024,0.2,0.01024,0.727273,0.011264,2.90909,0.011264,11.6364,0.011264,42.6667,0.012288,136.533,0.01536,256,0.032768,348.596,0.096256,404.543,0.331776,576.141,0.93184,577.092,3.72122,574.169,14.9606,
0.0125,0.01024,0.05,0.01024,0.2,0.01024,0.727273,0.011264,2.90909,0.011264,11.6364,0.011264,42.6667,0.012288,128,0.016384,264.258,0.031744,352.344,0.095232,404.543,0.331776,576.774,0.930816,576.933,3.72224,574.365,14.9555,
0.0125,0.01024,0.0555556,0.009216,0.222222,0.009216,0.727273,0.011264,2.90909,0.011264,11.6364,0.011264,42.6667,0.012288,136.533,0.01536,256,0.032768,344.926,0.09728,404.543,0.331776,576.141,0.93184,577.251,3.72019,574.247,14.9586,
0.0125,0.01024,0.05,0.01024,0.2,0.01024,0.727273,0.011264,2.90909,0.011264,10.6667,0.012288,42.6667,0.012288,128,0.016384,264.258,0.031744,348.596,0.096256,404.543,0.331776,577.41,0.929792,577.251,3.72019,573.933,14.9668,
0.0125,0.01024,0.05,0.01024,0.222222,0.009216,0.727273,0.011264,2.90909,0.011264,11.6364,0.011264,42.6667,0.012288,128,0.016384,256,0.032768,344.926,0.09728,405.796,0.330752,576.774,0.930816,576.457,3.72531,573.972,14.9658,
0.0125,0.01024,0.05,0.01024,0.2,0.01024,0.727273,0.011264,2.90909,0.011264,10.6667,0.012288,39.3846,0.013312,128,0.016384,256,0.032768,352.344,0.095232,404.543,0.331776,576.774,0.930816,577.569,3.71814,574.247,14.9586,
0.0125,0.01024,0.05,0.01024,0.2,0.01024,0.8,0.01024,2.90909,0.011264,11.6364,0.011264,39.3846,0.013312,136.533,0.01536,256,0.032768,348.596,0.096256,404.543,0.331776,576.774,0.930816,577.569,3.71814,574.365,14.9555,
0.0113636,0.011264,0.05,0.01024,0.2,0.01024,0.727273,0.011264,2.90909,0.011264,11.6364,0.011264,42.6667,0.012288,128,0.016384,248.242,0.033792,348.596,0.096256,404.543,0.331776,577.41,0.929792,577.569,3.71814,574.72,14.9463,
0.0125,0.01024,0.05,0.01024,0.2,0.01024,0.8,0.01024,2.90909,0.011264,11.6364,0.011264,42.6667,0.012288,128,0.016384,256,0.032768,348.596,0.096256,404.543,0.331776,576.774,0.930816,577.569,3.71814,574.72,14.9463,
0.0125,0.01024,0.05,0.01024,0.2,0.01024,0.727273,0.011264,2.90909,0.011264,11.6364,0.011264,42.6667,0.012288,128,0.016384,264.258,0.031744,352.344,0.095232,404.543,0.331776,578.046,0.928768,578.046,3.71507,574.995,14.9391,
0.0113636,0.011264,0.05,0.01024,0.222222,0.009216,0.727273,0.011264,2.90909,0.011264,10.6667,0.012288,42.6667,0.012288,128,0.016384,256,0.032768,352.344,0.095232,404.543,0.331776,576.141,0.93184,578.206,3.71405,575.114,14.9361,
0.0125,0.01024,0.05,0.01024,0.2,0.01024,0.727273,0.011264,2.90909,0.011264,11.6364,0.011264,39.3846,0.013312,136.533,0.01536,240.941,0.034816,352.344,0.095232,404.543,0.331776,576.774,0.930816,578.525,3.712,575.114,14.9361,
0.0125,0.01024,0.0384615,0.013312,0.222222,0.009216,0.8,0.01024,2.90909,0.011264,11.6364,0.011264,39.3846,0.013312,128,0.016384,256,0.032768,352.344,0.095232,405.796,0.330752,576.141,0.93184,578.844,3.70995,575.271,14.932,
0.0113636,0.011264,0.05,0.01024,0.2,0.01024,0.727273,0.011264,2.66667,0.012288,11.6364,0.011264,39.3846,0.013312,128,0.016384,256,0.032768,352.344,0.095232,404.543,0.331776,576.774,0.930816,579.164,3.7079,575.074,14.9371,
0.0125,0.01024,0.0555556,0.009216,0.2,0.01024,0.727273,0.011264,2.90909,0.011264,11.6364,0.011264,42.6667,0.012288,136.533,0.01536,85.3333,0.098304,352.344,0.095232,404.543,0.331776,575.508,0.932864,579.164,3.7079,575.193,14.934,
0.0113636,0.011264,0.05,0.01024,0.2,0.01024,0.727273,0.011264,2.90909,0.011264,11.6364,0.011264,42.6667,0.012288,128,0.016384,256,0.032768,352.344,0.095232,403.298,0.3328,576.774,0.930816,579.004,3.70893,575.035,14.9381,
0.0125,0.01024,0.0555556,0.009216,0.2,0.01024,0.727273,0.011264,2.66667,0.012288,11.6364,0.011264,42.6667,0.012288,128,0.016384,256,0.032768,344.926,0.09728,405.796,0.330752,576.774,0.930816,579.004,3.70893,575.074,14.9371,
0.0125,0.01024,0.05,0.01024,0.2,0.01024,0.727273,0.011264,2.90909,0.011264,11.6364,0.011264,42.6667,0.012288,136.533,0.01536,264.258,0.031744,348.596,0.096256,404.543,0.331776,576.774,0.930816,578.684,3.71098,575.114,14.9361,
0.0125,0.01024,0.05,0.01024,0.2,0.01024,0.727273,0.011264,2.90909,0.011264,11.6364,0.011264,42.6667,0.012288,128,0.016384,256,0.032768,348.596,0.096256,404.543,0.331776,576.141,0.93184,578.525,3.712,575.232,14.933,
0.0125,0.01024,0.05,0.01024,0.2,0.01024,0.8,0.01024,2.90909,0.011264,10.6667,0.012288,42.6667,0.012288,128,0.016384,256,0.032768,348.596,0.096256,404.543,0.331776,576.774,0.930816,578.844,3.70995,574.877,14.9422,
0.0125,0.01024,0.05,0.01024,0.222222,0.009216,0.727273,0.011264,2.66667,0.012288,10.6667,0.012288,42.6667,0.012288,128,0.016384,256,0.032768,348.596,0.096256,404.543,0.331776,576.774,0.930816,578.844,3.70995,574.365,14.9555,
0.0125,0.01024,0.0454545,0.011264,0.181818,0.011264,0.727273,0.011264,2.90909,0.011264,10.6667,0.012288,42.6667,0.012288,128,0.016384,256,0.032768,348.596,0.096256,405.796,0.330752,576.141,0.93184,579.004,3.70893,574.208,14.9596,
0.0113636,0.011264,0.05,0.01024,0.2,0.01024,0.727273,0.011264,2.90909,0.011264,11.6364,0.011264,42.6667,0.012288,128,0.016384,256,0.032768,348.596,0.096256,405.796,0.330752,575.508,0.932864,579.004,3.70893,574.365,14.9555,
0.0125,0.01024,0.05,0.01024,0.181818,0.011264,0.8,0.01024,2.90909,0.011264,11.6364,0.011264,42.6667,0.012288,136.533,0.01536,256,0.032768,352.344,0.095232,405.796,0.330752,576.774,0.930816,578.844,3.70995,574.326,14.9565,
0.0125,0.01024,0.05,0.01024,0.2,0.01024,0.727273,0.011264,2.90909,0.011264,11.6364,0.011264,39.3846,0.013312,136.533,0.01536,256,0.032768,348.596,0.096256,403.298,0.3328,576.141,0.93184,578.525,3.712,574.247,14.9586,
0.0125,0.01024,0.05,0.01024,0.2,0.01024,0.727273,0.011264,2.90909,0.011264,10.6667,0.012288,42.6667,0.012288,128,0.016384,264.258,0.031744,348.596,0.096256,403.298,0.3328,576.774,0.930816,578.844,3.70995,574.287,14.9576,
0.0125,0.01024,0.0555556,0.009216,0.2,0.01024,0.8,0.01024,2.66667,0.012288,10.6667,0.012288,42.6667,0.012288,128,0.016384,256,0.032768,348.596,0.096256,403.298,0.3328,577.41,0.929792,579.004,3.70893,574.523,14.9514,
0.0113636,0.011264,0.05,0.01024,0.2,0.01024,0.727273,0.011264,2.90909,0.011264,10.6667,0.012288,39.3846,0.013312,136.533,0.01536,264.258,0.031744,348.596,0.096256,403.298,0.3328,575.508,0.932864,579.164,3.7079,574.838,14.9432,
0.0125,0.01024,0.05,0.01024,0.222222,0.009216,0.727273,0.011264,2.90909,0.011264,11.6364,0.011264,39.3846,0.013312,128,0.016384,264.258,0.031744,352.344,0.095232,405.796,0.330752,576.774,0.930816,579.324,3.70688,574.72,14.9463,
0.0125,0.01024,0.05,0.01024,0.2,0.01024,0.727273,0.011264,2.90909,0.011264,11.6364,0.011264,42.6667,0.012288,128,0.016384,240.941,0.034816,348.596,0.096256,404.543,0.331776,576.774,0.930816,579.004,3.70893,575.114,14.9361,
0.0125,0.01024,0.05,0.01024,0.222222,0.009216,0.727273,0.011264,2.90909,0.011264,11.6364,0.011264,39.3846,0.013312,128,0.016384,256,0.032768,348.596,0.096256,404.543,0.331776,576.774,0.930816,578.844,3.70995,575.193,14.934,
0.0113636,0.011264,0.05,0.01024,0.2,0.01024,0.666667,0.012288,2.90909,0.011264,11.6364,0.011264,39.3846,0.013312,136.533,0.01536,264.258,0.031744,348.596,0.096256,405.796,0.330752,576.774,0.930816,578.684,3.71098,575.193,14.934,
0.0125,0.01024,0.0555556,0.009216,0.222222,0.009216,0.727273,0.011264,2.66667,0.012288,11.6364,0.011264,39.3846,0.013312,128,0.016384,256,0.032768,352.344,0.095232,404.543,0.331776,576.141,0.93184,579.004,3.70893,575.074,14.9371,
0.0113636,0.011264,0.05,0.01024,0.2,0.01024,0.727273,0.011264,2.90909,0.011264,11.6364,0.011264,42.6667,0.012288,136.533,0.01536,256,0.032768,348.596,0.096256,404.543,0.331776,576.141,0.93184,578.525,3.712,575.114,14.9361,
0.0125,0.01024,0.05,0.01024,0.2,0.01024,0.8,0.01024,2.90909,0.011264,10.6667,0.012288,39.3846,0.013312,128,0.016384,240.941,0.034816,348.596,0.096256,404.543,0.331776,575.508,0.932864,578.844,3.70995,575.153,14.935,
0.0113636,0.011264,0.05,0.01024,0.2,0.01024,0.727273,0.011264,2.90909,0.011264,10.6667,0.012288,42.6667,0.012288,128,0.016384,264.258,0.031744,348.596,0.096256,404.543,0.331776,576.774,0.930816,579.164,3.7079,575.193,14.934,
0.0125,0.01024,0.0555556,0.009216,0.2,0.01024,0.727273,0.011264,2.66667,0.012288,11.6364,0.011264,42.6667,0.012288,128,0.016384,256,0.032768,348.596,0.096256,404.543,0.331776,578.046,0.928768,579.004,3.70893,575.153,14.935,
0.0125,0.01024,0.05,0.01024,0.166667,0.012288,0.727273,0.011264,2.90909,0.011264,11.6364,0.011264,42.6667,0.012288,128,0.016384,256,0.032768,352.344,0.095232,404.543,0.331776,581.896,0.922624,578.525,3.712,575.193,14.934,
0.0113636,0.011264,0.0454545,0.011264,0.153846,0.013312,0.666667,0.012288,2.66667,0.012288,10.6667,0.012288,36.5714,0.014336,120.471,0.017408,234.057,0.03584,337.814,0.099328,383.251,0.350208,435.455,1.2329,575.35,3.73248,574.523,14.9514,
0.0125,0.01024,0.0416667,0.012288,0.166667,0.012288,0.615385,0.013312,2.66667,0.012288,10.6667,0.012288,39.3846,0.013312,128,0.016384,240.941,0.034816,344.926,0.09728,387.787,0.346112,437.271,1.22778,577.251,3.72019,575.153,14.935,
0.0125,0.01024,0.0454545,0.011264,0.181818,0.011264,0.666667,0.012288,2.90909,0.011264,11.6364,0.011264,39.3846,0.013312,128,0.016384,248.242,0.033792,341.333,0.098304,386.643,0.347136,437.271,1.22778,575.035,3.73453,575.074,14.9371,
0.0113636,0.011264,0.0416667,0.012288,0.181818,0.011264,0.615385,0.013312,2.66667,0.012288,10.6667,0.012288,39.3846,0.013312,128,0.016384,256,0.032768,344.926,0.09728,385.506,0.34816,437.271,1.22778,576.457,3.72531,574.995,14.9391,
0.00892857,0.014336,0.0454545,0.011264,0.181818,0.011264,0.666667,0.012288,2.66667,0.012288,11.6364,0.011264,36.5714,0.014336,128,0.016384,248.242,0.033792,341.333,0.098304,386.643,0.347136,436.907,1.2288,577.251,3.72019,574.444,14.9535,
0.0125,0.01024,0.0416667,0.012288,0.181818,0.011264,0.666667,0.012288,2.90909,0.011264,11.6364,0.011264,39.3846,0.013312,128,0.016384,256,0.032768,344.926,0.09728,387.787,0.346112,436.907,1.2288,576.457,3.72531,574.405,14.9545,
0.0113636,0.011264,0.0454545,0.011264,0.166667,0.012288,0.727273,0.011264,2.90909,0.011264,10.6667,0.012288,42.6667,0.012288,128,0.016384,240.941,0.034816,344.926,0.09728,387.787,0.346112,437.271,1.22778,577.092,3.72122,574.523,14.9514,
0.0125,0.01024,0.0384615,0.013312,0.181818,0.011264,0.571429,0.014336,2.66667,0.012288,10.6667,0.012288,39.3846,0.013312,128,0.016384,248.242,0.033792,344.926,0.09728,387.787,0.346112,437.271,1.22778,577.092,3.72122,574.523,14.9514,
0.0113636,0.011264,0.05,0.01024,0.2,0.01024,0.666667,0.012288,2.90909,0.011264,10.6667,0.012288,39.3846,0.013312,128,0.016384,248.242,0.033792,344.926,0.09728,387.787,0.346112,436.907,1.2288,576.299,3.72634,574.365,14.9555,
0.0113636,0.011264,0.0416667,0.012288,0.166667,0.012288,0.615385,0.013312,2.90909,0.011264,10.6667,0.012288,39.3846,0.013312,128,0.016384,248.242,0.033792,344.926,0.09728,386.643,0.347136,437.271,1.22778,576.616,3.72429,574.326,14.9565,
0.0125,0.01024,0.0454545,0.011264,0.181818,0.011264,0.666667,0.012288,2.66667,0.012288,10.6667,0.012288,39.3846,0.013312,128,0.016384,248.242,0.033792,341.333,0.098304,386.643,0.347136,436.907,1.2288,577.41,3.71917,574.405,14.9545,
0.0125,0.01024,0.0454545,0.011264,0.181818,0.011264,0.615385,0.013312,2.66667,0.012288,10.6667,0.012288,39.3846,0.013312,120.471,0.017408,256,0.032768,341.333,0.098304,387.787,0.346112,437.271,1.22778,577.41,3.71917,574.523,14.9514,
0.0113636,0.011264,0.0454545,0.011264,0.181818,0.011264,0.615385,0.013312,2.90909,0.011264,11.6364,0.011264,42.6667,0.012288,128,0.016384,248.242,0.033792,341.333,0.098304,387.787,0.346112,436.907,1.2288,577.728,3.71712,574.759,14.9453,
0.0125,0.01024,0.05,0.01024,0.166667,0.012288,0.666667,0.012288,2.66667,0.012288,10.6667,0.012288,39.3846,0.013312,128,0.016384,248.242,0.033792,344.926,0.09728,387.787,0.346112,436.907,1.2288,577.41,3.71917,575.193,14.934,
0.0125,0.01024,0.0454545,0.011264,0.166667,0.012288,0.666667,0.012288,2.66667,0.012288,10.6667,0.012288,39.3846,0.013312,128,0.016384,248.242,0.033792,344.926,0.09728,385.506,0.34816,437.271,1.22778,577.728,3.71712,575.153,14.935,
0.0125,0.01024,0.05,0.01024,0.166667,0.012288,0.571429,0.014336,2.66667,0.012288,10.6667,0.012288,39.3846,0.013312,128,0.016384,240.941,0.034816,341.333,0.098304,386.643,0.347136,437.271,1.22778,577.728,3.71712,575.035,14.9381,
0.0125,0.01024,0.0416667,0.012288,0.181818,0.011264,0.571429,0.014336,2.66667,0.012288,10.6667,0.012288,39.3846,0.013312,128,0.016384,248.242,0.033792,341.333,0.098304,386.643,0.347136,437.271,1.22778,576.933,3.72224,575.271,14.932,
0.0113636,0.011264,0.0416667,0.012288,0.181818,0.011264,0.615385,0.013312,2.66667,0.012288,10.6667,0.012288,42.6667,0.012288,128,0.016384,248.242,0.033792,344.926,0.09728,386.643,0.347136,437.271,1.22778,577.887,3.7161,575.074,14.9371,
0.0125,0.01024,0.0454545,0.011264,0.166667,0.012288,0.615385,0.013312,2.66667,0.012288,9.14286,0.014336,39.3846,0.013312,128,0.016384,248.242,0.033792,344.926,0.09728,386.643,0.347136,436.907,1.2288,579.004,3.70893,575.232,14.933,
0.0113636,0.011264,0.0384615,0.013312,0.166667,0.012288,0.615385,0.013312,2.90909,0.011264,10.6667,0.012288,42.6667,0.012288,128,0.016384,248.242,0.033792,341.333,0.098304,386.643,0.347136,437.271,1.22778,579.004,3.70893,575.074,14.9371,
0.0125,0.01024,0.0454545,0.011264,0.153846,0.013312,0.727273,0.011264,2.90909,0.011264,11.6364,0.011264,39.3846,0.013312,128,0.016384,248.242,0.033792,344.926,0.09728,387.787,0.346112,437.271,1.22778,578.525,3.712,575.153,14.935,
0.0113636,0.011264,0.0416667,0.012288,0.153846,0.013312,0.615385,0.013312,2.66667,0.012288,9.84615,0.013312,42.6667,0.012288,128,0.016384,256,0.032768,341.333,0.098304,386.643,0.347136,437.271,1.22778,578.844,3.70995,575.153,14.935,
0.0125,0.01024,0.0416667,0.012288,0.166667,0.012288,0.615385,0.013312,2.66667,0.012288,11.6364,0.011264,39.3846,0.013312,128,0.016384,248.242,0.033792,344.926,0.09728,386.643,0.347136,437.636,1.22675,578.684,3.71098,575.153,14.935,
0.0125,0.01024,0.0454545,0.011264,0.166667,0.012288,0.615385,0.013312,2.90909,0.011264,10.6667,0.012288,39.3846,0.013312,128,0.016384,256,0.032768,344.926,0.09728,387.787,0.346112,437.271,1.22778,578.525,3.712,575.074,14.9371,
0.0125,0.01024,0.0416667,0.012288,0.166667,0.012288,0.615385,0.013312,2.66667,0.012288,10.6667,0.012288,42.6667,0.012288,128,0.016384,240.941,0.034816,344.926,0.09728,387.787,0.346112,436.907,1.2288,579.004,3.70893,574.877,14.9422,
0.0125,0.01024,0.0416667,0.012288,0.166667,0.012288,0.666667,0.012288,2.90909,0.011264,10.6667,0.012288,39.3846,0.013312,128,0.016384,248.242,0.033792,341.333,0.098304,386.643,0.347136,436.907,1.2288,579.004,3.70893,574.602,14.9494,
0.0125,0.01024,0.0454545,0.011264,0.181818,0.011264,0.666667,0.012288,2.66667,0.012288,10.6667,0.012288,42.6667,0.012288,128,0.016384,248.242,0.033792,344.926,0.09728,386.643,0.347136,436.907,1.2288,578.844,3.70995,574.523,14.9514,
0.0113636,0.011264,0.0454545,0.011264,0.166667,0.012288,0.571429,0.014336,2.46154,0.013312,10.6667,0.012288,39.3846,0.013312,128,0.016384,248.242,0.033792,344.926,0.09728,386.643,0.347136,436.907,1.2288,579.004,3.70893,574.444,14.9535,
0.0125,0.01024,0.0454545,0.011264,0.181818,0.011264,0.666667,0.012288,2.66667,0.012288,10.6667,0.012288,39.3846,0.013312,128,0.016384,248.242,0.033792,344.926,0.09728,387.787,0.346112,437.271,1.22778,578.844,3.70995,574.405,14.9545,
0.0113636,0.011264,0.0416667,0.012288,0.166667,0.012288,0.666667,0.012288,2.90909,0.011264,10.6667,0.012288,39.3846,0.013312,128,0.016384,240.941,0.034816,341.333,0.098304,386.643,0.347136,436.907,1.2288,578.684,3.71098,574.13,14.9617,
0.0125,0.01024,0.0454545,0.011264,0.2,0.01024,0.727273,0.011264,2.66667,0.012288,10.6667,0.012288,34.1333,0.01536,128,0.016384,248.242,0.033792,341.333,0.098304,386.643,0.347136,437.271,1.22778,578.844,3.70995,574.484,14.9524,
0.0113636,0.011264,0.0416667,0.012288,0.181818,0.011264,0.615385,0.013312,2.90909,0.011264,10.6667,0.012288,39.3846,0.013312,128,0.016384,240.941,0.034816,334.367,0.100352,386.643,0.347136,436.907,1.2288,578.844,3.70995,574.405,14.9545,
0.0125,0.01024,0.0416667,0.012288,0.166667,0.012288,0.666667,0.012288,2.66667,0.012288,10.6667,0.012288,39.3846,0.013312,120.471,0.017408,256,0.032768,334.367,0.100352,387.787,0.346112,436.907,1.2288,577.887,3.7161,574.523,14.9514,
0.0113636,0.011264,0.0416667,0.012288,0.181818,0.011264,0.666667,0.012288,2.90909,0.011264,10.6667,0.012288,42.6667,0.012288,120.471,0.017408,248.242,0.033792,344.926,0.09728,387.787,0.346112,437.271,1.22778,579.004,3.70893,574.877,14.9422,
0.0125,0.01024,0.0454545,0.011264,0.181818,0.011264,0.666667,0.012288,2.66667,0.012288,10.6667,0.012288,39.3846,0.013312,128,0.016384,248.242,0.033792,341.333,0.098304,386.643,0.347136,437.271,1.22778,579.004,3.70893,575.035,14.9381,
0.0125,0.01024,0.0416667,0.012288,0.181818,0.011264,0.666667,0.012288,2.66667,0.012288,11.6364,0.011264,42.6667,0.012288,128,0.016384,248.242,0.033792,344.926,0.09728,386.643,0.347136,437.271,1.22778,578.844,3.70995,575.232,14.933,
0.0125,0.01024,0.0454545,0.011264,0.181818,0.011264,0.727273,0.011264,2.90909,0.011264,10.6667,0.012288,39.3846,0.013312,128,0.016384,256,0.032768,341.333,0.098304,386.643,0.347136,494.145,1.08646,578.684,3.71098,575.232,14.933,
0.0113636,0.011264,0.0416667,0.012288,0.166667,0.012288,0.615385,0.013312,2.66667,0.012288,10.6667,0.012288,42.6667,0.012288,128,0.016384,248.242,0.033792,344.926,0.09728,386.643,0.347136,579.324,0.92672,578.844,3.70995,575.114,14.9361,
0.0125,0.01024,0.0454545,0.011264,0.181818,0.011264,0.666667,0.012288,2.66667,0.012288,10.6667,0.012288,39.3846,0.013312,128,0.016384,248.242,0.033792,341.333,0.098304,387.787,0.346112,579.324,0.92672,579.004,3.70893,575.153,14.935,
0.0113636,0.011264,0.0416667,0.012288,0.166667,0.012288,0.615385,0.013312,2.66667,0.012288,10.6667,0.012288,39.3846,0.013312,120.471,0.017408,248.242,0.033792,344.926,0.09728,386.643,0.347136,579.324,0.92672,578.844,3.70995,575.232,14.933,
0.0125,0.01024,0.0333333,0.01536,0.181818,0.011264,0.615385,0.013312,2.66667,0.012288,10.6667,0.012288,42.6667,0.012288,128,0.016384,248.242,0.033792,341.333,0.098304,387.787,0.346112,579.324,0.92672,578.844,3.70995,575.153,14.935,
0.0125,0.01024,0.0416667,0.012288,0.166667,0.012288,0.615385,0.013312,2.90909,0.011264,10.6667,0.012288,39.3846,0.013312,128,0.016384,248.242,0.033792,341.333,0.098304,386.643,0.347136,579.965,0.925696,578.844,3.70995,575.271,14.932,
0.0125,0.01024,0.0416667,0.012288,0.166667,0.012288,0.5,0.016384,2.66667,0.012288,10.6667,0.012288,39.3846,0.013312,128,0.016384,248.242,0.033792,344.926,0.09728,387.787,0.346112,579.324,0.92672,578.844,3.70995,575.232,14.933,
0.0125,0.01024,0.0416667,0.012288,0.0103093,0.198656,0.615385,0.013312,2.66667,0.012288,10.6667,0.012288,39.3846,0.013312,128,0.016384,256,0.032768,344.926,0.09728,387.787,0.346112,580.607,0.924672,578.684,3.71098,575.074,14.9371,
0.0125,0.01024,0.0416667,0.012288,0.133333,0.01536,0.615385,0.013312,2.66667,0.012288,10.6667,0.012288,39.3846,0.013312,128,0.016384,248.242,0.033792,344.926,0.09728,385.506,0.34816,578.684,0.927744,578.684,3.71098,575.035,14.9381,
0.0113636,0.011264,0.0333333,0.01536,0.166667,0.012288,0.666667,0.012288,2.90909,0.011264,10.6667,0.012288,39.3846,0.013312,128,0.016384,256,0.032768,341.333,0.098304,386.643,0.347136,578.684,0.927744,578.525,3.712,575.035,14.9381,
0.0125,0.01024,0.0416667,0.012288,0.166667,0.012288,0.666667,0.012288,2.66667,0.012288,10.6667,0.012288,39.3846,0.013312,128,0.016384,248.242,0.033792,344.926,0.09728,386.643,0.347136,579.324,0.92672,578.684,3.71098,574.759,14.9453,
0.0125,0.01024,0.0416667,0.012288,0.181818,0.011264,0.666667,0.012288,2.66667,0.012288,10.6667,0.012288,42.6667,0.012288,128,0.016384,248.242,0.033792,341.333,0.098304,387.787,0.346112,579.324,0.92672,578.844,3.70995,574.484,14.9524,
0.0113636,0.011264,0.05,0.01024,0.181818,0.011264,0.666667,0.012288,2.66667,0.012288,10.6667,0.012288,39.3846,0.013312,128,0.016384,248.242,0.033792,344.926,0.09728,387.787,0.346112,578.684,0.927744,578.844,3.70995,574.405,14.9545,
0.0113636,0.011264,0.0454545,0.011264,0.166667,0.012288,0.571429,0.014336,2.66667,0.012288,10.6667,0.012288,39.3846,0.013312,120.471,0.017408,248.242,0.033792,344.926,0.09728,386.643,0.347136,579.324,0.92672,578.844,3.70995,574.405,14.9545,
0.0125,0.01024,0.0454545,0.011264,0.2,0.01024,0.615385,0.013312,2.66667,0.012288,10.6667,0.012288,39.3846,0.013312,120.471,0.017408,248.242,0.033792,334.367,0.100352,387.787,0.346112,579.965,0.925696,578.844,3.70995,574.405,14.9545,
0.0125,0.01024,0.0454545,0.011264,0.181818,0.011264,0.666667,0.012288,2.66667,0.012288,10.6667,0.012288,39.3846,0.013312,120.471,0.017408,248.242,0.033792,344.926,0.09728,386.643,0.347136,579.965,0.925696,578.684,3.71098,574.208,14.9596,
0.0125,0.01024,0.0454545,0.011264,0.2,0.01024,0.615385,0.013312,2.90909,0.011264,11.6364,0.011264,39.3846,0.013312,128,0.016384,256,0.032768,344.926,0.09728,387.787,0.346112,579.965,0.925696,578.844,3.70995,574.169,14.9606,
0.0113636,0.011264,0.0384615,0.013312,0.166667,0.012288,0.666667,0.012288,2.66667,0.012288,10.6667,0.012288,39.3846,0.013312,120.471,0.017408,248.242,0.033792,344.926,0.09728,386.643,0.347136,579.965,0.925696,578.844,3.70995,574.641,14.9484,
0.0125,0.01024,0.0454545,0.011264,0.181818,0.011264,0.615385,0.013312,2.66667,0.012288,10.6667,0.012288,39.3846,0.013312,120.471,0.017408,256,0.032768,344.926,0.09728,387.787,0.346112,578.684,0.927744,578.844,3.70995,574.838,14.9432,
0.0113636,0.011264,0.0454545,0.011264,0.181818,0.011264,0.666667,0.012288,2.66667,0.012288,10.6667,0.012288,42.6667,0.012288,120.471,0.017408,248.242,0.033792,344.926,0.09728,387.787,0.346112,579.965,0.925696,578.844,3.70995,575.232,14.933,
0.0125,0.01024,0.0454545,0.011264,0.181818,0.011264,0.615385,0.013312,2.46154,0.013312,8,0.016384,39.3846,0.013312,128,0.016384,256,0.032768,341.333,0.098304,387.787,0.346112,579.324,0.92672,578.365,3.71302,575.193,14.934,
0.0113636,0.011264,0.0454545,0.011264,0.166667,0.012288,0.666667,0.012288,2.90909,0.011264,10.6667,0.012288,42.6667,0.012288,120.471,0.017408,248.242,0.033792,344.926,0.09728,386.643,0.347136,579.324,0.92672,577.41,3.71917,575.074,14.9371,
0.0125,0.01024,0.05,0.01024,0.153846,0.013312,0.666667,0.012288,2.66667,0.012288,10.6667,0.012288,39.3846,0.013312,120.471,0.017408,256,0.032768,341.333,0.098304,387.787,0.346112,579.324,0.92672,577.728,3.71712,574.917,14.9412,
0.0113636,0.011264,0.0454545,0.011264,0.142857,0.014336,0.533333,0.01536,2.90909,0.011264,11.6364,0.011264,42.6667,0.012288,120.471,0.017408,248.242,0.033792,344.926,0.09728,387.787,0.346112,579.965,0.925696,578.365,3.71302,575.114,14.9361,
0.0113636,0.011264,0.0454545,0.011264,0.166667,0.012288,0.615385,0.013312,2.66667,0.012288,10.6667,0.012288,39.3846,0.013312,120.471,0.017408,256,0.032768,344.926,0.09728,386.643,0.347136,579.324,0.92672,578.525,3.712,574.995,14.9391,
0.0125,0.01024,0.0454545,0.011264,0.166667,0.012288,0.615385,0.013312,2.90909,0.011264,10.6667,0.012288,39.3846,0.013312,120.471,0.017408,248.242,0.033792,341.333,0.098304,387.787,0.346112,579.965,0.925696,578.844,3.70995,575.232,14.933,
0.0125,0.01024,0.0416667,0.012288,0.166667,0.012288,0.615385,0.013312,2.66667,0.012288,11.6364,0.011264,42.6667,0.012288,120.471,0.017408,240.941,0.034816,344.926,0.09728,387.787,0.346112,579.324,0.92672,579.004,3.70893,575.153,14.935,
0.0113636,0.011264,0.0454545,0.011264,0.153846,0.013312,0.615385,0.013312,2.66667,0.012288,10.6667,0.012288,39.3846,0.013312,128,0.016384,248.242,0.033792,341.333,0.098304,387.787,0.346112,579.324,0.92672,579.004,3.70893,575.035,14.9381,
0.0125,0.01024,0.0416667,0.012288,0.166667,0.012288,0.666667,0.012288,2.90909,0.011264,10.6667,0.012288,42.6667,0.012288,128,0.016384,248.242,0.033792,341.333,0.098304,386.643,0.347136,579.965,0.925696,578.525,3.712,574.798,14.9443,
0.0113636,0.011264,0.0416667,0.012288,0.181818,0.011264,0.666667,0.012288,2.90909,0.011264,10.6667,0.012288,39.3846,0.013312,128,0.016384,248.242,0.033792,341.333,0.098304,386.643,0.347136,579.965,0.925696,578.844,3.70995,574.917,14.9412,
0.0125,0.01024,0.0454545,0.011264,0.181818,0.011264,0.615385,0.013312,2.66667,0.012288,11.6364,0.011264,42.6667,0.012288,128,0.016384,240.941,0.034816,341.333,0.098304,387.787,0.346112,579.324,0.92672,578.844,3.70995,575.035,14.9381,
0.0125,0.01024,0.0384615,0.013312,0.166667,0.012288,0.666667,0.012288,2.90909,0.011264,11.6364,0.011264,39.3846,0.013312,128,0.016384,248.242,0.033792,341.333,0.098304,386.643,0.347136,578.046,0.928768,578.844,3.70995,574.405,14.9545,
0.0125,0.01024,0.0384615,0.013312,0.166667,0.012288,0.615385,0.013312,2.66667,0.012288,10.6667,0.012288,42.6667,0.012288,120.471,0.017408,248.242,0.033792,344.926,0.09728,387.787,0.346112,579.324,0.92672,578.046,3.71507,574.051,14.9637,
0.0113636,0.011264,0.0416667,0.012288,0.181818,0.011264,0.666667,0.012288,2.90909,0.011264,10.6667,0.012288,39.3846,0.013312,128,0.016384,248.242,0.033792,341.333,0.098304,387.787,0.346112,579.965,0.925696,576.457,3.72531,574.208,14.9596,
0.0125,0.01024,0.0384615,0.013312,0.166667,0.012288,0.615385,0.013312,2.66667,0.012288,10.6667,0.012288,39.3846,0.013312,128,0.016384,248.242,0.033792,344.926,0.09728,387.787,0.346112,578.684,0.927744,577.728,3.71712,574.365,14.9555,
0.0113636,0.011264,0.0454545,0.011264,0.181818,0.011264,0.666667,0.012288,2.90909,0.011264,10.6667,0.012288,39.3846,0.013312,128,0.016384,256,0.032768,341.333,0.098304,387.787,0.346112,579.324,0.92672,577.728,3.71712,574.484,14.9524,
0.0125,0.01024,0.05,0.01024,0.181818,0.011264,0.666667,0.012288,2.66667,0.012288,11.6364,0.011264,39.3846,0.013312,128,0.016384,240.941,0.034816,344.926,0.09728,387.787,0.346112,579.965,0.925696,576.299,3.72634,574.09,14.9627,
0.0113636,0.011264,0.0454545,0.011264,0.166667,0.012288,0.666667,0.012288,2.66667,0.012288,10.6667,0.012288,39.3846,0.013312,128,0.016384,248.242,0.033792,344.926,0.09728,386.643,0.347136,584.491,0.918528,576.141,3.72736,574.169,14.9606,
0.0125,0.01024,0.0454545,0.011264,0.181818,0.011264,0.727273,0.011264,2.90909,0.011264,11.6364,0.011264,39.3846,0.013312,128,0.016384,248.242,0.033792,344.926,0.09728,385.506,0.34816,584.491,0.918528,576.299,3.72634,574.169,14.9606,
0.0113636,0.011264,0.0416667,0.012288,0.181818,0.011264,0.666667,0.012288,2.90909,0.011264,10.6667,0.012288,39.3846,0.013312,128,0.016384,248.242,0.033792,344.926,0.09728,385.506,0.34816,583.84,0.919552,576.774,3.72326,574.208,14.9596,
0.0125,0.01024,0.0416667,0.012288,0.2,0.01024,0.666667,0.012288,2.66667,0.012288,10.6667,0.012288,42.6667,0.012288,128,0.016384,248.242,0.033792,344.926,0.09728,387.787,0.346112,581.896,0.922624,576.933,3.72224,574.798,14.9443,
0.0113636,0.011264,0.0416667,0.012288,0.153846,0.013312,0.666667,0.012288,2.90909,0.011264,10.6667,0.012288,39.3846,0.013312,128,0.016384,248.242,0.033792,344.926,0.09728,386.643,0.347136,581.251,0.923648,576.141,3.72736,575.153,14.935,
0.0125,0.01024,0.0454545,0.011264,0.2,0.01024,0.666667,0.012288,2.66667,0.012288,10.6667,0.012288,39.3846,0.013312,128,0.016384,248.242,0.033792,344.926,0.09728,387.787,0.346112,580.607,0.924672,576.141,3.72736,575.035,14.9381,
0.0113636,0.011264,0.0454545,0.011264,0.166667,0.012288,0.666667,0.012288,2.66667,0.012288,10.6667,0.012288,42.6667,0.012288,128,0.016384,248.242,0.033792,337.814,0.099328,386.643,0.347136,581.896,0.922624,576.616,3.72429,575.035,14.9381,
0.0113636,0.011264,0.0454545,0.011264,0.125,0.016384,0.615385,0.013312,2.90909,0.011264,10.6667,0.012288,39.3846,0.013312,128,0.016384,248.242,0.033792,348.596,0.096256,387.787,0.346112,581.251,0.923648,576.457,3.72531,575.074,14.9371,
0.0125,0.01024,0.05,0.01024,0.153846,0.013312,0.615385,0.013312,2.66667,0.012288,10.6667,0.012288,42.6667,0.012288,128,0.016384,248.242,0.033792,344.926,0.09728,386.643,0.347136,579.965,0.925696,576.457,3.72531,575.114,14.9361,
0.0125,0.01024,0.0454545,0.011264,0.166667,0.012288,0.571429,0.014336,2.66667,0.012288,11.6364,0.011264,39.3846,0.013312,120.471,0.017408,248.242,0.033792,344.926,0.09728,387.787,0.346112,581.251,0.923648,576.299,3.72634,574.917,14.9412,
0.0113636,0.011264,0.0454545,0.011264,0.153846,0.013312,0.571429,0.014336,2.90909,0.011264,10.6667,0.012288,39.3846,0.013312,120.471,0.017408,248.242,0.033792,344.926,0.09728,387.787,0.346112,581.251,0.923648,575.982,3.72838,575.035,14.9381,
0.0113636,0.011264,0.05,0.01024,0.153846,0.013312,0.615385,0.013312,2.66667,0.012288,10.6667,0.012288,39.3846,0.013312,128,0.016384,248.242,0.033792,344.926,0.09728,387.787,0.346112,581.251,0.923648,576.141,3.72736,575.114,14.9361,
0.0125,0.01024,0.0416667,0.012288,0.166667,0.012288,0.615385,0.013312,2.90909,0.011264,10.6667,0.012288,42.6667,0.012288,128,0.016384,240.941,0.034816,344.926,0.09728,387.787,0.346112,581.251,0.923648,576.616,3.72429,575.153,14.935,
0.0125,0.01024,0.0384615,0.013312,0.166667,0.012288,0.615385,0.013312,2.66667,0.012288,11.6364,0.011264,39.3846,0.013312,128,0.016384,248.242,0.033792,341.333,0.098304,387.787,0.346112,580.607,0.924672,576.141,3.72736,574.995,14.9391,
0.0125,0.01024,0.0384615,0.013312,0.166667,0.012288,0.666667,0.012288,2.66667,0.012288,10.6667,0.012288,42.6667,0.012288,128,0.016384,256,0.032768,344.926,0.09728,387.787,0.346112,581.251,0.923648,576.457,3.72531,575.074,14.9371,
0.0113636,0.011264,0.0416667,0.012288,0.181818,0.011264,0.666667,0.012288,2.66667,0.012288,10.6667,0.012288,39.3846,0.013312,128,0.016384,256,0.032768,344.926,0.09728,387.787,0.346112,580.607,0.924672,576.933,3.72224,574.759,14.9453,
0.0125,0.01024,0.0384615,0.013312,0.166667,0.012288,0.615385,0.013312,2.66667,0.012288,10.6667,0.012288,39.3846,0.013312,120.471,0.017408,248.242,0.033792,341.333,0.098304,386.643,0.347136,581.251,0.923648,577.251,3.72019,574.208,14.9596,
0.0113636,0.011264,0.0384615,0.013312,0.181818,0.011264,0.666667,0.012288,2.66667,0.012288,11.6364,0.011264,39.3846,0.013312,120.471,0.017408,256,0.032768,341.333,0.098304,387.787,0.346112,580.607,0.924672,576.141,3.72736,574.208,14.9596,
0.0125,0.01024,0.0416667,0.012288,0.181818,0.011264,0.666667,0.012288,2.66667,0.012288,10.6667,0.012288,39.3846,0.013312,120.471,0.017408,248.242,0.033792,341.333,0.098304,386.643,0.347136,579.965,0.925696,576.141,3.72736,574.365,14.9555,
0.0125,0.01024,0.0454545,0.011264,0.166667,0.012288,0.615385,0.013312,2.90909,0.011264,10.6667,0.012288,39.3846,0.013312,128,0.016384,248.242,0.033792,341.333,0.098304,386.643,0.347136,581.251,0.923648,577.092,3.72122,574.287,14.9576,
0.0113636,0.011264,0.0416667,0.012288,0.181818,0.011264,0.615385,0.013312,2.66667,0.012288,11.6364,0.011264,42.6667,0.012288,120.471,0.017408,248.242,0.033792,344.926,0.09728,387.787,0.346112,580.607,0.924672,577.251,3.72019,574.365,14.9555,
0.0125,0.01024,0.0416667,0.012288,0.181818,0.011264,0.666667,0.012288,2.66667,0.012288,10.6667,0.012288,39.3846,0.013312,128,0.016384,248.242,0.033792,344.926,0.09728,386.643,0.347136,580.607,0.924672,576.933,3.72224,574.13,14.9617,
0.0125,0.01024,0.0416667,0.012288,0.166667,0.012288,0.666667,0.012288,2.66667,0.012288,10.6667,0.012288,42.6667,0.012288,128,0.016384,248.242,0.033792,341.333,0.098304,386.643,0.347136,581.251,0.923648,576.774,3.72326,574.287,14.9576,
0.0125,0.01024,0.0454545,0.011264,0.166667,0.012288,0.615385,0.013312,2.90909,0.011264,11.6364,0.011264,39.3846,0.013312,128,0.016384,248.242,0.033792,341.333,0.098304,386.643,0.347136,580.607,0.924672,576.774,3.72326,574.365,14.9555,
0.0113636,0.011264,0.0416667,0.012288,0.166667,0.012288,0.615385,0.013312,2.90909,0.011264,10.6667,0.012288,42.6667,0.012288,128,0.016384,248.242,0.033792,341.333,0.098304,387.787,0.346112,580.607,0.924672,576.933,3.72224,574.365,14.9555,
0.0125,0.01024,0.05,0.01024,0.181818,0.011264,0.615385,0.013312,2.90909,0.011264,10.6667,0.012288,39.3846,0.013312,128,0.016384,248.242,0.033792,337.814,0.099328,387.787,0.346112,580.607,0.924672,575.824,3.72941,574.917,14.9412,
0.0113636,0.011264,0.0416667,0.012288,0.166667,0.012288,0.615385,0.013312,2.66667,0.012288,10.6667,0.012288,39.3846,0.013312,120.471,0.017408,240.941,0.034816,344.926,0.09728,387.787,0.346112,580.607,0.924672,576.774,3.72326,575.114,14.9361,
0.0125,0.01024,0.05,0.01024,0.181818,0.011264,0.666667,0.012288,2.66667,0.012288,10.6667,0.012288,36.5714,0.014336,107.789,0.019456,234.057,0.03584,330.99,0.101376,369.217,0.36352,554.216,0.968704,577.728,3.71712,574.798,14.9443,
0.0113636,0.011264,0.0454545,0.011264,0.2,0.01024,0.666667,0.012288,2.66667,0.012288,10.6667,0.012288,39.3846,0.013312,113.778,0.018432,234.057,0.03584,327.68,0.1024,370.26,0.362496,557.753,0.96256,578.525,3.712,574.995,14.9391,
0.0125,0.01024,0.05,0.01024,0.181818,0.011264,0.727273,0.011264,2.66667,0.012288,10.6667,0.012288,36.5714,0.014336,113.778,0.018432,234.057,0.03584,330.99,0.101376,369.217,0.36352,557.753,0.96256,578.684,3.71098,575.035,14.9381,
0.0125,0.01024,0.0454545,0.011264,0.181818,0.011264,0.666667,0.012288,2.66667,0.012288,10.6667,0.012288,36.5714,0.014336,113.778,0.018432,234.057,0.03584,324.436,0.103424,368.18,0.364544,557.753,0.96256,578.365,3.71302,575.153,14.935,
0.0113636,0.011264,0.05,0.01024,0.2,0.01024,0.727273,0.011264,2.66667,0.012288,10.6667,0.012288,39.3846,0.013312,120.471,0.017408,234.057,0.03584,330.99,0.101376,369.217,0.36352,557.753,0.96256,579.004,3.70893,575.193,14.934,
0.0125,0.01024,0.0357143,0.014336,0.181818,0.011264,0.666667,0.012288,2.66667,0.012288,10.6667,0.012288,36.5714,0.014336,107.789,0.019456,234.057,0.03584,330.99,0.101376,369.217,0.36352,557.16,0.963584,578.525,3.712,575.035,14.9381,
0.0125,0.01024,0.05,0.01024,0.181818,0.011264,0.727273,0.011264,2.66667,0.012288,10.6667,0.012288,36.5714,0.014336,107.789,0.019456,234.057,0.03584,327.68,0.1024,369.217,0.36352,557.753,0.96256,578.844,3.70995,574.995,14.9391,
0.0113636,0.011264,0.0454545,0.011264,0.181818,0.011264,0.666667,0.012288,2.66667,0.012288,10.6667,0.012288,39.3846,0.013312,102.4,0.02048,240.941,0.034816,330.99,0.101376,369.217,0.36352,557.753,0.96256,578.684,3.71098,574.956,14.9402,
0.0125,0.01024,0.05,0.01024,0.181818,0.011264,0.666667,0.012288,2.66667,0.012288,10.6667,0.012288,39.3846,0.013312,120.471,0.017408,234.057,0.03584,327.68,0.1024,370.26,0.362496,557.753,0.96256,578.525,3.712,575.074,14.9371,
0.0113636,0.011264,0.0454545,0.011264,0.181818,0.011264,0.727273,0.011264,2.66667,0.012288,10.6667,0.012288,39.3846,0.013312,113.778,0.018432,227.556,0.036864,327.68,0.1024,369.217,0.36352,557.753,0.96256,578.844,3.70995,575.232,14.933,
0.0125,0.01024,0.05,0.01024,0.181818,0.011264,0.666667,0.012288,2.66667,0.012288,10.6667,0.012288,39.3846,0.013312,113.778,0.018432,234.057,0.03584,327.68,0.1024,370.26,0.362496,557.16,0.963584,578.365,3.71302,574.917,14.9412,
0.0113636,0.011264,0.0454545,0.011264,0.181818,0.011264,0.666667,0.012288,2.66667,0.012288,10.6667,0.012288,39.3846,0.013312,113.778,0.018432,234.057,0.03584,330.99,0.101376,369.217,0.36352,557.753,0.96256,578.684,3.71098,575.035,14.9381,
0.0125,0.01024,0.05,0.01024,0.2,0.01024,0.727273,0.011264,2.66667,0.012288,10.6667,0.012288,39.3846,0.013312,113.778,0.018432,240.941,0.034816,327.68,0.1024,370.26,0.362496,557.753,0.96256,579.324,3.70688,575.074,14.9371,
0.0113636,0.011264,0.05,0.01024,0.181818,0.011264,0.666667,0.012288,2.90909,0.011264,10.6667,0.012288,39.3846,0.013312,120.471,0.017408,240.941,0.034816,330.99,0.101376,369.217,0.36352,557.753,0.96256,578.844,3.70995,575.114,14.9361,
0.0113636,0.011264,0.05,0.01024,0.181818,0.011264,0.727273,0.011264,2.66667,0.012288,10.6667,0.012288,39.3846,0.013312,113.778,0.018432,234.057,0.03584,327.68,0.1024,370.26,0.362496,557.753,0.96256,578.844,3.70995,574.995,14.9391,
0.0125,0.01024,0.0454545,0.011264,0.181818,0.011264,0.727273,0.011264,2.66667,0.012288,9.84615,0.013312,36.5714,0.014336,113.778,0.018432,240.941,0.034816,330.99,0.101376,369.217,0.36352,557.753,0.96256,578.844,3.70995,575.271,14.932,
0.0125,0.01024,0.05,0.01024,0.2,0.01024,0.727273,0.011264,2.66667,0.012288,10.6667,0.012288,36.5714,0.014336,120.471,0.017408,234.057,0.03584,327.68,0.1024,370.26,0.362496,557.753,0.96256,578.684,3.71098,575.114,14.9361,
0.0113636,0.011264,0.0454545,0.011264,0.2,0.01024,0.727273,0.011264,2.66667,0.012288,10.6667,0.012288,39.3846,0.013312,120.471,0.017408,227.556,0.036864,327.68,0.1024,369.217,0.36352,557.753,0.96256,578.684,3.71098,575.193,14.934,
0.0125,0.01024,0.05,0.01024,0.2,0.01024,0.666667,0.012288,2.90909,0.011264,10.6667,0.012288,39.3846,0.013312,120.471,0.017408,234.057,0.03584,327.68,0.1024,370.26,0.362496,557.753,0.96256,578.844,3.70995,575.193,14.934,
0.0113636,0.011264,0.0454545,0.011264,0.181818,0.011264,0.727273,0.011264,2.66667,0.012288,9.84615,0.013312,39.3846,0.013312,107.789,0.019456,234.057,0.03584,327.68,0.1024,369.217,0.36352,557.753,0.96256,578.525,3.712,575.114,14.9361,
0.0125,0.01024,0.05,0.01024,0.2,0.01024,0.666667,0.012288,2.90909,0.011264,11.6364,0.011264,36.5714,0.014336,120.471,0.017408,234.057,0.03584,327.68,0.1024,369.217,0.36352,557.16,0.963584,578.525,3.712,574.917,14.9412,
0.0113636,0.011264,0.0454545,0.011264,0.2,0.01024,0.727273,0.011264,2.66667,0.012288,10.6667,0.012288,39.3846,0.013312,107.789,0.019456,221.405,0.037888,327.68,0.1024,370.26,0.362496,557.16,0.963584,579.164,3.7079,575.153,14.935,
0.0125,0.01024,0.05,0.01024,0.2,0.01024,0.666667,0.012288,2.66667,0.012288,10.6667,0.012288,39.3846,0.013312,113.778,0.018432,240.941,0.034816,324.436,0.103424,370.26,0.362496,557.753,0.96256,578.684,3.71098,575.035,14.9381,
0.0113636,0.011264,0.0454545,0.011264,0.181818,0.011264,0.727273,0.011264,2.66667,0.012288,10.6667,0.012288,39.3846,0.013312,102.4,0.02048,227.556,0.036864,330.99,0.101376,370.26,0.362496,558.347,0.961536,578.684,3.71098,575.074,14.9371,
0.0125,0.01024,0.05,0.01024,0.2,0.01024,0.666667,0.012288,2.66667,0.012288,10.6667,0.012288,39.3846,0.013312,107.789,0.019456,240.941,0.034816,327.68,0.1024,369.217,0.36352,557.753,0.96256,578.525,3.712,575.114,14.9361,
0.0113636,0.011264,0.05,0.01024,0.181818,0.011264,0.666667,0.012288,2.66667,0.012288,10.6667,0.012288,39.3846,0.013312,120.471,0.017408,240.941,0.034816,330.99,0.101376,370.26,0.362496,557.753,0.96256,579.004,3.70893,575.035,14.9381,
0.0125,0.01024,0.05,0.01024,0.2,0.01024,0.666667,0.012288,2.66667,0.012288,10.6667,0.012288,39.3846,0.013312,107.789,0.019456,234.057,0.03584,327.68,0.1024,369.217,0.36352,557.753,0.96256,578.844,3.70995,575.035,14.9381,
0.0113636,0.011264,0.05,0.01024,0.2,0.01024,0.666667,0.012288,2.66667,0.012288,10.6667,0.012288,39.3846,0.013312,113.778,0.018432,234.057,0.03584,327.68,0.1024,370.26,0.362496,557.16,0.963584,578.525,3.712,574.917,14.9412,
0.0125,0.01024,0.0454545,0.011264,0.181818,0.011264,0.666667,0.012288,2.66667,0.012288,10.6667,0.012288,39.3846,0.013312,113.778,0.018432,240.941,0.034816,330.99,0.101376,369.217,0.36352,557.753,0.96256,578.684,3.71098,575.114,14.9361,
0.0113636,0.011264,0.05,0.01024,0.181818,0.011264,0.666667,0.012288,2.66667,0.012288,10.6667,0.012288,39.3846,0.013312,113.778,0.018432,215.579,0.038912,327.68,0.1024,369.217,0.36352,557.16,0.963584,578.684,3.71098,575.114,14.9361,
0.0125,0.01024,0.0454545,0.011264,0.2,0.01024,0.727273,0.011264,2.66667,0.012288,10.6667,0.012288,34.1333,0.01536,120.471,0.017408,234.057,0.03584,327.68,0.1024,370.26,0.362496,557.16,0.963584,578.684,3.71098,575.193,14.934,
0.0125,0.01024,0.05,0.01024,0.181818,0.011264,0.666667,0.012288,2.66667,0.012288,9.84615,0.013312,39.3846,0.013312,113.778,0.018432,240.941,0.034816,183.061,0.183296,369.217,0.36352,557.753,0.96256,578.684,3.71098,574.995,14.9391,
0.0125,0.01024,0.05,0.01024,0.181818,0.011264,0.727273,0.011264,2.66667,0.012288,10.6667,0.012288,39.3846,0.013312,107.789,0.019456,240.941,0.034816,330.99,0.101376,370.26,0.362496,557.753,0.96256,577.887,3.7161,574.798,14.9443,
0.0113636,0.011264,0.0454545,0.011264,0.181818,0.011264,0.666667,0.012288,2.90909,0.011264,10.6667,0.012288,36.5714,0.014336,113.778,0.018432,248.242,0.033792,330.99,0.101376,370.26,0.362496,558.347,0.961536,579.164,3.7079,575.232,14.933,
0.0125,0.01024,0.05,0.01024,0.2,0.01024,0.727273,0.011264,2.66667,0.012288,10.6667,0.012288,39.3846,0.013312,89.0435,0.023552,234.057,0.03584,327.68,0.1024,370.26,0.362496,557.753,0.96256,579.004,3.70893,575.035,14.9381,
0.0113636,0.011264,0.0454545,0.011264,0.181818,0.011264,0.666667,0.012288,2.66667,0.012288,10.6667,0.012288,39.3846,0.013312,107.789,0.019456,240.941,0.034816,330.99,0.101376,370.26,0.362496,557.753,0.96256,579.004,3.70893,575.232,14.933,
0.0125,0.01024,0.05,0.01024,0.2,0.01024,0.727273,0.011264,2.66667,0.012288,10.6667,0.012288,39.3846,0.013312,113.778,0.018432,240.941,0.034816,327.68,0.1024,369.217,0.36352,558.347,0.961536,578.844,3.70995,574.956,14.9402,
0.0113636,0.011264,0.0454545,0.011264,0.166667,0.012288,0.666667,0.012288,2.66667,0.012288,10.6667,0.012288,36.5714,0.014336,102.4,0.02048,234.057,0.03584,327.68,0.1024,369.217,0.36352,558.347,0.961536,578.844,3.70995,575.193,14.934,
0.0125,0.01024,0.05,0.01024,0.153846,0.013312,0.727273,0.011264,2.66667,0.012288,11.6364,0.011264,36.5714,0.014336,107.789,0.019456,240.941,0.034816,327.68,0.1024,370.26,0.362496,557.753,0.96256,578.844,3.70995,575.153,14.935,
0.0113636,0.011264,0.05,0.01024,0.181818,0.011264,0.666667,0.012288,2.66667,0.012288,10.6667,0.012288,39.3846,0.013312,113.778,0.018432,234.057,0.03584,321.255,0.104448,369.217,0.36352,557.753,0.96256,577.887,3.7161,574.838,14.9432,
0.0125,0.01024,0.05,0.01024,0.2,0.01024,0.666667,0.012288,2.66667,0.012288,10.6667,0.012288,39.3846,0.013312,120.471,0.017408,240.941,0.034816,327.68,0.1024,370.26,0.362496,557.16,0.963584,577.251,3.72019,575.074,14.9371,
0.0125,0.01024,0.05,0.01024,0.181818,0.011264,0.666667,0.012288,2.90909,0.011264,10.6667,0.012288,39.3846,0.013312,107.789,0.019456,234.057,0.03584,327.68,0.1024,369.217,0.36352,557.16,0.963584,577.887,3.7161,575.074,14.9371,
0.0125,0.01024,0.0454545,0.011264,0.181818,0.011264,0.727273,0.011264,2.66667,0.012288,10.6667,0.012288,39.3846,0.013312,107.789,0.019456,234.057,0.03584,330.99,0.101376,370.26,0.362496,557.16,0.963584,578.525,3.712,575.074,14.9371,
0.0125,0.01024,0.0454545,0.011264,0.2,0.01024,0.666667,0.012288,2.46154,0.013312,10.6667,0.012288,36.5714,0.014336,113.778,0.018432,240.941,0.034816,327.68,0.1024,369.217,0.36352,557.753,0.96256,578.844,3.70995,575.271,14.932,
0.0125,0.01024,0.05,0.01024,0.181818,0.011264,0.727273,0.011264,2.66667,0.012288,11.6364,0.011264,39.3846,0.013312,113.778,0.018432,234.057,0.03584,330.99,0.101376,369.217,0.36352,557.753,0.96256,578.525,3.712,575.074,14.9371,
0.0125,0.01024,0.0454545,0.011264,0.181818,0.011264,0.666667,0.012288,2.66667,0.012288,10.6667,0.012288,39.3846,0.013312,113.778,0.018432,234.057,0.03584,327.68,0.1024,370.26,0.362496,557.753,0.96256,578.525,3.712,575.114,14.9361,
0.0113636,0.011264,0.05,0.01024,0.181818,0.011264,0.727273,0.011264,2.66667,0.012288,10.6667,0.012288,39.3846,0.013312,113.778,0.018432,240.941,0.034816,324.436,0.103424,370.26,0.362496,557.753,0.96256,578.365,3.71302,574.995,14.9391,
0.0125,0.01024,0.05,0.01024,0.2,0.01024,0.666667,0.012288,2.66667,0.012288,10.6667,0.012288,39.3846,0.013312,120.471,0.017408,234.057,0.03584,327.68,0.1024,370.26,0.362496,557.753,0.96256,577.092,3.72122,575.074,14.9371,
0.0113636,0.011264,0.05,0.01024,0.2,0.01024,0.666667,0.012288,2.66667,0.012288,10.6667,0.012288,39.3846,0.013312,120.471,0.017408,240.941,0.034816,327.68,0.1024,370.26,0.362496,557.753,0.96256,577.887,3.7161,575.193,14.934,
0.0113636,0.011264,0.05,0.01024,0.181818,0.011264,0.727273,0.011264,2.66667,0.012288,10.6667,0.012288,39.3846,0.013312,120.471,0.017408,234.057,0.03584,327.68,0.1024,370.26,0.362496,557.753,0.96256,578.844,3.70995,575.232,14.933,
0.0138889,0.009216,0.0454545,0.011264,0.181818,0.011264,0.666667,0.012288,2.66667,0.012288,10.6667,0.012288,39.3846,0.013312,113.778,0.018432,234.057,0.03584,330.99,0.101376,369.217,0.36352,557.753,0.96256,578.684,3.71098,575.193,14.934,
0.0125,0.01024,0.0454545,0.011264,0.181818,0.011264,0.666667,0.012288,2.66667,0.012288,10.6667,0.012288,39.3846,0.013312,120.471,0.017408,240.941,0.034816,327.68,0.1024,370.26,0.362496,557.753,0.96256,579.004,3.70893,575.153,14.935,
0.0125,0.01024,0.0454545,0.011264,0.2,0.01024,0.727273,0.011264,2.66667,0.012288,10.6667,0.012288,39.3846,0.013312,107.789,0.019456,234.057,0.03584,327.68,0.1024,369.217,0.36352,557.753,0.96256,578.684,3.71098,575.153,14.935,
0.0113636,0.011264,0.05,0.01024,0.181818,0.011264,0.666667,0.012288,2.66667,0.012288,10.6667,0.012288,39.3846,0.013312,107.789,0.019456,227.556,0.036864,330.99,0.101376,370.26,0.362496,557.753,0.96256,578.525,3.712,574.995,14.9391,
0.0125,0.01024,0.05,0.01024,0.2,0.01024,0.727273,0.011264,2.66667,0.012288,11.6364,0.011264,36.5714,0.014336,113.778,0.018432,240.941,0.034816,327.68,0.1024,370.26,0.362496,557.753,0.96256,578.525,3.712,575.153,14.935,
0.0113636,0.011264,0.0333333,0.01536,0.181818,0.011264,0.666667,0.012288,2.66667,0.012288,10.6667,0.012288,36.5714,0.014336,107.789,0.019456,234.057,0.03584,327.68,0.1024,369.217,0.36352,558.347,0.961536,578.525,3.712,575.153,14.935,
0.0125,0.01024,0.05,0.01024,0.181818,0.011264,0.727273,0.011264,2.66667,0.012288,10.6667,0.012288,36.5714,0.014336,107.789,0.019456,234.057,0.03584,327.68,0.1024,369.217,0.36352,557.753,0.96256,579.004,3.70893,574.759,14.9453,
0.0113636,0.011264,0.05,0.01024,0.181818,0.011264,0.727273,0.011264,2.66667,0.012288,10.6667,0.012288,39.3846,0.013312,107.789,0.019456,234.057,0.03584,330.99,0.101376,370.26,0.362496,557.753,0.96256,578.684,3.71098,574.72,14.9463,
0.0125,0.01024,0.05,0.01024,0.2,0.01024,0.666667,0.012288,2.90909,0.011264,10.6667,0.012288,39.3846,0.013312,113.778,0.018432,240.941,0.034816,327.68,0.1024,370.26,0.362496,557.753,0.96256,578.844,3.70995,574.798,14.9443,
0.0125,0.01024,0.05,0.01024,0.181818,0.011264,0.727273,0.011264,2.66667,0.012288,10.6667,0.012288,39.3846,0.013312,107.789,0.019456,240.941,0.034816,327.68,0.1024,369.217,0.36352,557.16,0.963584,578.684,3.71098,574.838,14.9432,
0.0113636,0.011264,0.05,0.01024,0.181818,0.011264,0.727273,0.011264,2.66667,0.012288,10.6667,0.012288,39.3846,0.013312,113.778,0.018432,240.941,0.034816,327.68,0.1024,369.217,0.36352,558.347,0.961536,578.844,3.70995,574.602,14.9494,
0.0125,0.01024,0.05,0.01024,0.2,0.01024,0.727273,0.011264,2.66667,0.012288,10.6667,0.012288,39.3846,0.013312,113.778,0.018432,240.941,0.034816,327.68,0.1024,370.26,0.362496,557.753,0.96256,578.684,3.71098,574.562,14.9504,
0.0125,0.01024,0.0454545,0.011264,0.181818,0.011264,0.727273,0.011264,2.66667,0.012288,9.84615,0.013312,39.3846,0.013312,113.778,0.018432,240.941,0.034816,327.68,0.1024,369.217,0.36352,556.569,0.964608,578.525,3.712,574.365,14.9555,
0.0113636,0.011264,0.05,0.01024,0.2,0.01024,0.666667,0.012288,2.66667,0.012288,9.84615,0.013312,39.3846,0.013312,113.778,0.018432,240.941,0.034816,330.99,0.101376,369.217,0.36352,557.16,0.963584,578.365,3.71302,574.326,14.9565,
0.0113636,0.011264,0.05,0.01024,0.181818,0.011264,0.727273,0.011264,2.66667,0.012288,11.6364,0.011264,39.3846,0.013312,113.778,0.018432,240.941,0.034816,330.99,0.101376,370.26,0.362496,558.347,0.961536,578.844,3.70995,574.405,14.9545,
0.0113636,0.011264,0.0454545,0.011264,0.181818,0.011264,0.666667,0.012288,2.66667,0.012288,9.84615,0.013312,39.3846,0.013312,120.471,0.017408,240.941,0.034816,327.68,0.1024,370.26,0.362496,558.347,0.961536,578.844,3.70995,574.562,14.9504,
0.0125,0.01024,0.05,0.01024,0.2,0.01024,0.727273,0.011264,2.66667,0.012288,10.6667,0.012288,39.3846,0.013312,113.778,0.018432,240.941,0.034816,327.68,0.1024,370.26,0.362496,557.753,0.96256,578.684,3.71098,574.365,14.9555,
0.0113636,0.011264,0.0454545,0.011264,0.181818,0.011264,0.727273,0.011264,2.66667,0.012288,10.6667,0.012288,36.5714,0.014336,113.778,0.018432,234.057,0.03584,327.68,0.1024,370.26,0.362496,558.347,0.961536,578.844,3.70995,574.444,14.9535,
0.0125,0.01024,0.05,0.01024,0.181818,0.011264,0.666667,0.012288,2.66667,0.012288,10.6667,0.012288,36.5714,0.014336,102.4,0.02048,240.941,0.034816,327.68,0.1024,369.217,0.36352,557.753,0.96256,578.844,3.70995,574.602,14.9494,
0.0113636,0.011264,0.05,0.01024,0.181818,0.011264,0.727273,0.011264,2.66667,0.012288,10.6667,0.012288,36.5714,0.014336,102.4,0.02048,234.057,0.03584,327.68,0.1024,369.217,0.36352,557.753,0.96256,578.525,3.712,574.444,14.9535,
0.0125,0.01024,0.0454545,0.011264,0.2,0.01024,0.666667,0.012288,2.66667,0.012288,10.6667,0.012288,36.5714,0.014336,107.789,0.019456,234.057,0.03584,324.436,0.103424,370.26,0.362496,558.347,0.961536,579.004,3.70893,574.405,14.9545,
0.0113636,0.011264,0.05,0.01024,0.181818,0.011264,0.666667,0.012288,2.66667,0.012288,10.6667,0.012288,39.3846,0.013312,113.778,0.018432,240.941,0.034816,327.68,0.1024,369.217,0.36352,557.16,0.963584,578.684,3.71098,574.405,14.9545,
0.0125,0.01024,0.0454545,0.011264,0.2,0.01024,0.727273,0.011264,2.66667,0.012288,10.6667,0.012288,39.3846,0.013312,113.778,0.018432,234.057,0.03584,330.99,0.101376,369.217,0.36352,557.753,0.96256,578.684,3.71098,574.405,14.9545,
0.0113636,0.011264,0.0454545,0.011264,0.181818,0.011264,0.571429,0.014336,2.66667,0.012288,10.6667,0.012288,39.3846,0.013312,113.778,0.018432,234.057,0.03584,327.68,0.1024,370.26,0.362496,557.753,0.96256,578.525,3.712,574.444,14.9535,
0.0125,0.01024,0.05,0.01024,0.2,0.01024,0.666667,0.012288,2.66667,0.012288,10.6667,0.012288,39.3846,0.013312,113.778,0.018432,234.057,0.03584,327.68,0.1024,370.26,0.362496,557.16,0.963584,578.365,3.71302,574.484,14.9524,
0.0113636,0.011264,0.0454545,0.011264,0.181818,0.011264,0.727273,0.011264,2.66667,0.012288,10.6667,0.012288,39.3846,0.013312,113.778,0.018432,240.941,0.034816,330.99,0.101376,370.26,0.362496,558.347,0.961536,578.206,3.71405,574.326,14.9565,
0.0113636,0.011264,0.05,0.01024,0.181818,0.011264,0.666667,0.012288,2.66667,0.012288,10.6667,0.012288,39.3846,0.013312,120.471,0.017408,240.941,0.034816,330.99,0.101376,370.26,0.362496,557.753,0.96256,578.365,3.71302,574.287,14.9576,
0.0113636,0.011264,0.0454545,0.011264,0.181818,0.011264,0.666667,0.012288,2.90909,0.011264,10.6667,0.012288,39.3846,0.013312,107.789,0.019456,234.057,0.03584,330.99,0.101376,369.217,0.36352,558.347,0.961536,578.525,3.712,574.602,14.9494,
0.0125,0.01024,0.0454545,0.011264,0.181818,0.011264,0.727273,0.011264,2.66667,0.012288,10.6667,0.012288,39.3846,0.013312,113.778,0.018432,234.057,0.03584,330.99,0.101376,369.217,0.36352,557.753,0.96256,578.844,3.70995,574.641,14.9484,
0.0113636,0.011264,0.05,0.01024,0.181818,0.011264,0.666667,0.012288,2.66667,0.012288,10.6667,0.012288,36.5714,0.014336,120.471,0.017408,240.941,0.034816,327.68,0.1024,369.217,0.36352,557.753,0.96256,578.844,3.70995,574.641,14.9484,
0.0125,0.01024,0.05,0.01024,0.2,0.01024,0.727273,0.011264,2.66667,0.012288,10.6667,0.012288,36.5714,0.014336,120.471,0.017408,234.057,0.03584,327.68,0.1024,370.26,0.362496,557.753,0.96256,578.844,3.70995,574.68,14.9473,
0.0113636,0.011264,0.05,0.01024,0.181818,0.011264,0.666667,0.012288,2.90909,0.011264,10.6667,0.012288,36.5714,0.014336,107.789,0.019456,240.941,0.034816,330.99,0.101376,369.217,0.36352,557.753,0.96256,578.684,3.71098,574.641,14.9484,
0.0125,0.01024,0.05,0.01024,0.2,0.01024,0.727273,0.011264,2.66667,0.012288,10.6667,0.012288,36.5714,0.014336,113.778,0.018432,240.941,0.034816,327.68,0.1024,368.18,0.364544,557.16,0.963584,579.004,3.70893,574.484,14.9524,
0.0113636,0.011264,0.0454545,0.011264,0.181818,0.011264,0.666667,0.012288,2.66667,0.012288,10.6667,0.012288,36.5714,0.014336,113.778,0.018432,234.057,0.03584,330.99,0.101376,370.26,0.362496,557.753,0.96256,578.684,3.71098,574.444,14.9535,
0.0125,0.01024,0.05,0.01024,0.181818,0.011264,0.727273,0.011264,2.90909,0.011264,10.6667,0.012288,36.5714,0.014336,102.4,0.02048,227.556,0.036864,327.68,0.1024,370.26,0.362496,557.753,0.96256,578.844,3.70995,574.444,14.9535,
0.0125,0.01024,0.05,0.01024,0.181818,0.011264,0.727273,0.011264,2.66667,0.012288,10.6667,0.012288,39.3846,0.013312,107.789,0.019456,240.941,0.034816,321.255,0.104448,369.217,0.36352,558.347,0.961536,578.525,3.712,574.641,14.9484,
0.0125,0.01024,0.05,0.01024,0.2,0.01024,0.727273,0.011264,2.66667,0.012288,10.6667,0.012288,36.5714,0.014336,107.789,0.019456,234.057,0.03584,327.68,0.1024,370.26,0.362496,557.16,0.963584,578.525,3.712,574.523,14.9514,
0.0113636,0.011264,0.0454545,0.011264,0.181818,0.011264,0.727273,0.011264,2.90909,0.011264,10.6667,0.012288,36.5714,0.014336,113.778,0.018432,234.057,0.03584,330.99,0.101376,370.26,0.362496,557.16,0.963584,579.004,3.70893,574.877,14.9422,
0.0125,0.01024,0.05,0.01024,0.2,0.01024,0.666667,0.012288,2.66667,0.012288,10.6667,0.012288,36.5714,0.014336,113.778,0.018432,240.941,0.034816,327.68,0.1024,370.26,0.362496,557.16,0.963584,578.684,3.71098,575.074,14.9371,
0.0113636,0.011264,0.0454545,0.011264,0.181818,0.011264,0.666667,0.012288,2.66667,0.012288,10.6667,0.012288,39.3846,0.013312,113.778,0.018432,240.941,0.034816,327.68,0.1024,370.26,0.362496,557.753,0.96256,578.684,3.71098,575.232,14.933,
0.0113636,0.011264,0.05,0.01024,0.181818,0.011264,0.727273,0.011264,2.66667,0.012288,10.6667,0.012288,39.3846,0.013312,113.778,0.018432,234.057,0.03584,327.68,0.1024,369.217,0.36352,557.753,0.96256,578.525,3.712,574.838,14.9432,
0.0125,0.01024,0.0454545,0.011264,0.181818,0.011264,0.727273,0.011264,2.66667,0.012288,10.6667,0.012288,36.5714,0.014336,120.471,0.017408,240.941,0.034816,324.436,0.103424,370.26,0.362496,557.753,0.96256,578.844,3.70995,575.311,14.9309,
0.0113636,0.011264,0.05,0.01024,0.2,0.01024,0.666667,0.012288,2.66667,0.012288,10.6667,0.012288,36.5714,0.014336,113.778,0.018432,240.941,0.034816,327.68,0.1024,369.217,0.36352,557.753,0.96256,578.844,3.70995,575.114,14.9361,
0.0125,0.01024,0.0454545,0.011264,0.181818,0.011264,0.666667,0.012288,2.66667,0.012288,10.6667,0.012288,36.5714,0.014336,113.778,0.018432,234.057,0.03584,327.68,0.1024,370.26,0.362496,557.753,0.96256,578.684,3.71098,575.114,14.9361,
0.0125,0.01024,0.05,0.01024,0.181818,0.011264,0.727273,0.011264,2.66667,0.012288,10.6667,0.012288,39.3846,0.013312,113.778,0.018432,234.057,0.03584,327.68,0.1024,369.217,0.36352,557.753,0.96256,579.164,3.7079,575.153,14.935,
0.0125,0.01024,0.0454545,0.011264,0.181818,0.011264,0.666667,0.012288,2.66667,0.012288,10.6667,0.012288,39.3846,0.013312,120.471,0.017408,240.941,0.034816,327.68,0.1024,369.217,0.36352,557.16,0.963584,578.844,3.70995,575.074,14.9371,
0.0125,0.01024,0.05,0.01024,0.181818,0.011264,0.666667,0.012288,2.66667,0.012288,10.6667,0.012288,39.3846,0.013312,113.778,0.018432,240.941,0.034816,330.99,0.101376,370.26,0.362496,557.753,0.96256,579.164,3.7079,575.114,14.9361,
0.0104167,0.012288,0.0454545,0.011264,0.2,0.01024,0.727273,0.011264,2.66667,0.012288,10.6667,0.012288,39.3846,0.013312,120.471,0.017408,234.057,0.03584,330.99,0.101376,369.217,0.36352,557.753,0.96256,578.844,3.70995,575.114,14.9361,
0.0125,0.01024,0.0454545,0.011264,0.181818,0.011264,0.666667,0.012288,2.90909,0.011264,10.6667,0.012288,39.3846,0.013312,113.778,0.018432,234.057,0.03584,327.68,0.1024,370.26,0.362496,557.16,0.963584,579.004,3.70893,575.232,14.933,
0.0113636,0.011264,0.0454545,0.011264,0.181818,0.011264,0.666667,0.012288,2.66667,0.012288,10.6667,0.012288,36.5714,0.014336,107.789,0.019456,234.057,0.03584,327.68,0.1024,369.217,0.36352,557.753,0.96256,578.684,3.71098,575.232,14.933,
0.0125,0.01024,0.0555556,0.009216,0.2,0.01024,0.8,0.01024,3.2,0.01024,12.8,0.01024,46.5455,0.011264,136.533,0.01536,273.067,0.03072,376.644,0.089088,442.811,0.303104,554.802,0.96768,576.141,3.72736,574.68,14.9473,
0.0138889,0.009216,0.0555556,0.009216,0.2,0.01024,0.8,0.01024,3.2,0.01024,11.6364,0.011264,42.6667,0.012288,136.533,0.01536,282.483,0.029696,390.095,0.086016,445.823,0.301056,557.753,0.96256,577.887,3.7161,574.995,14.9391,
0.0138889,0.009216,0.05,0.01024,0.181818,0.011264,0.8,0.01024,2.90909,0.011264,11.6364,0.011264,42.6667,0.012288,136.533,0.01536,282.483,0.029696,390.095,0.086016,444.312,0.30208,557.753,0.96256,578.525,3.712,575.074,14.9371,
0.0138889,0.009216,0.05,0.01024,0.222222,0.009216,0.727273,0.011264,2.90909,0.011264,11.6364,0.011264,46.5455,0.011264,146.286,0.014336,282.483,0.029696,390.095,0.086016,445.823,0.301056,557.753,0.96256,578.525,3.712,575.035,14.9381,
0.0138889,0.009216,0.0555556,0.009216,0.222222,0.009216,0.727273,0.011264,3.2,0.01024,11.6364,0.011264,46.5455,0.011264,146.286,0.014336,273.067,0.03072,385.506,0.08704,445.823,0.301056,557.753,0.96256,578.844,3.70995,575.035,14.9381,
0.0125,0.01024,0.05,0.01024,0.2,0.01024,0.727273,0.011264,3.2,0.01024,11.6364,0.011264,46.5455,0.011264,146.286,0.014336,282.483,0.029696,394.795,0.084992,445.823,0.301056,557.753,0.96256,578.684,3.71098,574.995,14.9391,
0.0138889,0.009216,0.05,0.01024,0.2,0.01024,0.727273,0.011264,2.90909,0.011264,11.6364,0.011264,42.6667,0.012288,136.533,0.01536,282.483,0.029696,390.095,0.086016,444.312,0.30208,557.753,0.96256,578.684,3.71098,574.956,14.9402,
0.0138889,0.009216,0.05,0.01024,0.2,0.01024,0.727273,0.011264,2.90909,0.011264,11.6364,0.011264,42.6667,0.012288,136.533,0.01536,282.483,0.029696,385.506,0.08704,445.823,0.301056,557.753,0.96256,579.164,3.7079,574.956,14.9402,
0.0138889,0.009216,0.0555556,0.009216,0.181818,0.011264,0.727273,0.011264,2.90909,0.011264,11.6364,0.011264,46.5455,0.011264,136.533,0.01536,282.483,0.029696,385.506,0.08704,445.823,0.301056,557.753,0.96256,578.844,3.70995,574.759,14.9453,
0.0138889,0.009216,0.05,0.01024,0.2,0.01024,0.666667,0.012288,3.2,0.01024,12.8,0.01024,46.5455,0.011264,136.533,0.01536,282.483,0.029696,376.644,0.089088,442.811,0.303104,557.753,0.96256,579.164,3.7079,575.035,14.9381,
0.0104167,0.012288,0.0555556,0.009216,0.2,0.01024,0.8,0.01024,2.90909,0.011264,12.8,0.01024,42.6667,0.012288,113.778,0.018432,282.483,0.029696,390.095,0.086016,442.811,0.303104,557.16,0.963584,578.684,3.71098,574.995,14.9391,
0.0138889,0.009216,0.05,0.01024,0.2,0.01024,0.8,0.01024,2.90909,0.011264,12.8,0.01024,42.6667,0.012288,136.533,0.01536,282.483,0.029696,390.095,0.086016,444.312,0.30208,558.347,0.961536,579.004,3.70893,575.074,14.9371,
0.0138889,0.009216,0.0555556,0.009216,0.222222,0.009216,0.8,0.01024,2.90909,0.011264,12.8,0.01024,46.5455,0.011264,136.533,0.01536,273.067,0.03072,390.095,0.086016,444.312,0.30208,557.753,0.96256,578.844,3.70995,575.271,14.932,
0.0125,0.01024,0.05,0.01024,0.181818,0.011264,0.727273,0.011264,3.2,0.01024,12.8,0.01024,46.5455,0.011264,146.286,0.014336,282.483,0.029696,394.795,0.084992,444.312,0.30208,557.753,0.96256,578.525,3.712,575.153,14.935,
0.0138889,0.009216,0.05,0.01024,0.222222,0.009216,0.8,0.01024,3.2,0.01024,11.6364,0.011264,46.5455,0.011264,146.286,0.014336,273.067,0.03072,385.506,0.08704,444.312,0.30208,557.16,0.963584,578.844,3.70995,575.114,14.9361,
0.0138889,0.009216,0.05,0.01024,0.2,0.01024,0.727273,0.011264,2.90909,0.011264,11.6364,0.011264,46.5455,0.011264,146.286,0.014336,282.483,0.029696,390.095,0.086016,439.839,0.305152,558.347,0.961536,578.684,3.71098,575.153,14.935,
0.0138889,0.009216,0.05,0.01024,0.2,0.01024,0.727273,0.011264,2.90909,0.011264,12.8,0.01024,46.5455,0.011264,146.286,0.014336,282.483,0.029696,390.095,0.086016,444.312,0.30208,557.753,0.96256,578.844,3.70995,575.153,14.935,
0.0125,0.01024,0.0555556,0.009216,0.2,0.01024,0.727273,0.011264,3.2,0.01024,12.8,0.01024,42.6667,0.012288,146.286,0.014336,282.483,0.029696,381.023,0.088064,444.312,0.30208,557.753,0.96256,578.844,3.70995,575.35,14.9299,
0.0138889,0.009216,0.05,0.01024,0.181818,0.011264,0.727273,0.011264,3.2,0.01024,12.8,0.01024,42.6667,0.012288,146.286,0.014336,256,0.032768,390.095,0.086016,445.823,0.301056,557.753,0.96256,578.525,3.712,575.114,14.9361,
0.0138889,0.009216,0.05,0.01024,0.2,0.01024,0.727273,0.011264,2.90909,0.011264,12.8,0.01024,46.5455,0.011264,136.533,0.01536,282.483,0.029696,385.506,0.08704,444.312,0.30208,558.347,0.961536,578.844,3.70995,575.193,14.934,
0.0138889,0.009216,0.0555556,0.009216,0.2,0.01024,0.727273,0.011264,3.2,0.01024,12.8,0.01024,42.6667,0.012288,136.533,0.01536,282.483,0.029696,390.095,0.086016,445.823,0.301056,557.753,0.96256,578.684,3.71098,575.035,14.9381,
0.0138889,0.009216,0.05,0.01024,0.2,0.01024,0.8,0.01024,2.90909,0.011264,12.8,0.01024,46.5455,0.011264,136.533,0.01536,282.483,0.029696,394.795,0.084992,444.312,0.30208,558.347,0.961536,577.251,3.72019,574.72,14.9463,
0.0138889,0.009216,0.05,0.01024,0.222222,0.009216,0.8,0.01024,2.90909,0.011264,11.6364,0.011264,42.6667,0.012288,136.533,0.01536,273.067,0.03072,385.506,0.08704,445.823,0.301056,557.16,0.963584,576.457,3.72531,575.153,14.935,
0.0138889,0.009216,0.05,0.01024,0.181818,0.011264,0.8,0.01024,2.90909,0.011264,11.6364,0.011264,46.5455,0.011264,136.533,0.01536,282.483,0.029696,390.095,0.086016,444.312,0.30208,557.753,0.96256,576.774,3.72326,574.995,14.9391,
0.0138889,0.009216,0.0555556,0.009216,0.181818,0.011264,0.727273,0.011264,2.66667,0.012288,12.8,0.01024,46.5455,0.011264,136.533,0.01536,292.571,0.028672,390.095,0.086016,444.312,0.30208,557.753,0.96256,577.092,3.72122,575.153,14.935,
0.0125,0.01024,0.05,0.01024,0.2,0.01024,0.571429,0.014336,3.2,0.01024,11.6364,0.011264,46.5455,0.011264,146.286,0.014336,282.483,0.029696,390.095,0.086016,444.312,0.30208,558.347,0.961536,576.774,3.72326,575.114,14.9361,
0.0138889,0.009216,0.05,0.01024,0.222222,0.009216,0.727273,0.011264,2.66667,0.012288,12.8,0.01024,46.5455,0.011264,146.286,0.014336,282.483,0.029696,385.506,0.08704,445.823,0.301056,557.753,0.96256,576.457,3.72531,575.074,14.9371,
0.0125,0.01024,0.05,0.01024,0.222222,0.009216,0.727273,0.011264,2.90909,0.011264,11.6364,0.011264,46.5455,0.011264,136.533,0.01536,282.483,0.029696,390.095,0.086016,445.823,0.301056,557.753,0.96256,577.092,3.72122,575.193,14.934,
0.0138889,0.009216,0.05,0.01024,0.222222,0.009216,0.727273,0.011264,3.2,0.01024,11.6364,0.011264,46.5455,0.011264,136.533,0.01536,282.483,0.029696,390.095,0.086016,444.312,0.30208,557.753,0.96256,577.092,3.72122,575.074,14.9371,
0.0125,0.01024,0.05,0.01024,0.222222,0.009216,0.727273,0.011264,3.2,0.01024,11.6364,0.011264,42.6667,0.012288,136.533,0.01536,273.067,0.03072,385.506,0.08704,444.312,0.30208,558.347,0.961536,577.41,3.71917,575.271,14.932,
0.0138889,0.009216,0.0555556,0.009216,0.222222,0.009216,0.727273,0.011264,2.90909,0.011264,11.6364,0.011264,39.3846,0.013312,136.533,0.01536,282.483,0.029696,215.579,0.155648,445.823,0.301056,557.16,0.963584,577.569,3.71814,575.035,14.9381,
0.0125,0.01024,0.0555556,0.009216,0.222222,0.009216,0.8,0.01024,2.90909,0.011264,11.6364,0.011264,42.6667,0.012288,146.286,0.014336,282.483,0.029696,360.088,0.093184,445.823,0.301056,557.753,0.96256,577.887,3.7161,574.759,14.9453,
0.0138889,0.009216,0.0555556,0.009216,0.222222,0.009216,0.8,0.01024,2.66667,0.012288,11.6364,0.011264,42.6667,0.012288,146.286,0.014336,282.483,0.029696,390.095,0.086016,444.312,0.30208,558.347,0.961536,576.299,3.72634,574.72,14.9463,
0.0138889,0.009216,0.05,0.01024,0.222222,0.009216,0.727273,0.011264,2.90909,0.011264,11.6364,0.011264,46.5455,0.011264,146.286,0.014336,292.571,0.028672,390.095,0.086016,444.312,0.30208,556.569,0.964608,577.569,3.71814,574.72,14.9463,
0.0138889,0.009216,0.0555556,0.009216,0.2,0.01024,0.727273,0.011264,2.90909,0.011264,11.6364,0.011264,46.5455,0.011264,136.533,0.01536,282.483,0.029696,390.095,0.086016,444.312,0.30208,557.16,0.963584,577.728,3.71712,574.365,14.9555,
0.0125,0.01024,0.0454545,0.011264,0.2,0.01024,0.727273,0.011264,2.90909,0.011264,11.6364,0.011264,42.6667,0.012288,136.533,0.01536,273.067,0.03072,390.095,0.086016,442.811,0.303104,557.753,0.96256,577.41,3.71917,574.247,14.9586,
0.0138889,0.009216,0.05,0.01024,0.222222,0.009216,0.727273,0.011264,2.90909,0.011264,12.8,0.01024,46.5455,0.011264,136.533,0.01536,282.483,0.029696,390.095,0.086016,444.312,0.30208,557.753,0.96256,577.569,3.71814,574.13,14.9617,
0.0138889,0.009216,0.0454545,0.011264,0.222222,0.009216,0.727273,0.011264,2.90909,0.011264,11.6364,0.011264,46.5455,0.011264,136.533,0.01536,282.483,0.029696,385.506,0.08704,444.312,0.30208,557.753,0.96256,577.569,3.71814,574.365,14.9555,
0.0138889,0.009216,0.0555556,0.009216,0.222222,0.009216,0.666667,0.012288,3.2,0.01024,12.8,0.01024,42.6667,0.012288,136.533,0.01536,282.483,0.029696,385.506,0.08704,444.312,0.30208,558.347,0.961536,577.569,3.71814,574.365,14.9555,
0.0125,0.01024,0.05,0.01024,0.222222,0.009216,0.727273,0.011264,2.90909,0.011264,12.8,0.01024,46.5455,0.011264,136.533,0.01536,282.483,0.029696,385.506,0.08704,444.312,0.30208,557.753,0.96256,577.251,3.72019,574.641,14.9484,
0.0138889,0.009216,0.05,0.01024,0.222222,0.009216,0.727273,0.011264,3.2,0.01024,11.6364,0.011264,46.5455,0.011264,136.533,0.01536,282.483,0.029696,381.023,0.088064,444.312,0.30208,557.753,0.96256,577.569,3.71814,574.523,14.9514,
0.0138889,0.009216,0.05,0.01024,0.2,0.01024,0.8,0.01024,2.90909,0.011264,12.8,0.01024,42.6667,0.012288,136.533,0.01536,292.571,0.028672,385.506,0.08704,442.811,0.303104,557.753,0.96256,577.569,3.71814,574.326,14.9565,
0.0138889,0.009216,0.0555556,0.009216,0.222222,0.009216,0.8,0.01024,2.90909,0.011264,12.8,0.01024,42.6667,0.012288,136.533,0.01536,282.483,0.029696,390.095,0.086016,444.312,0.30208,557.753,0.96256,577.41,3.71917,574.365,14.9555,
0.0125,0.01024,0.05,0.01024,0.2,0.01024,0.8,0.01024,2.90909,0.011264,12.8,0.01024,42.6667,0.012288,136.533,0.01536,282.483,0.029696,390.095,0.086016,444.312,0.30208,557.753,0.96256,577.728,3.71712,574.247,14.9586,
0.0138889,0.009216,0.05,0.01024,0.222222,0.009216,0.727273,0.011264,2.90909,0.011264,12.8,0.01024,42.6667,0.012288,136.533,0.01536,282.483,0.029696,390.095,0.086016,436.907,0.3072,557.753,0.96256,577.887,3.7161,574.365,14.9555,
0.0138889,0.009216,0.0555556,0.009216,0.222222,0.009216,0.727273,0.011264,3.2,0.01024,12.8,0.01024,46.5455,0.011264,136.533,0.01536,282.483,0.029696,390.095,0.086016,444.312,0.30208,558.347,0.961536,577.41,3.71917,574.523,14.9514,
0.0138889,0.009216,0.05,0.01024,0.222222,0.009216,0.8,0.01024,2.90909,0.011264,12.8,0.01024,42.6667,0.012288,136.533,0.01536,282.483,0.029696,385.506,0.08704,444.312,0.30208,557.753,0.96256,577.41,3.71917,574.444,14.9535,
0.0125,0.01024,0.05,0.01024,0.2,0.01024,0.727273,0.011264,2.90909,0.011264,12.8,0.01024,42.6667,0.012288,136.533,0.01536,282.483,0.029696,390.095,0.086016,444.312,0.30208,557.753,0.96256,577.728,3.71712,574.68,14.9473,
0.0138889,0.009216,0.05,0.01024,0.222222,0.009216,0.8,0.01024,3.2,0.01024,12.8,0.01024,42.6667,0.012288,136.533,0.01536,282.483,0.029696,390.095,0.086016,444.312,0.30208,557.753,0.96256,577.887,3.7161,574.523,14.9514,
0.0125,0.01024,0.05,0.01024,0.2,0.01024,0.727273,0.011264,0.463768,0.070656,12.8,0.01024,42.6667,0.012288,136.533,0.01536,282.483,0.029696,390.095,0.086016,445.823,0.301056,557.753,0.96256,577.887,3.7161,574.405,14.9545,
0.0138889,0.009216,0.05,0.01024,0.2,0.01024,0.666667,0.012288,2.90909,0.011264,12.8,0.01024,42.6667,0.012288,136.533,0.01536,282.483,0.029696,385.506,0.08704,445.823,0.301056,557.16,0.963584,577.728,3.71712,574.247,14.9586,
0.0138889,0.009216,0.05,0.01024,0.2,0.01024,0.8,0.01024,2.90909,0.011264,12.8,0.01024,46.5455,0.011264,136.533,0.01536,282.483,0.029696,381.023,0.088064,445.823,0.301056,553.63,0.969728,577.728,3.71712,574.208,14.9596,
0.0138889,0.009216,0.0454545,0.011264,0.222222,0.009216,0.8,0.01024,2.90909,0.011264,12.8,0.01024,42.6667,0.012288,136.533,0.01536,282.483,0.029696,385.506,0.08704,444.312,0.30208,555.979,0.965632,578.206,3.71405,574.484,14.9524,
0.0125,0.01024,0.05,0.01024,0.222222,0.009216,0.727273,0.011264,2.90909,0.011264,12.8,0.01024,42.6667,0.012288,136.533,0.01536,273.067,0.03072,390.095,0.086016,444.312,0.30208,558.347,0.961536,577.41,3.71917,574.523,14.9514,
0.0138889,0.009216,0.0555556,0.009216,0.222222,0.009216,0.8,0.01024,2.66667,0.012288,12.8,0.01024,42.6667,0.012288,146.286,0.014336,282.483,0.029696,390.095,0.086016,444.312,0.30208,557.753,0.96256,577.887,3.7161,574.405,14.9545,
0.0125,0.01024,0.0555556,0.009216,0.222222,0.009216,0.727273,0.011264,2.66667,0.012288,11.6364,0.011264,46.5455,0.011264,146.286,0.014336,282.483,0.029696,390.095,0.086016,444.312,0.30208,557.753,0.96256,577.728,3.71712,574.562,14.9504,
0.0138889,0.009216,0.0555556,0.009216,0.222222,0.009216,0.727273,0.011264,3.2,0.01024,11.6364,0.011264,46.5455,0.011264,146.286,0.014336,282.483,0.029696,390.095,0.086016,444.312,0.30208,557.753,0.96256,577.887,3.7161,574.365,14.9555,
0.0125,0.01024,0.0555556,0.009216,0.2,0.01024,0.8,0.01024,3.2,0.01024,12.8,0.01024,46.5455,0.011264,146.286,0.014336,282.483,0.029696,390.095,0.086016,444.312,0.30208,557.753,0.96256,578.046,3.71507,574.326,14.9565,
0.0138889,0.009216,0.0555556,0.009216,0.2,0.01024,0.727273,0.011264,2.90909,0.011264,12.8,0.01024,42.6667,0.012288,136.533,0.01536,282.483,0.029696,385.506,0.08704,444.312,0.30208,557.753,0.96256,578.206,3.71405,574.72,14.9463,
0.0125,0.01024,0.05,0.01024,0.222222,0.009216,0.8,0.01024,2.90909,0.011264,12.8,0.01024,42.6667,0.012288,136.533,0.01536,282.483,0.029696,385.506,0.08704,444.312,0.30208,557.753,0.96256,577.728,3.71712,575.035,14.9381,
0.0138889,0.009216,0.0555556,0.009216,0.222222,0.009216,0.666667,0.012288,2.90909,0.011264,12.8,0.01024,42.6667,0.012288,136.533,0.01536,282.483,0.029696,390.095,0.086016,445.823,0.301056,558.347,0.961536,577.569,3.71814,574.838,14.9432,
0.0125,0.01024,0.0555556,0.009216,0.2,0.01024,0.727273,0.011264,2.66667,0.012288,12.8,0.01024,46.5455,0.011264,146.286,0.014336,282.483,0.029696,390.095,0.086016,445.823,0.301056,557.16,0.963584,577.728,3.71712,574.917,14.9412,
0.0138889,0.009216,0.05,0.01024,0.222222,0.009216,0.8,0.01024,2.90909,0.011264,12.8,0.01024,46.5455,0.011264,146.286,0.014336,273.067,0.03072,381.023,0.088064,444.312,0.30208,557.16,0.963584,578.046,3.71507,574.484,14.9524,
0.0125,0.01024,0.05,0.01024,0.222222,0.009216,0.727273,0.011264,2.90909,0.011264,12.8,0.01024,42.6667,0.012288,128,0.016384,282.483,0.029696,390.095,0.086016,445.823,0.301056,557.753,0.96256,577.728,3.71712,575.114,14.9361,
0.0138889,0.009216,0.05,0.01024,0.222222,0.009216,0.8,0.01024,2.90909,0.011264,12.8,0.01024,42.6667,0.012288,146.286,0.014336,292.571,0.028672,385.506,0.08704,444.312,0.30208,557.16,0.963584,577.887,3.7161,575.153,14.935,
0.00961538,0.013312,0.0555556,0.009216,0.2,0.01024,0.8,0.01024,2.90909,0.011264,11.6364,0.011264,42.6667,0.012288,136.533,0.01536,282.483,0.029696,390.095,0.086016,445.823,0.301056,558.347,0.961536,577.569,3.71814,574.995,14.9391,
0.0138889,0.009216,0.0555556,0.009216,0.222222,0.009216,0.8,0.01024,2.90909,0.011264,11.6364,0.011264,42.6667,0.012288,146.286,0.014336,282.483,0.029696,390.095,0.086016,444.312,0.30208,557.753,0.96256,577.887,3.7161,575.114,14.9361,
0.0138889,0.009216,0.05,0.01024,0.222222,0.009216,0.8,0.01024,2.90909,0.011264,11.6364,0.011264,42.6667,0.012288,136.533,0.01536,292.571,0.028672,394.795,0.084992,444.312,0.30208,557.753,0.96256,577.887,3.7161,575.074,14.9371,
0.0138889,0.009216,0.0555556,0.009216,0.222222,0.009216,0.8,0.01024,2.90909,0.011264,12.8,0.01024,39.3846,0.013312,136.533,0.01536,292.571,0.028672,394.795,0.084992,445.823,0.301056,557.753,0.96256,577.887,3.7161,575.074,14.9371,
0.0125,0.01024,0.0555556,0.009216,0.2,0.01024,0.727273,0.011264,2.90909,0.011264,12.8,0.01024,39.3846,0.013312,136.533,0.01536,282.483,0.029696,390.095,0.086016,445.823,0.301056,557.753,0.96256,577.887,3.7161,575.193,14.934,
0.0138889,0.009216,0.0555556,0.009216,0.2,0.01024,0.8,0.01024,2.90909,0.011264,11.6364,0.011264,42.6667,0.012288,136.533,0.01536,282.483,0.029696,390.095,0.086016,445.823,0.301056,558.347,0.961536,578.206,3.71405,575.035,14.9381,
0.0138889,0.009216,0.0555556,0.009216,0.2,0.01024,0.8,0.01024,2.66667,0.012288,11.6364,0.011264,42.6667,0.012288,136.533,0.01536,282.483,0.029696,390.095,0.086016,444.312,0.30208,557.16,0.963584,578.046,3.71507,574.917,14.9412,
0.0138889,0.009216,0.0555556,0.009216,0.222222,0.009216,0.727273,0.011264,2.90909,0.011264,12.8,0.01024,42.6667,0.012288,146.286,0.014336,273.067,0.03072,390.095,0.086016,444.312,0.30208,557.753,0.96256,578.046,3.71507,574.759,14.9453,
0.0125,0.01024,0.0555556,0.009216,0.222222,0.009216,0.8,0.01024,2.90909,0.011264,12.8,0.01024,42.6667,0.012288,146.286,0.014336,282.483,0.029696,385.506,0.08704,444.312,0.30208,558.347,0.961536,577.728,3.71712,575.035,14.9381,
0.0138889,0.009216,0.0555556,0.009216,0.222222,0.009216,0.8,0.01024,2.90909,0.011264,12.8,0.01024,46.5455,0.011264,146.286,0.014336,292.571,0.028672,385.506,0.08704,445.823,0.301056,557.753,0.96256,577.887,3.7161,575.074,14.9371,
0.0138889,0.009216,0.0555556,0.009216,0.2,0.01024,0.8,0.01024,3.2,0.01024,11.6364,0.011264,42.6667,0.012288,146.286,0.014336,282.483,0.029696,390.095,0.086016,445.823,0.301056,558.347,0.961536,577.887,3.7161,574.956,14.9402,
0.0138889,0.009216,0.0555556,0.009216,0.222222,0.009216,0.8,0.01024,2.90909,0.011264,11.6364,0.011264,42.6667,0.012288,146.286,0.014336,282.483,0.029696,390.095,0.086016,444.312,0.30208,557.16,0.963584,577.887,3.7161,575.114,14.9361,
0.0125,0.01024,0.05,0.01024,0.2,0.01024,0.8,0.01024,2.90909,0.011264,11.6364,0.011264,42.6667,0.012288,146.286,0.014336,282.483,0.029696,390.095,0.086016,444.312,0.30208,558.347,0.961536,577.887,3.7161,575.193,14.934,
0.0125,0.01024,0.0555556,0.009216,0.2,0.01024,0.8,0.01024,2.90909,0.011264,11.6364,0.011264,42.6667,0.012288,136.533,0.01536,282.483,0.029696,390.095,0.086016,444.312,0.30208,557.753,0.96256,578.046,3.71507,575.232,14.933,
0.0138889,0.009216,0.0555556,0.009216,0.2,0.01024,0.8,0.01024,2.90909,0.011264,11.6364,0.011264,39.3846,0.013312,136.533,0.01536,282.483,0.029696,390.095,0.086016,444.312,0.30208,557.753,0.96256,577.887,3.7161,575.232,14.933,
0.0138889,0.009216,0.0555556,0.009216,0.2,0.01024,0.8,0.01024,2.90909,0.011264,11.6364,0.011264,39.3846,0.013312,146.286,0.014336,282.483,0.029696,390.095,0.086016,444.312,0.30208,557.753,0.96256,577.887,3.7161,575.193,14.934,
0.0125,0.01024,0.05,0.01024,0.222222,0.009216,0.8,0.01024,2.90909,0.011264,11.6364,0.011264,39.3846,0.013312,146.286,0.014336,282.483,0.029696,381.023,0.088064,444.312,0.30208,557.753,0.96256,577.41,3.71917,575.193,14.934,
0.0138889,0.009216,0.0555556,0.009216,0.222222,0.009216,0.8,0.01024,2.90909,0.011264,11.6364,0.011264,42.6667,0.012288,146.286,0.014336,273.067,0.03072,390.095,0.086016,444.312,0.30208,558.347,0.961536,577.251,3.72019,574.759,14.9453,
0.0125,0.01024,0.05,0.01024,0.2,0.01024,0.727273,0.011264,2.90909,0.011264,11.6364,0.011264,42.6667,0.012288,136.533,0.01536,282.483,0.029696,390.095,0.086016,444.312,0.30208,557.753,0.96256,577.092,3.72122,574.798,14.9443,
0.0125,0.01024,0.0555556,0.009216,0.2,0.01024,0.8,0.01024,2.66667,0.012288,12.8,0.01024,42.6667,0.012288,136.533,0.01536,273.067,0.03072,381.023,0.088064,444.312,0.30208,557.753,0.96256,577.092,3.72122,575.074,14.9371,
0.0138889,0.009216,0.0555556,0.009216,0.2,0.01024,0.8,0.01024,2.90909,0.011264,11.6364,0.011264,42.6667,0.012288,136.533,0.01536,282.483,0.029696,390.095,0.086016,444.312,0.30208,558.347,0.961536,577.092,3.72122,575.074,14.9371,
0.0138889,0.009216,0.0555556,0.009216,0.2,0.01024,0.8,0.01024,2.66667,0.012288,11.6364,0.011264,42.6667,0.012288,136.533,0.01536,273.067,0.03072,390.095,0.086016,442.811,0.303104,557.753,0.96256,577.092,3.72122,575.114,14.9361,
0.0138889,0.009216,0.0555556,0.009216,0.2,0.01024,0.727273,0.011264,3.2,0.01024,11.6364,0.011264,39.3846,0.013312,136.533,0.01536,282.483,0.029696,394.795,0.084992,445.823,0.301056,557.753,0.96256,577.728,3.71712,575.074,14.9371,
0.0125,0.01024,0.0555556,0.009216,0.222222,0.009216,0.8,0.01024,3.2,0.01024,11.6364,0.011264,46.5455,0.011264,136.533,0.01536,282.483,0.029696,385.506,0.08704,445.823,0.301056,557.753,0.96256,577.092,3.72122,575.153,14.935,
0.0125,0.01024,0.0555556,0.009216,0.2,0.01024,0.8,0.01024,2.90909,0.011264,11.6364,0.011264,39.3846,0.013312,136.533,0.01536,282.483,0.029696,385.506,0.08704,445.823,0.301056,558.347,0.961536,577.251,3.72019,575.193,14.934,
0.0125,0.01024,0.0555556,0.009216,0.222222,0.009216,0.8,0.01024,3.2,0.01024,12.8,0.01024,39.3846,0.013312,146.286,0.014336,273.067,0.03072,385.506,0.08704,444.312,0.30208,557.753,0.96256,576.774,3.72326,574.956,14.9402,
0.0138889,0.009216,0.0555556,0.009216,0.222222,0.009216,0.8,0.01024,3.2,0.01024,12.8,0.01024,39.3846,0.013312,146.286,0.014336,282.483,0.029696,394.795,0.084992,442.811,0.303104,557.753,0.96256,577.092,3.72122,575.114,14.9361,
0.0138889,0.009216,0.0555556,0.009216,0.222222,0.009216,0.8,0.01024,3.2,0.01024,12.8,0.01024,42.6667,0.012288,146.286,0.014336,273.067,0.03072,390.095,0.086016,444.312,0.30208,558.347,0.961536,576.616,3.72429,574.995,14.9391,
0.0125,0.01024,0.0555556,0.009216,0.2,0.01024,0.8,0.01024,3.2,0.01024,12.8,0.01024,42.6667,0.012288,136.533,0.01536,282.483,0.029696,390.095,0.086016,444.312,0.30208,557.753,0.96256,576.299,3.72634,574.877,14.9422,
0.0138889,0.009216,0.0555556,0.009216,0.222222,0.009216,0.8,0.01024,3.2,0.01024,12.8,0.01024,39.3846,0.013312,136.533,0.01536,282.483,0.029696,390.095,0.086016,444.312,0.30208,557.753,0.96256,576.457,3.72531,575.114,14.9361,
0.0125,0.01024,0.0555556,0.009216,0.222222,0.009216,0.8,0.01024,2.90909,0.011264,12.8,0.01024,42.6667,0.012288,136.533,0.01536,282.483,0.029696,385.506,0.08704,442.811,0.303104,558.347,0.961536,576.616,3.72429,575.114,14.9361,
0.0138889,0.009216,0.05,0.01024,0.222222,0.009216,0.8,0.01024,2.90909,0.011264,12.8,0.01024,39.3846,0.013312,136.533,0.01536,282.483,0.029696,385.506,0.08704,444.312,0.30208,557.753,0.96256,576.299,3.72634,575.035,14.9381,
0.0125,0.01024,0.0555556,0.009216,0.181818,0.011264,0.727273,0.011264,2.90909,0.011264,11.6364,0.011264,42.6667,0.012288,136.533,0.01536,292.571,0.028672,385.506,0.08704,444.312,0.30208,558.347,0.961536,576.457,3.72531,575.035,14.9381,
0.0138889,0.009216,0.0555556,0.009216,0.222222,0.009216,0.8,0.01024,3.2,0.01024,11.6364,0.011264,42.6667,0.012288,136.533,0.01536,282.483,0.029696,390.095,0.086016,445.823,0.301056,557.753,0.96256,576.933,3.72224,575.153,14.935,
0.0138889,0.009216,0.0555556,0.009216,0.222222,0.009216,0.727273,0.011264,3.2,0.01024,11.6364,0.011264,42.6667,0.012288,146.286,0.014336,282.483,0.029696,390.095,0.086016,445.823,0.301056,558.347,0.961536,576.141,3.72736,575.193,14.934,
0.0104167,0.012288,0.0384615,0.013312,0.166667,0.012288,0.615385,0.013312,2.46154,0.013312,9.84615,0.013312,34.1333,0.01536,107.789,0.019456,234.057,0.03584,327.68,0.1024,366.123,0.366592,451.972,1.18784,577.251,3.72019,574.759,14.9453,
0.0104167,0.012288,0.0416667,0.012288,0.166667,0.012288,0.615385,0.013312,2.46154,0.013312,9.84615,0.013312,36.5714,0.014336,102.4,0.02048,234.057,0.03584,327.68,0.1024,369.217,0.36352,452.753,1.18579,578.206,3.71405,574.995,14.9391,
0.0113636,0.011264,0.0416667,0.012288,0.181818,0.011264,0.571429,0.014336,2.46154,0.013312,9.84615,0.013312,34.1333,0.01536,107.789,0.019456,234.057,0.03584,327.68,0.1024,369.217,0.36352,453.144,1.18477,578.844,3.70995,575.114,14.9361,
0.0104167,0.012288,0.0384615,0.013312,0.181818,0.011264,0.615385,0.013312,2.66667,0.012288,9.84615,0.013312,36.5714,0.014336,113.778,0.018432,234.057,0.03584,324.436,0.103424,369.217,0.36352,453.144,1.18477,578.844,3.70995,574.917,14.9412,
0.0113636,0.011264,0.0416667,0.012288,0.181818,0.011264,0.666667,0.012288,2.28571,0.014336,9.84615,0.013312,36.5714,0.014336,113.778,0.018432,234.057,0.03584,327.68,0.1024,366.123,0.366592,453.144,1.18477,578.844,3.70995,574.72,14.9463,
0.0104167,0.012288,0.0416667,0.012288,0.181818,0.011264,0.666667,0.012288,2.66667,0.012288,9.84615,0.013312,36.5714,0.014336,107.789,0.019456,234.057,0.03584,327.68,0.1024,364.089,0.36864,453.144,1.18477,578.684,3.71098,575.311,14.9309,
0.0104167,0.012288,0.0454545,0.011264,0.166667,0.012288,0.666667,0.012288,2.46154,0.013312,10.6667,0.012288,36.5714,0.014336,113.778,0.018432,234.057,0.03584,327.68,0.1024,365.103,0.367616,452.753,1.18579,578.844,3.70995,575.153,14.935,
0.0113636,0.011264,0.0454545,0.011264,0.153846,0.013312,0.615385,0.013312,2.46154,0.013312,9.84615,0.013312,36.5714,0.014336,102.4,0.02048,234.057,0.03584,324.436,0.103424,364.089,0.36864,452.753,1.18579,578.525,3.712,575.074,14.9371,
0.0125,0.01024,0.0454545,0.011264,0.181818,0.011264,0.615385,0.013312,2.28571,0.014336,9.84615,0.013312,39.3846,0.013312,113.778,0.018432,240.941,0.034816,324.436,0.103424,365.103,0.367616,453.144,1.18477,578.844,3.70995,575.035,14.9381,
0.0104167,0.012288,0.0454545,0.011264,0.181818,0.011264,0.615385,0.013312,2.46154,0.013312,9.84615,0.013312,34.1333,0.01536,107.789,0.019456,234.057,0.03584,330.99,0.101376,364.089,0.36864,453.144,1.18477,578.844,3.70995,575.114,14.9361,
0.0113636,0.011264,0.0454545,0.011264,0.166667,0.012288,0.666667,0.012288,2.66667,0.012288,9.84615,0.013312,39.3846,0.013312,113.778,0.018432,227.556,0.036864,327.68,0.1024,366.123,0.366592,453.144,1.18477,578.844,3.70995,575.035,14.9381,
0.00961538,0.013312,0.0454545,0.011264,0.153846,0.013312,0.666667,0.012288,2.66667,0.012288,10.6667,0.012288,36.5714,0.014336,113.778,0.018432,240.941,0.034816,327.68,0.1024,365.103,0.367616,453.144,1.18477,578.844,3.70995,574.956,14.9402,
0.0104167,0.012288,0.0454545,0.011264,0.166667,0.012288,0.571429,0.014336,2.28571,0.014336,9.84615,0.013312,36.5714,0.014336,113.778,0.018432,240.941,0.034816,330.99,0.101376,365.103,0.367616,452.753,1.18579,579.164,3.7079,574.917,14.9412,
0.00892857,0.014336,0.0454545,0.011264,0.166667,0.012288,0.571429,0.014336,2.28571,0.014336,9.84615,0.013312,39.3846,0.013312,113.778,0.018432,234.057,0.03584,330.99,0.101376,366.123,0.366592,452.753,1.18579,578.684,3.71098,575.035,14.9381,
0.0113636,0.011264,0.0416667,0.012288,0.166667,0.012288,0.615385,0.013312,2.28571,0.014336,9.84615,0.013312,36.5714,0.014336,120.471,0.017408,234.057,0.03584,327.68,0.1024,367.148,0.365568,453.144,1.18477,577.092,3.72122,574.13,14.9617,
0.0113636,0.011264,0.0384615,0.013312,0.153846,0.013312,0.571429,0.014336,2.28571,0.014336,9.84615,0.013312,34.1333,0.01536,113.778,0.018432,234.057,0.03584,327.68,0.1024,366.123,0.366592,452.753,1.18579,577.092,3.72122,574.169,14.9606,
0.0113636,0.011264,0.0454545,0.011264,0.166667,0.012288,0.571429,0.014336,2.28571,0.014336,9.14286,0.014336,34.1333,0.01536,107.789,0.019456,234.057,0.03584,324.436,0.103424,366.123,0.366592,453.144,1.18477,577.728,3.71712,574.444,14.9535,
0.0104167,0.012288,0.0384615,0.013312,0.153846,0.013312,0.533333,0.01536,2.46154,0.013312,9.14286,0.014336,34.1333,0.01536,120.471,0.017408,240.941,0.034816,327.68,0.1024,365.103,0.367616,453.144,1.18477,576.933,3.72224,574.405,14.9545,
0.0104167,0.012288,0.0454545,0.011264,0.166667,0.012288,0.615385,0.013312,2.46154,0.013312,8.53333,0.01536,36.5714,0.014336,120.471,0.017408,240.941,0.034816,327.68,0.1024,366.123,0.366592,453.144,1.18477,576.774,3.72326,574.247,14.9586,
0.0104167,0.012288,0.0416667,0.012288,0.153846,0.013312,0.571429,0.014336,2.46154,0.013312,9.14286,0.014336,36.5714,0.014336,107.789,0.019456,240.941,0.034816,327.68,0.1024,365.103,0.367616,453.144,1.18477,576.299,3.72634,574.012,14.9647,
0.0104167,0.012288,0.0384615,0.013312,0.181818,0.011264,0.615385,0.013312,2.46154,0.013312,9.14286,0.014336,34.1333,0.01536,120.471,0.017408,234.057,0.03584,327.68,0.1024,364.089,0.36864,453.144,1.18477,576.141,3.72736,574.72,14.9463,
0.0104167,0.012288,0.0384615,0.013312,0.181818,0.011264,0.533333,0.01536,2.46154,0.013312,9.84615,0.013312,36.5714,0.014336,120.471,0.017408,240.941,0.034816,327.68,0.1024,367.148,0.365568,453.144,1.18477,576.616,3.72429,574.838,14.9432,
0.0104167,0.012288,0.0416667,0.012288,0.166667,0.012288,0.666667,0.012288,2.46154,0.013312,9.84615,0.013312,34.1333,0.01536,107.789,0.019456,234.057,0.03584,330.99,0.101376,366.123,0.366592,453.536,1.18374,576.774,3.72326,574.995,14.9391,
0.0113636,0.011264,0.0454545,0.011264,0.181818,0.011264,0.615385,0.013312,2.66667,0.012288,9.14286,0.014336,39.3846,0.013312,113.778,0.018432,240.941,0.034816,330.99,0.101376,364.089,0.36864,453.536,1.18374,576.616,3.72429,575.114,14.9361,
0.0113636,0.011264,0.0454545,0.011264,0.166667,0.012288,0.666667,0.012288,2.28571,0.014336,9.84615,0.013312,36.5714,0.014336,107.789,0.019456,240.941,0.034816,327.68,0.1024,366.123,0.366592,453.536,1.18374,576.774,3.72326,574.838,14.9432,
0.0113636,0.011264,0.0416667,0.012288,0.153846,0.013312,0.666667,0.012288,2.28571,0.014336,9.84615,0.013312,39.3846,0.013312,107.789,0.019456,234.057,0.03584,258.016,0.130048,366.123,0.366592,453.144,1.18477,576.457,3.72531,575.271,14.932,
0.0113636,0.011264,0.0454545,0.011264,0.181818,0.011264,0.727273,0.011264,2.46154,0.013312,10.6667,0.012288,39.3846,0.013312,113.778,0.018432,234.057,0.03584,324.436,0.103424,366.123,0.366592,453.144,1.18477,576.616,3.72429,575.232,14.933,
0.0113636,0.011264,0.0454545,0.011264,0.166667,0.012288,0.615385,0.013312,2.66667,0.012288,9.14286,0.014336,39.3846,0.013312,107.789,0.019456,240.941,0.034816,327.68,0.1024,365.103,0.367616,453.144,1.18477,576.616,3.72429,575.153,14.935,
0.0104167,0.012288,0.0454545,0.011264,0.166667,0.012288,0.727273,0.011264,2.46154,0.013312,9.84615,0.013312,36.5714,0.014336,113.778,0.018432,234.057,0.03584,327.68,0.1024,366.123,0.366592,452.753,1.18579,576.774,3.72326,574.956,14.9402,
0.0104167,0.012288,0.0454545,0.011264,0.166667,0.012288,0.666667,0.012288,2.46154,0.013312,10.6667,0.012288,39.3846,0.013312,113.778,0.018432,234.057,0.03584,327.68,0.1024,366.123,0.366592,453.536,1.18374,576.299,3.72634,575.114,14.9361,
0.0113636,0.011264,0.05,0.01024,0.153846,0.013312,0.666667,0.012288,2.13333,0.01536,9.84615,0.013312,26.9474,0.019456,120.471,0.017408,240.941,0.034816,327.68,0.1024,366.123,0.366592,454.716,1.18067,576.616,3.72429,575.114,14.9361,
0.0104167,0.012288,0.0454545,0.011264,0.142857,0.014336,0.666667,0.012288,2.46154,0.013312,9.84615,0.013312,39.3846,0.013312,120.471,0.017408,248.242,0.033792,321.255,0.104448,366.123,0.366592,455.903,1.1776,576.457,3.72531,574.956,14.9402,
0.00961538,0.013312,0.0454545,0.011264,0.166667,0.012288,0.666667,0.012288,2.46154,0.013312,9.84615,0.013312,34.1333,0.01536,120.471,0.017408,234.057,0.03584,327.68,0.1024,366.123,0.366592,455.111,1.17965,574.405,3.73862,575.153,14.935,
0.0104167,0.012288,0.0384615,0.013312,0.142857,0.014336,0.571429,0.014336,0.172973,0.18944,9.84615,0.013312,32,0.016384,128,0.016384,234.057,0.03584,327.68,0.1024,364.089,0.36864,455.507,1.17862,576.774,3.72326,575.232,14.933,
0.0113636,0.011264,0.0416667,0.012288,0.153846,0.013312,0.615385,0.013312,2,0.016384,9.84615,0.013312,32,0.016384,120.471,0.017408,234.057,0.03584,327.68,0.1024,365.103,0.367616,455.507,1.17862,576.616,3.72429,575.114,14.9361,
0.0104167,0.012288,0.0416667,0.012288,0.153846,0.013312,0.533333,0.01536,2.46154,0.013312,9.14286,0.014336,34.1333,0.01536,120.471,0.017408,240.941,0.034816,327.68,0.1024,366.123,0.366592,455.507,1.17862,576.616,3.72429,574.287,14.9576,
0.0113636,0.011264,0.0416667,0.012288,0.153846,0.013312,0.571429,0.014336,2.66667,0.012288,9.14286,0.014336,36.5714,0.014336,120.471,0.017408,240.941,0.034816,327.68,0.1024,366.123,0.366592,455.111,1.17965,576.141,3.72736,573.815,14.9699,
0.0104167,0.012288,0.0416667,0.012288,0.142857,0.014336,0.615385,0.013312,2.46154,0.013312,9.14286,0.014336,34.1333,0.01536,120.471,0.017408,234.057,0.03584,324.436,0.103424,366.123,0.366592,455.903,1.1776,576.933,3.72224,574.405,14.9545,
0.0113636,0.011264,0.0384615,0.013312,0.153846,0.013312,0.666667,0.012288,2.46154,0.013312,9.84615,0.013312,36.5714,0.014336,120.471,0.017408,234.057,0.03584,330.99,0.101376,366.123,0.366592,455.507,1.17862,577.41,3.71917,574.326,14.9565,
0.0113636,0.011264,0.0416667,0.012288,0.166667,0.012288,0.571429,0.014336,2.46154,0.013312,9.84615,0.013312,36.5714,0.014336,120.471,0.017408,240.941,0.034816,330.99,0.101376,366.123,0.366592,455.507,1.17862,577.569,3.71814,574.326,14.9565,
0.0104167,0.012288,0.0416667,0.012288,0.181818,0.011264,0.666667,0.012288,2.28571,0.014336,9.14286,0.014336,36.5714,0.014336,120.471,0.017408,234.057,0.03584,327.68,0.1024,367.148,0.365568,455.507,1.17862,577.251,3.72019,574.169,14.9606,
0.0104167,0.012288,0.0416667,0.012288,0.166667,0.012288,0.666667,0.012288,2.66667,0.012288,9.84615,0.013312,36.5714,0.014336,120.471,0.017408,240.941,0.034816,327.68,0.1024,365.103,0.367616,455.507,1.17862,576.933,3.72224,574.247,14.9586,
0.0113636,0.011264,0.0416667,0.012288,0.166667,0.012288,0.615385,0.013312,2.66667,0.012288,9.84615,0.013312,36.5714,0.014336,120.471,0.017408,240.941,0.034816,327.68,0.1024,366.123,0.366592,455.507,1.17862,577.41,3.71917,574.169,14.9606,
0.0113636,0.011264,0.0454545,0.011264,0.166667,0.012288,0.666667,0.012288,2.66667,0.012288,9.84615,0.013312,39.3846,0.013312,120.471,0.017408,234.057,0.03584,330.99,0.101376,367.148,0.365568,455.111,1.17965,576.299,3.72634,574.838,14.9432,
0.0104167,0.012288,0.0454545,0.011264,0.166667,0.012288,0.666667,0.012288,2.46154,0.013312,9.84615,0.013312,36.5714,0.014336,120.471,0.017408,240.941,0.034816,330.99,0.101376,365.103,0.367616,455.507,1.17862,576.141,3.72736,574.641,14.9484,
0.0113636,0.011264,0.0454545,0.011264,0.153846,0.013312,0.615385,0.013312,2.28571,0.014336,10.6667,0.012288,36.5714,0.014336,120.471,0.017408,240.941,0.034816,324.436,0.103424,366.123,0.366592,455.507,1.17862,576.299,3.72634,574.798,14.9443,
0.0113636,0.011264,0.0454545,0.011264,0.166667,0.012288,0.666667,0.012288,2.46154,0.013312,9.14286,0.014336,39.3846,0.013312,120.471,0.017408,240.941,0.034816,327.68,0.1024,367.148,0.365568,455.507,1.17862,576.457,3.72531,575.193,14.934,
0.0113636,0.011264,0.0454545,0.011264,0.166667,0.012288,0.727273,0.011264,2.66667,0.012288,10.6667,0.012288,36.5714,0.014336,120.471,0.017408,234.057,0.03584,327.68,0.1024,366.123,0.366592,455.903,1.1776,576.933,3.72224,574.956,14.9402,
0.0113636,0.011264,0.0454545,0.011264,0.181818,0.011264,0.727273,0.011264,2.46154,0.013312,10.6667,0.012288,36.5714,0.014336,120.471,0.017408,240.941,0.034816,327.68,0.1024,364.089,0.36864,573.619,0.935936,576.774,3.72326,575.114,14.9361,
0.0104167,0.012288,0.0416667,0.012288,0.166667,0.012288,0.615385,0.013312,2.46154,0.013312,9.84615,0.013312,36.5714,0.014336,120.471,0.017408,234.057,0.03584,327.68,0.1024,365.103,0.367616,578.684,0.927744,576.299,3.72634,575.193,14.934,
0.0113636,0.011264,0.0454545,0.011264,0.166667,0.012288,0.727273,0.011264,2.46154,0.013312,9.84615,0.013312,36.5714,0.014336,120.471,0.017408,234.057,0.03584,327.68,0.1024,366.123,0.366592,579.324,0.92672,577.728,3.71712,575.114,14.9361,
0.0104167,0.012288,0.0416667,0.012288,0.153846,0.013312,0.666667,0.012288,2.28571,0.014336,10.6667,0.012288,32,0.016384,120.471,0.017408,240.941,0.034816,330.99,0.101376,365.103,0.367616,579.965,0.925696,578.525,3.712,575.35,14.9299,
0.00961538,0.013312,0.05,0.01024,0.181818,0.011264,0.666667,0.012288,2.13333,0.01536,9.84615,0.013312,34.1333,0.01536,120.471,0.017408,240.941,0.034816,327.68,0.1024,365.103,0.367616,579.324,0.92672,578.525,3.712,574.956,14.9402,
0.00892857,0.014336,0.0416667,0.012288,0.166667,0.012288,0.615385,0.013312,2.46154,0.013312,9.14286,0.014336,32,0.016384,120.471,0.017408,240.941,0.034816,330.99,0.101376,365.103,0.367616,579.324,0.92672,578.525,3.712,575.114,14.9361,
0.00961538,0.013312,0.0454545,0.011264,0.181818,0.011264,0.571429,0.014336,2.28571,0.014336,9.14286,0.014336,32,0.016384,120.471,0.017408,234.057,0.03584,327.68,0.1024,365.103,0.367616,579.324,0.92672,578.844,3.70995,575.114,14.9361,
0.0113636,0.011264,0.0384615,0.013312,0.153846,0.013312,0.533333,0.01536,2.46154,0.013312,9.84615,0.013312,36.5714,0.014336,120.471,0.017408,234.057,0.03584,327.68,0.1024,366.123,0.366592,579.965,0.925696,578.844,3.70995,574.641,14.9484,
0.0104167,0.012288,0.0416667,0.012288,0.153846,0.013312,0.571429,0.014336,2.46154,0.013312,9.14286,0.014336,34.1333,0.01536,120.471,0.017408,234.057,0.03584,324.436,0.103424,366.123,0.366592,579.324,0.92672,578.684,3.71098,574.169,14.9606,
0.0104167,0.012288,0.0357143,0.014336,0.153846,0.013312,0.615385,0.013312,2.46154,0.013312,9.14286,0.014336,34.1333,0.01536,120.471,0.017408,234.057,0.03584,327.68,0.1024,367.148,0.365568,579.324,0.92672,578.684,3.71098,574.13,14.9617,
0.0104167,0.012288,0.0416667,0.012288,0.166667,0.012288,0.615385,0.013312,2.46154,0.013312,9.14286,0.014336,36.5714,0.014336,107.789,0.019456,240.941,0.034816,327.68,0.1024,365.103,0.367616,579.324,0.92672,578.684,3.71098,574.287,14.9576,
0.0113636,0.011264,0.0384615,0.013312,0.153846,0.013312,0.571429,0.014336,2.46154,0.013312,9.14286,0.014336,36.5714,0.014336,120.471,0.017408,234.057,0.03584,327.68,0.1024,365.103,0.367616,578.684,0.927744,578.684,3.71098,574.247,14.9586,
0.00961538,0.013312,0.0454545,0.011264,0.166667,0.012288,0.666667,0.012288,2.28571,0.014336,9.84615,0.013312,36.5714,0.014336,120.471,0.017408,240.941,0.034816,330.99,0.101376,365.103,0.367616,578.684,0.927744,578.525,3.712,574.484,14.9524,
0.0104167,0.012288,0.0416667,0.012288,0.153846,0.013312,0.571429,0.014336,2.46154,0.013312,9.14286,0.014336,39.3846,0.013312,120.471,0.017408,234.057,0.03584,324.436,0.103424,366.123,0.366592,579.324,0.92672,578.844,3.70995,574.247,14.9586,
0.0113636,0.011264,0.0416667,0.012288,0.181818,0.011264,0.615385,0.013312,2.13333,0.01536,9.84615,0.013312,39.3846,0.013312,120.471,0.017408,234.057,0.03584,324.436,0.103424,366.123,0.366592,579.324,0.92672,578.844,3.70995,574.444,14.9535,
0.0113636,0.011264,0.0416667,0.012288,0.166667,0.012288,0.615385,0.013312,2.46154,0.013312,9.14286,0.014336,39.3846,0.013312,120.471,0.017408,240.941,0.034816,327.68,0.1024,366.123,0.366592,579.324,0.92672,579.004,3.70893,574.562,14.9504,
0.0125,0.01024,0.0416667,0.012288,0.166667,0.012288,0.666667,0.012288,2.28571,0.014336,9.84615,0.013312,36.5714,0.014336,120.471,0.017408,240.941,0.034816,324.436,0.103424,366.123,0.366592,579.324,0.92672,579.004,3.70893,574.798,14.9443,
0.0104167,0.012288,0.0416667,0.012288,0.166667,0.012288,0.571429,0.014336,2.66667,0.012288,9.84615,0.013312,36.5714,0.014336,120.471,0.017408,234.057,0.03584,324.436,0.103424,365.103,0.367616,579.324,0.92672,578.525,3.712,574.917,14.9412,
0.0113636,0.011264,0.0454545,0.011264,0.153846,0.013312,0.615385,0.013312,2.28571,0.014336,10.6667,0.012288,36.5714,0.014336,120.471,0.017408,234.057,0.03584,330.99,0.101376,365.103,0.367616,579.324,0.92672,578.206,3.71405,575.074,14.9371,
0.0113636,0.011264,0.0384615,0.013312,0.181818,0.011264,0.666667,0.012288,2.66667,0.012288,9.84615,0.013312,36.5714,0.014336,120.471,0.017408,240.941,0.034816,327.68,0.1024,366.123,0.366592,578.684,0.927744,578.525,3.712,575.035,14.9381,
0.0113636,0.011264,0.0454545,0.011264,0.181818,0.011264,0.666667,0.012288,2.46154,0.013312,9.84615,0.013312,36.5714,0.014336,120.471,0.017408,240.941,0.034816,324.436,0.103424,365.103,0.367616,578.684,0.927744,578.684,3.71098,574.641,14.9484,
0.0104167,0.012288,0.0416667,0.012288,0.166667,0.012288,0.666667,0.012288,2.66667,0.012288,9.84615,0.013312,34.1333,0.01536,120.471,0.017408,240.941,0.034816,327.68,0.1024,366.123,0.366592,579.324,0.92672,578.684,3.71098,574.838,14.9432,
0.0113636,0.011264,0.0454545,0.011264,0.166667,0.012288,0.615385,0.013312,2.46154,0.013312,9.84615,0.013312,32,0.016384,120.471,0.017408,234.057,0.03584,324.436,0.103424,366.123,0.366592,579.324,0.92672,578.684,3.71098,575.153,14.935,
0.0113636,0.011264,0.0454545,0.011264,0.166667,0.012288,0.615385,0.013312,2.66667,0.012288,9.84615,0.013312,34.1333,0.01536,113.778,0.018432,240.941,0.034816,327.68,0.1024,365.103,0.367616,579.965,0.925696,578.525,3.712,575.153,14.935,
0.00961538,0.013312,0.0454545,0.011264,0.166667,0.012288,0.666667,0.012288,2.46154,0.013312,9.84615,0.013312,34.1333,0.01536,120.471,0.017408,240.941,0.034816,330.99,0.101376,366.123,0.366592,579.324,0.92672,578.684,3.71098,574.917,14.9412,
0.0104167,0.012288,0.0454545,0.011264,0.166667,0.012288,0.666667,0.012288,2.46154,0.013312,9.84615,0.013312,36.5714,0.014336,128,0.016384,240.941,0.034816,327.68,0.1024,366.123,0.366592,578.684,0.927744,578.844,3.70995,575.074,14.9371,
0.00961538,0.013312,0.0454545,0.011264,0.181818,0.011264,0.666667,0.012288,2.46154,0.013312,9.84615,0.013312,36.5714,0.014336,120.471,0.017408,234.057,0.03584,330.99,0.101376,366.123,0.366592,578.684,0.927744,578.684,3.71098,575.193,14.934,
0.00961538,0.013312,0.0384615,0.013312,0.166667,0.012288,0.615385,0.013312,2.28571,0.014336,9.14286,0.014336,36.5714,0.014336,120.471,0.017408,240.941,0.034816,327.68,0.1024,365.103,0.367616,579.324,0.92672,578.684,3.71098,574.995,14.9391,
0.00961538,0.013312,0.0384615,0.013312,0.153846,0.013312,0.571429,0.014336,2.46154,0.013312,8.53333,0.01536,34.1333,0.01536,120.471,0.017408,234.057,0.03584,330.99,0.101376,366.123,0.366592,579.965,0.925696,578.684,3.71098,575.232,14.933,
0.0104167,0.012288,0.0384615,0.013312,0.153846,0.013312,0.571429,0.014336,2.28571,0.014336,9.14286,0.014336,36.5714,0.014336,113.778,0.018432,240.941,0.034816,327.68,0.1024,367.148,0.365568,579.324,0.92672,578.684,3.71098,574.838,14.9432,
0.0113636,0.011264,0.0384615,0.013312,0.153846,0.013312,0.571429,0.014336,2.46154,0.013312,9.14286,0.014336,36.5714,0.014336,120.471,0.017408,234.057,0.03584,327.68,0.1024,366.123,0.366592,579.324,0.92672,579.004,3.70893,574.405,14.9545,
0.0113636,0.011264,0.0384615,0.013312,0.153846,0.013312,0.615385,0.013312,2.66667,0.012288,9.84615,0.013312,36.5714,0.014336,120.471,0.017408,234.057,0.03584,327.68,0.1024,366.123,0.366592,579.324,0.92672,578.844,3.70995,574.287,14.9576,
0.0104167,0.012288,0.0357143,0.014336,0.166667,0.012288,0.615385,0.013312,2.28571,0.014336,9.14286,0.014336,36.5714,0.014336,120.471,0.017408,234.057,0.03584,327.68,0.1024,365.103,0.367616,579.324,0.92672,578.684,3.71098,574.484,14.9524,
0.0113636,0.011264,0.0416667,0.012288,0.166667,0.012288,0.615385,0.013312,2.66667,0.012288,9.84615,0.013312,36.5714,0.014336,120.471,0.017408,227.556,0.036864,330.99,0.101376,366.123,0.366592,579.324,0.92672,578.684,3.71098,574.444,14.9535,
0.0113636,0.011264,0.05,0.01024,0.166667,0.012288,0.666667,0.012288,2.46154,0.013312,9.84615,0.013312,36.5714,0.014336,120.471,0.017408,234.057,0.03584,327.68,0.1024,365.103,0.367616,579.324,0.92672,578.684,3.71098,574.405,14.9545,
0.0125,0.01024,0.0454545,0.011264,0.166667,0.012288,0.615385,0.013312,2.66667,0.012288,9.14286,0.014336,36.5714,0.014336,120.471,0.017408,227.556,0.036864,330.99,0.101376,366.123,0.366592,579.324,0.92672,578.844,3.70995,574.444,14.9535,
0.0104167,0.012288,0.0454545,0.011264,0.166667,0.012288,0.615385,0.013312,2.46154,0.013312,9.84615,0.013312,36.5714,0.014336,120.471,0.017408,234.057,0.03584,327.68,0.1024,364.089,0.36864,579.965,0.925696,578.684,3.71098,574.287,14.9576,
0.0113636,0.011264,0.0416667,0.012288,0.166667,0.012288,0.666667,0.012288,2.66667,0.012288,9.84615,0.013312,28.4444,0.018432,113.778,0.018432,234.057,0.03584,327.68,0.1024,365.103,0.367616,583.84,0.919552,578.684,3.71098,574.247,14.9586,
0.0113636,0.011264,0.0416667,0.012288,0.166667,0.012288,0.615385,0.013312,2.66667,0.012288,10.6667,0.012288,34.1333,0.01536,120.471,0.017408,240.941,0.034816,327.68,0.1024,366.123,0.366592,583.84,0.919552,578.844,3.70995,574.405,14.9545,
0.0113636,0.011264,0.0416667,0.012288,0.166667,0.012288,0.615385,0.013312,2.66667,0.012288,9.84615,0.013312,36.5714,0.014336,120.471,0.017408,234.057,0.03584,321.255,0.104448,365.103,0.367616,583.84,0.919552,578.365,3.71302,574.365,14.9555,
0.0113636,0.011264,0.0416667,0.012288,0.181818,0.011264,0.727273,0.011264,2.46154,0.013312,9.84615,0.013312,34.1333,0.01536,128,0.016384,234.057,0.03584,330.99,0.101376,365.103,0.367616,583.84,0.919552,578.684,3.71098,574.523,14.9514,
0.0104167,0.012288,0.0416667,0.012288,0.166667,0.012288,0.615385,0.013312,2.46154,0.013312,9.14286,0.014336,34.1333,0.01536,113.778,0.018432,227.556,0.036864,327.68,0.1024,365.103,0.367616,584.491,0.918528,578.525,3.712,574.247,14.9586,
0.0125,0.01024,0.0454545,0.011264,0.166667,0.012288,0.666667,0.012288,2.46154,0.013312,9.84615,0.013312,36.5714,0.014336,120.471,0.017408,234.057,0.03584,330.99,0.101376,366.123,0.366592,583.84,0.919552,578.684,3.71098,574.365,14.9555,
0.0113636,0.011264,0.0454545,0.011264,0.166667,0.012288,0.615385,0.013312,2.46154,0.013312,9.84615,0.013312,34.1333,0.01536,113.778,0.018432,240.941,0.034816,327.68,0.1024,365.103,0.367616,583.84,0.919552,578.365,3.71302,574.326,14.9565,
0.0104167,0.012288,0.0454545,0.011264,0.166667,0.012288,0.615385,0.013312,2.46154,0.013312,9.84615,0.013312,36.5714,0.014336,120.471,0.017408,234.057,0.03584,327.68,0.1024,366.123,0.366592,584.491,0.918528,579.164,3.7079,574.523,14.9514,
0.00961538,0.013312,0.0454545,0.011264,0.166667,0.012288,0.615385,0.013312,2.46154,0.013312,9.84615,0.013312,36.5714,0.014336,120.471,0.017408,234.057,0.03584,327.68,0.1024,366.123,0.366592,584.491,0.918528,578.844,3.70995,574.405,14.9545,
0.0104167,0.012288,0.0454545,0.011264,0.181818,0.011264,0.615385,0.013312,2.28571,0.014336,8.53333,0.01536,36.5714,0.014336,120.471,0.017408,234.057,0.03584,324.436,0.103424,366.123,0.366592,584.491,0.918528,578.844,3.70995,574.247,14.9586,
0.0104167,0.012288,0.0384615,0.013312,0.166667,0.012288,0.727273,0.011264,2.28571,0.014336,8.53333,0.01536,34.1333,0.01536,120.471,0.017408,240.941,0.034816,324.436,0.103424,365.103,0.367616,584.491,0.918528,578.525,3.712,574.523,14.9514,
0.0113636,0.011264,0.0384615,0.013312,0.181818,0.011264,0.666667,0.012288,2.13333,0.01536,9.14286,0.014336,39.3846,0.013312,120.471,0.017408,248.242,0.033792,330.99,0.101376,366.123,0.366592,584.491,0.918528,578.206,3.71405,574.602,14.9494,
0.00735294,0.017408,0.0384615,0.013312,0.166667,0.012288,0.571429,0.014336,2.46154,0.013312,9.84615,0.013312,36.5714,0.014336,120.471,0.017408,240.941,0.034816,327.68,0.1024,366.123,0.366592,584.491,0.918528,578.365,3.71302,574.641,14.9484,
0.0113636,0.011264,0.0384615,0.013312,0.181818,0.011264,0.5,0.016384,2.28571,0.014336,9.14286,0.014336,36.5714,0.014336,120.471,0.017408,234.057,0.03584,324.436,0.103424,366.123,0.366592,584.491,0.918528,578.206,3.71405,574.562,14.9504,
0.0104167,0.012288,0.0416667,0.012288,0.166667,0.012288,0.615385,0.013312,2.46154,0.013312,9.84615,0.013312,39.3846,0.013312,120.471,0.017408,240.941,0.034816,327.68,0.1024,366.123,0.366592,584.491,0.918528,578.525,3.712,574.602,14.9494,
0.0113636,0.011264,0.05,0.01024,0.2,0.01024,0.666667,0.012288,2.28571,0.014336,10.6667,0.012288,36.5714,0.014336,120.471,0.017408,234.057,0.03584,324.436,0.103424,362.077,0.370688,455.507,1.17862,577.569,3.71814,574.012,14.9647,
0.0113636,0.011264,0.0454545,0.011264,0.181818,0.011264,0.727273,0.011264,2.66667,0.012288,10.6667,0.012288,39.3846,0.013312,120.471,0.017408,234.057,0.03584,330.99,0.101376,365.103,0.367616,457.095,1.17453,578.365,3.71302,574.169,14.9606,
0.0113636,0.011264,0.0454545,0.011264,0.181818,0.011264,0.666667,0.012288,2.46154,0.013312,10.6667,0.012288,39.3846,0.013312,120.471,0.017408,227.556,0.036864,330.99,0.101376,364.089,0.36864,456.697,1.17555,578.844,3.70995,574.326,14.9565,
0.0113636,0.011264,0.0454545,0.011264,0.181818,0.011264,0.666667,0.012288,2.66667,0.012288,9.84615,0.013312,39.3846,0.013312,120.471,0.017408,240.941,0.034816,327.68,0.1024,364.089,0.36864,456.299,1.17658,578.525,3.712,574.326,14.9565,
0.0113636,0.011264,0.05,0.01024,0.2,0.01024,0.727273,0.011264,2.66667,0.012288,10.6667,0.012288,39.3846,0.013312,120.471,0.017408,240.941,0.034816,327.68,0.1024,364.089,0.36864,456.697,1.17555,578.844,3.70995,574.365,14.9555,
0.0113636,0.011264,0.0454545,0.011264,0.181818,0.011264,0.666667,0.012288,2.66667,0.012288,10.6667,0.012288,39.3846,0.013312,120.471,0.017408,240.941,0.034816,327.68,0.1024,363.08,0.369664,456.697,1.17555,578.844,3.70995,574.759,14.9453,
0.0125,0.01024,0.05,0.01024,0.2,0.01024,0.727273,0.011264,2.66667,0.012288,10.6667,0.012288,39.3846,0.013312,120.471,0.017408,234.057,0.03584,327.68,0.1024,364.089,0.36864,456.299,1.17658,578.844,3.70995,574.917,14.9412,
0.0125,0.01024,0.0454545,0.011264,0.166667,0.012288,0.666667,0.012288,2.66667,0.012288,10.6667,0.012288,39.3846,0.013312,120.471,0.017408,240.941,0.034816,330.99,0.101376,365.103,0.367616,456.299,1.17658,578.525,3.712,575.232,14.933,
0.0113636,0.011264,0.05,0.01024,0.181818,0.011264,0.727273,0.011264,2.66667,0.012288,10.6667,0.012288,39.3846,0.013312,120.471,0.017408,240.941,0.034816,327.68,0.1024,365.103,0.367616,457.095,1.17453,578.844,3.70995,575.153,14.935,
0.0113636,0.011264,0.0454545,0.011264,0.181818,0.011264,0.666667,0.012288,2.66667,0.012288,10.6667,0.012288,39.3846,0.013312,120.471,0.017408,240.941,0.034816,327.68,0.1024,364.089,0.36864,457.095,1.17453,578.844,3.70995,574.995,14.9391,
0.0113636,0.011264,0.05,0.01024,0.2,0.01024,0.727273,0.011264,2.66667,0.012288,10.6667,0.012288,36.5714,0.014336,128,0.016384,240.941,0.034816,327.68,0.1024,366.123,0.366592,456.697,1.17555,577.887,3.7161,575.153,14.935,
0.0113636,0.011264,0.0454545,0.011264,0.181818,0.011264,0.727273,0.011264,2.66667,0.012288,10.6667,0.012288,36.5714,0.014336,120.471,0.017408,240.941,0.034816,327.68,0.1024,366.123,0.366592,456.697,1.17555,577.41,3.71917,575.311,14.9309,
0.0125,0.01024,0.05,0.01024,0.181818,0.011264,0.666667,0.012288,2.66667,0.012288,10.6667,0.012288,39.3846,0.013312,120.471,0.017408,234.057,0.03584,327.68,0.1024,365.103,0.367616,457.095,1.17453,577.092,3.72122,575.193,14.934,
0.0113636,0.011264,0.0454545,0.011264,0.181818,0.011264,0.727273,0.011264,2.66667,0.012288,10.6667,0.012288,39.3846,0.013312,120.471,0.017408,240.941,0.034816,327.68,0.1024,365.103,0.367616,457.095,1.17453,577.092,3.72122,575.271,14.932,
0.0125,0.01024,0.0416667,0.012288,0.181818,0.011264,0.666667,0.012288,2.66667,0.012288,10.6667,0.012288,39.3846,0.013312,120.471,0.017408,234.057,0.03584,327.68,0.1024,366.123,0.366592,456.697,1.17555,576.616,3.72429,575.153,14.935,
0.0125,0.01024,0.0454545,0.011264,0.181818,0.011264,0.727273,0.011264,2.90909,0.011264,10.6667,0.012288,39.3846,0.013312,120.471,0.017408,240.941,0.034816,330.99,0.101376,365.103,0.367616,457.095,1.17453,575.824,3.72941,575.074,14.9371,
0.0113636,0.011264,0.05,0.01024,0.2,0.01024,0.666667,0.012288,2.66667,0.012288,10.6667,0.012288,36.5714,0.014336,120.471,0.017408,240.941,0.034816,327.68,0.1024,366.123,0.366592,457.095,1.17453,577.092,3.72122,574.956,14.9402,
0.0113636,0.011264,0.0454545,0.011264,0.181818,0.011264,0.666667,0.012288,2.66667,0.012288,10.6667,0.012288,36.5714,0.014336,120.471,0.017408,234.057,0.03584,330.99,0.101376,365.103,0.367616,457.095,1.17453,576.933,3.72224,574.877,14.9422,
0.0125,0.01024,0.05,0.01024,0.181818,0.011264,0.727273,0.011264,2.66667,0.012288,10.6667,0.012288,39.3846,0.013312,120.471,0.017408,240.941,0.034816,327.68,0.1024,366.123,0.366592,456.697,1.17555,577.251,3.72019,574.247,14.9586,
0.0113636,0.011264,0.0454545,0.011264,0.181818,0.011264,0.666667,0.012288,2.66667,0.012288,10.6667,0.012288,39.3846,0.013312,120.471,0.017408,240.941,0.034816,327.68,0.1024,366.123,0.366592,457.095,1.17453,577.092,3.72122,574.287,14.9576,
0.0125,0.01024,0.05,0.01024,0.2,0.01024,0.727273,0.011264,2.66667,0.012288,10.6667,0.012288,36.5714,0.014336,128,0.016384,234.057,0.03584,327.68,0.1024,365.103,0.367616,457.095,1.17453,575.982,3.72838,574.484,14.9524,
0.0113636,0.011264,0.0454545,0.011264,0.181818,0.011264,0.666667,0.012288,2.90909,0.011264,10.6667,0.012288,39.3846,0.013312,128,0.016384,240.941,0.034816,330.99,0.101376,365.103,0.367616,457.494,1.1735,577.092,3.72122,574.287,14.9576,
0.0113636,0.011264,0.05,0.01024,0.181818,0.011264,0.666667,0.012288,2.66667,0.012288,10.6667,0.012288,39.3846,0.013312,120.471,0.017408,234.057,0.03584,327.68,0.1024,365.103,0.367616,457.095,1.17453,577.251,3.72019,574.09,14.9627,
0.0125,0.01024,0.0416667,0.012288,0.181818,0.011264,0.666667,0.012288,2.66667,0.012288,10.6667,0.012288,36.5714,0.014336,120.471,0.017408,240.941,0.034816,327.68,0.1024,365.103,0.367616,457.095,1.17453,577.569,3.71814,573.933,14.9668,
0.0125,0.01024,0.05,0.01024,0.2,0.01024,0.666667,0.012288,2.66667,0.012288,10.6667,0.012288,39.3846,0.013312,120.471,0.017408,240.941,0.034816,330.99,0.101376,367.148,0.365568,456.697,1.17555,577.092,3.72122,574.169,14.9606,
0.0113636,0.011264,0.0454545,0.011264,0.181818,0.011264,0.666667,0.012288,2.66667,0.012288,10.6667,0.012288,39.3846,0.013312,120.471,0.017408,240.941,0.034816,327.68,0.1024,365.103,0.367616,457.494,1.1735,576.774,3.72326,574.326,14.9565,
0.0113636,0.011264,0.05,0.01024,0.2,0.01024,0.666667,0.012288,2.66667,0.012288,10.6667,0.012288,39.3846,0.013312,128,0.016384,240.941,0.034816,165.495,0.202752,365.103,0.367616,457.095,1.17453,577.092,3.72122,574.877,14.9422,
0.0125,0.01024,0.0454545,0.011264,0.166667,0.012288,0.666667,0.012288,2.66667,0.012288,9.84615,0.013312,36.5714,0.014336,120.471,0.017408,234.057,0.03584,324.436,0.103424,365.103,0.367616,456.697,1.17555,576.616,3.72429,575.153,14.935,
0.0125,0.01024,0.05,0.01024,0.181818,0.011264,0.727273,0.011264,2.66667,0.012288,10.6667,0.012288,39.3846,0.013312,120.471,0.017408,240.941,0.034816,327.68,0.1024,366.123,0.366592,457.494,1.1735,576.933,3.72224,575.153,14.935,
0.0113636,0.011264,0.0454545,0.011264,0.181818,0.011264,0.666667,0.012288,2.66667,0.012288,10.6667,0.012288,36.5714,0.014336,120.471,0.017408,240.941,0.034816,327.68,0.1024,365.103,0.367616,457.095,1.17453,576.933,3.72224,575.074,14.9371,
0.0125,0.01024,0.0454545,0.011264,0.2,0.01024,0.727273,0.011264,2.66667,0.012288,10.6667,0.012288,36.5714,0.014336,128,0.016384,234.057,0.03584,327.68,0.1024,366.123,0.366592,456.697,1.17555,576.774,3.72326,574.798,14.9443,
0.0113636,0.011264,0.05,0.01024,0.181818,0.011264,0.666667,0.012288,2.90909,0.011264,10.6667,0.012288,39.3846,0.013312,113.778,0.018432,240.941,0.034816,312.076,0.10752,366.123,0.366592,457.095,1.17453,575.508,3.73146,574.995,14.9391,
0.0125,0.01024,0.05,0.01024,0.181818,0.011264,0.727273,0.011264,2.66667,0.012288,10.6667,0.012288,39.3846,0.013312,120.471,0.017408,240.941,0.034816,327.68,0.1024,366.123,0.366592,457.095,1.17453,573.149,3.74682,575.035,14.9381,
0.0113636,0.011264,0.0454545,0.011264,0.181818,0.011264,0.666667,0.012288,2.66667,0.012288,10.6667,0.012288,39.3846,0.013312,120.471,0.017408,240.941,0.034816,327.68,0.1024,366.123,0.366592,457.095,1.17453,576.616,3.72429,575.074,14.9371,
0.0113636,0.011264,0.05,0.01024,0.2,0.01024,0.727273,0.011264,2.66667,0.012288,11.6364,0.011264,39.3846,0.013312,120.471,0.017408,240.941,0.034816,324.436,0.103424,366.123,0.366592,457.095,1.17453,576.457,3.72531,575.232,14.933,
0.0125,0.01024,0.0454545,0.011264,0.181818,0.011264,0.666667,0.012288,2.66667,0.012288,10.6667,0.012288,39.3846,0.013312,120.471,0.017408,248.242,0.033792,324.436,0.103424,366.123,0.366592,457.095,1.17453,576.457,3.72531,575.232,14.933,
0.0125,0.01024,0.05,0.01024,0.181818,0.011264,0.727273,0.011264,2.66667,0.012288,10.6667,0.012288,39.3846,0.013312,120.471,0.017408,240.941,0.034816,327.68,0.1024,365.103,0.367616,457.095,1.17453,575.666,3.73043,575.232,14.933,
0.0113636,0.011264,0.0454545,0.011264,0.181818,0.011264,0.666667,0.012288,2.66667,0.012288,10.6667,0.012288,39.3846,0.013312,113.778,0.018432,234.057,0.03584,327.68,0.1024,365.103,0.367616,456.697,1.17555,576.299,3.72634,575.193,14.934,
0.0125,0.01024,0.05,0.01024,0.2,0.01024,0.666667,0.012288,2.66667,0.012288,10.6667,0.012288,36.5714,0.014336,113.778,0.018432,240.941,0.034816,330.99,0.101376,366.123,0.366592,456.697,1.17555,576.299,3.72634,574.72,14.9463,
0.0113636,0.011264,0.0454545,0.011264,0.181818,0.011264,0.727273,0.011264,2.66667,0.012288,10.6667,0.012288,39.3846,0.013312,120.471,0.017408,240.941,0.034816,324.436,0.103424,365.103,0.367616,457.095,1.17453,575.666,3.73043,574.247,14.9586,
0.0113636,0.011264,0.05,0.01024,0.181818,0.011264,0.666667,0.012288,2.66667,0.012288,10.6667,0.012288,36.5714,0.014336,120.471,0.017408,234.057,0.03584,327.68,0.1024,366.123,0.366592,456.697,1.17555,576.299,3.72634,574.13,14.9617,
0.0113636,0.011264,0.0454545,0.011264,0.2,0.01024,0.727273,0.011264,2.66667,0.012288,10.6667,0.012288,36.5714,0.014336,113.778,0.018432,240.941,0.034816,327.68,0.1024,365.103,0.367616,457.095,1.17453,575.824,3.72941,574.405,14.9545,
0.0113636,0.011264,0.05,0.01024,0.181818,0.011264,0.666667,0.012288,2.66667,0.012288,10.6667,0.012288,36.5714,0.014336,120.471,0.017408,240.941,0.034816,327.68,0.1024,365.103,0.367616,457.494,1.1735,575.982,3.72838,574.326,14.9565,
0.0113636,0.011264,0.0454545,0.011264,0.181818,0.011264,0.666667,0.012288,2.66667,0.012288,10.6667,0.012288,39.3846,0.013312,120.471,0.017408,240.941,0.034816,327.68,0.1024,365.103,0.367616,457.494,1.1735,575.982,3.72838,574.051,14.9637,
0.0113636,0.011264,0.05,0.01024,0.181818,0.011264,0.666667,0.012288,2.66667,0.012288,10.6667,0.012288,39.3846,0.013312,120.471,0.017408,240.941,0.034816,321.255,0.104448,366.123,0.366592,457.095,1.17453,576.299,3.72634,574.169,14.9606,
0.0113636,0.011264,0.0454545,0.011264,0.181818,0.011264,0.666667,0.012288,2.90909,0.011264,10.6667,0.012288,39.3846,0.013312,120.471,0.017408,215.579,0.038912,324.436,0.103424,366.123,0.366592,457.494,1.1735,575.666,3.73043,574.247,14.9586,
0.0125,0.01024,0.05,0.01024,0.2,0.01024,0.727273,0.011264,2.66667,0.012288,10.6667,0.012288,36.5714,0.014336,120.471,0.017408,240.941,0.034816,327.68,0.1024,366.123,0.366592,457.095,1.17453,577.728,3.71712,574.444,14.9535,
0.0125,0.01024,0.0454545,0.011264,0.181818,0.011264,0.727273,0.011264,2.66667,0.012288,10.6667,0.012288,36.5714,0.014336,113.778,0.018432,234.057,0.03584,327.68,0.1024,366.123,0.366592,457.095,1.17453,578.365,3.71302,574.287,14.9576,
0.0113636,0.011264,0.05,0.01024,0.2,0.01024,0.666667,0.012288,2.66667,0.012288,10.6667,0.012288,39.3846,0.013312,120.471,0.017408,240.941,0.034816,324.436,0.103424,366.123,0.366592,457.494,1.1735,578.684,3.71098,574.484,14.9524,
0.0125,0.01024,0.0454545,0.011264,0.181818,0.011264,0.727273,0.011264,2.66667,0.012288,9.84615,0.013312,39.3846,0.013312,113.778,0.018432,240.941,0.034816,327.68,0.1024,365.103,0.367616,457.494,1.1735,578.365,3.71302,575.035,14.9381,
0.0125,0.01024,0.05,0.01024,0.181818,0.011264,0.666667,0.012288,2.66667,0.012288,9.84615,0.013312,39.3846,0.013312,120.471,0.017408,234.057,0.03584,324.436,0.103424,366.123,0.366592,457.095,1.17453,578.844,3.70995,575.074,14.9371,
0.0113636,0.011264,0.05,0.01024,0.181818,0.011264,0.727273,0.011264,2.66667,0.012288,10.6667,0.012288,39.3846,0.013312,113.778,0.018432,240.941,0.034816,324.436,0.103424,368.18,0.364544,457.095,1.17453,578.684,3.71098,574.995,14.9391,
0.0125,0.01024,0.0454545,0.011264,0.2,0.01024,0.666667,0.012288,2.66667,0.012288,10.6667,0.012288,39.3846,0.013312,120.471,0.017408,234.057,0.03584,327.68,0.1024,369.217,0.36352,457.494,1.1735,578.525,3.712,574.917,14.9412,
0.0104167,0.012288,0.05,0.01024,0.181818,0.011264,0.666667,0.012288,2.66667,0.012288,10.6667,0.012288,39.3846,0.013312,113.778,0.018432,240.941,0.034816,327.68,0.1024,369.217,0.36352,457.494,1.1735,578.684,3.71098,574.995,14.9391,
0.0125,0.01024,0.0454545,0.011264,0.181818,0.011264,0.727273,0.011264,2.66667,0.012288,10.6667,0.012288,39.3846,0.013312,113.778,0.018432,240.941,0.034816,327.68,0.1024,369.217,0.36352,457.095,1.17453,578.684,3.71098,575.074,14.9371,
0.0113636,0.011264,0.05,0.01024,0.181818,0.011264,0.666667,0.012288,2.66667,0.012288,10.6667,0.012288,39.3846,0.013312,113.778,0.018432,234.057,0.03584,327.68,0.1024,368.18,0.364544,458.294,1.17146,578.525,3.712,575.035,14.9381,
0.0125,0.01024,0.0454545,0.011264,0.2,0.01024,0.727273,0.011264,2.46154,0.013312,10.6667,0.012288,39.3846,0.013312,120.471,0.017408,240.941,0.034816,327.68,0.1024,369.217,0.36352,461.928,1.16224,579.004,3.70893,575.114,14.9361,
0.0113636,0.011264,0.0454545,0.011264,0.181818,0.011264,0.666667,0.012288,2.90909,0.011264,10.6667,0.012288,39.3846,0.013312,120.471,0.017408,234.057,0.03584,327.68,0.1024,369.217,0.36352,461.521,1.16326,578.844,3.70995,575.232,14.933,
0.0125,0.01024,0.0454545,0.011264,0.181818,0.011264,0.727273,0.011264,2.66667,0.012288,10.6667,0.012288,36.5714,0.014336,120.471,0.017408,234.057,0.03584,324.436,0.103424,370.26,0.362496,461.928,1.16224,578.844,3.70995,574.995,14.9391,
0.0113636,0.011264,0.0454545,0.011264,0.2,0.01024,0.666667,0.012288,2.66667,0.012288,10.6667,0.012288,39.3846,0.013312,120.471,0.017408,240.941,0.034816,327.68,0.1024,369.217,0.36352,461.928,1.16224,578.684,3.71098,575.074,14.9371,
0.0113636,0.011264,0.05,0.01024,0.181818,0.011264,0.666667,0.012288,2.66667,0.012288,10.6667,0.012288,36.5714,0.014336,120.471,0.017408,240.941,0.034816,327.68,0.1024,368.18,0.364544,461.115,1.16429,578.844,3.70995,574.68,14.9473,
0.0113636,0.011264,0.05,0.01024,0.181818,0.011264,0.727273,0.011264,2.66667,0.012288,10.6667,0.012288,36.5714,0.014336,120.471,0.017408,240.941,0.034816,327.68,0.1024,366.123,0.366592,461.521,1.16326,579.004,3.70893,574.208,14.9596,
0.0125,0.01024,0.05,0.01024,0.2,0.01024,0.666667,0.012288,2.66667,0.012288,10.6667,0.012288,39.3846,0.013312,120.471,0.017408,240.941,0.034816,324.436,0.103424,369.217,0.36352,462.335,1.16122,578.684,3.71098,574.13,14.9617,
0.0113636,0.011264,0.05,0.01024,0.181818,0.011264,0.727273,0.011264,2.90909,0.011264,9.84615,0.013312,39.3846,0.013312,120.471,0.017408,240.941,0.034816,327.68,0.1024,370.26,0.362496,521.161,1.03014,578.684,3.71098,574.523,14.9514,
0.0125,0.01024,0.0454545,0.011264,0.2,0.01024,0.727273,0.011264,2.66667,0.012288,10.6667,0.012288,36.5714,0.014336,120.471,0.017408,234.057,0.03584,327.68,0.1024,369.217,0.36352,579.324,0.92672,579.324,3.70688,574.641,14.9484,
0.0113636,0.011264,0.0454545,0.011264,0.181818,0.011264,0.666667,0.012288,2.66667,0.012288,9.84615,0.013312,36.5714,0.014336,120.471,0.017408,240.941,0.034816,330.99,0.101376,369.217,0.36352,579.965,0.925696,578.844,3.70995,574.208,14.9596,
0.0113636,0.011264,0.05,0.01024,0.2,0.01024,0.727273,0.011264,2.66667,0.012288,10.6667,0.012288,36.5714,0.014336,120.471,0.017408,240.941,0.034816,327.68,0.1024,369.217,0.36352,579.965,0.925696,579.004,3.70893,574.012,14.9647,
0.0125,0.01024,0.0454545,0.011264,0.181818,0.011264,0.666667,0.012288,2.66667,0.012288,10.6667,0.012288,39.3846,0.013312,113.778,0.018432,240.941,0.034816,324.436,0.103424,370.26,0.362496,579.324,0.92672,578.525,3.712,574.365,14.9555,
0.0113636,0.011264,0.05,0.01024,0.2,0.01024,0.666667,0.012288,2.66667,0.012288,9.84615,0.013312,39.3846,0.013312,113.778,0.018432,234.057,0.03584,324.436,0.103424,370.26,0.362496,579.324,0.92672,579.004,3.70893,574.169,14.9606,
0.0113636,0.011264,0.0454545,0.011264,0.181818,0.011264,0.666667,0.012288,2.66667,0.012288,10.6667,0.012288,39.3846,0.013312,120.471,0.017408,240.941,0.034816,327.68,0.1024,369.217,0.36352,580.607,0.924672,578.365,3.71302,574.838,14.9432,
0.0125,0.01024,0.05,0.01024,0.2,0.01024,0.666667,0.012288,2.66667,0.012288,11.6364,0.011264,39.3846,0.013312,120.471,0.017408,234.057,0.03584,324.436,0.103424,370.26,0.362496,583.84,0.919552,579.004,3.70893,574.956,14.9402,
0.0113636,0.011264,0.0454545,0.011264,0.181818,0.011264,0.727273,0.011264,2.66667,0.012288,10.6667,0.012288,39.3846,0.013312,120.471,0.017408,240.941,0.034816,330.99,0.101376,370.26,0.362496,584.491,0.918528,579.004,3.70893,575.074,14.9371,
0.0113636,0.011264,0.05,0.01024,0.181818,0.011264,0.666667,0.012288,2.66667,0.012288,9.84615,0.013312,39.3846,0.013312,120.471,0.017408,240.941,0.034816,327.68,0.1024,369.217,0.36352,584.491,0.918528,578.844,3.70995,575.074,14.9371,
0.0113636,0.011264,0.05,0.01024,0.181818,0.011264,0.666667,0.012288,2.66667,0.012288,10.6667,0.012288,39.3846,0.013312,113.778,0.018432,240.941,0.034816,327.68,0.1024,370.26,0.362496,583.84,0.919552,578.844,3.70995,575.153,14.935,
0.0113636,0.011264,0.0454545,0.011264,0.181818,0.011264,0.666667,0.012288,2.66667,0.012288,10.6667,0.012288,39.3846,0.013312,120.471,0.017408,234.057,0.03584,327.68,0.1024,370.26,0.362496,583.84,0.919552,579.004,3.70893,575.114,14.9361,
0.0113636,0.011264,0.0454545,0.011264,0.181818,0.011264,0.727273,0.011264,2.66667,0.012288,9.84615,0.013312,36.5714,0.014336,120.471,0.017408,234.057,0.03584,324.436,0.103424,369.217,0.36352,584.491,0.918528,578.525,3.712,575.035,14.9381,
0.0113636,0.011264,0.0454545,0.011264,0.181818,0.011264,0.666667,0.012288,2.90909,0.011264,10.6667,0.012288,39.3846,0.013312,113.778,0.018432,240.941,0.034816,330.99,0.101376,369.217,0.36352,584.491,0.918528,579.004,3.70893,575.232,14.933,
0.0113636,0.011264,0.05,0.01024,0.2,0.01024,0.666667,0.012288,2.66667,0.012288,10.6667,0.012288,39.3846,0.013312,120.471,0.017408,240.941,0.034816,327.68,0.1024,369.217,0.36352,584.491,0.918528,579.004,3.70893,575.153,14.935,
0.0125,0.01024,0.05,0.01024,0.2,0.01024,0.727273,0.011264,2.66667,0.012288,10.6667,0.012288,36.5714,0.014336,120.471,0.017408,234.057,0.03584,330.99,0.101376,369.217,0.36352,583.84,0.919552,579.004,3.70893,575.153,14.935,
0.0113636,0.011264,0.0454545,0.011264,0.181818,0.011264,0.666667,0.012288,2.66667,0.012288,10.6667,0.012288,36.5714,0.014336,120.471,0.017408,240.941,0.034816,324.436,0.103424,368.18,0.364544,583.84,0.919552,578.844,3.70995,575.153,14.935,
0.0125,0.01024,0.05,0.01024,0.181818,0.011264,0.727273,0.011264,2.66667,0.012288,10.6667,0.012288,39.3846,0.013312,13.1282,0.159744,234.057,0.03584,327.68,0.1024,369.217,0.36352,582.542,0.9216,579.004,3.70893,575.035,14.9381,
0.0113636,0.011264,0.0454545,0.011264,0.181818,0.011264,0.666667,0.012288,2.90909,0.011264,10.6667,0.012288,39.3846,0.013312,113.778,0.018432,240.941,0.034816,330.99,0.101376,369.217,0.36352,584.491,0.918528,579.164,3.7079,574.72,14.9463,
0.0125,0.01024,0.05,0.01024,0.2,0.01024,0.727273,0.011264,2.66667,0.012288,10.6667,0.012288,39.3846,0.013312,120.471,0.017408,240.941,0.034816,327.68,0.1024,370.26,0.362496,584.491,0.918528,578.365,3.71302,574.444,14.9535,
0.0125,0.01024,0.0454545,0.011264,0.181818,0.011264,0.666667,0.012288,2.66667,0.012288,10.6667,0.012288,39.3846,0.013312,113.778,0.018432,227.556,0.036864,330.99,0.101376,370.26,0.362496,585.143,0.917504,578.844,3.70995,574.287,14.9576,
0.0113636,0.011264,0.05,0.01024,0.2,0.01024,0.727273,0.011264,2.90909,0.011264,10.6667,0.012288,39.3846,0.013312,120.471,0.017408,240.941,0.034816,327.68,0.1024,369.217,0.36352,584.491,0.918528,578.844,3.70995,574.484,14.9524,
0.0113636,0.011264,0.0454545,0.011264,0.181818,0.011264,0.666667,0.012288,2.66667,0.012288,9.84615,0.013312,39.3846,0.013312,120.471,0.017408,240.941,0.034816,324.436,0.103424,369.217,0.36352,584.491,0.918528,578.684,3.71098,574.484,14.9524,
0.0125,0.01024,0.05,0.01024,0.181818,0.011264,0.666667,0.012288,2.66667,0.012288,10.6667,0.012288,36.5714,0.014336,120.471,0.017408,234.057,0.03584,327.68,0.1024,369.217,0.36352,583.84,0.919552,578.844,3.70995,574.365,14.9555,
0.0125,0.01024,0.0454545,0.011264,0.181818,0.011264,0.727273,0.011264,2.66667,0.012288,10.6667,0.012288,39.3846,0.013312,128,0.016384,240.941,0.034816,327.68,0.1024,370.26,0.362496,584.491,0.918528,578.844,3.70995,574.13,14.9617,
0.0113636,0.011264,0.0454545,0.011264,0.2,0.01024,0.666667,0.012288,2.66667,0.012288,10.6667,0.012288,39.3846,0.013312,120.471,0.017408,240.941,0.034816,327.68,0.1024,369.217,0.36352,584.491,0.918528,578.684,3.71098,574.208,14.9596,
0.0113636,0.011264,0.0454545,0.011264,0.181818,0.011264,0.666667,0.012288,2.90909,0.011264,10.6667,0.012288,39.3846,0.013312,120.471,0.017408,234.057,0.03584,327.68,0.1024,369.217,0.36352,583.84,0.919552,578.844,3.70995,574.13,14.9617,
0.0125,0.01024,0.05,0.01024,0.181818,0.011264,0.727273,0.011264,2.66667,0.012288,10.6667,0.012288,36.5714,0.014336,120.471,0.017408,221.405,0.037888,330.99,0.101376,369.217,0.36352,583.84,0.919552,578.844,3.70995,574.759,14.9453,
0.0125,0.01024,0.05,0.01024,0.181818,0.011264,0.666667,0.012288,2.66667,0.012288,10.6667,0.012288,36.5714,0.014336,120.471,0.017408,234.057,0.03584,330.99,0.101376,370.26,0.362496,583.84,0.919552,578.684,3.71098,575.074,14.9371,
0.0113636,0.011264,0.05,0.01024,0.181818,0.011264,0.727273,0.011264,2.66667,0.012288,10.6667,0.012288,39.3846,0.013312,128,0.016384,240.941,0.034816,327.68,0.1024,370.26,0.362496,583.84,0.919552,579.004,3.70893,575.114,14.9361,
0.0113636,0.011264,0.0454545,0.011264,0.181818,0.011264,0.666667,0.012288,2.66667,0.012288,10.6667,0.012288,39.3846,0.013312,120.471,0.017408,240.941,0.034816,327.68,0.1024,369.217,0.36352,584.491,0.918528,578.844,3.70995,575.232,14.933,
0.0125,0.01024,0.05,0.01024,0.2,0.01024,0.727273,0.011264,2.28571,0.014336,10.6667,0.012288,39.3846,0.013312,120.471,0.017408,227.556,0.036864,327.68,0.1024,369.217,0.36352,583.84,0.919552,578.844,3.70995,575.193,14.934,
0.0113636,0.011264,0.0454545,0.011264,0.181818,0.011264,0.666667,0.012288,2.66667,0.012288,10.6667,0.012288,39.3846,0.013312,120.471,0.017408,240.941,0.034816,327.68,0.1024,370.26,0.362496,583.84,0.919552,578.684,3.71098,575.271,14.932,
0.0113636,0.011264,0.05,0.01024,0.181818,0.011264,0.727273,0.011264,2.66667,0.012288,10.6667,0.012288,39.3846,0.013312,120.471,0.017408,234.057,0.03584,327.68,0.1024,369.217,0.36352,583.84,0.919552,579.004,3.70893,575.232,14.933,
0.0113636,0.011264,0.0454545,0.011264,0.181818,0.011264,0.666667,0.012288,2.66667,0.012288,10.6667,0.012288,39.3846,0.013312,120.471,0.017408,240.941,0.034816,327.68,0.1024,370.26,0.362496,584.491,0.918528,578.684,3.71098,575.153,14.935,
0.0125,0.01024,0.05,0.01024,0.181818,0.011264,0.666667,0.012288,2.66667,0.012288,10.6667,0.012288,39.3846,0.013312,120.471,0.017408,234.057,0.03584,327.68,0.1024,369.217,0.36352,583.84,0.919552,578.046,3.71507,575.193,14.934,
0.0125,0.01024,0.05,0.01024,0.181818,0.011264,0.727273,0.011264,2.90909,0.011264,10.6667,0.012288,36.5714,0.014336,120.471,0.017408,240.941,0.034816,327.68,0.1024,370.26,0.362496,583.84,0.919552,577.569,3.71814,575.035,14.9381,
0.0113636,0.011264,0.0454545,0.011264,0.166667,0.012288,0.666667,0.012288,2.28571,0.014336,10.6667,0.012288,39.3846,0.013312,120.471,0.017408,240.941,0.034816,330.99,0.101376,367.148,0.365568,483.661,1.11002,576.141,3.72736,574.838,14.9432,
0.0104167,0.012288,0.0416667,0.012288,0.181818,0.011264,0.666667,0.012288,2.66667,0.012288,10.6667,0.012288,39.3846,0.013312,120.471,0.017408,248.242,0.033792,334.367,0.100352,372.364,0.360448,489.075,1.09773,577.569,3.71814,574.956,14.9402,
0.0125,0.01024,0.0454545,0.011264,0.181818,0.011264,0.727273,0.011264,2.66667,0.012288,10.6667,0.012288,39.3846,0.013312,120.471,0.017408,240.941,0.034816,330.99,0.101376,371.309,0.361472,489.075,1.09773,577.728,3.71712,575.035,14.9381,
0.0113636,0.011264,0.0416667,0.012288,0.181818,0.011264,0.666667,0.012288,2.66667,0.012288,10.6667,0.012288,36.5714,0.014336,120.471,0.017408,240.941,0.034816,327.68,0.1024,371.309,0.361472,489.989,1.09568,577.41,3.71917,575.114,14.9361,
0.0125,0.01024,0.0454545,0.011264,0.181818,0.011264,0.727273,0.011264,2.66667,0.012288,10.6667,0.012288,42.6667,0.012288,128,0.016384,240.941,0.034816,334.367,0.100352,370.26,0.362496,489.531,1.0967,577.887,3.7161,575.193,14.934,
0.0113636,0.011264,0.0454545,0.011264,0.181818,0.011264,0.666667,0.012288,2.90909,0.011264,10.6667,0.012288,36.5714,0.014336,120.471,0.017408,240.941,0.034816,334.367,0.100352,372.364,0.360448,489.989,1.09568,578.525,3.712,575.153,14.935,
0.0113636,0.011264,0.0454545,0.011264,0.181818,0.011264,0.666667,0.012288,2.90909,0.011264,10.6667,0.012288,36.5714,0.014336,120.471,0.017408,240.941,0.034816,330.99,0.101376,371.309,0.361472,489.531,1.0967,578.525,3.712,575.232,14.933,
0.0125,0.01024,0.0384615,0.013312,0.181818,0.011264,0.666667,0.012288,2.66667,0.012288,10.6667,0.012288,36.5714,0.014336,120.471,0.017408,248.242,0.033792,334.367,0.100352,370.26,0.362496,489.531,1.0967,578.525,3.712,575.193,14.934,
0.0125,0.01024,0.0416667,0.012288,0.181818,0.011264,0.666667,0.012288,2.66667,0.012288,10.6667,0.012288,36.5714,0.014336,120.471,0.017408,248.242,0.033792,334.367,0.100352,372.364,0.360448,489.531,1.0967,578.684,3.71098,575.232,14.933,
0.0113636,0.011264,0.0416667,0.012288,0.181818,0.011264,0.666667,0.012288,2.66667,0.012288,10.6667,0.012288,39.3846,0.013312,120.471,0.017408,240.941,0.034816,334.367,0.100352,372.364,0.360448,489.989,1.09568,578.365,3.71302,575.232,14.933,
0.0125,0.01024,0.0416667,0.012288,0.181818,0.011264,0.666667,0.012288,2.66667,0.012288,10.6667,0.012288,36.5714,0.014336,120.471,0.017408,240.941,0.034816,334.367,0.100352,371.309,0.361472,488.619,1.09875,579.164,3.7079,575.153,14.935,
0.0125,0.01024,0.0416667,0.012288,0.181818,0.011264,0.666667,0.012288,2.90909,0.011264,10.6667,0.012288,39.3846,0.013312,120.471,0.017408,240.941,0.034816,330.99,0.101376,371.309,0.361472,489.075,1.09773,578.525,3.712,575.153,14.935,
0.0125,0.01024,0.0416667,0.012288,0.181818,0.011264,0.727273,0.011264,2.66667,0.012288,10.6667,0.012288,39.3846,0.013312,120.471,0.017408,240.941,0.034816,334.367,0.100352,370.26,0.362496,488.619,1.09875,577.728,3.71712,575.153,14.935,
0.0113636,0.011264,0.0384615,0.013312,0.166667,0.012288,0.666667,0.012288,2.66667,0.012288,10.6667,0.012288,36.5714,0.014336,120.471,0.017408,248.242,0.033792,334.367,0.100352,372.364,0.360448,489.531,1.0967,577.887,3.7161,575.035,14.9381,
0.0125,0.01024,0.0454545,0.011264,0.181818,0.011264,0.666667,0.012288,2.66667,0.012288,10.6667,0.012288,39.3846,0.013312,120.471,0.017408,240.941,0.034816,334.367,0.100352,370.26,0.362496,489.989,1.09568,578.844,3.70995,575.153,14.935,
0.0113636,0.011264,0.0454545,0.011264,0.166667,0.012288,0.727273,0.011264,2.90909,0.011264,10.6667,0.012288,39.3846,0.013312,120.471,0.017408,240.941,0.034816,334.367,0.100352,369.217,0.36352,489.531,1.0967,578.684,3.71098,575.232,14.933,
0.0125,0.01024,0.0454545,0.011264,0.181818,0.011264,0.666667,0.012288,2.90909,0.011264,10.6667,0.012288,36.5714,0.014336,120.471,0.017408,240.941,0.034816,334.367,0.100352,372.364,0.360448,489.531,1.0967,578.844,3.70995,575.153,14.935,
0.0113636,0.011264,0.0416667,0.012288,0.181818,0.011264,0.666667,0.012288,2.66667,0.012288,10.6667,0.012288,39.3846,0.013312,120.471,0.017408,240.941,0.034816,334.367,0.100352,371.309,0.361472,489.531,1.0967,578.525,3.712,574.917,14.9412,
0.0125,0.01024,0.0454545,0.011264,0.2,0.01024,0.727273,0.011264,2.66667,0.012288,10.6667,0.012288,39.3846,0.013312,120.471,0.017408,248.242,0.033792,330.99,0.101376,372.364,0.360448,489.531,1.0967,579.164,3.7079,575.035,14.9381,
0.0125,0.01024,0.0333333,0.01536,0.181818,0.011264,0.666667,0.012288,2.90909,0.011264,10.6667,0.012288,39.3846,0.013312,120.471,0.017408,240.941,0.034816,337.814,0.099328,371.309,0.361472,489.989,1.09568,578.525,3.712,575.153,14.935,
0.0125,0.01024,0.0454545,0.011264,0.181818,0.011264,0.666667,0.012288,2.66667,0.012288,10.6667,0.012288,39.3846,0.013312,120.471,0.017408,240.941,0.034816,337.814,0.099328,371.309,0.361472,489.531,1.0967,577.728,3.71712,575.114,14.9361,
0.0104167,0.012288,0.0454545,0.011264,0.166667,0.012288,0.666667,0.012288,2.66667,0.012288,10.6667,0.012288,39.3846,0.013312,120.471,0.017408,240.941,0.034816,334.367,0.100352,372.364,0.360448,489.989,1.09568,578.684,3.71098,575.232,14.933,
0.0125,0.01024,0.0454545,0.011264,0.181818,0.011264,0.666667,0.012288,2.66667,0.012288,11.6364,0.011264,36.5714,0.014336,120.471,0.017408,240.941,0.034816,334.367,0.100352,371.309,0.361472,489.989,1.09568,579.004,3.70893,575.153,14.935,
0.0113636,0.011264,0.0454545,0.011264,0.181818,0.011264,0.666667,0.012288,2.90909,0.011264,10.6667,0.012288,39.3846,0.013312,120.471,0.017408,240.941,0.034816,337.814,0.099328,370.26,0.362496,489.989,1.09568,578.844,3.70995,575.271,14.932,
0.0125,0.01024,0.0416667,0.012288,0.181818,0.011264,0.727273,0.011264,2.66667,0.012288,10.6667,0.012288,36.5714,0.014336,120.471,0.017408,240.941,0.034816,330.99,0.101376,371.309,0.361472,489.075,1.09773,578.844,3.70995,575.035,14.9381,
0.0113636,0.011264,0.0416667,0.012288,0.181818,0.011264,0.666667,0.012288,2.66667,0.012288,10.6667,0.012288,39.3846,0.013312,120.471,0.017408,248.242,0.033792,334.367,0.100352,371.309,0.361472,489.531,1.0967,579.004,3.70893,575.074,14.9371,
0.0113636,0.011264,0.0416667,0.012288,0.181818,0.011264,0.727273,0.011264,2.66667,0.012288,10.6667,0.012288,39.3846,0.013312,120.471,0.017408,240.941,0.034816,330.99,0.101376,371.309,0.361472,489.531,1.0967,578.844,3.70995,575.114,14.9361,
0.0125,0.01024,0.0454545,0.011264,0.181818,0.011264,0.666667,0.012288,2.66667,0.012288,10.6667,0.012288,39.3846,0.013312,120.471,0.017408,240.941,0.034816,334.367,0.100352,370.26,0.362496,489.989,1.09568,579.004,3.70893,575.035,14.9381,
0.0125,0.01024,0.0454545,0.011264,0.2,0.01024,0.666667,0.012288,2.90909,0.011264,10.6667,0.012288,39.3846,0.013312,128,0.016384,240.941,0.034816,334.367,0.100352,372.364,0.360448,489.531,1.0967,578.844,3.70995,575.074,14.9371,
0.0125,0.01024,0.0454545,0.011264,0.181818,0.011264,0.666667,0.012288,2.66667,0.012288,10.6667,0.012288,39.3846,0.013312,113.778,0.018432,240.941,0.034816,334.367,0.100352,372.364,0.360448,490.447,1.09466,578.365,3.71302,574.917,14.9412,
0.0125,0.01024,0.0384615,0.013312,0.181818,0.011264,0.666667,0.012288,2.66667,0.012288,10.6667,0.012288,34.1333,0.01536,120.471,0.017408,240.941,0.034816,334.367,0.100352,372.364,0.360448,489.531,1.0967,579.164,3.7079,575.035,14.9381,
0.0125,0.01024,0.0384615,0.013312,0.181818,0.011264,0.727273,0.011264,2.66667,0.012288,10.6667,0.012288,39.3846,0.013312,120.471,0.017408,248.242,0.033792,324.436,0.103424,370.26,0.362496,489.989,1.09568,578.844,3.70995,575.311,14.9309,
0.0125,0.01024,0.0384615,0.013312,0.181818,0.011264,0.666667,0.012288,2.66667,0.012288,10.6667,0.012288,36.5714,0.014336,120.471,0.017408,248.242,0.033792,330.99,0.101376,371.309,0.361472,489.075,1.09773,577.728,3.71712,575.232,14.933,
0.0113636,0.011264,0.0416667,0.012288,0.181818,0.011264,0.666667,0.012288,2.66667,0.012288,10.6667,0.012288,36.5714,0.014336,128,0.016384,248.242,0.033792,334.367,0.100352,372.364,0.360448,488.164,1.09978,578.684,3.71098,575.193,14.934,
0.0125,0.01024,0.0454545,0.011264,0.166667,0.012288,0.533333,0.01536,2.66667,0.012288,10.6667,0.012288,39.3846,0.013312,120.471,0.017408,240.941,0.034816,334.367,0.100352,372.364,0.360448,489.531,1.0967,579.004,3.70893,574.995,14.9391,
0.0125,0.01024,0.0294118,0.017408,0.153846,0.013312,0.666667,0.012288,2.66667,0.012288,10.6667,0.012288,39.3846,0.013312,120.471,0.017408,240.941,0.034816,334.367,0.100352,371.309,0.361472,489.531,1.0967,579.164,3.7079,575.271,14.932,
0.0125,0.01024,0.0416667,0.012288,0.153846,0.013312,0.666667,0.012288,2.66667,0.012288,10.6667,0.012288,36.5714,0.014336,120.471,0.017408,248.242,0.033792,334.367,0.100352,372.364,0.360448,489.075,1.09773,579.004,3.70893,575.193,14.934,
0.0113636,0.011264,0.0416667,0.012288,0.142857,0.014336,0.666667,0.012288,2.66667,0.012288,10.6667,0.012288,36.5714,0.014336,120.471,0.017408,248.242,0.033792,334.367,0.100352,371.309,0.361472,488.619,1.09875,578.684,3.71098,575.193,14.934,
0.0125,0.01024,0.0416667,0.012288,0.181818,0.011264,0.727273,0.011264,2.66667,0.012288,10.6667,0.012288,39.3846,0.013312,120.471,0.017408,248.242,0.033792,334.367,0.100352,369.217,0.36352,489.075,1.09773,578.844,3.70995,575.193,14.934,
0.0113636,0.011264,0.0454545,0.011264,0.181818,0.011264,0.666667,0.012288,2.90909,0.011264,10.6667,0.012288,39.3846,0.013312,120.471,0.017408,240.941,0.034816,330.99,0.101376,371.309,0.361472,489.531,1.0967,579.004,3.70893,575.074,14.9371,
0.0125,0.01024,0.0454545,0.011264,0.2,0.01024,0.727273,0.011264,2.66667,0.012288,10.6667,0.012288,39.3846,0.013312,120.471,0.017408,240.941,0.034816,337.814,0.099328,371.309,0.361472,489.531,1.0967,579.324,3.70688,575.153,14.935,
0.0125,0.01024,0.0416667,0.012288,0.181818,0.011264,0.666667,0.012288,2.66667,0.012288,10.6667,0.012288,39.3846,0.013312,120.471,0.017408,248.242,0.033792,334.367,0.100352,371.309,0.361472,489.989,1.09568,578.844,3.70995,575.114,14.9361,
0.0125,0.01024,0.0416667,0.012288,0.181818,0.011264,0.727273,0.011264,2.66667,0.012288,11.6364,0.011264,39.3846,0.013312,120.471,0.017408,248.242,0.033792,334.367,0.100352,370.26,0.362496,489.075,1.09773,578.844,3.70995,574.72,14.9463,
0.0113636,0.011264,0.0416667,0.012288,0.181818,0.011264,0.666667,0.012288,2.66667,0.012288,10.6667,0.012288,39.3846,0.013312,120.471,0.017408,234.057,0.03584,334.367,0.100352,371.309,0.361472,489.531,1.0967,579.004,3.70893,574.798,14.9443,
0.0125,0.01024,0.0454545,0.011264,0.181818,0.011264,0.727273,0.011264,2.66667,0.012288,10.6667,0.012288,39.3846,0.013312,120.471,0.017408,248.242,0.033792,337.814,0.099328,371.309,0.361472,489.075,1.09773,578.684,3.71098,575.114,14.9361,
0.0125,0.01024,0.0416667,0.012288,0.181818,0.011264,0.666667,0.012288,2.90909,0.011264,10.6667,0.012288,39.3846,0.013312,120.471,0.017408,248.242,0.033792,334.367,0.100352,371.309,0.361472,490.447,1.09466,578.525,3.712,575.153,14.935,
0.0113636,0.011264,0.0454545,0.011264,0.2,0.01024,0.727273,0.011264,2.66667,0.012288,10.6667,0.012288,36.5714,0.014336,120.471,0.017408,240.941,0.034816,334.367,0.100352,371.309,0.361472,489.989,1.09568,578.684,3.71098,575.153,14.935,
0.0125,0.01024,0.0416667,0.012288,0.181818,0.011264,0.666667,0.012288,2.46154,0.013312,10.6667,0.012288,39.3846,0.013312,120.471,0.017408,248.242,0.033792,334.367,0.100352,371.309,0.361472,489.531,1.0967,579.164,3.7079,575.035,14.9381,
0.0125,0.01024,0.0454545,0.011264,0.2,0.01024,0.666667,0.012288,2.66667,0.012288,10.6667,0.012288,39.3846,0.013312,120.471,0.017408,240.941,0.034816,337.814,0.099328,372.364,0.360448,488.164,1.09978,579.164,3.7079,575.35,14.9299,
0.0125,0.01024,0.0416667,0.012288,0.181818,0.011264,0.666667,0.012288,2.66667,0.012288,10.6667,0.012288,36.5714,0.014336,128,0.016384,248.242,0.033792,330.99,0.101376,372.364,0.360448,489.075,1.09773,579.164,3.7079,575.193,14.934,
0.0125,0.01024,0.0454545,0.011264,0.181818,0.011264,0.727273,0.011264,2.66667,0.012288,11.6364,0.011264,39.3846,0.013312,120.471,0.017408,240.941,0.034816,334.367,0.100352,371.309,0.361472,489.989,1.09568,579.004,3.70893,575.271,14.932,
0.0125,0.01024,0.0454545,0.011264,0.181818,0.011264,0.666667,0.012288,2.66667,0.012288,10.6667,0.012288,36.5714,0.014336,120.471,0.017408,248.242,0.033792,330.99,0.101376,370.26,0.362496,489.989,1.09568,578.844,3.70995,575.153,14.935,
0.0125,0.01024,0.0454545,0.011264,0.2,0.01024,0.666667,0.012288,2.66667,0.012288,11.6364,0.011264,36.5714,0.014336,120.471,0.017408,248.242,0.033792,330.99,0.101376,372.364,0.360448,490.447,1.09466,578.684,3.71098,575.074,14.9371,
0.0113636,0.011264,0.0416667,0.012288,0.181818,0.011264,0.666667,0.012288,2.66667,0.012288,9.84615,0.013312,36.5714,0.014336,120.471,0.017408,240.941,0.034816,337.814,0.099328,372.364,0.360448,490.447,1.09466,578.684,3.71098,575.114,14.9361,
0.0125,0.01024,0.0384615,0.013312,0.2,0.01024,0.666667,0.012288,2.66667,0.012288,10.6667,0.012288,36.5714,0.014336,128,0.016384,248.242,0.033792,330.99,0.101376,372.364,0.360448,489.989,1.09568,578.525,3.712,575.114,14.9361,
0.0113636,0.011264,0.0384615,0.013312,0.181818,0.011264,0.666667,0.012288,2.66667,0.012288,10.6667,0.012288,36.5714,0.014336,120.471,0.017408,240.941,0.034816,334.367,0.100352,371.309,0.361472,490.447,1.09466,578.684,3.71098,575.114,14.9361,
0.0125,0.01024,0.0454545,0.011264,0.181818,0.011264,0.727273,0.011264,2.66667,0.012288,11.6364,0.011264,36.5714,0.014336,120.471,0.017408,240.941,0.034816,334.367,0.100352,371.309,0.361472,489.989,1.09568,578.844,3.70995,575.193,14.934,
0.0113636,0.011264,0.0416667,0.012288,0.181818,0.011264,0.533333,0.01536,2.90909,0.011264,10.6667,0.012288,39.3846,0.013312,120.471,0.017408,240.941,0.034816,334.367,0.100352,372.364,0.360448,490.447,1.09466,579.004,3.70893,575.114,14.9361,
0.0113636,0.011264,0.0454545,0.011264,0.2,0.01024,0.666667,0.012288,2.66667,0.012288,10.6667,0.012288,39.3846,0.013312,120.471,0.017408,240.941,0.034816,334.367,0.100352,371.309,0.361472,489.989,1.09568,579.324,3.70688,574.995,14.9391,
0.0113636,0.011264,0.0416667,0.012288,0.166667,0.012288,0.666667,0.012288,2.90909,0.011264,10.6667,0.012288,39.3846,0.013312,120.471,0.017408,240.941,0.034816,334.367,0.100352,371.309,0.361472,489.531,1.0967,579.004,3.70893,575.153,14.935,
0.0125,0.01024,0.0416667,0.012288,0.010929,0.187392,0.666667,0.012288,2.66667,0.012288,10.6667,0.012288,39.3846,0.013312,120.471,0.017408,240.941,0.034816,334.367,0.100352,372.364,0.360448,489.989,1.09568,579.324,3.70688,575.114,14.9361,
0.0113636,0.011264,0.0416667,0.012288,0.142857,0.014336,0.727273,0.011264,2.66667,0.012288,10.6667,0.012288,39.3846,0.013312,120.471,0.017408,248.242,0.033792,334.367,0.100352,372.364,0.360448,490.906,1.09363,579.004,3.70893,575.35,14.9299,
0.0125,0.01024,0.05,0.01024,0.181818,0.011264,0.727273,0.011264,2.66667,0.012288,11.6364,0.011264,39.3846,0.013312,128,0.016384,240.941,0.034816,334.367,0.100352,371.309,0.361472,490.447,1.09466,578.844,3.70995,574.838,14.9432,
0.0113636,0.011264,0.0416667,0.012288,0.181818,0.011264,0.666667,0.012288,2.66667,0.012288,10.6667,0.012288,39.3846,0.013312,120.471,0.017408,248.242,0.033792,330.99,0.101376,371.309,0.361472,490.447,1.09466,578.844,3.70995,574.484,14.9524,
0.0113636,0.011264,0.0454545,0.011264,0.181818,0.011264,0.727273,0.011264,2.66667,0.012288,10.6667,0.012288,36.5714,0.014336,113.778,0.018432,248.242,0.033792,334.367,0.100352,371.309,0.361472,490.447,1.09466,579.004,3.70893,574.444,14.9535,
0.0125,0.01024,0.0416667,0.012288,0.181818,0.011264,0.666667,0.012288,2.90909,0.011264,10.6667,0.012288,36.5714,0.014336,120.471,0.017408,240.941,0.034816,334.367,0.100352,373.424,0.359424,490.447,1.09466,578.525,3.712,574.365,14.9555,
0.0125,0.01024,0.05,0.01024,0.181818,0.011264,0.666667,0.012288,2.66667,0.012288,10.6667,0.012288,36.5714,0.014336,120.471,0.017408,227.556,0.036864,337.814,0.099328,371.309,0.361472,490.447,1.09466,579.164,3.7079,574.365,14.9555,
0.0113636,0.011264,0.0416667,0.012288,0.181818,0.011264,0.666667,0.012288,2.66667,0.012288,10.6667,0.012288,39.3846,0.013312,120.471,0.017408,234.057,0.03584,330.99,0.101376,372.364,0.360448,489.989,1.09568,578.844,3.70995,574.562,14.9504,
0.0125,0.01024,0.0454545,0.011264,0.166667,0.012288,0.666667,0.012288,2.66667,0.012288,10.6667,0.012288,36.5714,0.014336,120.471,0.017408,248.242,0.033792,330.99,0.101376,372.364,0.360448,490.447,1.09466,578.844,3.70995,574.602,14.9494,
0.0113636,0.011264,0.0416667,0.012288,0.181818,0.011264,0.666667,0.012288,2.90909,0.011264,10.6667,0.012288,39.3846,0.013312,120.471,0.017408,248.242,0.033792,334.367,0.100352,372.364,0.360448,490.447,1.09466,578.844,3.70995,574.602,14.9494,
0.0113636,0.011264,0.0416667,0.012288,0.181818,0.011264,0.727273,0.011264,2.66667,0.012288,10.6667,0.012288,36.5714,0.014336,120.471,0.017408,248.242,0.033792,337.814,0.099328,371.309,0.361472,489.531,1.0967,578.684,3.71098,574.287,14.9576,
0.0125,0.01024,0.0454545,0.011264,0.181818,0.011264,0.666667,0.012288,2.66667,0.012288,10.6667,0.012288,39.3846,0.013312,120.471,0.017408,240.941,0.034816,334.367,0.100352,371.309,0.361472,487.71,1.1008,579.004,3.70893,574.326,14.9565,
0.0125,0.01024,0.0454545,0.011264,0.2,0.01024,0.666667,0.012288,2.66667,0.012288,10.6667,0.012288,39.3846,0.013312,128,0.016384,248.242,0.033792,334.367,0.100352,372.364,0.360448,487.71,1.1008,579.004,3.70893,574.405,14.9545,
0.0113636,0.011264,0.0454545,0.011264,0.181818,0.011264,0.666667,0.012288,2.66667,0.012288,10.6667,0.012288,36.5714,0.014336,120.471,0.017408,240.941,0.034816,334.367,0.100352,370.26,0.362496,488.164,1.09978,579.004,3.70893,574.484,14.9524,
0.0125,0.01024,0.0454545,0.011264,0.2,0.01024,0.727273,0.011264,2.66667,0.012288,10.6667,0.012288,36.5714,0.014336,120.471,0.017408,240.941,0.034816,334.367,0.100352,372.364,0.360448,488.619,1.09875,579.004,3.70893,574.484,14.9524,
0.0113636,0.011264,0.0416667,0.012288,0.181818,0.011264,0.666667,0.012288,2.66667,0.012288,10.6667,0.012288,36.5714,0.014336,120.471,0.017408,240.941,0.034816,334.367,0.100352,372.364,0.360448,488.619,1.09875,578.844,3.70995,574.523,14.9514,
0.0125,0.01024,0.0416667,0.012288,0.2,0.01024,0.666667,0.012288,2.66667,0.012288,10.6667,0.012288,39.3846,0.013312,128,0.016384,240.941,0.034816,337.814,0.099328,372.364,0.360448,489.075,1.09773,579.004,3.70893,574.444,14.9535,
0.0113636,0.011264,0.0384615,0.013312,0.181818,0.011264,0.666667,0.012288,2.66667,0.012288,9.84615,0.013312,36.5714,0.014336,120.471,0.017408,248.242,0.033792,334.367,0.100352,371.309,0.361472,488.619,1.09875,578.525,3.712,574.562,14.9504,
0.0125,0.01024,0.0416667,0.012288,0.181818,0.011264,0.666667,0.012288,2.66667,0.012288,10.6667,0.012288,36.5714,0.014336,120.471,0.017408,240.941,0.034816,334.367,0.100352,371.309,0.361472,489.531,1.0967,578.844,3.70995,574.523,14.9514,
0.0125,0.01024,0.0384615,0.013312,0.181818,0.011264,0.666667,0.012288,2.90909,0.011264,10.6667,0.012288,39.3846,0.013312,120.471,0.017408,240.941,0.034816,334.367,0.100352,371.309,0.361472,556.569,0.964608,578.525,3.712,574.562,14.9504,
0.0125,0.01024,0.03125,0.016384,0.181818,0.011264,0.727273,0.011264,2.66667,0.012288,10.6667,0.012288,39.3846,0.013312,128,0.016384,248.242,0.033792,334.367,0.100352,371.309,0.361472,580.607,0.924672,578.525,3.712,574.365,14.9555,
0.0125,0.01024,0.0416667,0.012288,0.181818,0.011264,0.470588,0.017408,2.66667,0.012288,10.6667,0.012288,39.3846,0.013312,120.471,0.017408,240.941,0.034816,334.367,0.100352,370.26,0.362496,580.607,0.924672,579.004,3.70893,574.602,14.9494,
0.0125,0.01024,0.0454545,0.011264,0.181818,0.011264,0.666667,0.012288,2.66667,0.012288,11.6364,0.011264,36.5714,0.014336,128,0.016384,240.941,0.034816,330.99,0.101376,371.309,0.361472,580.607,0.924672,578.684,3.71098,574.405,14.9545,
0.0113636,0.011264,0.0416667,0.012288,0.181818,0.011264,0.727273,0.011264,2.90909,0.011264,10.6667,0.012288,36.5714,0.014336,120.471,0.017408,248.242,0.033792,334.367,0.100352,371.309,0.361472,580.607,0.924672,578.844,3.70995,574.326,14.9565,
0.0125,0.01024,0.0454545,0.011264,0.181818,0.011264,0.727273,0.011264,2.66667,0.012288,10.6667,0.012288,39.3846,0.013312,120.471,0.017408,240.941,0.034816,334.367,0.100352,372.364,0.360448,579.965,0.925696,578.684,3.71098,574.444,14.9535,
0.0113636,0.011264,0.0454545,0.011264,0.181818,0.011264,0.727273,0.011264,2.66667,0.012288,10.6667,0.012288,36.5714,0.014336,120.471,0.017408,240.941,0.034816,334.367,0.100352,370.26,0.362496,580.607,0.924672,579.004,3.70893,574.444,14.9535,
0.0125,0.01024,0.05,0.01024,0.181818,0.011264,0.666667,0.012288,2.66667,0.012288,10.6667,0.012288,39.3846,0.013312,113.778,0.018432,240.941,0.034816,334.367,0.100352,371.309,0.361472,579.965,0.925696,579.004,3.70893,574.405,14.9545,
0.0113636,0.011264,0.0416667,0.012288,0.181818,0.011264,0.666667,0.012288,2.90909,0.011264,10.6667,0.012288,36.5714,0.014336,120.471,0.017408,240.941,0.034816,334.367,0.100352,371.309,0.361472,580.607,0.924672,578.525,3.712,574.562,14.9504,
0.0113636,0.011264,0.0454545,0.011264,0.2,0.01024,0.666667,0.012288,2.66667,0.012288,10.6667,0.012288,36.5714,0.014336,128,0.016384,240.941,0.034816,334.367,0.100352,369.217,0.36352,580.607,0.924672,578.844,3.70995,574.484,14.9524,
0.0113636,0.011264,0.0416667,0.012288,0.181818,0.011264,0.666667,0.012288,2.66667,0.012288,10.6667,0.012288,39.3846,0.013312,120.471,0.017408,240.941,0.034816,330.99,0.101376,372.364,0.360448,580.607,0.924672,578.844,3.70995,574.405,14.9545,
0.0125,0.01024,0.0454545,0.011264,0.2,0.01024,0.666667,0.012288,2.66667,0.012288,10.6667,0.012288,39.3846,0.013312,120.471,0.017408,248.242,0.033792,334.367,0.100352,372.364,0.360448,580.607,0.924672,578.844,3.70995,574.602,14.9494,
0.0113636,0.011264,0.0384615,0.013312,0.181818,0.011264,0.666667,0.012288,2.66667,0.012288,10.6667,0.012288,36.5714,0.014336,120.471,0.017408,234.057,0.03584,334.367,0.100352,371.309,0.361472,580.607,0.924672,578.844,3.70995,574.877,14.9422,
0.0113636,0.011264,0.0454545,0.011264,0.2,0.01024,0.727273,0.011264,2.66667,0.012288,10.6667,0.012288,36.5714,0.014336,128,0.016384,248.242,0.033792,334.367,0.100352,372.364,0.360448,582.542,0.9216,578.844,3.70995,574.877,14.9422,
0.0113636,0.011264,0.0454545,0.011264,0.181818,0.011264,0.666667,0.012288,2.66667,0.012288,9.84615,0.013312,36.5714,0.014336,113.778,0.018432,240.941,0.034816,337.814,0.099328,371.309,0.361472,584.491,0.918528,579.004,3.70893,574.956,14.9402,
0.0125,0.01024,0.0454545,0.011264,0.2,0.01024,0.727273,0.011264,2.66667,0.012288,10.6667,0.012288,36.5714,0.014336,128,0.016384,234.057,0.03584,334.367,0.100352,372.364,0.360448,583.19,0.920576,579.004,3.70893,574.995,14.9391,
0.0125,0.01024,0.0416667,0.012288,0.181818,0.011264,0.666667,0.012288,2.66667,0.012288,10.6667,0.012288,39.3846,0.013312,120.471,0.017408,248.242,0.033792,334.367,0.100352,371.309,0.361472,583.84,0.919552,579.324,3.70688,575.153,14.935,
0.0113636,0.011264,0.0454545,0.011264,0.181818,0.011264,0.666667,0.012288,2.66667,0.012288,10.6667,0.012288,36.5714,0.014336,120.471,0.017408,248.242,0.033792,330.99,0.101376,371.309,0.361472,584.491,0.918528,578.844,3.70995,575.271,14.932,
0.0113636,0.011264,0.0454545,0.011264,0.181818,0.011264,0.666667,0.012288,2.90909,0.011264,9.84615,0.013312,39.3846,0.013312,120.471,0.017408,248.242,0.033792,334.367,0.100352,371.309,0.361472,584.491,0.918528,579.004,3.70893,575.153,14.935,
0.0125,0.01024,0.0384615,0.013312,0.181818,0.011264,0.727273,0.011264,2.66667,0.012288,10.6667,0.012288,36.5714,0.014336,120.471,0.017408,240.941,0.034816,337.814,0.099328,371.309,0.361472,584.491,0.918528,578.684,3.71098,575.153,14.935,
0.0125,0.01024,0.0384615,0.013312,0.181818,0.011264,0.666667,0.012288,2.66667,0.012288,10.6667,0.012288,39.3846,0.013312,120.471,0.017408,248.242,0.033792,334.367,0.100352,371.309,0.361472,584.491,0.918528,578.844,3.70995,575.074,14.9371,
0.0113636,0.011264,0.05,0.01024,0.2,0.01024,0.666667,0.012288,2.66667,0.012288,10.6667,0.012288,39.3846,0.013312,120.471,0.017408,240.941,0.034816,327.68,0.1024,360.088,0.372736,571.12,0.940032,578.046,3.71507,574.68,14.9473,
0.0113636,0.011264,0.0454545,0.011264,0.181818,0.011264,0.666667,0.012288,2.66667,0.012288,10.6667,0.012288,39.3846,0.013312,120.471,0.017408,234.057,0.03584,327.68,0.1024,247.773,0.541696,576.141,0.93184,578.684,3.71098,574.995,14.9391,
0.0113636,0.011264,0.05,0.01024,0.181818,0.011264,0.727273,0.011264,2.66667,0.012288,10.6667,0.012288,39.3846,0.013312,120.471,0.017408,234.057,0.03584,327.68,0.1024,366.123,0.366592,575.508,0.932864,578.844,3.70995,574.995,14.9391,
0.0113636,0.011264,0.0454545,0.011264,0.181818,0.011264,0.666667,0.012288,2.66667,0.012288,10.6667,0.012288,39.3846,0.013312,120.471,0.017408,240.941,0.034816,327.68,0.1024,365.103,0.367616,574.877,0.933888,578.844,3.70995,575.035,14.9381,
0.0125,0.01024,0.05,0.01024,0.181818,0.011264,0.727273,0.011264,2.66667,0.012288,11.6364,0.011264,34.1333,0.01536,120.471,0.017408,234.057,0.03584,327.68,0.1024,365.103,0.367616,576.774,0.930816,579.004,3.70893,575.153,14.935,
0.0113636,0.011264,0.0454545,0.011264,0.181818,0.011264,0.666667,0.012288,2.66667,0.012288,10.6667,0.012288,39.3846,0.013312,120.471,0.017408,240.941,0.034816,324.436,0.103424,365.103,0.367616,576.774,0.930816,578.365,3.71302,575.193,14.934,
0.0125,0.01024,0.05,0.01024,0.2,0.01024,0.727273,0.011264,2.90909,0.011264,10.6667,0.012288,39.3846,0.013312,120.471,0.017408,234.057,0.03584,327.68,0.1024,365.103,0.367616,576.141,0.93184,579.004,3.70893,575.074,14.9371,
0.0113636,0.011264,0.0454545,0.011264,0.181818,0.011264,0.666667,0.012288,2.66667,0.012288,10.6667,0.012288,39.3846,0.013312,120.471,0.017408,234.057,0.03584,330.99,0.101376,366.123,0.366592,576.774,0.930816,578.684,3.71098,575.232,14.933,
0.0125,0.01024,0.0454545,0.011264,0.2,0.01024,0.727273,0.011264,2.46154,0.013312,10.6667,0.012288,36.5714,0.014336,120.471,0.017408,240.941,0.034816,324.436,0.103424,365.103,0.367616,576.774,0.930816,579.164,3.7079,575.035,14.9381,
0.0113636,0.011264,0.05,0.01024,0.2,0.01024,0.727273,0.011264,2.66667,0.012288,10.6667,0.012288,36.5714,0.014336,128,0.016384,240.941,0.034816,327.68,0.1024,366.123,0.366592,576.774,0.930816,578.684,3.71098,575.114,14.9361,
0.0113636,0.011264,0.0454545,0.011264,0.181818,0.011264,0.727273,0.011264,2.66667,0.012288,10.6667,0.012288,36.5714,0.014336,120.471,0.017408,234.057,0.03584,324.436,0.103424,365.103,0.367616,576.774,0.930816,578.844,3.70995,575.311,14.9309,
0.0125,0.01024,0.05,0.01024,0.181818,0.011264,0.666667,0.012288,2.66667,0.012288,9.84615,0.013312,36.5714,0.014336,120.471,0.017408,234.057,0.03584,327.68,0.1024,365.103,0.367616,576.774,0.930816,578.046,3.71507,575.232,14.933,
0.0125,0.01024,0.05,0.01024,0.181818,0.011264,0.727273,0.011264,2.66667,0.012288,10.6667,0.012288,39.3846,0.013312,120.471,0.017408,240.941,0.034816,327.68,0.1024,366.123,0.366592,576.141,0.93184,577.41,3.71917,575.153,14.935,
0.0113636,0.011264,0.0454545,0.011264,0.181818,0.011264,0.666667,0.012288,2.66667,0.012288,10.6667,0.012288,36.5714,0.014336,120.471,0.017408,240.941,0.034816,330.99,0.101376,365.103,0.367616,576.141,0.93184,578.365,3.71302,575.114,14.9361,
0.0113636,0.011264,0.0454545,0.011264,0.181818,0.011264,0.727273,0.011264,2.66667,0.012288,10.6667,0.012288,36.5714,0.014336,120.471,0.017408,240.941,0.034816,327.68,0.1024,366.123,0.366592,576.774,0.930816,578.525,3.712,575.114,14.9361,
0.0125,0.01024,0.05,0.01024,0.181818,0.011264,0.666667,0.012288,2.66667,0.012288,9.84615,0.013312,39.3846,0.013312,120.471,0.017408,240.941,0.034816,330.99,0.101376,365.103,0.367616,576.774,0.930816,578.365,3.71302,575.074,14.9371,
0.0113636,0.011264,0.0454545,0.011264,0.2,0.01024,0.727273,0.011264,2.66667,0.012288,11.6364,0.011264,36.5714,0.014336,120.471,0.017408,240.941,0.034816,327.68,0.1024,365.103,0.367616,576.141,0.93184,578.844,3.70995,575.232,14.933,
0.0125,0.01024,0.05,0.01024,0.181818,0.011264,0.666667,0.012288,2.90909,0.011264,9.84615,0.013312,36.5714,0.014336,120.471,0.017408,234.057,0.03584,327.68,0.1024,366.123,0.366592,576.774,0.930816,578.684,3.71098,575.311,14.9309,
0.0113636,0.011264,0.05,0.01024,0.2,0.01024,0.727273,0.011264,2.66667,0.012288,10.6667,0.012288,36.5714,0.014336,120.471,0.017408,240.941,0.034816,330.99,0.101376,366.123,0.366592,576.774,0.930816,578.844,3.70995,575.193,14.934,
0.0125,0.01024,0.05,0.01024,0.181818,0.011264,0.666667,0.012288,2.66667,0.012288,10.6667,0.012288,39.3846,0.013312,120.471,0.017408,227.556,0.036864,327.68,0.1024,366.123,0.366592,575.508,0.932864,578.844,3.70995,575.271,14.932,
0.0113636,0.011264,0.05,0.01024,0.181818,0.011264,0.727273,0.011264,2.66667,0.012288,10.6667,0.012288,36.5714,0.014336,120.471,0.017408,240.941,0.034816,327.68,0.1024,366.123,0.366592,573.619,0.935936,578.206,3.71405,575.074,14.9371,
0.0113636,0.011264,0.0454545,0.011264,0.181818,0.011264,0.666667,0.012288,2.66667,0.012288,10.6667,0.012288,39.3846,0.013312,120.471,0.017408,240.941,0.034816,327.68,0.1024,366.123,0.366592,575.508,0.932864,578.844,3.70995,575.193,14.934,
0.0125,0.01024,0.0454545,0.011264,0.181818,0.011264,0.727273,0.011264,2.66667,0.012288,10.6667,0.012288,39.3846,0.013312,120.471,0.017408,234.057,0.03584,330.99,0.101376,367.148,0.365568,574.877,0.933888,579.004,3.70893,575.232,14.933,
0.0125,0.01024,0.05,0.01024,0.181818,0.011264,0.666667,0.012288,2.66667,0.012288,10.6667,0.012288,39.3846,0.013312,120.471,0.017408,240.941,0.034816,327.68,0.1024,366.123,0.366592,574.877,0.933888,578.684,3.71098,575.193,14.934,
0.0125,0.01024,0.0454545,0.011264,0.2,0.01024,0.727273,0.011264,2.66667,0.012288,10.6667,0.012288,36.5714,0.014336,120.471,0.017408,240.941,0.034816,327.68,0.1024,365.103,0.367616,574.877,0.933888,578.684,3.71098,575.232,14.933,
0.0113636,0.011264,0.0454545,0.011264,0.181818,0.011264,0.666667,0.012288,2.90909,0.011264,8.53333,0.01536,36.5714,0.014336,120.471,0.017408,234.057,0.03584,327.68,0.1024,365.103,0.367616,574.877,0.933888,579.004,3.70893,575.232,14.933,
0.0125,0.01024,0.0454545,0.011264,0.181818,0.011264,0.666667,0.012288,2.66667,0.012288,10.6667,0.012288,34.1333,0.01536,120.471,0.017408,240.941,0.034816,327.68,0.1024,365.103,0.367616,574.877,0.933888,578.844,3.70995,575.311,14.9309,
0.0113636,0.011264,0.0454545,0.011264,0.181818,0.011264,0.666667,0.012288,2.66667,0.012288,10.6667,0.012288,36.5714,0.014336,120.471,0.017408,234.057,0.03584,327.68,0.1024,365.103,0.367616,576.141,0.93184,579.004,3.70893,575.114,14.9361,
0.0125,0.01024,0.05,0.01024,0.181818,0.011264,0.666667,0.012288,2.66667,0.012288,10.6667,0.012288,39.3846,0.013312,128,0.016384,240.941,0.034816,330.99,0.101376,366.123,0.366592,576.141,0.93184,578.844,3.70995,575.232,14.933,
0.0113636,0.011264,0.05,0.01024,0.181818,0.011264,0.666667,0.012288,2.66667,0.012288,10.6667,0.012288,39.3846,0.013312,120.471,0.017408,234.057,0.03584,327.68,0.1024,366.123,0.366592,575.508,0.932864,578.365,3.71302,575.035,14.9381,
0.0113636,0.011264,0.05,0.01024,0.181818,0.011264,0.666667,0.012288,2.66667,0.012288,11.6364,0.011264,32,0.016384,120.471,0.017408,234.057,0.03584,273.067,0.12288,366.123,0.366592,574.877,0.933888,579.004,3.70893,575.193,14.934,
0.0125,0.01024,0.05,0.01024,0.181818,0.011264,0.666667,0.012288,2.66667,0.012288,10.6667,0.012288,39.3846,0.013312,120.471,0.017408,240.941,0.034816,315.077,0.106496,366.123,0.366592,576.141,0.93184,578.365,3.71302,575.193,14.934,
0.0113636,0.011264,0.0454545,0.011264,0.181818,0.011264,0.727273,0.011264,2.66667,0.012288,10.6667,0.012288,39.3846,0.013312,120.471,0.017408,234.057,0.03584,327.68,0.1024,366.123,0.366592,575.508,0.932864,577.728,3.71712,575.114,14.9361,
0.0125,0.01024,0.05,0.01024,0.181818,0.011264,0.666667,0.012288,2.66667,0.012288,10.6667,0.012288,36.5714,0.014336,120.471,0.017408,240.941,0.034816,330.99,0.101376,366.123,0.366592,575.508,0.932864,578.525,3.712,575.114,14.9361,
0.0113636,0.011264,0.0454545,0.011264,0.2,0.01024,0.666667,0.012288,2.66667,0.012288,10.6667,0.012288,39.3846,0.013312,128,0.016384,234.057,0.03584,327.68,0.1024,365.103,0.367616,575.508,0.932864,578.844,3.70995,575.271,14.932,
0.0125,0.01024,0.05,0.01024,0.181818,0.011264,0.727273,0.011264,2.66667,0.012288,10.6667,0.012288,36.5714,0.014336,120.471,0.017408,234.057,0.03584,327.68,0.1024,365.103,0.367616,576.141,0.93184,578.525,3.712,575.271,14.932,
0.0113636,0.011264,0.05,0.01024,0.181818,0.011264,0.727273,0.011264,2.66667,0.012288,10.6667,0.012288,36.5714,0.014336,120.471,0.017408,240.941,0.034816,330.99,0.101376,366.123,0.366592,575.508,0.932864,578.844,3.70995,575.193,14.934,
0.0125,0.01024,0.0454545,0.011264,0.181818,0.011264,0.666667,0.012288,2.13333,0.01536,10.6667,0.012288,36.5714,0.014336,113.778,0.018432,240.941,0.034816,324.436,0.103424,366.123,0.366592,576.141,0.93184,578.525,3.712,575.35,14.9299,
0.0125,0.01024,0.05,0.01024,0.2,0.01024,0.727273,0.011264,2.66667,0.012288,10.6667,0.012288,36.5714,0.014336,120.471,0.017408,240.941,0.034816,324.436,0.103424,365.103,0.367616,575.508,0.932864,578.684,3.71098,575.035,14.9381,
0.0125,0.01024,0.0454545,0.011264,0.166667,0.012288,0.666667,0.012288,2.66667,0.012288,10.6667,0.012288,36.5714,0.014336,120.471,0.017408,234.057,0.03584,327.68,0.1024,364.089,0.36864,575.508,0.932864,578.684,3.71098,575.271,14.932,
0.0113636,0.011264,0.05,0.01024,0.2,0.01024,0.727273,0.011264,2.66667,0.012288,10.6667,0.012288,36.5714,0.014336,120.471,0.017408,240.941,0.034816,327.68,0.1024,367.148,0.365568,576.141,0.93184,578.844,3.70995,575.193,14.934,
0.0125,0.01024,0.05,0.01024,0.181818,0.011264,0.666667,0.012288,2.66667,0.012288,10.6667,0.012288,39.3846,0.013312,120.471,0.017408,240.941,0.034816,327.68,0.1024,369.217,0.36352,576.141,0.93184,579.004,3.70893,575.153,14.935,
0.0113636,0.011264,0.0454545,0.011264,0.181818,0.011264,0.727273,0.011264,2.66667,0.012288,10.6667,0.012288,34.1333,0.01536,120.471,0.017408,234.057,0.03584,327.68,0.1024,369.217,0.36352,574.877,0.933888,579.004,3.70893,575.153,14.935,
0.0125,0.01024,0.05,0.01024,0.181818,0.011264,0.666667,0.012288,2.66667,0.012288,10.6667,0.012288,36.5714,0.014336,120.471,0.017408,234.057,0.03584,327.68,0.1024,369.217,0.36352,577.41,0.929792,578.525,3.712,575.153,14.935,
0.0113636,0.011264,0.05,0.01024,0.2,0.01024,0.666667,0.012288,2.66667,0.012288,10.6667,0.012288,36.5714,0.014336,120.471,0.017408,240.941,0.034816,330.99,0.101376,369.217,0.36352,578.684,0.927744,579.004,3.70893,574.72,14.9463,
0.0125,0.01024,0.0454545,0.011264,0.181818,0.011264,0.666667,0.012288,2.66667,0.012288,10.6667,0.012288,39.3846,0.013312,120.471,0.017408,240.941,0.034816,330.99,0.101376,370.26,0.362496,578.684,0.927744,578.844,3.70995,572.797,14.9965,
0.0113636,0.011264,0.05,0.01024,0.181818,0.011264,0.727273,0.011264,2.66667,0.012288,11.6364,0.011264,36.5714,0.014336,120.471,0.017408,234.057,0.03584,321.255,0.104448,370.26,0.362496,579.324,0.92672,578.844,3.70995,572.679,14.9996,
0.0113636,0.011264,0.0454545,0.011264,0.181818,0.011264,0.666667,0.012288,2.66667,0.012288,10.6667,0.012288,34.1333,0.01536,113.778,0.018432,227.556,0.036864,330.99,0.101376,370.26,0.362496,579.324,0.92672,578.525,3.712,574.602,14.9494,
0.0125,0.01024,0.05,0.01024,0.2,0.01024,0.727273,0.011264,2.66667,0.012288,10.6667,0.012288,39.3846,0.013312,120.471,0.017408,240.941,0.034816,327.68,0.1024,370.26,0.362496,579.324,0.92672,578.046,3.71507,574.917,14.9412,
0.0113636,0.011264,0.0454545,0.011264,0.181818,0.011264,0.666667,0.012288,2.90909,0.011264,10.6667,0.012288,36.5714,0.014336,120.471,0.017408,240.941,0.034816,330.99,0.101376,370.26,0.362496,579.324,0.92672,577.41,3.71917,574.365,14.9555,
0.0125,0.01024,0.05,0.01024,0.181818,0.011264,0.666667,0.012288,2.66667,0.012288,10.6667,0.012288,36.5714,0.014336,120.471,0.017408,240.941,0.034816,327.68,0.1024,369.217,0.36352,578.684,0.927744,578.525,3.712,573.815,14.9699,
0.0113636,0.011264,0.0454545,0.011264,0.181818,0.011264,0.666667,0.012288,2.66667,0.012288,10.6667,0.012288,34.1333,0.01536,120.471,0.017408,240.941,0.034816,327.68,0.1024,369.217,0.36352,579.324,0.92672,578.684,3.71098,574.484,14.9524,
0.0125,0.01024,0.05,0.01024,0.2,0.01024,0.727273,0.011264,2.66667,0.012288,10.6667,0.012288,36.5714,0.014336,120.471,0.017408,240.941,0.034816,327.68,0.1024,369.217,0.36352,578.684,0.927744,579.004,3.70893,574.602,14.9494,
0.0113636,0.011264,0.0454545,0.011264,0.181818,0.011264,0.666667,0.012288,2.66667,0.012288,10.6667,0.012288,36.5714,0.014336,120.471,0.017408,227.556,0.036864,330.99,0.101376,369.217,0.36352,578.046,0.928768,578.525,3.712,574.444,14.9535,
0.0125,0.01024,0.05,0.01024,0.2,0.01024,0.727273,0.011264,2.66667,0.012288,10.6667,0.012288,39.3846,0.013312,120.471,0.017408,234.057,0.03584,330.99,0.101376,369.217,0.36352,576.141,0.93184,578.525,3.712,574.326,14.9565,
0.0125,0.01024,0.05,0.01024,0.181818,0.011264,0.666667,0.012288,2.66667,0.012288,10.6667,0.012288,36.5714,0.014336,120.471,0.017408,234.057,0.03584,327.68,0.1024,369.217,0.36352,578.046,0.928768,578.684,3.71098,574.444,14.9535,
0.0125,0.01024,0.0454545,0.011264,0.153846,0.013312,0.727273,0.011264,2.66667,0.012288,10.6667,0.012288,36.5714,0.014336,120.471,0.017408,240.941,0.034816,330.99,0.101376,369.217,0.36352,576.141,0.93184,578.525,3.712,574.326,14.9565,
0.0113636,0.011264,0.05,0.01024,0.181818,0.011264,0.666667,0.012288,2.66667,0.012288,9.84615,0.013312,39.3846,0.013312,120.471,0.017408,240.941,0.034816,327.68,0.1024,371.309,0.361472,576.141,0.93184,578.365,3.71302,574.287,14.9576,
0.0125,0.01024,0.05,0.01024,0.181818,0.011264,0.727273,0.011264,2.66667,0.012288,10.6667,0.012288,36.5714,0.014336,120.471,0.017408,240.941,0.034816,330.99,0.101376,370.26,0.362496,576.774,0.930816,578.684,3.71098,574.365,14.9555,
0.0113636,0.011264,0.0454545,0.011264,0.181818,0.011264,0.666667,0.012288,2.66667,0.012288,10.6667,0.012288,39.3846,0.013312,120.471,0.017408,234.057,0.03584,327.68,0.1024,369.217,0.36352,576.774,0.930816,578.844,3.70995,574.287,14.9576,
0.0125,0.01024,0.05,0.01024,0.2,0.01024,0.727273,0.011264,2.66667,0.012288,10.6667,0.012288,36.5714,0.014336,120.471,0.017408,234.057,0.03584,327.68,0.1024,369.217,0.36352,577.41,0.929792,578.684,3.71098,574.247,14.9586,
0.0113636,0.011264,0.05,0.01024,0.181818,0.011264,0.666667,0.012288,2.66667,0.012288,10.6667,0.012288,39.3846,0.013312,120.471,0.017408,240.941,0.034816,327.68,0.1024,369.217,0.36352,578.684,0.927744,578.525,3.712,574.247,14.9586,
0.0113636,0.011264,0.05,0.01024,0.181818,0.011264,0.727273,0.011264,2.46154,0.013312,10.6667,0.012288,39.3846,0.013312,120.471,0.017408,227.556,0.036864,327.68,0.1024,370.26,0.362496,579.324,0.92672,579.004,3.70893,574.444,14.9535,
0.0113636,0.011264,0.0454545,0.011264,0.2,0.01024,0.666667,0.012288,2.66667,0.012288,9.84615,0.013312,39.3846,0.013312,120.471,0.017408,240.941,0.034816,327.68,0.1024,369.217,0.36352,579.324,0.92672,578.684,3.71098,574.405,14.9545,
0.0125,0.01024,0.05,0.01024,0.2,0.01024,0.727273,0.011264,2.46154,0.013312,10.6667,0.012288,36.5714,0.014336,120.471,0.017408,227.556,0.036864,327.68,0.1024,370.26,0.362496,579.965,0.925696,578.684,3.71098,574.562,14.9504,
0.0113636,0.011264,0.0454545,0.011264,0.181818,0.011264,0.666667,0.012288,2.90909,0.011264,10.6667,0.012288,36.5714,0.014336,120.471,0.017408,234.057,0.03584,330.99,0.101376,369.217,0.36352,579.324,0.92672,578.684,3.71098,574.405,14.9545,
0.0125,0.01024,0.05,0.01024,0.2,0.01024,0.666667,0.012288,2.66667,0.012288,10.6667,0.012288,39.3846,0.013312,120.471,0.017408,234.057,0.03584,327.68,0.1024,370.26,0.362496,578.046,0.928768,578.525,3.712,574.602,14.9494,
0.0125,0.01024,0.0454545,0.011264,0.2,0.01024,0.727273,0.011264,2.66667,0.012288,10.6667,0.012288,36.5714,0.014336,120.471,0.017408,234.057,0.03584,327.68,0.1024,370.26,0.362496,578.684,0.927744,578.844,3.70995,574.68,14.9473,
0.0113636,0.011264,0.05,0.01024,0.181818,0.011264,0.727273,0.011264,2.66667,0.012288,10.6667,0.012288,36.5714,0.014336,120.471,0.017408,227.556,0.036864,324.436,0.103424,370.26,0.362496,578.684,0.927744,578.844,3.70995,574.365,14.9555,
0.0125,0.01024,0.0454545,0.011264,0.181818,0.011264,0.666667,0.012288,2.66667,0.012288,10.6667,0.012288,39.3846,0.013312,120.471,0.017408,240.941,0.034816,330.99,0.101376,368.18,0.364544,579.965,0.925696,578.684,3.71098,574.68,14.9473,
0.0113636,0.011264,0.0454545,0.011264,0.2,0.01024,0.727273,0.011264,2.66667,0.012288,10.6667,0.012288,36.5714,0.014336,120.471,0.017408,234.057,0.03584,327.68,0.1024,370.26,0.362496,579.324,0.92672,578.844,3.70995,574.208,14.9596,
0.0113636,0.011264,0.05,0.01024,0.181818,0.011264,0.666667,0.012288,2.66667,0.012288,9.84615,0.013312,36.5714,0.014336,120.471,0.017408,234.057,0.03584,327.68,0.1024,369.217,0.36352,582.542,0.9216,578.844,3.70995,574.365,14.9555,
0.0125,0.01024,0.0454545,0.011264,0.2,0.01024,0.727273,0.011264,2.66667,0.012288,10.6667,0.012288,39.3846,0.013312,120.471,0.017408,240.941,0.034816,330.99,0.101376,369.217,0.36352,584.491,0.918528,579.164,3.7079,574.444,14.9535,
0.0113636,0.011264,0.05,0.01024,0.181818,0.011264,0.666667,0.012288,2.66667,0.012288,9.84615,0.013312,39.3846,0.013312,120.471,0.017408,234.057,0.03584,327.68,0.1024,370.26,0.362496,585.143,0.917504,579.004,3.70893,574.13,14.9617,
0.0125,0.01024,0.0454545,0.011264,0.2,0.01024,0.727273,0.011264,2.66667,0.012288,10.6667,0.012288,39.3846,0.013312,120.471,0.017408,240.941,0.034816,330.99,0.101376,370.26,0.362496,584.491,0.918528,578.525,3.712,574.523,14.9514,
0.0125,0.01024,0.05,0.01024,0.181818,0.011264,0.666667,0.012288,2.66667,0.012288,9.84615,0.013312,39.3846,0.013312,120.471,0.017408,227.556,0.036864,330.99,0.101376,369.217,0.36352,583.84,0.919552,578.844,3.70995,574.641,14.9484,
0.0113636,0.011264,0.0454545,0.011264,0.2,0.01024,0.666667,0.012288,2.66667,0.012288,10.6667,0.012288,36.5714,0.014336,128,0.016384,234.057,0.03584,327.68,0.1024,369.217,0.36352,583.84,0.919552,578.684,3.71098,574.68,14.9473,
0.0125,0.01024,0.05,0.01024,0.181818,0.011264,0.666667,0.012288,2.66667,0.012288,10.6667,0.012288,39.3846,0.013312,120.471,0.017408,240.941,0.034816,330.99,0.101376,369.217,0.36352,583.84,0.919552,578.684,3.71098,574.72,14.9463,
0.0125,0.01024,0.05,0.01024,0.181818,0.011264,0.727273,0.011264,2.66667,0.012288,9.84615,0.013312,36.5714,0.014336,120.471,0.017408,234.057,0.03584,324.436,0.103424,370.26,0.362496,582.542,0.9216,578.844,3.70995,574.956,14.9402,
0.0113636,0.011264,0.0454545,0.011264,0.181818,0.011264,0.727273,0.011264,2.90909,0.011264,10.6667,0.012288,39.3846,0.013312,120.471,0.017408,227.556,0.036864,330.99,0.101376,369.217,0.36352,583.84,0.919552,579.004,3.70893,575.035,14.9381,
0.0125,0.01024,0.05,0.01024,0.181818,0.011264,0.666667,0.012288,2.66667,0.012288,10.6667,0.012288,39.3846,0.013312,128,0.016384,234.057,0.03584,327.68,0.1024,369.217,0.36352,583.84,0.919552,578.844,3.70995,575.035,14.9381,
0.0113636,0.011264,0.0454545,0.011264,0.181818,0.011264,0.666667,0.012288,2.66667,0.012288,10.6667,0.012288,39.3846,0.013312,120.471,0.017408,240.941,0.034816,327.68,0.1024,370.26,0.362496,584.491,0.918528,578.684,3.71098,574.917,14.9412,
0.0125,0.01024,0.05,0.01024,0.2,0.01024,0.727273,0.011264,2.66667,0.012288,10.6667,0.012288,36.5714,0.014336,120.471,0.017408,234.057,0.03584,327.68,0.1024,369.217,0.36352,583.84,0.919552,578.525,3.712,574.995,14.9391,
0.0125,0.01024,0.0454545,0.011264,0.181818,0.011264,0.666667,0.012288,2.66667,0.012288,9.84615,0.013312,42.6667,0.012288,120.471,0.017408,234.057,0.03584,327.68,0.1024,370.26,0.362496,584.491,0.918528,578.525,3.712,574.798,14.9443,
0.0125,0.01024,0.05,0.01024,0.181818,0.011264,0.666667,0.012288,2.66667,0.012288,10.6667,0.012288,39.3846,0.013312,120.471,0.017408,240.941,0.034816,327.68,0.1024,369.217,0.36352,583.84,0.919552,579.004,3.70893,575.074,14.9371,
0.0113636,0.011264,0.0454545,0.011264,0.181818,0.011264,0.666667,0.012288,2.66667,0.012288,10.6667,0.012288,36.5714,0.014336,120.471,0.017408,227.556,0.036864,327.68,0.1024,369.217,0.36352,584.491,0.918528,578.844,3.70995,575.074,14.9371,
0.0125,0.01024,0.05,0.01024,0.181818,0.011264,0.666667,0.012288,2.66667,0.012288,10.6667,0.012288,39.3846,0.013312,120.471,0.017408,234.057,0.03584,330.99,0.101376,369.217,0.36352,583.84,0.919552,578.844,3.70995,575.114,14.9361,
0.0113636,0.011264,0.0454545,0.011264,0.181818,0.011264,0.727273,0.011264,2.66667,0.012288,10.6667,0.012288,36.5714,0.014336,113.778,0.018432,234.057,0.03584,330.99,0.101376,369.217,0.36352,584.491,0.918528,577.569,3.71814,575.193,14.934,
0.0125,0.01024,0.05,0.01024,0.2,0.01024,0.666667,0.012288,2.66667,0.012288,10.6667,0.012288,39.3846,0.013312,128,0.016384,234.057,0.03584,330.99,0.101376,368.18,0.364544,584.491,0.918528,578.046,3.71507,575.035,14.9381,
0.0125,0.01024,0.0454545,0.011264,0.181818,0.011264,0.727273,0.011264,2.66667,0.012288,9.84615,0.013312,39.3846,0.013312,113.778,0.018432,240.941,0.034816,327.68,0.1024,369.217,0.36352,584.491,0.918528,578.525,3.712,575.153,14.935,
0.0125,0.01024,0.05,0.01024,0.181818,0.011264,0.727273,0.011264,2.90909,0.011264,10.6667,0.012288,39.3846,0.013312,120.471,0.017408,234.057,0.03584,327.68,0.1024,369.217,0.36352,584.491,0.918528,579.004,3.70893,575.074,14.9371,
0.0113636,0.011264,0.0454545,0.011264,0.181818,0.011264,0.666667,0.012288,2.66667,0.012288,10.6667,0.012288,3.84962,0.136192,120.471,0.017408,234.057,0.03584,327.68,0.1024,369.217,0.36352,583.84,0.919552,579.164,3.7079,574.995,14.9391,
0.0113636,0.011264,0.0454545,0.011264,0.181818,0.011264,0.571429,0.014336,2.66667,0.012288,9.84615,0.013312,36.5714,0.014336,120.471,0.017408,234.057,0.03584,327.68,0.1024,369.217,0.36352,583.84,0.919552,578.844,3.70995,574.917,14.9412,
0.0113636,0.011264,0.05,0.01024,0.181818,0.011264,0.666667,0.012288,2.90909,0.011264,10.6667,0.012288,39.3846,0.013312,120.471,0.017408,240.941,0.034816,327.68,0.1024,370.26,0.362496,584.491,0.918528,578.684,3.71098,575.153,14.935,
0.0125,0.01024,0.0454545,0.011264,0.2,0.01024,0.727273,0.011264,2.66667,0.012288,10.6667,0.012288,39.3846,0.013312,120.471,0.017408,234.057,0.03584,327.68,0.1024,370.26,0.362496,584.491,0.918528,578.844,3.70995,575.035,14.9381,
0.0113636,0.011264,0.05,0.01024,0.181818,0.011264,0.666667,0.012288,2.66667,0.012288,10.6667,0.012288,39.3846,0.013312,120.471,0.017408,240.941,0.034816,327.68,0.1024,369.217,0.36352,584.491,0.918528,578.844,3.70995,574.956,14.9402,
0.0113636,0.011264,0.0454545,0.011264,0.2,0.01024,0.727273,0.011264,2.66667,0.012288,10.6667,0.012288,36.5714,0.014336,120.471,0.017408,240.941,0.034816,327.68,0.1024,370.26,0.362496,583.84,0.919552,578.525,3.712,575.193,14.934,
0.0113636,0.011264,0.05,0.01024,0.181818,0.011264,0.666667,0.012288,2.90909,0.011264,10.6667,0.012288,39.3846,0.013312,120.471,0.017408,234.057,0.03584,327.68,0.1024,370.26,0.362496,583.84,0.919552,578.844,3.70995,575.193,14.934,
0.0125,0.01024,0.05,0.01024,0.2,0.01024,0.666667,0.012288,2.66667,0.012288,10.6667,0.012288,39.3846,0.013312,120.471,0.017408,234.057,0.03584,327.68,0.1024,370.26,0.362496,583.84,0.919552,579.004,3.70893,575.035,14.9381,
0.0113636,0.011264,0.05,0.01024,0.181818,0.011264,0.666667,0.012288,2.66667,0.012288,10.6667,0.012288,39.3846,0.013312,120.471,0.017408,240.941,0.034816,327.68,0.1024,369.217,0.36352,583.19,0.920576,579.004,3.70893,574.759,14.9453,
0.00961538,0.013312,0.03125,0.016384,0.181818,0.011264,0.615385,0.013312,2.28571,0.014336,9.84615,0.013312,34.1333,0.01536,120.471,0.017408,227.556,0.036864,327.68,0.1024,366.123,0.366592,494.611,1.08544,577.569,3.71814,574.13,14.9617,
0.0104167,0.012288,0.0416667,0.012288,0.166667,0.012288,0.615385,0.013312,2.28571,0.014336,10.6667,0.012288,34.1333,0.01536,120.471,0.017408,240.941,0.034816,327.68,0.1024,367.148,0.365568,496.015,1.08237,578.684,3.71098,574.247,14.9586,
0.0113636,0.011264,0.0416667,0.012288,0.166667,0.012288,0.615385,0.013312,2.46154,0.013312,10.6667,0.012288,36.5714,0.014336,128,0.016384,234.057,0.03584,330.99,0.101376,369.217,0.36352,495.546,1.08339,578.525,3.712,574.523,14.9514,
0.0104167,0.012288,0.0454545,0.011264,0.166667,0.012288,0.615385,0.013312,2.66667,0.012288,9.14286,0.014336,36.5714,0.014336,120.471,0.017408,240.941,0.034816,327.68,0.1024,368.18,0.364544,495.546,1.08339,578.684,3.71098,574.484,14.9524,
0.00961538,0.013312,0.0454545,0.011264,0.181818,0.011264,0.571429,0.014336,2.28571,0.014336,8.53333,0.01536,36.5714,0.014336,120.471,0.017408,240.941,0.034816,330.99,0.101376,368.18,0.364544,495.546,1.08339,578.525,3.712,574.444,14.9535,
0.00961538,0.013312,0.0416667,0.012288,0.166667,0.012288,0.571429,0.014336,2.66667,0.012288,9.14286,0.014336,36.5714,0.014336,120.471,0.017408,240.941,0.034816,327.68,0.1024,370.26,0.362496,495.546,1.08339,578.844,3.70995,574.326,14.9565,
0.0104167,0.012288,0.0454545,0.011264,0.181818,0.011264,0.615385,0.013312,2.46154,0.013312,9.84615,0.013312,28.4444,0.018432,93.0909,0.022528,234.057,0.03584,327.68,0.1024,368.18,0.364544,495.078,1.08442,579.004,3.70893,574.444,14.9535,
0.00961538,0.013312,0.0416667,0.012288,0.181818,0.011264,0.615385,0.013312,2.46154,0.013312,10.6667,0.012288,36.5714,0.014336,120.471,0.017408,240.941,0.034816,327.68,0.1024,368.18,0.364544,495.546,1.08339,578.525,3.712,574.484,14.9524,
0.00961538,0.013312,0.0384615,0.013312,0.181818,0.011264,0.666667,0.012288,2.46154,0.013312,9.84615,0.013312,32,0.016384,120.471,0.017408,234.057,0.03584,324.436,0.103424,368.18,0.364544,495.078,1.08442,578.844,3.70995,574.326,14.9565,
0.00961538,0.013312,0.0384615,0.013312,0.181818,0.011264,0.615385,0.013312,2.46154,0.013312,9.14286,0.014336,34.1333,0.01536,120.471,0.017408,234.057,0.03584,330.99,0.101376,368.18,0.364544,495.546,1.08339,578.684,3.71098,574.484,14.9524,
0.0104167,0.012288,0.0416667,0.012288,0.166667,0.012288,0.666667,0.012288,2.66667,0.012288,9.84615,0.013312,36.5714,0.014336,120.471,0.017408,240.941,0.034816,327.68,0.1024,370.26,0.362496,495.078,1.08442,579.004,3.70893,574.523,14.9514,
0.0104167,0.012288,0.0416667,0.012288,0.166667,0.012288,0.666667,0.012288,2.66667,0.012288,9.84615,0.013312,34.1333,0.01536,120.471,0.017408,240.941,0.034816,330.99,0.101376,369.217,0.36352,495.546,1.08339,578.844,3.70995,574.641,14.9484,
0.00961538,0.013312,0.0416667,0.012288,0.181818,0.011264,0.571429,0.014336,2.46154,0.013312,10.6667,0.012288,36.5714,0.014336,113.778,0.018432,227.556,0.036864,327.68,0.1024,369.217,0.36352,495.546,1.08339,578.525,3.712,574.405,14.9545,
0.0104167,0.012288,0.0416667,0.012288,0.181818,0.011264,0.571429,0.014336,2.46154,0.013312,9.84615,0.013312,34.1333,0.01536,120.471,0.017408,234.057,0.03584,327.68,0.1024,370.26,0.362496,495.546,1.08339,578.365,3.71302,574.247,14.9586,
0.0113636,0.011264,0.0384615,0.013312,0.166667,0.012288,0.571429,0.014336,2.66667,0.012288,9.84615,0.013312,36.5714,0.014336,120.471,0.017408,240.941,0.034816,327.68,0.1024,369.217,0.36352,495.546,1.08339,578.684,3.71098,574.13,14.9617,
0.0113636,0.011264,0.0384615,0.013312,0.153846,0.013312,0.571429,0.014336,2.46154,0.013312,10.6667,0.012288,34.1333,0.01536,120.471,0.017408,240.941,0.034816,327.68,0.1024,368.18,0.364544,495.546,1.08339,578.206,3.71405,574.365,14.9555,
0.0104167,0.012288,0.0416667,0.012288,0.166667,0.012288,0.571429,0.014336,2.66667,0.012288,9.84615,0.013312,36.5714,0.014336,120.471,0.017408,234.057,0.03584,330.99,0.101376,370.26,0.362496,495.546,1.08339,578.684,3.71098,574.444,14.9535,
0.0104167,0.012288,0.0454545,0.011264,0.153846,0.013312,0.615385,0.013312,2.46154,0.013312,9.84615,0.013312,36.5714,0.014336,120.471,0.017408,240.941,0.034816,327.68,0.1024,368.18,0.364544,495.546,1.08339,578.525,3.712,574.602,14.9494,
0.0113636,0.011264,0.0454545,0.011264,0.166667,0.012288,0.615385,0.013312,2.46154,0.013312,9.84615,0.013312,36.5714,0.014336,120.471,0.017408,234.057,0.03584,327.68,0.1024,368.18,0.364544,495.078,1.08442,578.525,3.712,574.759,14.9453,
0.0104167,0.012288,0.0454545,0.011264,0.153846,0.013312,0.615385,0.013312,2.28571,0.014336,9.84615,0.013312,36.5714,0.014336,113.778,0.018432,240.941,0.034816,327.68,0.1024,370.26,0.362496,495.546,1.08339,578.525,3.712,574.72,14.9463,
0.0113636,0.011264,0.0454545,0.011264,0.181818,0.011264,0.666667,0.012288,2.28571,0.014336,7.52941,0.017408,36.5714,0.014336,120.471,0.017408,234.057,0.03584,327.68,0.1024,368.18,0.364544,495.078,1.08442,577.887,3.7161,574.641,14.9484,
0.00961538,0.013312,0.0416667,0.012288,0.181818,0.011264,0.666667,0.012288,2.46154,0.013312,9.84615,0.013312,39.3846,0.013312,120.471,0.017408,240.941,0.034816,327.68,0.1024,369.217,0.36352,496.015,1.08237,578.206,3.71405,574.484,14.9524,
0.0113636,0.011264,0.0454545,0.011264,0.166667,0.012288,0.666667,0.012288,2.66667,0.012288,9.14286,0.014336,36.5714,0.014336,128,0.016384,234.057,0.03584,327.68,0.1024,366.123,0.366592,495.546,1.08339,577.887,3.7161,574.68,14.9473,
0.0104167,0.012288,0.0416667,0.012288,0.181818,0.011264,0.666667,0.012288,2.46154,0.013312,8.53333,0.01536,36.5714,0.014336,120.471,0.017408,240.941,0.034816,330.99,0.101376,369.217,0.36352,495.546,1.08339,578.684,3.71098,574.917,14.9412,
0.0104167,0.012288,0.0454545,0.011264,0.166667,0.012288,0.666667,0.012288,2.46154,0.013312,9.14286,0.014336,36.5714,0.014336,120.471,0.017408,240.941,0.034816,327.68,0.1024,369.217,0.36352,495.546,1.08339,578.844,3.70995,574.838,14.9432,
0.0104167,0.012288,0.0454545,0.011264,0.166667,0.012288,0.666667,0.012288,2.46154,0.013312,9.14286,0.014336,39.3846,0.013312,120.471,0.017408,234.057,0.03584,324.436,0.103424,367.148,0.365568,496.015,1.08237,578.684,3.71098,575.114,14.9361,
0.0104167,0.012288,0.05,0.01024,0.166667,0.012288,0.666667,0.012288,2.46154,0.013312,9.84615,0.013312,32,0.016384,120.471,0.017408,234.057,0.03584,330.99,0.101376,369.217,0.36352,495.546,1.08339,578.684,3.71098,575.193,14.934,
0.0113636,0.011264,0.0416667,0.012288,0.166667,0.012288,0.615385,0.013312,2.46154,0.013312,9.84615,0.013312,39.3846,0.013312,120.471,0.017408,234.057,0.03584,327.68,0.1024,369.217,0.36352,496.015,1.08237,578.684,3.71098,575.193,14.934,
0.0113636,0.011264,0.0384615,0.013312,0.166667,0.012288,0.666667,0.012288,2.46154,0.013312,9.14286,0.014336,32,0.016384,120.471,0.017408,234.057,0.03584,327.68,0.1024,368.18,0.364544,495.546,1.08339,578.684,3.71098,574.838,14.9432,
0.0104167,0.012288,0.0384615,0.013312,0.0102564,0.19968,0.666667,0.012288,2.66667,0.012288,9.14286,0.014336,36.5714,0.014336,120.471,0.017408,234.057,0.03584,327.68,0.1024,369.217,0.36352,495.546,1.08339,578.684,3.71098,574.877,14.9422,
0.00892857,0.014336,0.0384615,0.013312,0.133333,0.01536,0.615385,0.013312,2.66667,0.012288,9.84615,0.013312,24.381,0.021504,120.471,0.017408,234.057,0.03584,330.99,0.101376,370.26,0.362496,496.015,1.08237,578.844,3.70995,575.153,14.935,
0.00961538,0.013312,0.0416667,0.012288,0.166667,0.012288,0.615385,0.013312,2.66667,0.012288,9.84615,0.013312,36.5714,0.014336,120.471,0.017408,240.941,0.034816,318.136,0.105472,369.217,0.36352,496.015,1.08237,578.684,3.71098,575.311,14.9309,
0.00961538,0.013312,0.0454545,0.011264,0.166667,0.012288,0.533333,0.01536,2.66667,0.012288,9.14286,0.014336,34.1333,0.01536,120.471,0.017408,227.556,0.036864,327.68,0.1024,368.18,0.364544,495.546,1.08339,577.41,3.71917,575.153,14.935,
0.00961538,0.013312,0.0454545,0.011264,0.166667,0.012288,0.533333,0.01536,2.66667,0.012288,9.84615,0.013312,36.5714,0.014336,128,0.016384,234.057,0.03584,327.68,0.1024,369.217,0.36352,495.546,1.08339,578.525,3.712,575.114,14.9361,
0.0113636,0.011264,0.0454545,0.011264,0.166667,0.012288,0.571429,0.014336,2.46154,0.013312,9.84615,0.013312,39.3846,0.013312,120.471,0.017408,240.941,0.034816,330.99,0.101376,369.217,0.36352,495.546,1.08339,578.525,3.712,575.311,14.9309,
0.00961538,0.013312,0.0416667,0.012288,0.166667,0.012288,0.615385,0.013312,2.66667,0.012288,9.84615,0.013312,34.1333,0.01536,120.471,0.017408,248.242,0.033792,327.68,0.1024,368.18,0.364544,496.015,1.08237,578.844,3.70995,575.35,14.9299,
0.0113636,0.011264,0.0454545,0.011264,0.166667,0.012288,0.666667,0.012288,2.28571,0.014336,9.84615,0.013312,34.1333,0.01536,120.471,0.017408,240.941,0.034816,321.255,0.104448,369.217,0.36352,495.546,1.08339,578.684,3.71098,575.074,14.9371,
0.0104167,0.012288,0.0416667,0.012288,0.166667,0.012288,0.615385,0.013312,2.28571,0.014336,9.84615,0.013312,36.5714,0.014336,120.471,0.017408,234.057,0.03584,327.68,0.1024,368.18,0.364544,496.015,1.08237,578.844,3.70995,575.232,14.933,
0.0113636,0.011264,0.0454545,0.011264,0.181818,0.011264,0.666667,0.012288,2.13333,0.01536,10.6667,0.012288,36.5714,0.014336,113.778,0.018432,234.057,0.03584,327.68,0.1024,369.217,0.36352,495.546,1.08339,579.004,3.70893,575.193,14.934,
0.0104167,0.012288,0.0416667,0.012288,0.166667,0.012288,0.666667,0.012288,2.13333,0.01536,10.6667,0.012288,36.5714,0.014336,120.471,0.017408,234.057,0.03584,324.436,0.103424,368.18,0.364544,495.546,1.08339,579.004,3.70893,575.074,14.9371,
0.0125,0.01024,0.0454545,0.011264,0.181818,0.011264,0.615385,0.013312,2.28571,0.014336,9.84615,0.013312,34.1333,0.01536,120.471,0.017408,240.941,0.034816,327.68,0.1024,367.148,0.365568,495.546,1.08339,578.684,3.71098,575.153,14.935,
0.00961538,0.013312,0.0454545,0.011264,0.166667,0.012288,0.615385,0.013312,2.46154,0.013312,9.14286,0.014336,36.5714,0.014336,120.471,0.017408,240.941,0.034816,330.99,0.101376,369.217,0.36352,496.015,1.08237,578.365,3.71302,574.956,14.9402,
0.0104167,0.012288,0.0454545,0.011264,0.166667,0.012288,0.666667,0.012288,2.46154,0.013312,9.14286,0.014336,39.3846,0.013312,120.471,0.017408,234.057,0.03584,327.68,0.1024,368.18,0.364544,496.015,1.08237,578.684,3.71098,575.193,14.934,
0.0113636,0.011264,0.0416667,0.012288,0.181818,0.011264,0.615385,0.013312,2.28571,0.014336,9.14286,0.014336,34.1333,0.01536,97.5238,0.021504,234.057,0.03584,327.68,0.1024,368.18,0.364544,495.546,1.08339,578.206,3.71405,575.193,14.934,
0.00961538,0.013312,0.0416667,0.012288,0.181818,0.011264,0.615385,0.013312,2.46154,0.013312,9.14286,0.014336,34.1333,0.01536,120.471,0.017408,234.057,0.03584,330.99,0.101376,369.217,0.36352,496.015,1.08237,579.004,3.70893,575.232,14.933,
0.0113636,0.011264,0.0416667,0.012288,0.166667,0.012288,0.615385,0.013312,2.46154,0.013312,9.84615,0.013312,32,0.016384,120.471,0.017408,240.941,0.034816,327.68,0.1024,368.18,0.364544,495.546,1.08339,578.684,3.71098,575.193,14.934,
0.0113636,0.011264,0.0416667,0.012288,0.166667,0.012288,0.571429,0.014336,2.46154,0.013312,9.84615,0.013312,34.1333,0.01536,128,0.016384,234.057,0.03584,327.68,0.1024,369.217,0.36352,495.546,1.08339,579.004,3.70893,575.232,14.933,
0.0104167,0.012288,0.0454545,0.011264,0.166667,0.012288,0.666667,0.012288,2.66667,0.012288,9.84615,0.013312,36.5714,0.014336,120.471,0.017408,240.941,0.034816,327.68,0.1024,369.217,0.36352,496.015,1.08237,578.844,3.70995,575.193,14.934,
0.0113636,0.011264,0.0454545,0.011264,0.166667,0.012288,0.666667,0.012288,2.66667,0.012288,9.84615,0.013312,34.1333,0.01536,120.471,0.017408,234.057,0.03584,327.68,0.1024,369.217,0.36352,496.015,1.08237,578.684,3.71098,575.232,14.933,
0.00961538,0.013312,0.0384615,0.013312,0.166667,0.012288,0.615385,0.013312,2.66667,0.012288,9.84615,0.013312,36.5714,0.014336,113.778,0.018432,240.941,0.034816,327.68,0.1024,369.217,0.36352,496.015,1.08237,579.164,3.7079,575.114,14.9361,
0.0113636,0.011264,0.0416667,0.012288,0.153846,0.013312,0.615385,0.013312,2.46154,0.013312,9.14286,0.014336,36.5714,0.014336,120.471,0.017408,234.057,0.03584,330.99,0.101376,370.26,0.362496,496.015,1.08237,579.004,3.70893,574.917,14.9412,
0.00961538,0.013312,0.0357143,0.014336,0.166667,0.012288,0.533333,0.01536,2.66667,0.012288,9.84615,0.013312,34.1333,0.01536,113.778,0.018432,234.057,0.03584,327.68,0.1024,368.18,0.364544,496.015,1.08237,579.004,3.70893,575.193,14.934,
0.0104167,0.012288,0.0454545,0.011264,0.166667,0.012288,0.533333,0.01536,2.28571,0.014336,9.84615,0.013312,39.3846,0.013312,120.471,0.017408,234.057,0.03584,330.99,0.101376,368.18,0.364544,495.546,1.08339,578.684,3.71098,575.193,14.934,
0.00833333,0.01536,0.0416667,0.012288,0.153846,0.013312,0.571429,0.014336,2.66667,0.012288,9.84615,0.013312,36.5714,0.014336,120.471,0.017408,240.941,0.034816,318.136,0.105472,369.217,0.36352,496.015,1.08237,578.684,3.71098,575.271,14.932,
0.0104167,0.012288,0.0416667,0.012288,0.153846,0.013312,0.571429,0.014336,2.46154,0.013312,9.84615,0.013312,39.3846,0.013312,120.471,0.017408,240.941,0.034816,327.68,0.1024,369.217,0.36352,496.015,1.08237,579.004,3.70893,575.153,14.935,
0.00961538,0.013312,0.0416667,0.012288,0.166667,0.012288,0.666667,0.012288,2.46154,0.013312,10.6667,0.012288,39.3846,0.013312,107.789,0.019456,240.941,0.034816,327.68,0.1024,368.18,0.364544,495.546,1.08339,579.004,3.70893,575.271,14.932,
0.00961538,0.013312,0.0416667,0.012288,0.166667,0.012288,0.615385,0.013312,2.46154,0.013312,10.6667,0.012288,36.5714,0.014336,120.471,0.017408,240.941,0.034816,327.68,0.1024,365.103,0.367616,496.015,1.08237,579.004,3.70893,575.271,14.932,
0.00961538,0.013312,0.0416667,0.012288,0.181818,0.011264,0.666667,0.012288,2.28571,0.014336,10.6667,0.012288,36.5714,0.014336,120.471,0.017408,240.941,0.034816,327.68,0.1024,369.217,0.36352,496.015,1.08237,579.004,3.70893,575.271,14.932,
0.0104167,0.012288,0.0416667,0.012288,0.181818,0.011264,0.666667,0.012288,2.28571,0.014336,9.14286,0.014336,36.5714,0.014336,120.471,0.017408,234.057,0.03584,330.99,0.101376,368.18,0.364544,496.015,1.08237,579.004,3.70893,575.232,14.933,
0.0104167,0.012288,0.0454545,0.011264,0.153846,0.013312,0.615385,0.013312,2.46154,0.013312,9.14286,0.014336,36.5714,0.014336,113.778,0.018432,240.941,0.034816,330.99,0.101376,367.148,0.365568,495.546,1.08339,578.844,3.70995,575.114,14.9361,
0.00961538,0.013312,0.0416667,0.012288,0.181818,0.011264,0.615385,0.013312,2.46154,0.013312,9.14286,0.014336,39.3846,0.013312,120.471,0.017408,234.057,0.03584,327.68,0.1024,367.148,0.365568,496.015,1.08237,578.844,3.70995,575.469,14.9268,
0.0104167,0.012288,0.0454545,0.011264,0.181818,0.011264,0.615385,0.013312,2.46154,0.013312,7.52941,0.017408,36.5714,0.014336,113.778,0.018432,234.057,0.03584,327.68,0.1024,368.18,0.364544,496.015,1.08237,579.164,3.7079,575.114,14.9361,
0.0104167,0.012288,0.0454545,0.011264,0.166667,0.012288,0.615385,0.013312,2.46154,0.013312,9.14286,0.014336,32,0.016384,120.471,0.017408,240.941,0.034816,324.436,0.103424,369.217,0.36352,495.546,1.08339,579.004,3.70893,575.153,14.935,
0.0104167,0.012288,0.0416667,0.012288,0.166667,0.012288,0.615385,0.013312,2.46154,0.013312,9.14286,0.014336,34.1333,0.01536,107.789,0.019456,234.057,0.03584,330.99,0.101376,369.217,0.36352,496.015,1.08237,579.004,3.70893,575.193,14.934,
0.0125,0.01024,0.0454545,0.011264,0.181818,0.011264,0.666667,0.012288,2.46154,0.013312,9.84615,0.013312,32,0.016384,120.471,0.017408,240.941,0.034816,327.68,0.1024,364.089,0.36864,495.546,1.08339,579.004,3.70893,575.153,14.935,
0.00961538,0.013312,0.0454545,0.011264,0.133333,0.01536,0.666667,0.012288,2.66667,0.012288,9.84615,0.013312,34.1333,0.01536,113.778,0.018432,240.941,0.034816,327.68,0.1024,365.103,0.367616,495.546,1.08339,578.844,3.70995,575.271,14.932,
0.00961538,0.013312,0.0454545,0.011264,0.153846,0.013312,0.666667,0.012288,2.46154,0.013312,9.84615,0.013312,34.1333,0.01536,120.471,0.017408,234.057,0.03584,327.68,0.1024,367.148,0.365568,496.015,1.08237,579.004,3.70893,575.271,14.932,
0.0104167,0.012288,0.0416667,0.012288,0.166667,0.012288,0.666667,0.012288,2.46154,0.013312,9.14286,0.014336,34.1333,0.01536,120.471,0.017408,240.941,0.034816,330.99,0.101376,365.103,0.367616,496.015,1.08237,578.844,3.70995,575.193,14.934,
0.0125,0.01024,0.0454545,0.011264,0.166667,0.012288,0.666667,0.012288,2.66667,0.012288,9.84615,0.013312,36.5714,0.014336,113.778,0.018432,240.941,0.034816,327.68,0.1024,366.123,0.366592,496.015,1.08237,578.844,3.70995,575.114,14.9361,
0.0104167,0.012288,0.0416667,0.012288,0.153846,0.013312,0.615385,0.013312,2.66667,0.012288,9.14286,0.014336,36.5714,0.014336,120.471,0.017408,234.057,0.03584,324.436,0.103424,366.123,0.366592,496.015,1.08237,579.164,3.7079,575.271,14.932,
0.0113636,0.011264,0.0384615,0.013312,0.166667,0.012288,0.615385,0.013312,2.66667,0.012288,10.6667,0.012288,36.5714,0.014336,120.471,0.017408,240.941,0.034816,327.68,0.1024,365.103,0.367616,495.546,1.08339,578.844,3.70995,575.193,14.934,
0.0113636,0.011264,0.0416667,0.012288,0.166667,0.012288,0.533333,0.01536,2.46154,0.013312,9.84615,0.013312,36.5714,0.014336,113.778,0.018432,234.057,0.03584,327.68,0.1024,364.089,0.36864,495.546,1.08339,578.844,3.70995,575.153,14.935,
0.0104167,0.012288,0.0416667,0.012288,0.166667,0.012288,0.571429,0.014336,2.46154,0.013312,9.84615,0.013312,36.5714,0.014336,120.471,0.017408,240.941,0.034816,327.68,0.1024,367.148,0.365568,495.546,1.08339,578.844,3.70995,575.271,14.932,
0.0104167,0.012288,0.0384615,0.013312,0.166667,0.012288,0.571429,0.014336,2.46154,0.013312,10.6667,0.012288,39.3846,0.013312,120.471,0.017408,234.057,0.03584,330.99,0.101376,365.103,0.367616,495.546,1.08339,579.164,3.7079,575.232,14.933,
0.0113636,0.011264,0.0454545,0.011264,0.181818,0.011264,0.615385,0.013312,2.28571,0.014336,10.6667,0.012288,39.3846,0.013312,120.471,0.017408,234.057,0.03584,327.68,0.1024,367.148,0.365568,495.546,1.08339,578.844,3.70995,575.311,14.9309,
0.0104167,0.012288,0.0384615,0.013312,0.153846,0.013312,0.615385,0.013312,2.28571,0.014336,9.84615,0.013312,36.5714,0.014336,120.471,0.017408,234.057,0.03584,327.68,0.1024,364.089,0.36864,496.015,1.08237,579.164,3.7079,575.193,14.934,
0.0113636,0.011264,0.0416667,0.012288,0.166667,0.012288,0.615385,0.013312,2.28571,0.014336,9.84615,0.013312,36.5714,0.014336,120.471,0.017408,240.941,0.034816,327.68,0.1024,367.148,0.365568,495.546,1.08339,578.844,3.70995,575.271,14.932,
0.0104167,0.012288,0.0416667,0.012288,0.166667,0.012288,0.615385,0.013312,2.46154,0.013312,10.6667,0.012288,36.5714,0.014336,113.778,0.018432,234.057,0.03584,330.99,0.101376,366.123,0.366592,496.015,1.08237,579.164,3.7079,575.193,14.934,
0.0104167,0.012288,0.0454545,0.011264,0.2,0.01024,0.666667,0.012288,2.46154,0.013312,10.6667,0.012288,36.5714,0.014336,120.471,0.017408,234.057,0.03584,327.68,0.1024,365.103,0.367616,495.546,1.08339,578.844,3.70995,575.232,14.933,
0.0104167,0.012288,0.0454545,0.011264,0.166667,0.012288,0.666667,0.012288,2.46154,0.013312,9.14286,0.014336,34.1333,0.01536,120.471,0.017408,234.057,0.03584,330.99,0.101376,365.103,0.367616,496.015,1.08237,579.484,3.70586,574.68,14.9473,
0.00961538,0.013312,0.0416667,0.012288,0.181818,0.011264,0.666667,0.012288,2.46154,0.013312,9.14286,0.014336,34.1333,0.01536,120.471,0.017408,234.057,0.03584,324.436,0.103424,366.123,0.366592,496.015,1.08237,579.004,3.70893,572.64,15.0006,
0.00892857,0.014336,0.0454545,0.011264,0.166667,0.012288,0.666667,0.012288,2.28571,0.014336,9.14286,0.014336,32,0.016384,113.778,0.018432,234.057,0.03584,327.68,0.1024,366.123,0.366592,495.546,1.08339,579.164,3.7079,574.169,14.9606,
0.0113636,0.011264,0.0454545,0.011264,0.2,0.01024,0.666667,0.012288,2.46154,0.013312,9.14286,0.014336,34.1333,0.01536,120.471,0.017408,240.941,0.034816,330.99,0.101376,367.148,0.365568,495.546,1.08339,578.684,3.71098,575.153,14.935,
0.0104167,0.012288,0.0454545,0.011264,0.166667,0.012288,0.615385,0.013312,2.66667,0.012288,8.53333,0.01536,36.5714,0.014336,128,0.016384,240.941,0.034816,330.99,0.101376,365.103,0.367616,496.015,1.08237,578.844,3.70995,575.153,14.935,
0.0104167,0.012288,0.0454545,0.011264,0.181818,0.011264,0.666667,0.012288,2.46154,0.013312,9.84615,0.013312,36.5714,0.014336,120.471,0.017408,240.941,0.034816,327.68,0.1024,366.123,0.366592,496.015,1.08237,579.004,3.70893,575.114,14.9361,
0.0104167,0.012288,0.0454545,0.011264,0.166667,0.012288,0.615385,0.013312,2.66667,0.012288,9.84615,0.013312,28.4444,0.018432,113.778,0.018432,234.057,0.03584,327.68,0.1024,366.123,0.366592,495.546,1.08339,578.844,3.70995,575.193,14.934,
0.0104167,0.012288,0.0454545,0.011264,0.166667,0.012288,0.666667,0.012288,2.46154,0.013312,9.84615,0.013312,34.1333,0.01536,120.471,0.017408,227.556,0.036864,327.68,0.1024,365.103,0.367616,495.546,1.08339,578.684,3.71098,574.838,14.9432,
0.0113636,0.011264,0.0454545,0.011264,0.166667,0.012288,0.615385,0.013312,2.66667,0.012288,9.84615,0.013312,36.5714,0.014336,120.471,0.017408,234.057,0.03584,327.68,0.1024,365.103,0.367616,496.015,1.08237,579.004,3.70893,574.326,14.9565,
0.00961538,0.013312,0.0454545,0.011264,0.166667,0.012288,0.666667,0.012288,2.46154,0.013312,9.84615,0.013312,36.5714,0.014336,120.471,0.017408,240.941,0.034816,327.68,0.1024,366.123,0.366592,495.078,1.08442,579.004,3.70893,574.326,14.9565,
0.0113636,0.011264,0.0454545,0.011264,0.166667,0.012288,0.615385,0.013312,2.66667,0.012288,9.84615,0.013312,36.5714,0.014336,120.471,0.017408,240.941,0.034816,273.067,0.12288,365.103,0.367616,553.63,0.969728,579.164,3.7079,574.208,14.9596,
0.0113636,0.011264,0.0333333,0.01536,0.153846,0.013312,0.666667,0.012288,2.66667,0.012288,9.84615,0.013312,36.5714,0.014336,120.471,0.017408,234.057,0.03584,327.68,0.1024,366.123,0.366592,581.251,0.923648,578.844,3.70995,574.523,14.9514,
0.0113636,0.011264,0.0384615,0.013312,0.166667,0.012288,0.571429,0.014336,2.66667,0.012288,10.6667,0.012288,36.5714,0.014336,120.471,0.017408,240.941,0.034816,330.99,0.101376,365.103,0.367616,581.251,0.923648,579.004,3.70893,574.326,14.9565,
0.0104167,0.012288,0.0416667,0.012288,0.166667,0.012288,0.615385,0.013312,2.66667,0.012288,10.6667,0.012288,36.5714,0.014336,120.471,0.017408,240.941,0.034816,327.68,0.1024,366.123,0.366592,581.251,0.923648,578.844,3.70995,574.562,14.9504,
0.0104167,0.012288,0.0384615,0.013312,0.153846,0.013312,0.5,0.016384,2.46154,0.013312,9.84615,0.013312,39.3846,0.013312,120.471,0.017408,234.057,0.03584,330.99,0.101376,363.08,0.369664,581.251,0.923648,578.844,3.70995,574.326,14.9565,
0.0113636,0.011264,0.0454545,0.011264,0.166667,0.012288,0.615385,0.013312,2.28571,0.014336,10.6667,0.012288,39.3846,0.013312,120.471,0.017408,234.057,0.03584,327.68,0.1024,366.123,0.366592,581.896,0.922624,578.684,3.71098,574.326,14.9565,
0.0113636,0.011264,0.0416667,0.012288,0.153846,0.013312,0.615385,0.013312,2.28571,0.014336,10.6667,0.012288,36.5714,0.014336,113.778,0.018432,240.941,0.034816,327.68,0.1024,366.123,0.366592,581.251,0.923648,578.684,3.71098,574.444,14.9535,
0.00694444,0.018432,0.0454545,0.011264,0.166667,0.012288,0.666667,0.012288,2.46154,0.013312,9.84615,0.013312,36.5714,0.014336,120.471,0.017408,240.941,0.034816,330.99,0.101376,365.103,0.367616,580.607,0.924672,578.844,3.70995,574.365,14.9555,
0.00892857,0.014336,0.0384615,0.013312,0.166667,0.012288,0.615385,0.013312,2.46154,0.013312,10.6667,0.012288,36.5714,0.014336,120.471,0.017408,240.941,0.034816,330.99,0.101376,366.123,0.366592,581.896,0.922624,578.684,3.71098,574.523,14.9514,
0.0113636,0.011264,0.0454545,0.011264,0.181818,0.011264,0.666667,0.012288,2.46154,0.013312,8.53333,0.01536,32,0.016384,120.471,0.017408,227.556,0.036864,327.68,0.1024,367.148,0.365568,581.251,0.923648,578.844,3.70995,574.405,14.9545,
0.0104167,0.012288,0.0454545,0.011264,0.181818,0.011264,0.666667,0.012288,2.46154,0.013312,8.53333,0.01536,36.5714,0.014336,120.471,0.017408,234.057,0.03584,327.68,0.1024,365.103,0.367616,579.965,0.925696,578.844,3.70995,574.484,14.9524,
0.0125,0.01024,0.0555556,0.009216,0.222222,0.009216,0.8,0.01024,2.90909,0.011264,11.6364,0.011264,46.5455,0.011264,136.533,0.01536,264.258,0.031744,390.095,0.086016,441.32,0.304128,550.723,0.974848,577.728,3.71712,573.855,14.9688,
0.0125,0.01024,0.05,0.01024,0.2,0.01024,0.727273,0.011264,2.90909,0.011264,11.6364,0.011264,46.5455,0.011264,136.533,0.01536,264.258,0.031744,390.095,0.086016,442.811,0.303104,553.63,0.969728,578.684,3.71098,574.326,14.9565,
0.0125,0.01024,0.0555556,0.009216,0.222222,0.009216,0.8,0.01024,2.90909,0.011264,12.8,0.01024,46.5455,0.011264,136.533,0.01536,282.483,0.029696,390.095,0.086016,444.312,0.30208,553.046,0.970752,578.844,3.70995,574.365,14.9555,
0.0138889,0.009216,0.0555556,0.009216,0.222222,0.009216,0.8,0.01024,2.90909,0.011264,12.8,0.01024,46.5455,0.011264,146.286,0.014336,273.067,0.03072,390.095,0.086016,445.823,0.301056,553.63,0.969728,578.844,3.70995,574.405,14.9545,
0.0138889,0.009216,0.0555556,0.009216,0.2,0.01024,0.8,0.01024,2.90909,0.011264,12.8,0.01024,46.5455,0.011264,146.286,0.014336,273.067,0.03072,381.023,0.088064,445.823,0.301056,554.216,0.968704,578.684,3.71098,574.365,14.9555,
0.0125,0.01024,0.0555556,0.009216,0.2,0.01024,0.8,0.01024,3.2,0.01024,11.6364,0.011264,46.5455,0.011264,136.533,0.01536,264.258,0.031744,390.095,0.086016,442.811,0.303104,554.802,0.96768,578.844,3.70995,574.444,14.9535,
0.0138889,0.009216,0.0555556,0.009216,0.222222,0.009216,0.888889,0.009216,3.2,0.01024,12.8,0.01024,46.5455,0.011264,136.533,0.01536,273.067,0.03072,390.095,0.086016,444.312,0.30208,554.216,0.968704,579.004,3.70893,574.523,14.9514,
0.0138889,0.009216,0.05,0.01024,0.222222,0.009216,0.8,0.01024,3.2,0.01024,12.8,0.01024,42.6667,0.012288,136.533,0.01536,264.258,0.031744,390.095,0.086016,444.312,0.30208,554.802,0.96768,579.004,3.70893,574.562,14.9504,
0.0138889,0.009216,0.0555556,0.009216,0.222222,0.009216,0.8,0.01024,3.2,0.01024,11.6364,0.011264,42.6667,0.012288,136.533,0.01536,282.483,0.029696,390.095,0.086016,445.823,0.301056,554.802,0.96768,579.004,3.70893,574.405,14.9545,
0.0125,0.01024,0.0416667,0.012288,0.222222,0.009216,0.8,0.01024,2.90909,0.011264,11.6364,0.011264,42.6667,0.012288,113.778,0.018432,273.067,0.03072,390.095,0.086016,444.312,0.30208,554.216,0.968704,578.844,3.70995,574.247,14.9586,
0.0138889,0.009216,0.0555556,0.009216,0.2,0.01024,0.8,0.01024,3.2,0.01024,12.8,0.01024,46.5455,0.011264,136.533,0.01536,282.483,0.029696,390.095,0.086016,444.312,0.30208,554.216,0.968704,579.004,3.70893,574.484,14.9524,
0.0125,0.01024,0.05,0.01024,0.2,0.01024,0.8,0.01024,3.2,0.01024,12.8,0.01024,46.5455,0.011264,136.533,0.01536,273.067,0.03072,385.506,0.08704,444.312,0.30208,554.216,0.968704,578.684,3.71098,574.602,14.9494,
0.0138889,0.009216,0.05,0.01024,0.2,0.01024,0.8,0.01024,3.2,0.01024,12.8,0.01024,46.5455,0.011264,136.533,0.01536,273.067,0.03072,390.095,0.086016,444.312,0.30208,554.216,0.968704,579.004,3.70893,574.405,14.9545,
0.0138889,0.009216,0.0555556,0.009216,0.222222,0.009216,0.8,0.01024,3.2,0.01024,12.8,0.01024,42.6667,0.012288,136.533,0.01536,273.067,0.03072,394.795,0.084992,444.312,0.30208,554.802,0.96768,578.684,3.71098,574.405,14.9545,
0.0138889,0.009216,0.0555556,0.009216,0.222222,0.009216,0.666667,0.012288,2.90909,0.011264,12.8,0.01024,42.6667,0.012288,136.533,0.01536,273.067,0.03072,385.506,0.08704,444.312,0.30208,554.216,0.968704,579.004,3.70893,574.287,14.9576,
0.0125,0.01024,0.0555556,0.009216,0.2,0.01024,0.8,0.01024,3.2,0.01024,11.6364,0.011264,46.5455,0.011264,146.286,0.014336,273.067,0.03072,390.095,0.086016,444.312,0.30208,554.216,0.968704,578.684,3.71098,574.405,14.9545,
0.0138889,0.009216,0.0555556,0.009216,0.2,0.01024,0.8,0.01024,3.2,0.01024,11.6364,0.011264,46.5455,0.011264,146.286,0.014336,273.067,0.03072,394.795,0.084992,444.312,0.30208,554.216,0.968704,579.324,3.70688,574.365,14.9555,
0.0125,0.01024,0.05,0.01024,0.2,0.01024,0.8,0.01024,3.2,0.01024,11.6364,0.011264,46.5455,0.011264,146.286,0.014336,273.067,0.03072,390.095,0.086016,444.312,0.30208,554.216,0.968704,579.164,3.7079,574.641,14.9484,
0.0138889,0.009216,0.0555556,0.009216,0.222222,0.009216,0.8,0.01024,2.90909,0.011264,12.8,0.01024,46.5455,0.011264,146.286,0.014336,264.258,0.031744,394.795,0.084992,444.312,0.30208,554.802,0.96768,578.844,3.70995,574.641,14.9484,
0.0138889,0.009216,0.0555556,0.009216,0.222222,0.009216,0.8,0.01024,3.2,0.01024,12.8,0.01024,46.5455,0.011264,136.533,0.01536,273.067,0.03072,390.095,0.086016,445.823,0.301056,554.802,0.96768,578.684,3.71098,574.405,14.9545,
0.0138889,0.009216,0.0555556,0.009216,0.222222,0.009216,0.8,0.01024,3.2,0.01024,12.8,0.01024,42.6667,0.012288,136.533,0.01536,282.483,0.029696,390.095,0.086016,444.312,0.30208,555.979,0.965632,578.684,3.71098,574.444,14.9535,
0.0138889,0.009216,0.05,0.01024,0.2,0.01024,0.727273,0.011264,3.2,0.01024,11.6364,0.011264,42.6667,0.012288,136.533,0.01536,264.258,0.031744,390.095,0.086016,444.312,0.30208,557.753,0.96256,578.844,3.70995,574.326,14.9565,
0.0138889,0.009216,0.0555556,0.009216,0.222222,0.009216,0.8,0.01024,2.90909,0.011264,11.6364,0.011264,46.5455,0.011264,146.286,0.014336,282.483,0.029696,390.095,0.086016,445.823,0.301056,557.753,0.96256,579.164,3.7079,574.326,14.9565,
0.0125,0.01024,0.0555556,0.009216,0.222222,0.009216,0.727273,0.011264,3.2,0.01024,11.6364,0.011264,42.6667,0.012288,146.286,0.014336,264.258,0.031744,394.795,0.084992,445.823,0.301056,558.347,0.961536,578.684,3.71098,574.287,14.9576,
0.0138889,0.009216,0.0555556,0.009216,0.222222,0.009216,0.8,0.01024,3.2,0.01024,11.6364,0.011264,46.5455,0.011264,146.286,0.014336,282.483,0.029696,381.023,0.088064,445.823,0.301056,557.753,0.96256,577.887,3.7161,574.247,14.9586,
0.0125,0.01024,0.05,0.01024,0.2,0.01024,0.8,0.01024,2.90909,0.011264,11.6364,0.011264,46.5455,0.011264,136.533,0.01536,273.067,0.03072,390.095,0.086016,444.312,0.30208,558.347,0.961536,577.251,3.72019,574.405,14.9545,
0.0138889,0.009216,0.0555556,0.009216,0.222222,0.009216,0.888889,0.009216,2.90909,0.011264,11.6364,0.011264,46.5455,0.011264,136.533,0.01536,282.483,0.029696,385.506,0.08704,444.312,0.30208,557.16,0.963584,577.887,3.7161,574.444,14.9535,
0.0125,0.01024,0.05,0.01024,0.2,0.01024,0.8,0.01024,2.90909,0.011264,11.6364,0.011264,46.5455,0.011264,136.533,0.01536,273.067,0.03072,390.095,0.086016,444.312,0.30208,557.753,0.96256,578.206,3.71405,574.169,14.9606,
0.0138889,0.009216,0.05,0.01024,0.222222,0.009216,0.888889,0.009216,2.90909,0.011264,11.6364,0.011264,46.5455,0.011264,136.533,0.01536,282.483,0.029696,385.506,0.08704,445.823,0.301056,558.347,0.961536,578.046,3.71507,574.365,14.9555,
0.0125,0.01024,0.0555556,0.009216,0.222222,0.009216,0.8,0.01024,3.2,0.01024,11.6364,0.011264,46.5455,0.011264,146.286,0.014336,273.067,0.03072,385.506,0.08704,444.312,0.30208,557.16,0.963584,578.046,3.71507,574.523,14.9514,
0.0125,0.01024,0.0555556,0.009216,0.222222,0.009216,0.8,0.01024,3.2,0.01024,11.6364,0.011264,39.3846,0.013312,146.286,0.014336,273.067,0.03072,381.023,0.088064,442.811,0.303104,557.16,0.963584,578.206,3.71405,574.287,14.9576,
0.0138889,0.009216,0.05,0.01024,0.222222,0.009216,0.8,0.01024,3.2,0.01024,11.6364,0.011264,46.5455,0.011264,136.533,0.01536,264.258,0.031744,368.18,0.091136,442.811,0.303104,558.347,0.961536,578.684,3.71098,574.405,14.9545,
0.0138889,0.009216,0.0555556,0.009216,0.222222,0.009216,0.8,0.01024,3.2,0.01024,12.8,0.01024,46.5455,0.011264,136.533,0.01536,282.483,0.029696,376.644,0.089088,444.312,0.30208,557.753,0.96256,577.569,3.71814,574.444,14.9535,
0.0125,0.01024,0.0555556,0.009216,0.222222,0.009216,0.8,0.01024,2.90909,0.011264,11.6364,0.011264,42.6667,0.012288,146.286,0.014336,273.067,0.03072,385.506,0.08704,445.823,0.301056,557.753,0.96256,578.844,3.70995,574.365,14.9555,
0.0138889,0.009216,0.05,0.01024,0.222222,0.009216,0.8,0.01024,2.90909,0.011264,11.6364,0.011264,42.6667,0.012288,136.533,0.01536,273.067,0.03072,385.506,0.08704,445.823,0.301056,557.753,0.96256,578.684,3.71098,574.365,14.9555,
0.0138889,0.009216,0.0555556,0.009216,0.222222,0.009216,0.8,0.01024,3.2,0.01024,11.6364,0.011264,42.6667,0.012288,136.533,0.01536,282.483,0.029696,385.506,0.08704,444.312,0.30208,557.753,0.96256,579.004,3.70893,574.326,14.9565,
0.0138889,0.009216,0.0555556,0.009216,0.2,0.01024,0.8,0.01024,2.90909,0.011264,11.6364,0.011264,46.5455,0.011264,136.533,0.01536,273.067,0.03072,376.644,0.089088,445.823,0.301056,557.753,0.96256,579.004,3.70893,574.444,14.9535,
0.0138889,0.009216,0.05,0.01024,0.2,0.01024,0.8,0.01024,0.367816,0.089088,11.6364,0.011264,46.5455,0.011264,146.286,0.014336,273.067,0.03072,390.095,0.086016,444.312,0.30208,558.347,0.961536,578.844,3.70995,574.326,14.9565,
0.0138889,0.009216,0.0555556,0.009216,0.2,0.01024,0.8,0.01024,3.2,0.01024,12.8,0.01024,42.6667,0.012288,146.286,0.014336,273.067,0.03072,385.506,0.08704,444.312,0.30208,557.753,0.96256,579.004,3.70893,574.405,14.9545,
0.0125,0.01024,0.05,0.01024,0.2,0.01024,0.727273,0.011264,3.2,0.01024,11.6364,0.011264,46.5455,0.011264,146.286,0.014336,273.067,0.03072,381.023,0.088064,444.312,0.30208,558.347,0.961536,579.004,3.70893,574.484,14.9524,
0.0138889,0.009216,0.05,0.01024,0.222222,0.009216,0.8,0.01024,2.90909,0.011264,12.8,0.01024,46.5455,0.011264,146.286,0.014336,282.483,0.029696,381.023,0.088064,444.312,0.30208,557.753,0.96256,578.525,3.712,574.287,14.9576,
0.0138889,0.009216,0.0555556,0.009216,0.2,0.01024,0.8,0.01024,2.90909,0.011264,11.6364,0.011264,46.5455,0.011264,136.533,0.01536,273.067,0.03072,376.644,0.089088,445.823,0.301056,557.753,0.96256,578.684,3.71098,574.051,14.9637,
0.0125,0.01024,0.0555556,0.009216,0.2,0.01024,0.8,0.01024,3.2,0.01024,12.8,0.01024,42.6667,0.012288,146.286,0.014336,273.067,0.03072,385.506,0.08704,444.312,0.30208,557.753,0.96256,579.004,3.70893,574.208,14.9596,
0.0125,0.01024,0.0555556,0.009216,0.222222,0.009216,0.8,0.01024,2.90909,0.011264,11.6364,0.011264,46.5455,0.011264,146.286,0.014336,282.483,0.029696,381.023,0.088064,445.823,0.301056,557.753,0.96256,578.844,3.70995,574.523,14.9514,
0.0138889,0.009216,0.0555556,0.009216,0.222222,0.009216,0.8,0.01024,2.90909,0.011264,12.8,0.01024,46.5455,0.011264,146.286,0.014336,282.483,0.029696,381.023,0.088064,445.823,0.301056,557.753,0.96256,578.684,3.71098,574.484,14.9524,
0.0138889,0.009216,0.05,0.01024,0.2,0.01024,0.8,0.01024,3.2,0.01024,12.8,0.01024,46.5455,0.011264,146.286,0.014336,273.067,0.03072,385.506,0.08704,444.312,0.30208,557.753,0.96256,579.004,3.70893,574.484,14.9524,
0.0138889,0.009216,0.0555556,0.009216,0.2,0.01024,0.8,0.01024,3.2,0.01024,12.8,0.01024,42.6667,0.012288,146.286,0.014336,273.067,0.03072,372.364,0.090112,445.823,0.301056,558.347,0.961536,579.164,3.7079,574.365,14.9555,
0.0138889,0.009216,0.0555556,0.009216,0.2,0.01024,0.8,0.01024,3.2,0.01024,11.6364,0.011264,42.6667,0.012288,136.533,0.01536,282.483,0.029696,381.023,0.088064,445.823,0.301056,557.16,0.963584,579.164,3.7079,574.523,14.9514,
0.0138889,0.009216,0.0555556,0.009216,0.222222,0.009216,0.8,0.01024,2.90909,0.011264,12.8,0.01024,42.6667,0.012288,136.533,0.01536,282.483,0.029696,381.023,0.088064,444.312,0.30208,557.16,0.963584,578.844,3.70995,574.523,14.9514,
0.0125,0.01024,0.0555556,0.009216,0.2,0.01024,0.8,0.01024,2.90909,0.011264,11.6364,0.011264,42.6667,0.012288,136.533,0.01536,273.067,0.03072,385.506,0.08704,445.823,0.301056,557.753,0.96256,578.525,3.712,574.562,14.9504,
0.0138889,0.009216,0.0555556,0.009216,0.2,0.01024,0.8,0.01024,2.90909,0.011264,12.8,0.01024,42.6667,0.012288,146.286,0.014336,264.258,0.031744,381.023,0.088064,445.823,0.301056,557.16,0.963584,579.164,3.7079,574.405,14.9545,
0.0125,0.01024,0.0555556,0.009216,0.2,0.01024,0.8,0.01024,3.2,0.01024,11.6364,0.011264,42.6667,0.012288,136.533,0.01536,273.067,0.03072,385.506,0.08704,444.312,0.30208,557.16,0.963584,578.844,3.70995,574.405,14.9545,
0.0138889,0.009216,0.0555556,0.009216,0.222222,0.009216,0.8,0.01024,3.2,0.01024,12.8,0.01024,46.5455,0.011264,120.471,0.017408,273.067,0.03072,381.023,0.088064,445.823,0.301056,557.753,0.96256,579.164,3.7079,574.326,14.9565,
0.0138889,0.009216,0.05,0.01024,0.2,0.01024,0.8,0.01024,3.2,0.01024,12.8,0.01024,46.5455,0.011264,136.533,0.01536,282.483,0.029696,376.644,0.089088,442.811,0.303104,557.753,0.96256,578.844,3.70995,574.287,14.9576,
0.0138889,0.009216,0.0555556,0.009216,0.222222,0.009216,0.8,0.01024,3.2,0.01024,12.8,0.01024,42.6667,0.012288,136.533,0.01536,273.067,0.03072,381.023,0.088064,444.312,0.30208,557.16,0.963584,579.164,3.7079,574.326,14.9565,
0.0125,0.01024,0.0555556,0.009216,0.2,0.01024,0.8,0.01024,3.2,0.01024,12.8,0.01024,42.6667,0.012288,146.286,0.014336,273.067,0.03072,381.023,0.088064,444.312,0.30208,557.16,0.963584,579.004,3.70893,574.326,14.9565,
0.0138889,0.009216,0.0555556,0.009216,0.222222,0.009216,0.8,0.01024,2.90909,0.011264,12.8,0.01024,42.6667,0.012288,146.286,0.014336,273.067,0.03072,381.023,0.088064,444.312,0.30208,557.753,0.96256,579.004,3.70893,574.444,14.9535,
0.0125,0.01024,0.0555556,0.009216,0.222222,0.009216,0.8,0.01024,3.2,0.01024,11.6364,0.011264,46.5455,0.011264,146.286,0.014336,273.067,0.03072,381.023,0.088064,444.312,0.30208,557.16,0.963584,578.206,3.71405,574.365,14.9555,
0.0138889,0.009216,0.0555556,0.009216,0.2,0.01024,0.8,0.01024,3.2,0.01024,11.6364,0.011264,42.6667,0.012288,146.286,0.014336,273.067,0.03072,381.023,0.088064,444.312,0.30208,557.753,0.96256,577.41,3.71917,574.405,14.9545,
0.0138889,0.009216,0.0555556,0.009216,0.2,0.01024,0.8,0.01024,3.2,0.01024,11.6364,0.011264,42.6667,0.012288,136.533,0.01536,282.483,0.029696,381.023,0.088064,445.823,0.301056,557.753,0.96256,577.728,3.71712,574.326,14.9565,
0.0138889,0.009216,0.0555556,0.009216,0.2,0.01024,0.8,0.01024,2.90909,0.011264,11.6364,0.011264,46.5455,0.011264,136.533,0.01536,282.483,0.029696,385.506,0.08704,444.312,0.30208,557.16,0.963584,578.684,3.71098,574.405,14.9545,
0.0125,0.01024,0.05,0.01024,0.222222,0.009216,0.727273,0.011264,3.2,0.01024,12.8,0.01024,46.5455,0.011264,136.533,0.01536,264.258,0.031744,381.023,0.088064,444.312,0.30208,557.753,0.96256,578.844,3.70995,574.169,14.9606,
0.0125,0.01024,0.0555556,0.009216,0.222222,0.009216,0.8,0.01024,2.90909,0.011264,11.6364,0.011264,46.5455,0.011264,136.533,0.01536,273.067,0.03072,381.023,0.088064,445.823,0.301056,557.753,0.96256,578.844,3.70995,574.365,14.9555,
0.0138889,0.009216,0.0555556,0.009216,0.2,0.01024,0.8,0.01024,2.90909,0.011264,11.6364,0.011264,42.6667,0.012288,136.533,0.01536,273.067,0.03072,385.506,0.08704,444.312,0.30208,558.347,0.961536,578.684,3.71098,574.523,14.9514,
0.0138889,0.009216,0.0416667,0.012288,0.2,0.01024,0.8,0.01024,3.2,0.01024,12.8,0.01024,42.6667,0.012288,146.286,0.014336,273.067,0.03072,385.506,0.08704,444.312,0.30208,557.753,0.96256,578.844,3.70995,574.247,14.9586,
0.0125,0.01024,0.05,0.01024,0.222222,0.009216,0.8,0.01024,2.90909,0.011264,11.6364,0.011264,42.6667,0.012288,136.533,0.01536,273.067,0.03072,385.506,0.08704,444.312,0.30208,557.753,0.96256,578.844,3.70995,574.405,14.9545,
0.0138889,0.009216,0.0555556,0.009216,0.222222,0.009216,0.8,0.01024,3.2,0.01024,12.8,0.01024,46.5455,0.011264,136.533,0.01536,264.258,0.031744,385.506,0.08704,445.823,0.301056,557.16,0.963584,579.004,3.70893,574.287,14.9576,
0.0125,0.01024,0.05,0.01024,0.2,0.01024,0.727273,0.011264,3.2,0.01024,9.84615,0.013312,46.5455,0.011264,136.533,0.01536,264.258,0.031744,381.023,0.088064,445.823,0.301056,557.16,0.963584,579.164,3.7079,574.523,14.9514,
0.0138889,0.009216,0.0555556,0.009216,0.222222,0.009216,0.727273,0.011264,3.2,0.01024,11.6364,0.011264,42.6667,0.012288,146.286,0.014336,273.067,0.03072,381.023,0.088064,445.823,0.301056,557.16,0.963584,578.684,3.71098,574.484,14.9524,
0.0138889,0.009216,0.05,0.01024,0.222222,0.009216,0.615385,0.013312,3.2,0.01024,11.6364,0.011264,42.6667,0.012288,146.286,0.014336,282.483,0.029696,385.506,0.08704,444.312,0.30208,557.16,0.963584,578.684,3.71098,574.444,14.9535,
0.0138889,0.009216,0.0555556,0.009216,0.222222,0.009216,0.8,0.01024,3.2,0.01024,11.6364,0.011264,42.6667,0.012288,146.286,0.014336,273.067,0.03072,385.506,0.08704,445.823,0.301056,557.753,0.96256,578.684,3.71098,574.523,14.9514,
0.0125,0.01024,0.05,0.01024,0.2,0.01024,0.8,0.01024,3.2,0.01024,11.6364,0.011264,42.6667,0.012288,136.533,0.01536,273.067,0.03072,381.023,0.088064,445.823,0.301056,558.347,0.961536,578.684,3.71098,574.523,14.9514,
0.0138889,0.009216,0.0555556,0.009216,0.2,0.01024,0.8,0.01024,2.90909,0.011264,11.6364,0.011264,42.6667,0.012288,136.533,0.01536,273.067,0.03072,385.506,0.08704,444.312,0.30208,558.347,0.961536,578.844,3.70995,574.602,14.9494,
0.0125,0.01024,0.05,0.01024,0.222222,0.009216,0.727273,0.011264,3.2,0.01024,11.6364,0.011264,46.5455,0.011264,146.286,0.014336,273.067,0.03072,381.023,0.088064,445.823,0.301056,557.753,0.96256,578.844,3.70995,574.365,14.9555,
0.0138889,0.009216,0.0555556,0.009216,0.222222,0.009216,0.8,0.01024,3.2,0.01024,12.8,0.01024,42.6667,0.012288,146.286,0.014336,273.067,0.03072,381.023,0.088064,445.823,0.301056,557.753,0.96256,579.004,3.70893,574.602,14.9494,
0.0125,0.01024,0.0555556,0.009216,0.2,0.01024,0.8,0.01024,3.2,0.01024,12.8,0.01024,46.5455,0.011264,146.286,0.014336,282.483,0.029696,381.023,0.088064,445.823,0.301056,557.753,0.96256,578.844,3.70995,574.365,14.9555,
0.0138889,0.009216,0.0555556,0.009216,0.2,0.01024,0.8,0.01024,3.2,0.01024,11.6364,0.011264,46.5455,0.011264,146.286,0.014336,264.258,0.031744,381.023,0.088064,444.312,0.30208,557.16,0.963584,578.844,3.70995,574.287,14.9576,
0.0125,0.01024,0.05,0.01024,0.2,0.01024,0.8,0.01024,2.90909,0.011264,12.8,0.01024,46.5455,0.011264,146.286,0.014336,273.067,0.03072,385.506,0.08704,444.312,0.30208,557.753,0.96256,578.844,3.70995,574.287,14.9576,
0.0138889,0.009216,0.0555556,0.009216,0.2,0.01024,0.8,0.01024,2.90909,0.011264,12.8,0.01024,46.5455,0.011264,146.286,0.014336,273.067,0.03072,381.023,0.088064,444.312,0.30208,557.16,0.963584,579.004,3.70893,574.365,14.9555,
0.0138889,0.009216,0.0555556,0.009216,0.222222,0.009216,0.8,0.01024,3.2,0.01024,12.8,0.01024,46.5455,0.011264,146.286,0.014336,273.067,0.03072,381.023,0.088064,444.312,0.30208,557.753,0.96256,579.004,3.70893,574.169,14.9606,
0.0125,0.01024,0.0555556,0.009216,0.222222,0.009216,0.8,0.01024,2.90909,0.011264,12.8,0.01024,42.6667,0.012288,146.286,0.014336,273.067,0.03072,381.023,0.088064,444.312,0.30208,557.753,0.96256,578.844,3.70995,574.169,14.9606,
0.0125,0.01024,0.0555556,0.009216,0.2,0.01024,0.8,0.01024,3.2,0.01024,12.8,0.01024,42.6667,0.012288,136.533,0.01536,282.483,0.029696,385.506,0.08704,445.823,0.301056,557.753,0.96256,578.844,3.70995,574.326,14.9565,
0.0125,0.01024,0.0555556,0.009216,0.2,0.01024,0.8,0.01024,2.90909,0.011264,12.8,0.01024,42.6667,0.012288,136.533,0.01536,273.067,0.03072,381.023,0.088064,444.312,0.30208,557.753,0.96256,578.684,3.71098,574.13,14.9617,
0.0138889,0.009216,0.0555556,0.009216,0.2,0.01024,0.727273,0.011264,2.90909,0.011264,12.8,0.01024,46.5455,0.011264,136.533,0.01536,273.067,0.03072,381.023,0.088064,445.823,0.301056,557.753,0.96256,578.684,3.71098,574.287,14.9576,
0.0138889,0.009216,0.0555556,0.009216,0.222222,0.009216,0.8,0.01024,3.2,0.01024,11.6364,0.011264,46.5455,0.011264,136.533,0.01536,273.067,0.03072,385.506,0.08704,445.823,0.301056,557.16,0.963584,577.887,3.7161,574.326,14.9565,
0.0125,0.01024,0.05,0.01024,0.2,0.01024,0.8,0.01024,2.90909,0.011264,11.6364,0.011264,46.5455,0.011264,136.533,0.01536,264.258,0.031744,381.023,0.088064,445.823,0.301056,557.753,0.96256,577.887,3.7161,574.444,14.9535,
0.0138889,0.009216,0.0555556,0.009216,0.222222,0.009216,0.8,0.01024,2.90909,0.011264,11.6364,0.011264,42.6667,0.012288,146.286,0.014336,282.483,0.029696,376.644,0.089088,445.823,0.301056,557.16,0.963584,576.933,3.72224,574.405,14.9545,
0.0125,0.01024,0.0555556,0.009216,0.222222,0.009216,0.727273,0.011264,3.2,0.01024,11.6364,0.011264,42.6667,0.012288,146.286,0.014336,282.483,0.029696,390.095,0.086016,444.312,0.30208,557.16,0.963584,577.887,3.7161,574.247,14.9586,
0.0125,0.01024,0.0555556,0.009216,0.222222,0.009216,0.8,0.01024,2.90909,0.011264,12.8,0.01024,46.5455,0.011264,146.286,0.014336,273.067,0.03072,381.023,0.088064,445.823,0.301056,557.753,0.96256,577.728,3.71712,574.365,14.9555,
0.0125,0.01024,0.0555556,0.009216,0.2,0.01024,0.8,0.01024,2.90909,0.011264,11.6364,0.011264,46.5455,0.011264,146.286,0.014336,273.067,0.03072,381.023,0.088064,444.312,0.30208,557.16,0.963584,577.887,3.7161,574.444,14.9535,
0.0138889,0.009216,0.05,0.01024,0.2,0.01024,0.888889,0.009216,3.2,0.01024,12.8,0.01024,46.5455,0.011264,146.286,0.014336,273.067,0.03072,376.644,0.089088,444.312,0.30208,557.753,0.96256,578.046,3.71507,574.405,14.9545,
0.0138889,0.009216,0.0555556,0.009216,0.222222,0.009216,0.8,0.01024,3.2,0.01024,11.6364,0.011264,46.5455,0.011264,136.533,0.01536,282.483,0.029696,390.095,0.086016,444.312,0.30208,557.16,0.963584,578.525,3.712,574.444,14.9535,
0.0138889,0.009216,0.0555556,0.009216,0.222222,0.009216,0.8,0.01024,2.90909,0.011264,11.6364,0.011264,46.5455,0.011264,136.533,0.01536,264.258,0.031744,385.506,0.08704,445.823,0.301056,557.753,0.96256,579.004,3.70893,574.405,14.9545,
0.0125,0.01024,0.05,0.01024,0.222222,0.009216,0.727273,0.011264,2.90909,0.011264,11.6364,0.011264,42.6667,0.012288,136.533,0.01536,273.067,0.03072,381.023,0.088064,445.823,0.301056,557.753,0.96256,579.004,3.70893,574.326,14.9565,
0.0138889,0.009216,0.0555556,0.009216,0.222222,0.009216,0.8,0.01024,3.2,0.01024,11.6364,0.011264,42.6667,0.012288,120.471,0.017408,273.067,0.03072,381.023,0.088064,442.811,0.303104,557.753,0.96256,579.164,3.7079,574.208,14.9596,
0.0138889,0.009216,0.0555556,0.009216,0.2,0.01024,0.8,0.01024,3.2,0.01024,11.6364,0.011264,46.5455,0.011264,146.286,0.014336,273.067,0.03072,385.506,0.08704,444.312,0.30208,557.753,0.96256,578.684,3.71098,574.484,14.9524,
0.0138889,0.009216,0.0555556,0.009216,0.222222,0.009216,0.8,0.01024,2.90909,0.011264,12.8,0.01024,46.5455,0.011264,146.286,0.014336,273.067,0.03072,381.023,0.088064,442.811,0.303104,557.16,0.963584,578.525,3.712,574.365,14.9555,
0.0138889,0.009216,0.0555556,0.009216,0.2,0.01024,0.8,0.01024,3.2,0.01024,12.8,0.01024,46.5455,0.011264,136.533,0.01536,273.067,0.03072,381.023,0.088064,445.823,0.301056,557.753,0.96256,578.844,3.70995,574.365,14.9555,
0.0138889,0.009216,0.0555556,0.009216,0.222222,0.009216,0.8,0.01024,3.2,0.01024,12.8,0.01024,42.6667,0.012288,146.286,0.014336,273.067,0.03072,381.023,0.088064,445.823,0.301056,557.753,0.96256,579.164,3.7079,574.562,14.9504,
0.0138889,0.009216,0.0555556,0.009216,0.222222,0.009216,0.8,0.01024,3.2,0.01024,11.6364,0.011264,46.5455,0.011264,146.286,0.014336,273.067,0.03072,385.506,0.08704,445.823,0.301056,557.753,0.96256,578.844,3.70995,574.523,14.9514,
