bandwidth_0,time_0,bandwidth_1,time_1,bandwidth_2,time_2,bandwidth_3,time_3,bandwidth_4,time_4,bandwidth_5,time_5,bandwidth_6,time_6,bandwidth_7,time_7,bandwidth_8,time_8,bandwidth_9,time_9,bandwidth_10,time_10,bandwidth_11,time_11,bandwidth_12,time_12,bandwidth_13,time_13,
0.0125,0.01024,0.0454545,0.011264,0.2,0.01024,0.727273,0.011264,2.66667,0.012288,10.6667,0.012288,39.3846,0.013312,120.471,0.017408,240.941,0.034816,318.136,0.105472,378.821,0.354304,539.391,0.995328,549.28,3.90963,361.687,23.7496,
0.0125,0.01024,0.05,0.01024,0.2,0.01024,0.727273,0.011264,2.66667,0.012288,11.6364,0.011264,39.3846,0.013312,120.471,0.017408,256,0.032768,330.99,0.101376,379.919,0.35328,541.061,0.992256,549.28,3.90963,361.765,23.7445,
0.0113636,0.011264,0.0454545,0.011264,0.181818,0.011264,0.727273,0.011264,2.66667,0.012288,11.6364,0.011264,39.3846,0.013312,128,0.016384,256,0.032768,330.99,0.101376,381.023,0.352256,541.62,0.991232,549.424,3.90861,361.796,23.7425,
0.0125,0.01024,0.05,0.01024,0.2,0.01024,0.727273,0.011264,2.66667,0.012288,11.6364,0.011264,39.3846,0.013312,128,0.016384,256,0.032768,327.68,0.1024,379.919,0.35328,542.741,0.989184,549.568,3.90758,361.781,23.7435,
0.0113636,0.011264,0.05,0.01024,0.181818,0.011264,0.727273,0.011264,2.90909,0.011264,10.6667,0.012288,39.3846,0.013312,128,0.016384,248.242,0.033792,327.68,0.1024,379.919,0.35328,541.62,0.991232,549.568,3.90758,361.781,23.7435,
0.0125,0.01024,0.05,0.01024,0.2,0.01024,0.727273,0.011264,2.66667,0.012288,10.6667,0.012288,42.6667,0.012288,120.471,0.017408,248.242,0.033792,330.99,0.101376,381.023,0.352256,543.304,0.98816,549.856,3.90554,361.749,23.7455,
0.0125,0.01024,0.0454545,0.011264,0.181818,0.011264,0.727273,0.011264,2.90909,0.011264,11.6364,0.011264,39.3846,0.013312,120.471,0.017408,248.242,0.033792,330.99,0.101376,381.023,0.352256,541.62,0.991232,550.001,3.90451,374.625,22.9294,
0.0113636,0.011264,0.05,0.01024,0.181818,0.011264,0.727273,0.011264,2.90909,0.011264,11.6364,0.011264,39.3846,0.013312,128,0.016384,256,0.032768,330.99,0.101376,381.023,0.352256,542.18,0.990208,549.856,3.90554,547.702,15.6836,
0.0125,0.01024,0.0454545,0.011264,0.181818,0.011264,0.727273,0.011264,2.66667,0.012288,11.6364,0.011264,42.6667,0.012288,128,0.016384,248.242,0.033792,327.68,0.1024,381.023,0.352256,542.741,0.989184,550.001,3.90451,547.059,15.702,
0.0125,0.01024,0.05,0.01024,0.2,0.01024,0.727273,0.011264,2.66667,0.012288,11.6364,0.011264,39.3846,0.013312,128,0.016384,256,0.032768,334.367,0.100352,381.023,0.352256,542.741,0.989184,549.856,3.90554,544.892,15.7645,
0.0113636,0.011264,0.05,0.01024,0.181818,0.011264,0.727273,0.011264,2.66667,0.012288,11.6364,0.011264,42.6667,0.012288,128,0.016384,256,0.032768,334.367,0.100352,381.023,0.352256,542.741,0.989184,550.145,3.90349,545.069,15.7594,
0.0125,0.01024,0.05,0.01024,0.2,0.01024,0.727273,0.011264,2.90909,0.011264,10.6667,0.012288,39.3846,0.013312,128,0.016384,264.258,0.031744,334.367,0.100352,381.023,0.352256,542.741,0.989184,549.712,3.90656,544.786,15.7676,
0.0113636,0.011264,0.05,0.01024,0.2,0.01024,0.727273,0.011264,2.90909,0.011264,10.6667,0.012288,42.6667,0.012288,128,0.016384,256,0.032768,337.814,0.099328,381.023,0.352256,542.18,0.990208,550.145,3.90349,544.715,15.7696,
0.0125,0.01024,0.05,0.01024,0.2,0.01024,0.727273,0.011264,2.90909,0.011264,10.6667,0.012288,39.3846,0.013312,120.471,0.017408,256,0.032768,330.99,0.101376,385.506,0.34816,542.741,0.989184,550.145,3.90349,544.75,15.7686,
0.0113636,0.011264,0.05,0.01024,0.181818,0.011264,0.727273,0.011264,2.66667,0.012288,11.6364,0.011264,39.3846,0.013312,128,0.016384,256,0.032768,334.367,0.100352,387.787,0.346112,542.741,0.989184,550.001,3.90451,544.75,15.7686,
0.0125,0.01024,0.05,0.01024,0.2,0.01024,0.666667,0.012288,2.66667,0.012288,11.6364,0.011264,42.6667,0.012288,120.471,0.017408,256,0.032768,334.367,0.100352,388.938,0.345088,543.304,0.98816,549.856,3.90554,547.345,15.6938,
0.0113636,0.011264,0.05,0.01024,0.181818,0.011264,0.727273,0.011264,2.90909,0.011264,10.6667,0.012288,39.3846,0.013312,13.0446,0.160768,248.242,0.033792,327.68,0.1024,392.431,0.342016,542.741,0.989184,549.856,3.90554,547.845,15.6795,
0.0125,0.01024,0.05,0.01024,0.2,0.01024,0.727273,0.011264,2.66667,0.012288,9.14286,0.014336,39.3846,0.013312,120.471,0.017408,256,0.032768,330.99,0.101376,395.988,0.338944,542.741,0.989184,549.712,3.90656,547.488,15.6897,
0.0113636,0.011264,0.05,0.01024,0.2,0.01024,0.727273,0.011264,2.66667,0.012288,11.6364,0.011264,39.3846,0.013312,128,0.016384,256,0.032768,334.367,0.100352,397.188,0.33792,543.304,0.98816,549.712,3.90656,547.381,15.6928,
0.0125,0.01024,0.05,0.01024,0.2,0.01024,0.727273,0.011264,2.90909,0.011264,11.6364,0.011264,42.6667,0.012288,128,0.016384,264.258,0.031744,334.367,0.100352,397.188,0.33792,542.741,0.989184,548.705,3.91373,547.524,15.6887,
0.0113636,0.011264,0.05,0.01024,0.2,0.01024,0.666667,0.012288,2.90909,0.011264,10.6667,0.012288,39.3846,0.013312,128,0.016384,256,0.032768,330.99,0.101376,398.395,0.336896,542.741,0.989184,549.136,3.91066,547.273,15.6959,
0.0125,0.01024,0.05,0.01024,0.2,0.01024,0.727273,0.011264,2.90909,0.011264,10.6667,0.012288,42.6667,0.012288,120.471,0.017408,256,0.032768,334.367,0.100352,397.188,0.33792,543.304,0.98816,549.28,3.90963,546.988,15.7041,
0.0125,0.01024,0.05,0.01024,0.2,0.01024,0.727273,0.011264,2.66667,0.012288,11.6364,0.011264,39.3846,0.013312,120.471,0.017408,256,0.032768,330.99,0.101376,398.395,0.336896,543.304,0.98816,549.712,3.90656,546.81,15.7092,
0.0125,0.01024,0.05,0.01024,0.2,0.01024,0.727273,0.011264,2.90909,0.011264,10.6667,0.012288,42.6667,0.012288,128,0.016384,256,0.032768,334.367,0.100352,398.395,0.336896,543.867,0.987136,549.712,3.90656,546.525,15.7174,
0.0113636,0.011264,0.0454545,0.011264,0.181818,0.011264,0.727273,0.011264,2.90909,0.011264,10.6667,0.012288,42.6667,0.012288,120.471,0.017408,256,0.032768,330.99,0.101376,395.988,0.338944,543.867,0.987136,550.001,3.90451,546.845,15.7082,
0.0125,0.01024,0.05,0.01024,0.181818,0.011264,0.666667,0.012288,2.90909,0.011264,10.6667,0.012288,39.3846,0.013312,128,0.016384,264.258,0.031744,334.367,0.100352,397.188,0.33792,542.18,0.990208,549.712,3.90656,547.024,15.703,
0.0125,0.01024,0.05,0.01024,0.181818,0.011264,0.666667,0.012288,2.90909,0.011264,10.6667,0.012288,42.6667,0.012288,128,0.016384,256,0.032768,330.99,0.101376,397.188,0.33792,543.304,0.98816,549.28,3.90963,546.952,15.7051,
0.0125,0.01024,0.05,0.01024,0.2,0.01024,0.8,0.01024,2.90909,0.011264,10.6667,0.012288,39.3846,0.013312,128,0.016384,256,0.032768,334.367,0.100352,398.395,0.336896,543.304,0.98816,549.856,3.90554,547.488,15.6897,
0.0113636,0.011264,0.05,0.01024,0.2,0.01024,0.727273,0.011264,2.90909,0.011264,10.6667,0.012288,39.3846,0.013312,120.471,0.017408,256,0.032768,337.814,0.099328,398.395,0.336896,542.741,0.989184,549.856,3.90554,546.952,15.7051,
0.0125,0.01024,0.05,0.01024,0.2,0.01024,0.666667,0.012288,2.66667,0.012288,10.6667,0.012288,39.3846,0.013312,113.778,0.018432,256,0.032768,337.814,0.099328,398.395,0.336896,543.304,0.98816,549.712,3.90656,547.059,15.702,
0.0125,0.01024,0.05,0.01024,0.181818,0.011264,0.666667,0.012288,2.66667,0.012288,10.6667,0.012288,39.3846,0.013312,120.471,0.017408,264.258,0.031744,337.814,0.099328,397.188,0.33792,543.304,0.98816,549.712,3.90656,546.952,15.7051,
0.0125,0.01024,0.05,0.01024,0.181818,0.011264,0.727273,0.011264,2.66667,0.012288,10.6667,0.012288,39.3846,0.013312,128,0.016384,256,0.032768,334.367,0.100352,395.988,0.338944,543.304,0.98816,549.568,3.90758,546.881,15.7071,
0.0125,0.01024,0.05,0.01024,0.2,0.01024,0.727273,0.011264,2.66667,0.012288,10.6667,0.012288,42.6667,0.012288,120.471,0.017408,256,0.032768,330.99,0.101376,398.395,0.336896,544.432,0.986112,548.418,3.91578,547.059,15.702,
0.0113636,0.011264,0.05,0.01024,0.2,0.01024,0.727273,0.011264,2.66667,0.012288,10.6667,0.012288,36.5714,0.014336,128,0.016384,42.0103,0.19968,341.333,0.098304,398.395,0.336896,543.304,0.98816,549.28,3.90963,547.059,15.702,
0.0113636,0.011264,0.05,0.01024,0.181818,0.011264,0.666667,0.012288,2.90909,0.011264,11.6364,0.011264,39.3846,0.013312,128,0.016384,240.941,0.034816,334.367,0.100352,397.188,0.33792,543.304,0.98816,549.424,3.90861,546.845,15.7082,
0.0125,0.01024,0.05,0.01024,0.2,0.01024,0.727273,0.011264,2.66667,0.012288,11.6364,0.011264,39.3846,0.013312,128,0.016384,256,0.032768,330.99,0.101376,397.188,0.33792,543.867,0.987136,549.568,3.90758,546.845,15.7082,
0.0113636,0.011264,0.05,0.01024,0.2,0.01024,0.727273,0.011264,2.66667,0.012288,10.6667,0.012288,39.3846,0.013312,128,0.016384,248.242,0.033792,330.99,0.101376,398.395,0.336896,542.741,0.989184,549.856,3.90554,546.738,15.7112,
0.0113636,0.011264,0.05,0.01024,0.2,0.01024,0.8,0.01024,2.66667,0.012288,10.6667,0.012288,39.3846,0.013312,120.471,0.017408,256,0.032768,334.367,0.100352,398.395,0.336896,542.741,0.989184,550.289,3.90246,547.024,15.703,
0.0113636,0.011264,0.05,0.01024,0.2,0.01024,0.727273,0.011264,2.90909,0.011264,10.6667,0.012288,39.3846,0.013312,120.471,0.017408,256,0.032768,330.99,0.101376,398.395,0.336896,543.304,0.98816,550.001,3.90451,547.095,15.701,
0.0125,0.01024,0.05,0.01024,0.2,0.01024,0.8,0.01024,2.66667,0.012288,10.6667,0.012288,42.6667,0.012288,128,0.016384,256,0.032768,337.814,0.099328,398.395,0.336896,543.304,0.98816,550.001,3.90451,547.095,15.701,
0.0113636,0.011264,0.05,0.01024,0.2,0.01024,0.727273,0.011264,2.66667,0.012288,11.6364,0.011264,39.3846,0.013312,128,0.016384,248.242,0.033792,330.99,0.101376,397.188,0.33792,543.304,0.98816,550.001,3.90451,547.166,15.6989,
0.0113636,0.011264,0.05,0.01024,0.2,0.01024,0.727273,0.011264,2.66667,0.012288,10.6667,0.012288,42.6667,0.012288,120.471,0.017408,256,0.032768,337.814,0.099328,397.188,0.33792,543.867,0.987136,549.856,3.90554,546.917,15.7061,
0.0125,0.01024,0.0454545,0.011264,0.2,0.01024,0.666667,0.012288,2.46154,0.013312,11.6364,0.011264,42.6667,0.012288,128,0.016384,256,0.032768,337.814,0.099328,397.188,0.33792,543.867,0.987136,548.705,3.91373,547.059,15.702,
0.0113636,0.011264,0.05,0.01024,0.2,0.01024,0.727273,0.011264,2.66667,0.012288,10.6667,0.012288,39.3846,0.013312,102.4,0.02048,256,0.032768,330.99,0.101376,397.188,0.33792,542.741,0.989184,547.416,3.92294,547.345,15.6938,
0.0125,0.01024,0.05,0.01024,0.181818,0.011264,0.666667,0.012288,2.90909,0.011264,10.6667,0.012288,39.3846,0.013312,120.471,0.017408,256,0.032768,330.99,0.101376,393.61,0.340992,542.18,0.990208,548.275,3.9168,547.488,15.6897,
0.0125,0.01024,0.0454545,0.011264,0.2,0.01024,0.727273,0.011264,2.90909,0.011264,10.6667,0.012288,39.3846,0.013312,120.471,0.017408,256,0.032768,334.367,0.100352,397.188,0.33792,543.304,0.98816,547.845,3.91987,547.309,15.6948,
0.0113636,0.011264,0.0454545,0.011264,0.181818,0.011264,0.727273,0.011264,2.90909,0.011264,10.6667,0.012288,39.3846,0.013312,120.471,0.017408,264.258,0.031744,334.367,0.100352,395.988,0.338944,543.304,0.98816,547.559,3.92192,547.524,15.6887,
0.0125,0.01024,0.05,0.01024,0.181818,0.011264,0.727273,0.011264,2.66667,0.012288,11.6364,0.011264,39.3846,0.013312,120.471,0.017408,256,0.032768,334.367,0.100352,397.188,0.33792,543.304,0.98816,548.418,3.91578,547.667,15.6846,
0.0113636,0.011264,0.05,0.01024,0.181818,0.011264,0.727273,0.011264,2.66667,0.012288,10.6667,0.012288,42.6667,0.012288,120.471,0.017408,256,0.032768,334.367,0.100352,398.395,0.336896,543.304,0.98816,548.705,3.91373,547.524,15.6887,
0.0125,0.01024,0.05,0.01024,0.2,0.01024,0.8,0.01024,2.90909,0.011264,10.6667,0.012288,39.3846,0.013312,128,0.016384,256,0.032768,330.99,0.101376,397.188,0.33792,543.304,0.98816,548.562,3.91475,547.559,15.6877,
0.0113636,0.011264,0.0454545,0.011264,0.2,0.01024,0.666667,0.012288,2.90909,0.011264,11.6364,0.011264,39.3846,0.013312,128,0.016384,256,0.032768,334.367,0.100352,397.188,0.33792,542.741,0.989184,548.275,3.9168,547.667,15.6846,
0.0125,0.01024,0.0454545,0.011264,0.2,0.01024,0.727273,0.011264,2.90909,0.011264,10.6667,0.012288,42.6667,0.012288,120.471,0.017408,234.057,0.03584,334.367,0.100352,398.395,0.336896,542.741,0.989184,547.702,3.9209,547.595,15.6867,
0.0113636,0.011264,0.05,0.01024,0.181818,0.011264,0.666667,0.012288,2.90909,0.011264,11.6364,0.011264,39.3846,0.013312,120.471,0.017408,256,0.032768,334.367,0.100352,398.395,0.336896,542.741,0.989184,547.845,3.91987,547.631,15.6856,
0.0125,0.01024,0.05,0.01024,0.181818,0.011264,0.727273,0.011264,2.66667,0.012288,10.6667,0.012288,39.3846,0.013312,120.471,0.017408,256,0.032768,330.99,0.101376,398.395,0.336896,542.741,0.989184,548.132,3.91782,547.559,15.6877,
0.0113636,0.011264,0.05,0.01024,0.181818,0.011264,0.727273,0.011264,2.66667,0.012288,10.6667,0.012288,39.3846,0.013312,128,0.016384,256,0.032768,330.99,0.101376,397.188,0.33792,543.867,0.987136,548.275,3.9168,547.774,15.6815,
0.0125,0.01024,0.05,0.01024,0.181818,0.011264,0.727273,0.011264,2.90909,0.011264,11.6364,0.011264,39.3846,0.013312,113.778,0.018432,264.258,0.031744,334.367,0.100352,397.188,0.33792,543.867,0.987136,547.845,3.91987,547.631,15.6856,
0.0113636,0.011264,0.05,0.01024,0.181818,0.011264,0.666667,0.012288,2.66667,0.012288,11.6364,0.011264,39.3846,0.013312,113.778,0.018432,256,0.032768,334.367,0.100352,398.395,0.336896,543.304,0.98816,547.989,3.91885,547.631,15.6856,
0.0125,0.01024,0.05,0.01024,0.2,0.01024,0.727273,0.011264,2.66667,0.012288,11.6364,0.011264,42.6667,0.012288,120.471,0.017408,256,0.032768,334.367,0.100352,397.188,0.33792,542.741,0.989184,547.702,3.9209,547.595,15.6867,
0.0113636,0.011264,0.05,0.01024,0.181818,0.011264,0.727273,0.011264,2.90909,0.011264,11.6364,0.011264,39.3846,0.013312,128,0.016384,256,0.032768,327.68,0.1024,397.188,0.33792,542.18,0.990208,548.705,3.91373,547.524,15.6887,
0.0125,0.01024,0.05,0.01024,0.181818,0.011264,0.8,0.01024,2.90909,0.011264,11.6364,0.011264,42.6667,0.012288,128,0.016384,264.258,0.031744,334.367,0.100352,397.188,0.33792,542.741,0.989184,548.418,3.91578,547.452,15.6908,
0.0113636,0.011264,0.05,0.01024,0.181818,0.011264,0.727273,0.011264,2.66667,0.012288,11.6364,0.011264,39.3846,0.013312,120.471,0.017408,256,0.032768,337.814,0.099328,398.395,0.336896,542.741,0.989184,548.418,3.91578,547.738,15.6826,
0.0125,0.01024,0.05,0.01024,0.181818,0.011264,0.727273,0.011264,2.90909,0.011264,10.6667,0.012288,42.6667,0.012288,120.471,0.017408,256,0.032768,334.367,0.100352,397.188,0.33792,543.867,0.987136,548.132,3.91782,547.774,15.6815,
0.0113636,0.011264,0.0454545,0.011264,0.181818,0.011264,0.727273,0.011264,2.90909,0.011264,11.6364,0.011264,39.3846,0.013312,120.471,0.017408,264.258,0.031744,330.99,0.101376,397.188,0.33792,543.304,0.98816,547.702,3.9209,547.524,15.6887,
0.0125,0.01024,0.05,0.01024,0.2,0.01024,0.727273,0.011264,2.66667,0.012288,11.6364,0.011264,39.3846,0.013312,128,0.016384,256,0.032768,334.367,0.100352,398.395,0.336896,542.741,0.989184,548.275,3.9168,547.488,15.6897,
0.0113636,0.011264,0.0454545,0.011264,0.2,0.01024,0.666667,0.012288,2.66667,0.012288,11.6364,0.011264,42.6667,0.012288,120.471,0.017408,256,0.032768,334.367,0.100352,397.188,0.33792,543.867,0.987136,547.989,3.91885,547.559,15.6877,
0.0125,0.01024,0.05,0.01024,0.2,0.01024,0.727273,0.011264,2.90909,0.011264,11.6364,0.011264,39.3846,0.013312,128,0.016384,256,0.032768,337.814,0.099328,397.188,0.33792,542.741,0.989184,548.418,3.91578,547.702,15.6836,
0.0125,0.01024,0.05,0.01024,0.2,0.01024,0.727273,0.011264,2.90909,0.011264,11.6364,0.011264,39.3846,0.013312,128,0.016384,256,0.032768,327.68,0.1024,398.395,0.336896,543.304,0.98816,548.418,3.91578,547.524,15.6887,
0.0125,0.01024,0.05,0.01024,0.2,0.01024,0.8,0.01024,2.90909,0.011264,10.6667,0.012288,42.6667,0.012288,128,0.016384,256,0.032768,330.99,0.101376,398.395,0.336896,543.304,0.98816,548.132,3.91782,547.488,15.6897,
0.0113636,0.011264,0.05,0.01024,0.2,0.01024,0.666667,0.012288,2.90909,0.011264,11.6364,0.011264,39.3846,0.013312,128,0.016384,256,0.032768,330.99,0.101376,398.395,0.336896,542.741,0.989184,547.989,3.91885,547.416,15.6918,
0.0125,0.01024,0.05,0.01024,0.2,0.01024,0.727273,0.011264,2.90909,0.011264,10.6667,0.012288,42.6667,0.012288,120.471,0.017408,256,0.032768,330.99,0.101376,397.188,0.33792,542.741,0.989184,548.132,3.91782,547.595,15.6867,
0.0113636,0.011264,0.05,0.01024,0.181818,0.011264,0.727273,0.011264,2.90909,0.011264,11.6364,0.011264,39.3846,0.013312,128,0.016384,248.242,0.033792,334.367,0.100352,397.188,0.33792,543.304,0.98816,548.562,3.91475,547.774,15.6815,
0.0125,0.01024,0.05,0.01024,0.2,0.01024,0.727273,0.011264,2.90909,0.011264,10.6667,0.012288,39.3846,0.013312,120.471,0.017408,264.258,0.031744,334.367,0.100352,397.188,0.33792,543.304,0.98816,548.993,3.91168,547.416,15.6918,
0.0125,0.01024,0.0454545,0.011264,0.181818,0.011264,0.666667,0.012288,2.90909,0.011264,11.6364,0.011264,42.6667,0.012288,128,0.016384,256,0.032768,330.99,0.101376,397.188,0.33792,542.741,0.989184,548.849,3.9127,547.595,15.6867,
0.0113636,0.011264,0.05,0.01024,0.181818,0.011264,0.727273,0.011264,2.90909,0.011264,11.6364,0.011264,39.3846,0.013312,120.471,0.017408,256,0.032768,330.99,0.101376,395.988,0.338944,542.18,0.990208,549.136,3.91066,547.702,15.6836,
0.0113636,0.011264,0.05,0.01024,0.181818,0.011264,0.727273,0.011264,2.90909,0.011264,10.6667,0.012288,39.3846,0.013312,128,0.016384,256,0.032768,330.99,0.101376,397.188,0.33792,542.741,0.989184,549.424,3.90861,547.631,15.6856,
0.0125,0.01024,0.05,0.01024,0.2,0.01024,0.727273,0.011264,2.90909,0.011264,11.6364,0.011264,42.6667,0.012288,128,0.016384,256,0.032768,330.99,0.101376,398.395,0.336896,541.061,0.992256,549.712,3.90656,547.667,15.6846,
0.0125,0.01024,0.0454545,0.011264,0.181818,0.011264,0.727273,0.011264,2.90909,0.011264,10.6667,0.012288,39.3846,0.013312,128,0.016384,256,0.032768,330.99,0.101376,398.395,0.336896,541.061,0.992256,549.856,3.90554,546.952,15.7051,
0.0113636,0.011264,0.05,0.01024,0.181818,0.011264,0.8,0.01024,2.90909,0.011264,10.6667,0.012288,39.3846,0.013312,120.471,0.017408,256,0.032768,330.99,0.101376,397.188,0.33792,541.061,0.992256,550.001,3.90451,547.345,15.6938,
0.0113636,0.011264,0.05,0.01024,0.181818,0.011264,0.727273,0.011264,2.90909,0.011264,11.6364,0.011264,39.3846,0.013312,120.471,0.017408,256,0.032768,330.99,0.101376,397.188,0.33792,541.62,0.991232,549.712,3.90656,547.524,15.6887,
0.0125,0.01024,0.05,0.01024,0.181818,0.011264,0.727273,0.011264,2.90909,0.011264,11.6364,0.011264,39.3846,0.013312,120.471,0.017408,256,0.032768,327.68,0.1024,397.188,0.33792,541.061,0.992256,549.712,3.90656,547.595,15.6867,
0.0125,0.01024,0.05,0.01024,0.181818,0.011264,0.727273,0.011264,2.90909,0.011264,10.6667,0.012288,42.6667,0.012288,128,0.016384,256,0.032768,330.99,0.101376,398.395,0.336896,542.18,0.990208,550.001,3.90451,547.702,15.6836,
0.0113636,0.011264,0.05,0.01024,0.181818,0.011264,0.727273,0.011264,2.90909,0.011264,10.6667,0.012288,39.3846,0.013312,120.471,0.017408,256,0.032768,334.367,0.100352,397.188,0.33792,542.18,0.990208,550.145,3.90349,547.702,15.6836,
0.0125,0.01024,0.0454545,0.011264,0.181818,0.011264,0.727273,0.011264,2.90909,0.011264,10.6667,0.012288,42.6667,0.012288,128,0.016384,256,0.032768,334.367,0.100352,397.188,0.33792,542.18,0.990208,550.001,3.90451,547.488,15.6897,
0.0125,0.01024,0.05,0.01024,0.2,0.01024,0.727273,0.011264,2.66667,0.012288,10.6667,0.012288,39.3846,0.013312,128,0.016384,264.258,0.031744,330.99,0.101376,398.395,0.336896,542.741,0.989184,550.001,3.90451,547.488,15.6897,
0.0113636,0.011264,0.05,0.01024,0.2,0.01024,0.666667,0.012288,2.90909,0.011264,11.6364,0.011264,39.3846,0.013312,128,0.016384,256,0.032768,334.367,0.100352,398.395,0.336896,542.741,0.989184,550.001,3.90451,547.595,15.6867,
0.0125,0.01024,0.05,0.01024,0.181818,0.011264,0.8,0.01024,2.66667,0.012288,11.6364,0.011264,39.3846,0.013312,128,0.016384,256,0.032768,330.99,0.101376,398.395,0.336896,542.18,0.990208,550.145,3.90349,547.524,15.6887,
0.0125,0.01024,0.05,0.01024,0.2,0.01024,0.666667,0.012288,2.66667,0.012288,11.6364,0.011264,42.6667,0.012288,128,0.016384,256,0.032768,334.367,0.100352,397.188,0.33792,542.741,0.989184,549.856,3.90554,547.524,15.6887,
0.0125,0.01024,0.05,0.01024,0.2,0.01024,0.8,0.01024,2.66667,0.012288,10.6667,0.012288,42.6667,0.012288,120.471,0.017408,256,0.032768,334.367,0.100352,397.188,0.33792,542.18,0.990208,550.001,3.90451,547.595,15.6867,
0.0113636,0.011264,0.05,0.01024,0.181818,0.011264,0.727273,0.011264,2.90909,0.011264,10.6667,0.012288,39.3846,0.013312,120.471,0.017408,264.258,0.031744,330.99,0.101376,398.395,0.336896,542.18,0.990208,549.856,3.90554,547.559,15.6877,
0.0125,0.01024,0.05,0.01024,0.181818,0.011264,0.727273,0.011264,2.90909,0.011264,10.6667,0.012288,42.6667,0.012288,128,0.016384,256,0.032768,334.367,0.100352,397.188,0.33792,541.62,0.991232,549.856,3.90554,547.559,15.6877,
0.0113636,0.011264,0.05,0.01024,0.181818,0.011264,0.727273,0.011264,2.90909,0.011264,10.6667,0.012288,39.3846,0.013312,128,0.016384,256,0.032768,334.367,0.100352,398.395,0.336896,542.741,0.989184,550.289,3.90246,547.774,15.6815,
0.0113636,0.011264,0.05,0.01024,0.181818,0.011264,0.727273,0.011264,2.90909,0.011264,10.6667,0.012288,39.3846,0.013312,128,0.016384,264.258,0.031744,334.367,0.100352,397.188,0.33792,542.741,0.989184,550.001,3.90451,547.559,15.6877,
0.0125,0.01024,0.05,0.01024,0.181818,0.011264,0.666667,0.012288,2.90909,0.011264,10.6667,0.012288,39.3846,0.013312,128,0.016384,256,0.032768,334.367,0.100352,397.188,0.33792,541.62,0.991232,550.001,3.90451,547.738,15.6826,
0.0113636,0.011264,0.05,0.01024,0.2,0.01024,0.727273,0.011264,2.90909,0.011264,10.6667,0.012288,42.6667,0.012288,128,0.016384,256,0.032768,330.99,0.101376,398.395,0.336896,542.741,0.989184,550.289,3.90246,547.416,15.6918,
0.0125,0.01024,0.05,0.01024,0.2,0.01024,0.727273,0.011264,2.66667,0.012288,11.6364,0.011264,39.3846,0.013312,120.471,0.017408,256,0.032768,330.99,0.101376,397.188,0.33792,542.741,0.989184,550.001,3.90451,547.488,15.6897,
0.0125,0.01024,0.05,0.01024,0.2,0.01024,0.727273,0.011264,2.90909,0.011264,11.6364,0.011264,39.3846,0.013312,128,0.016384,256,0.032768,330.99,0.101376,397.188,0.33792,542.741,0.989184,550.001,3.90451,547.345,15.6938,
0.0113636,0.011264,0.05,0.01024,0.2,0.01024,0.727273,0.011264,2.90909,0.011264,11.6364,0.011264,39.3846,0.013312,128,0.016384,256,0.032768,334.367,0.100352,398.395,0.336896,543.867,0.987136,549.856,3.90554,547.095,15.701,
0.0125,0.01024,0.05,0.01024,0.2,0.01024,0.727273,0.011264,2.66667,0.012288,10.6667,0.012288,39.3846,0.013312,120.471,0.017408,256,0.032768,334.367,0.100352,398.395,0.336896,545.565,0.984064,549.856,3.90554,547.452,15.6908,
0.0125,0.01024,0.05,0.01024,0.2,0.01024,0.727273,0.011264,2.66667,0.012288,10.6667,0.012288,42.6667,0.012288,128,0.016384,256,0.032768,334.367,0.100352,398.395,0.336896,545.565,0.984064,549.856,3.90554,547.702,15.6836,
0.0125,0.01024,0.05,0.01024,0.2,0.01024,0.727273,0.011264,2.66667,0.012288,11.6364,0.011264,42.6667,0.012288,128,0.016384,256,0.032768,337.814,0.099328,397.188,0.33792,544.432,0.986112,550.001,3.90451,547.595,15.6867,
0.0113636,0.011264,0.0384615,0.013312,0.153846,0.013312,0.571429,0.014336,2.46154,0.013312,9.84615,0.013312,36.5714,0.014336,120.471,0.017408,248.242,0.033792,168.907,0.198656,392.431,0.342016,543.304,0.98816,545.991,3.93318,361.687,23.7496,
0.0113636,0.011264,0.0454545,0.011264,0.153846,0.013312,0.615385,0.013312,2.66667,0.012288,10.6667,0.012288,39.3846,0.013312,128,0.016384,248.242,0.033792,327.68,0.1024,388.938,0.345088,544.998,0.985088,547.702,3.9209,361.749,23.7455,
0.0113636,0.011264,0.0454545,0.011264,0.153846,0.013312,0.571429,0.014336,2.66667,0.012288,10.6667,0.012288,36.5714,0.014336,128,0.016384,248.242,0.033792,330.99,0.101376,391.26,0.34304,544.998,0.985088,547.416,3.92294,361.749,23.7455,
0.0125,0.01024,0.0416667,0.012288,0.166667,0.012288,0.571429,0.014336,2.66667,0.012288,10.6667,0.012288,39.3846,0.013312,120.471,0.017408,248.242,0.033792,327.68,0.1024,392.431,0.342016,545.565,0.984064,547.416,3.92294,361.703,23.7486,
0.0113636,0.011264,0.0384615,0.013312,0.142857,0.014336,0.571429,0.014336,2.66667,0.012288,10.6667,0.012288,39.3846,0.013312,120.471,0.017408,248.242,0.033792,324.436,0.103424,392.431,0.342016,544.998,0.985088,547.416,3.92294,438.047,19.6096,
0.0113636,0.011264,0.0454545,0.011264,0.166667,0.012288,0.666667,0.012288,2.66667,0.012288,10.6667,0.012288,42.6667,0.012288,120.471,0.017408,248.242,0.033792,327.68,0.1024,392.431,0.342016,544.998,0.985088,547.559,3.92192,546.988,15.7041,
0.0125,0.01024,0.0384615,0.013312,0.153846,0.013312,0.615385,0.013312,2.66667,0.012288,10.6667,0.012288,39.3846,0.013312,120.471,0.017408,248.242,0.033792,327.68,0.1024,392.431,0.342016,545.565,0.984064,547.131,3.92499,546.525,15.7174,
0.0125,0.01024,0.0454545,0.011264,0.181818,0.011264,0.571429,0.014336,2.66667,0.012288,10.6667,0.012288,39.3846,0.013312,120.471,0.017408,248.242,0.033792,327.68,0.1024,392.431,0.342016,545.565,0.984064,547.702,3.9209,546.596,15.7153,
0.0125,0.01024,0.0454545,0.011264,0.153846,0.013312,0.615385,0.013312,2.66667,0.012288,10.6667,0.012288,39.3846,0.013312,120.471,0.017408,240.941,0.034816,327.68,0.1024,392.431,0.342016,544.998,0.985088,546.988,3.92602,546.917,15.7061,
0.0113636,0.011264,0.0416667,0.012288,0.181818,0.011264,0.615385,0.013312,2.90909,0.011264,10.6667,0.012288,36.5714,0.014336,120.471,0.017408,240.941,0.034816,327.68,0.1024,392.431,0.342016,545.565,0.984064,548.132,3.91782,546.845,15.7082,
0.0113636,0.011264,0.0384615,0.013312,0.166667,0.012288,0.666667,0.012288,2.66667,0.012288,10.6667,0.012288,36.5714,0.014336,120.471,0.017408,248.242,0.033792,324.436,0.103424,393.61,0.340992,544.998,0.985088,547.702,3.9209,546.81,15.7092,
0.0113636,0.011264,0.0454545,0.011264,0.181818,0.011264,0.615385,0.013312,2.66667,0.012288,10.6667,0.012288,36.5714,0.014336,120.471,0.017408,240.941,0.034816,324.436,0.103424,392.431,0.342016,544.998,0.985088,547.845,3.91987,546.738,15.7112,
0.0113636,0.011264,0.0416667,0.012288,0.166667,0.012288,0.615385,0.013312,2.66667,0.012288,10.6667,0.012288,39.3846,0.013312,120.471,0.017408,240.941,0.034816,327.68,0.1024,392.431,0.342016,544.998,0.985088,547.702,3.9209,546.881,15.7071,
0.0125,0.01024,0.0416667,0.012288,0.153846,0.013312,0.666667,0.012288,2.66667,0.012288,9.84615,0.013312,39.3846,0.013312,120.471,0.017408,248.242,0.033792,327.68,0.1024,393.61,0.340992,544.432,0.986112,547.989,3.91885,546.952,15.7051,
0.0113636,0.011264,0.0416667,0.012288,0.153846,0.013312,0.615385,0.013312,2.46154,0.013312,10.6667,0.012288,39.3846,0.013312,120.471,0.017408,248.242,0.033792,327.68,0.1024,391.26,0.34304,544.432,0.986112,547.845,3.91987,547.345,15.6938,
0.0125,0.01024,0.0357143,0.014336,0.166667,0.012288,0.615385,0.013312,2.66667,0.012288,10.6667,0.012288,39.3846,0.013312,120.471,0.017408,240.941,0.034816,327.68,0.1024,392.431,0.342016,544.998,0.985088,547.702,3.9209,547.667,15.6846,
0.0113636,0.011264,0.0384615,0.013312,0.153846,0.013312,0.615385,0.013312,2.66667,0.012288,10.6667,0.012288,36.5714,0.014336,120.471,0.017408,240.941,0.034816,327.68,0.1024,392.431,0.342016,544.432,0.986112,546.845,3.92704,547.452,15.6908,
0.0125,0.01024,0.0416667,0.012288,0.181818,0.011264,0.615385,0.013312,2.66667,0.012288,10.6667,0.012288,36.5714,0.014336,120.471,0.017408,248.242,0.033792,324.436,0.103424,392.431,0.342016,544.432,0.986112,546.133,3.93216,547.667,15.6846,
0.0113636,0.011264,0.0454545,0.011264,0.153846,0.013312,0.666667,0.012288,2.66667,0.012288,10.6667,0.012288,36.5714,0.014336,120.471,0.017408,248.242,0.033792,327.68,0.1024,391.26,0.34304,545.565,0.984064,547.416,3.92294,547.524,15.6887,
0.0125,0.01024,0.0454545,0.011264,0.181818,0.011264,0.666667,0.012288,2.46154,0.013312,10.6667,0.012288,36.5714,0.014336,120.471,0.017408,248.242,0.033792,327.68,0.1024,392.431,0.342016,545.565,0.984064,547.559,3.92192,547.631,15.6856,
0.0113636,0.011264,0.0384615,0.013312,0.166667,0.012288,0.615385,0.013312,2.66667,0.012288,10.6667,0.012288,36.5714,0.014336,128,0.016384,248.242,0.033792,327.68,0.1024,392.431,0.342016,545.565,0.984064,547.273,3.92397,547.631,15.6856,
0.0125,0.01024,0.0454545,0.011264,0.153846,0.013312,0.571429,0.014336,2.66667,0.012288,10.6667,0.012288,39.3846,0.013312,120.471,0.017408,248.242,0.033792,327.68,0.1024,391.26,0.34304,544.998,0.985088,547.559,3.92192,547.738,15.6826,
0.0113636,0.011264,0.0357143,0.014336,0.125,0.016384,0.571429,0.014336,2.66667,0.012288,10.6667,0.012288,39.3846,0.013312,128,0.016384,240.941,0.034816,327.68,0.1024,391.26,0.34304,544.998,0.985088,548.132,3.91782,547.488,15.6897,
0.0113636,0.011264,0.05,0.01024,0.166667,0.012288,0.571429,0.014336,2.66667,0.012288,10.6667,0.012288,39.3846,0.013312,102.4,0.02048,248.242,0.033792,330.99,0.101376,391.26,0.34304,545.565,0.984064,547.416,3.92294,547.631,15.6856,
0.0113636,0.011264,0.0384615,0.013312,0.153846,0.013312,0.571429,0.014336,2.66667,0.012288,9.84615,0.013312,39.3846,0.013312,120.471,0.017408,248.242,0.033792,327.68,0.1024,391.26,0.34304,545.565,0.984064,547.989,3.91885,547.595,15.6867,
0.0125,0.01024,0.0454545,0.011264,0.166667,0.012288,0.571429,0.014336,2.66667,0.012288,10.6667,0.012288,39.3846,0.013312,120.471,0.017408,248.242,0.033792,327.68,0.1024,392.431,0.342016,545.565,0.984064,548.705,3.91373,547.309,15.6948,
0.0113636,0.011264,0.0416667,0.012288,0.166667,0.012288,0.615385,0.013312,2.90909,0.011264,10.6667,0.012288,39.3846,0.013312,120.471,0.017408,248.242,0.033792,327.68,0.1024,392.431,0.342016,544.432,0.986112,548.849,3.9127,547.024,15.703,
0.0113636,0.011264,0.0416667,0.012288,0.166667,0.012288,0.666667,0.012288,2.66667,0.012288,10.6667,0.012288,39.3846,0.013312,120.471,0.017408,49.3494,0.169984,324.436,0.103424,391.26,0.34304,546.133,0.98304,548.849,3.9127,546.774,15.7102,
0.0125,0.01024,0.03125,0.016384,0.153846,0.013312,0.615385,0.013312,2.66667,0.012288,10.6667,0.012288,39.3846,0.013312,120.471,0.017408,248.242,0.033792,327.68,0.1024,391.26,0.34304,545.565,0.984064,549.136,3.91066,547.095,15.701,
0.0113636,0.011264,0.0416667,0.012288,0.181818,0.011264,0.571429,0.014336,2.90909,0.011264,10.6667,0.012288,39.3846,0.013312,120.471,0.017408,248.242,0.033792,327.68,0.1024,391.26,0.34304,545.565,0.984064,549.424,3.90861,546.988,15.7041,
0.0113636,0.011264,0.0416667,0.012288,0.166667,0.012288,0.615385,0.013312,2.66667,0.012288,10.6667,0.012288,39.3846,0.013312,128,0.016384,248.242,0.033792,327.68,0.1024,391.26,0.34304,545.565,0.984064,549.568,3.90758,546.917,15.7061,
0.0113636,0.011264,0.0416667,0.012288,0.166667,0.012288,0.666667,0.012288,2.66667,0.012288,10.6667,0.012288,39.3846,0.013312,120.471,0.017408,248.242,0.033792,327.68,0.1024,391.26,0.34304,545.565,0.984064,549.568,3.90758,547.024,15.703,
0.0113636,0.011264,0.0416667,0.012288,0.153846,0.013312,0.666667,0.012288,2.90909,0.011264,10.6667,0.012288,39.3846,0.013312,128,0.016384,248.242,0.033792,327.68,0.1024,391.26,0.34304,544.998,0.985088,549.712,3.90656,546.774,15.7102,
0.0113636,0.011264,0.05,0.01024,0.166667,0.012288,0.727273,0.011264,2.66667,0.012288,10.6667,0.012288,36.5714,0.014336,120.471,0.017408,248.242,0.033792,327.68,0.1024,392.431,0.342016,544.998,0.985088,549.424,3.90861,546.988,15.7041,
0.0125,0.01024,0.0384615,0.013312,0.181818,0.011264,0.666667,0.012288,2.66667,0.012288,10.6667,0.012288,39.3846,0.013312,120.471,0.017408,248.242,0.033792,327.68,0.1024,392.431,0.342016,544.998,0.985088,549.568,3.90758,546.952,15.7051,
0.0113636,0.011264,0.0454545,0.011264,0.166667,0.012288,0.727273,0.011264,2.66667,0.012288,10.6667,0.012288,39.3846,0.013312,128,0.016384,248.242,0.033792,324.436,0.103424,391.26,0.34304,545.565,0.984064,549.856,3.90554,547.416,15.6918,
0.0125,0.01024,0.0454545,0.011264,0.153846,0.013312,0.727273,0.011264,2.46154,0.013312,9.84615,0.013312,39.3846,0.013312,120.471,0.017408,248.242,0.033792,324.436,0.103424,392.431,0.342016,544.998,0.985088,549.856,3.90554,547.559,15.6877,
0.0113636,0.011264,0.0454545,0.011264,0.181818,0.011264,0.727273,0.011264,2.66667,0.012288,10.6667,0.012288,39.3846,0.013312,128,0.016384,240.941,0.034816,327.68,0.1024,392.431,0.342016,545.565,0.984064,549.856,3.90554,547.631,15.6856,
0.0113636,0.011264,0.0454545,0.011264,0.166667,0.012288,0.666667,0.012288,2.66667,0.012288,10.6667,0.012288,36.5714,0.014336,128,0.016384,240.941,0.034816,327.68,0.1024,392.431,0.342016,544.998,0.985088,550.001,3.90451,547.488,15.6897,
0.0125,0.01024,0.0454545,0.011264,0.181818,0.011264,0.727273,0.011264,2.66667,0.012288,10.6667,0.012288,39.3846,0.013312,120.471,0.017408,248.242,0.033792,327.68,0.1024,392.431,0.342016,544.998,0.985088,549.856,3.90554,547.488,15.6897,
0.0113636,0.011264,0.0454545,0.011264,0.181818,0.011264,0.666667,0.012288,2.66667,0.012288,10.6667,0.012288,39.3846,0.013312,120.471,0.017408,248.242,0.033792,327.68,0.1024,392.431,0.342016,544.998,0.985088,549.856,3.90554,547.488,15.6897,
0.0125,0.01024,0.0454545,0.011264,0.166667,0.012288,0.727273,0.011264,2.66667,0.012288,10.6667,0.012288,39.3846,0.013312,120.471,0.017408,248.242,0.033792,327.68,0.1024,392.431,0.342016,545.565,0.984064,550.001,3.90451,547.631,15.6856,
0.0113636,0.011264,0.0454545,0.011264,0.181818,0.011264,0.727273,0.011264,1.68421,0.019456,10.6667,0.012288,39.3846,0.013312,120.471,0.017408,248.242,0.033792,327.68,0.1024,392.431,0.342016,544.432,0.986112,549.712,3.90656,547.559,15.6877,
0.0113636,0.011264,0.0454545,0.011264,0.153846,0.013312,0.727273,0.011264,2.66667,0.012288,9.84615,0.013312,39.3846,0.013312,102.4,0.02048,248.242,0.033792,327.68,0.1024,391.26,0.34304,545.565,0.984064,549.712,3.90656,547.738,15.6826,
0.0125,0.01024,0.0454545,0.011264,0.166667,0.012288,0.666667,0.012288,2.66667,0.012288,10.6667,0.012288,39.3846,0.013312,120.471,0.017408,248.242,0.033792,327.68,0.1024,387.787,0.346112,545.565,0.984064,549.856,3.90554,547.595,15.6867,
0.0125,0.01024,0.0416667,0.012288,0.2,0.01024,0.727273,0.011264,2.66667,0.012288,9.14286,0.014336,39.3846,0.013312,128,0.016384,248.242,0.033792,330.99,0.101376,391.26,0.34304,545.565,0.984064,550.434,3.90144,547.452,15.6908,
0.0113636,0.011264,0.0416667,0.012288,0.181818,0.011264,0.727273,0.011264,2.66667,0.012288,10.6667,0.012288,39.3846,0.013312,120.471,0.017408,248.242,0.033792,327.68,0.1024,392.431,0.342016,544.998,0.985088,550.145,3.90349,547.81,15.6805,
0.0125,0.01024,0.0384615,0.013312,0.153846,0.013312,0.727273,0.011264,2.90909,0.011264,9.84615,0.013312,36.5714,0.014336,120.471,0.017408,248.242,0.033792,327.68,0.1024,391.26,0.34304,545.565,0.984064,549.856,3.90554,547.202,15.6979,
0.0113636,0.011264,0.0384615,0.013312,0.166667,0.012288,0.666667,0.012288,2.66667,0.012288,10.6667,0.012288,39.3846,0.013312,120.471,0.017408,248.242,0.033792,327.68,0.1024,392.431,0.342016,544.998,0.985088,550.145,3.90349,547.166,15.6989,
0.0125,0.01024,0.0416667,0.012288,0.153846,0.013312,0.727273,0.011264,2.66667,0.012288,10.6667,0.012288,39.3846,0.013312,113.778,0.018432,248.242,0.033792,330.99,0.101376,391.26,0.34304,544.998,0.985088,549.568,3.90758,546.667,15.7133,
0.0113636,0.011264,0.0416667,0.012288,0.166667,0.012288,0.666667,0.012288,2.66667,0.012288,10.6667,0.012288,39.3846,0.013312,120.471,0.017408,240.941,0.034816,327.68,0.1024,391.26,0.34304,544.432,0.986112,549.712,3.90656,547.131,15.7,
0.0113636,0.011264,0.0454545,0.011264,0.166667,0.012288,0.727273,0.011264,2.66667,0.012288,9.84615,0.013312,39.3846,0.013312,120.471,0.017408,248.242,0.033792,327.68,0.1024,392.431,0.342016,546.133,0.98304,549.712,3.90656,546.845,15.7082,
0.00961538,0.013312,0.0416667,0.012288,0.166667,0.012288,0.666667,0.012288,2.66667,0.012288,10.6667,0.012288,39.3846,0.013312,120.471,0.017408,248.242,0.033792,327.68,0.1024,392.431,0.342016,546.133,0.98304,549.856,3.90554,547.095,15.701,
0.0125,0.01024,0.0416667,0.012288,0.166667,0.012288,0.727273,0.011264,2.66667,0.012288,10.6667,0.012288,39.3846,0.013312,120.471,0.017408,248.242,0.033792,327.68,0.1024,391.26,0.34304,545.565,0.984064,549.856,3.90554,546.845,15.7082,
0.0113636,0.011264,0.0454545,0.011264,0.166667,0.012288,0.666667,0.012288,2.66667,0.012288,10.6667,0.012288,39.3846,0.013312,120.471,0.017408,248.242,0.033792,327.68,0.1024,392.431,0.342016,544.432,0.986112,549.568,3.90758,547.273,15.6959,
0.0113636,0.011264,0.0416667,0.012288,0.166667,0.012288,0.666667,0.012288,2.66667,0.012288,10.6667,0.012288,39.3846,0.013312,120.471,0.017408,248.242,0.033792,327.68,0.1024,392.431,0.342016,544.432,0.986112,550.001,3.90451,547.667,15.6846,
0.0113636,0.011264,0.0454545,0.011264,0.166667,0.012288,0.727273,0.011264,2.46154,0.013312,10.6667,0.012288,39.3846,0.013312,128,0.016384,248.242,0.033792,330.99,0.101376,392.431,0.342016,544.432,0.986112,549.856,3.90554,547.667,15.6846,
0.0125,0.01024,0.0416667,0.012288,0.181818,0.011264,0.727273,0.011264,2.66667,0.012288,10.6667,0.012288,39.3846,0.013312,120.471,0.017408,240.941,0.034816,327.68,0.1024,392.431,0.342016,544.432,0.986112,550.001,3.90451,547.738,15.6826,
0.0113636,0.011264,0.0416667,0.012288,0.166667,0.012288,0.666667,0.012288,2.66667,0.012288,10.6667,0.012288,39.3846,0.013312,120.471,0.017408,248.242,0.033792,327.68,0.1024,392.431,0.342016,545.565,0.984064,550.001,3.90451,547.702,15.6836,
0.0113636,0.011264,0.0454545,0.011264,0.166667,0.012288,0.727273,0.011264,2.66667,0.012288,10.6667,0.012288,36.5714,0.014336,120.471,0.017408,248.242,0.033792,327.68,0.1024,392.431,0.342016,545.565,0.984064,549.856,3.90554,547.667,15.6846,
0.0113636,0.011264,0.0416667,0.012288,0.181818,0.011264,0.666667,0.012288,2.66667,0.012288,10.6667,0.012288,36.5714,0.014336,120.471,0.017408,248.242,0.033792,327.68,0.1024,391.26,0.34304,544.998,0.985088,550.001,3.90451,547.774,15.6815,
0.0125,0.01024,0.0454545,0.011264,0.181818,0.011264,0.666667,0.012288,2.66667,0.012288,10.6667,0.012288,39.3846,0.013312,120.471,0.017408,248.242,0.033792,330.99,0.101376,392.431,0.342016,545.565,0.984064,550.001,3.90451,547.595,15.6867,
0.0113636,0.011264,0.0454545,0.011264,0.166667,0.012288,0.727273,0.011264,2.66667,0.012288,10.6667,0.012288,39.3846,0.013312,120.471,0.017408,248.242,0.033792,327.68,0.1024,391.26,0.34304,544.998,0.985088,549.28,3.90963,547.381,15.6928,
0.0113636,0.011264,0.0416667,0.012288,0.181818,0.011264,0.727273,0.011264,2.66667,0.012288,10.6667,0.012288,39.3846,0.013312,120.471,0.017408,248.242,0.033792,327.68,0.1024,392.431,0.342016,544.998,0.985088,548.993,3.91168,547.488,15.6897,
0.0113636,0.011264,0.0277778,0.018432,0.166667,0.012288,0.666667,0.012288,2.66667,0.012288,10.6667,0.012288,39.3846,0.013312,120.471,0.017408,248.242,0.033792,327.68,0.1024,391.26,0.34304,544.432,0.986112,548.849,3.9127,547.774,15.6815,
0.0125,0.01024,0.0416667,0.012288,0.166667,0.012288,0.727273,0.011264,2.90909,0.011264,9.84615,0.013312,39.3846,0.013312,120.471,0.017408,248.242,0.033792,327.68,0.1024,392.431,0.342016,543.867,0.987136,549.136,3.91066,547.452,15.6908,
0.0113636,0.011264,0.0416667,0.012288,0.181818,0.011264,0.666667,0.012288,2.66667,0.012288,10.6667,0.012288,39.3846,0.013312,120.471,0.017408,248.242,0.033792,327.68,0.1024,392.431,0.342016,545.565,0.984064,550.289,3.90246,547.81,15.6805,
0.0113636,0.011264,0.0454545,0.011264,0.166667,0.012288,0.666667,0.012288,2.66667,0.012288,10.6667,0.012288,39.3846,0.013312,120.471,0.017408,248.242,0.033792,327.68,0.1024,392.431,0.342016,542.741,0.989184,549.712,3.90656,547.488,15.6897,
0.0113636,0.011264,0.0384615,0.013312,0.153846,0.013312,0.666667,0.012288,2.66667,0.012288,10.6667,0.012288,39.3846,0.013312,120.471,0.017408,248.242,0.033792,327.68,0.1024,392.431,0.342016,542.18,0.990208,549.856,3.90554,546.952,15.7051,
0.0125,0.01024,0.0416667,0.012288,0.166667,0.012288,0.666667,0.012288,2.90909,0.011264,10.6667,0.012288,39.3846,0.013312,120.471,0.017408,248.242,0.033792,330.99,0.101376,391.26,0.34304,542.741,0.989184,549.856,3.90554,547.131,15.7,
0.0113636,0.011264,0.0384615,0.013312,0.153846,0.013312,0.666667,0.012288,2.66667,0.012288,9.84615,0.013312,39.3846,0.013312,120.471,0.017408,240.941,0.034816,327.68,0.1024,392.431,0.342016,543.867,0.987136,549.856,3.90554,546.952,15.7051,
0.0125,0.01024,0.0416667,0.012288,0.153846,0.013312,0.727273,0.011264,2.90909,0.011264,10.6667,0.012288,39.3846,0.013312,120.471,0.017408,240.941,0.034816,324.436,0.103424,391.26,0.34304,544.432,0.986112,550.001,3.90451,546.667,15.7133,
0.0113636,0.011264,0.0384615,0.013312,0.153846,0.013312,0.666667,0.012288,2.66667,0.012288,10.6667,0.012288,36.5714,0.014336,128,0.016384,248.242,0.033792,324.436,0.103424,391.26,0.34304,543.867,0.987136,549.856,3.90554,546.703,15.7123,
0.0113636,0.011264,0.0416667,0.012288,0.166667,0.012288,0.666667,0.012288,2.66667,0.012288,9.84615,0.013312,39.3846,0.013312,128,0.016384,248.242,0.033792,330.99,0.101376,392.431,0.342016,543.304,0.98816,549.424,3.90861,547.024,15.703,
0.0113636,0.011264,0.0416667,0.012288,0.166667,0.012288,0.727273,0.011264,2.66667,0.012288,10.6667,0.012288,39.3846,0.013312,120.471,0.017408,248.242,0.033792,327.68,0.1024,392.431,0.342016,542.741,0.989184,549.712,3.90656,547.166,15.6989,
0.0125,0.01024,0.0416667,0.012288,0.181818,0.011264,0.727273,0.011264,2.66667,0.012288,10.6667,0.012288,39.3846,0.013312,120.471,0.017408,248.242,0.033792,327.68,0.1024,392.431,0.342016,543.304,0.98816,550.001,3.90451,547.416,15.6918,
0.0113636,0.011264,0.0416667,0.012288,0.166667,0.012288,0.666667,0.012288,2.66667,0.012288,10.6667,0.012288,39.3846,0.013312,120.471,0.017408,248.242,0.033792,324.436,0.103424,393.61,0.340992,543.867,0.987136,549.856,3.90554,547.416,15.6918,
0.0125,0.01024,0.0454545,0.011264,0.181818,0.011264,0.727273,0.011264,2.66667,0.012288,10.6667,0.012288,39.3846,0.013312,120.471,0.017408,248.242,0.033792,327.68,0.1024,390.095,0.344064,543.867,0.987136,548.705,3.91373,547.559,15.6877,
0.0113636,0.011264,0.0416667,0.012288,0.166667,0.012288,0.666667,0.012288,2.66667,0.012288,10.6667,0.012288,39.3846,0.013312,120.471,0.017408,240.941,0.034816,327.68,0.1024,392.431,0.342016,543.867,0.987136,548.993,3.91168,547.559,15.6877,
0.0113636,0.011264,0.0454545,0.011264,0.166667,0.012288,0.666667,0.012288,2.90909,0.011264,10.6667,0.012288,39.3846,0.013312,120.471,0.017408,248.242,0.033792,327.68,0.1024,392.431,0.342016,543.867,0.987136,548.705,3.91373,547.702,15.6836,
0.0113636,0.011264,0.0416667,0.012288,0.181818,0.011264,0.666667,0.012288,2.66667,0.012288,10.6667,0.012288,39.3846,0.013312,128,0.016384,240.941,0.034816,327.68,0.1024,392.431,0.342016,543.304,0.98816,548.705,3.91373,547.595,15.6867,
0.0125,0.01024,0.0416667,0.012288,0.166667,0.012288,0.727273,0.011264,2.66667,0.012288,10.6667,0.012288,39.3846,0.013312,120.471,0.017408,240.941,0.034816,327.68,0.1024,392.431,0.342016,543.304,0.98816,548.705,3.91373,547.667,15.6846,
0.0113636,0.011264,0.0416667,0.012288,0.166667,0.012288,0.666667,0.012288,2.66667,0.012288,10.6667,0.012288,39.3846,0.013312,120.471,0.017408,240.941,0.034816,327.68,0.1024,392.431,0.342016,543.304,0.98816,548.418,3.91578,547.667,15.6846,
0.0125,0.01024,0.0454545,0.011264,0.181818,0.011264,0.666667,0.012288,2.90909,0.011264,9.84615,0.013312,39.3846,0.013312,120.471,0.017408,240.941,0.034816,327.68,0.1024,392.431,0.342016,544.998,0.985088,547.702,3.9209,547.416,15.6918,
0.0113636,0.011264,0.0454545,0.011264,0.166667,0.012288,0.666667,0.012288,2.66667,0.012288,9.84615,0.013312,39.3846,0.013312,120.471,0.017408,240.941,0.034816,327.68,0.1024,392.431,0.342016,543.304,0.98816,547.559,3.92192,547.702,15.6836,
0.0113636,0.011264,0.0454545,0.011264,0.181818,0.011264,0.727273,0.011264,2.66667,0.012288,10.6667,0.012288,39.3846,0.013312,120.471,0.017408,248.242,0.033792,327.68,0.1024,392.431,0.342016,543.867,0.987136,547.702,3.9209,547.595,15.6867,
0.0113636,0.011264,0.0416667,0.012288,0.166667,0.012288,0.666667,0.012288,2.66667,0.012288,10.6667,0.012288,39.3846,0.013312,120.471,0.017408,248.242,0.033792,327.68,0.1024,392.431,0.342016,544.998,0.985088,548.132,3.91782,547.024,15.703,
0.0125,0.01024,0.0416667,0.012288,0.166667,0.012288,0.727273,0.011264,2.66667,0.012288,10.6667,0.012288,39.3846,0.013312,120.471,0.017408,248.242,0.033792,327.68,0.1024,392.431,0.342016,544.432,0.986112,547.845,3.91987,547.416,15.6918,
0.0113636,0.011264,0.0416667,0.012288,0.166667,0.012288,0.666667,0.012288,2.66667,0.012288,9.84615,0.013312,39.3846,0.013312,120.471,0.017408,248.242,0.033792,327.68,0.1024,391.26,0.34304,543.867,0.987136,547.702,3.9209,547.238,15.6969,
0.0125,0.01024,0.0416667,0.012288,0.166667,0.012288,0.727273,0.011264,2.66667,0.012288,10.6667,0.012288,39.3846,0.013312,120.471,0.017408,248.242,0.033792,324.436,0.103424,391.26,0.34304,544.432,0.986112,546.988,3.92602,547.345,15.6938,
0.0113636,0.011264,0.0454545,0.011264,0.166667,0.012288,0.666667,0.012288,2.90909,0.011264,10.6667,0.012288,39.3846,0.013312,128,0.016384,248.242,0.033792,324.436,0.103424,391.26,0.34304,543.304,0.98816,547.702,3.9209,546.738,15.7112,
0.0125,0.01024,0.0384615,0.013312,0.181818,0.011264,0.727273,0.011264,2.66667,0.012288,7.11111,0.018432,39.3846,0.013312,120.471,0.017408,248.242,0.033792,324.436,0.103424,392.431,0.342016,543.867,0.987136,547.989,3.91885,546.347,15.7225,
0.0113636,0.011264,0.0416667,0.012288,0.153846,0.013312,0.727273,0.011264,2.66667,0.012288,10.6667,0.012288,39.3846,0.013312,120.471,0.017408,248.242,0.033792,327.68,0.1024,391.26,0.34304,543.304,0.98816,548.418,3.91578,546.952,15.7051,
0.0125,0.01024,0.0416667,0.012288,0.153846,0.013312,0.727273,0.011264,2.66667,0.012288,10.6667,0.012288,39.3846,0.013312,128,0.016384,248.242,0.033792,324.436,0.103424,392.431,0.342016,543.304,0.98816,547.989,3.91885,546.703,15.7123,
0.0125,0.01024,0.0416667,0.012288,0.142857,0.014336,0.666667,0.012288,2.66667,0.012288,10.6667,0.012288,39.3846,0.013312,120.471,0.017408,248.242,0.033792,327.68,0.1024,392.431,0.342016,543.304,0.98816,548.132,3.91782,546.81,15.7092,
0.0113636,0.011264,0.0416667,0.012288,0.166667,0.012288,0.727273,0.011264,2.66667,0.012288,10.6667,0.012288,39.3846,0.013312,128,0.016384,248.242,0.033792,327.68,0.1024,391.26,0.34304,544.432,0.986112,548.132,3.91782,546.917,15.7061,
0.0113636,0.011264,0.0416667,0.012288,0.181818,0.011264,0.727273,0.011264,2.46154,0.013312,10.6667,0.012288,39.3846,0.013312,120.471,0.017408,248.242,0.033792,327.68,0.1024,392.431,0.342016,543.867,0.987136,547.989,3.91885,546.952,15.7051,
0.0125,0.01024,0.0384615,0.013312,0.166667,0.012288,0.666667,0.012288,2.66667,0.012288,10.6667,0.012288,39.3846,0.013312,120.471,0.017408,240.941,0.034816,321.255,0.104448,392.431,0.342016,543.867,0.987136,548.132,3.91782,547.202,15.6979,
0.0113636,0.011264,0.0384615,0.013312,0.166667,0.012288,0.666667,0.012288,2.66667,0.012288,10.6667,0.012288,39.3846,0.013312,120.471,0.017408,240.941,0.034816,327.68,0.1024,392.431,0.342016,543.867,0.987136,548.132,3.91782,547.595,15.6867,
0.0125,0.01024,0.0416667,0.012288,0.166667,0.012288,0.727273,0.011264,2.66667,0.012288,10.6667,0.012288,39.3846,0.013312,120.471,0.017408,240.941,0.034816,324.436,0.103424,392.431,0.342016,544.432,0.986112,547.559,3.92192,547.595,15.6867,
0.0113636,0.011264,0.0454545,0.011264,0.181818,0.011264,0.666667,0.012288,2.66667,0.012288,9.84615,0.013312,34.1333,0.01536,107.789,0.019456,221.405,0.037888,309.132,0.108544,348.596,0.385024,542.741,0.989184,547.273,3.92397,361.298,23.7752,
0.0125,0.01024,0.05,0.01024,0.181818,0.011264,0.666667,0.012288,2.66667,0.012288,9.84615,0.013312,36.5714,0.014336,113.778,0.018432,227.556,0.036864,315.077,0.106496,347.671,0.386048,544.998,0.985088,547.989,3.91885,361.516,23.7609,
0.0113636,0.011264,0.0454545,0.011264,0.166667,0.012288,0.666667,0.012288,2.46154,0.013312,10.6667,0.012288,34.1333,0.01536,102.4,0.02048,234.057,0.03584,312.076,0.10752,348.596,0.385024,544.998,0.985088,547.845,3.91987,361.516,23.7609,
0.0113636,0.011264,0.0454545,0.011264,0.2,0.01024,0.666667,0.012288,2.66667,0.012288,10.6667,0.012288,34.1333,0.01536,107.789,0.019456,234.057,0.03584,315.077,0.106496,348.596,0.385024,542.741,0.989184,547.989,3.91885,361.5,23.7619,
0.0113636,0.011264,0.0454545,0.011264,0.181818,0.011264,0.666667,0.012288,2.66667,0.012288,10.6667,0.012288,36.5714,0.014336,102.4,0.02048,234.057,0.03584,192.753,0.17408,348.596,0.385024,544.998,0.985088,548.275,3.9168,361.375,23.7701,
0.0113636,0.011264,0.0454545,0.011264,0.181818,0.011264,0.727273,0.011264,2.66667,0.012288,9.84615,0.013312,39.3846,0.013312,102.4,0.02048,234.057,0.03584,306.243,0.109568,348.596,0.385024,544.998,0.985088,547.989,3.91885,361.407,23.7681,
0.0113636,0.011264,0.0454545,0.011264,0.181818,0.011264,0.666667,0.012288,2.66667,0.012288,10.6667,0.012288,36.5714,0.014336,102.4,0.02048,240.941,0.034816,312.076,0.10752,348.596,0.385024,544.998,0.985088,547.845,3.91987,361.547,23.7588,
0.0125,0.01024,0.0454545,0.011264,0.181818,0.011264,0.666667,0.012288,2.66667,0.012288,10.6667,0.012288,36.5714,0.014336,107.789,0.019456,234.057,0.03584,312.076,0.10752,348.596,0.385024,544.998,0.985088,547.131,3.92499,361.562,23.7578,
0.0113636,0.011264,0.0454545,0.011264,0.181818,0.011264,0.666667,0.012288,2.46154,0.013312,10.6667,0.012288,36.5714,0.014336,107.789,0.019456,210.051,0.039936,312.076,0.10752,347.671,0.386048,544.998,0.985088,547.989,3.91885,361.484,23.7629,
0.0125,0.01024,0.05,0.01024,0.181818,0.011264,0.727273,0.011264,2.66667,0.012288,10.6667,0.012288,39.3846,0.013312,107.789,0.019456,227.556,0.036864,315.077,0.106496,348.596,0.385024,544.998,0.985088,548.562,3.91475,399.077,21.5245,
0.0113636,0.011264,0.0454545,0.011264,0.181818,0.011264,0.666667,0.012288,2.66667,0.012288,9.84615,0.013312,36.5714,0.014336,107.789,0.019456,234.057,0.03584,315.077,0.106496,348.596,0.385024,544.998,0.985088,548.849,3.9127,547.345,15.6938,
0.0125,0.01024,0.05,0.01024,0.181818,0.011264,0.666667,0.012288,2.66667,0.012288,10.6667,0.012288,34.1333,0.01536,107.789,0.019456,234.057,0.03584,315.077,0.106496,348.596,0.385024,544.432,0.986112,548.993,3.91168,547.416,15.6918,
0.0113636,0.011264,0.0454545,0.011264,0.181818,0.011264,0.666667,0.012288,2.66667,0.012288,10.6667,0.012288,34.1333,0.01536,113.778,0.018432,234.057,0.03584,312.076,0.10752,349.525,0.384,543.867,0.987136,548.705,3.91373,547.667,15.6846,
0.0113636,0.011264,0.0454545,0.011264,0.181818,0.011264,0.666667,0.012288,2.66667,0.012288,10.6667,0.012288,36.5714,0.014336,107.789,0.019456,234.057,0.03584,312.076,0.10752,348.596,0.385024,544.432,0.986112,549.424,3.90861,547.631,15.6856,
0.0113636,0.011264,0.0454545,0.011264,0.181818,0.011264,0.615385,0.013312,2.66667,0.012288,10.6667,0.012288,39.3846,0.013312,113.778,0.018432,234.057,0.03584,312.076,0.10752,348.596,0.385024,544.998,0.985088,549.856,3.90554,547.667,15.6846,
0.0125,0.01024,0.0454545,0.011264,0.181818,0.011264,0.666667,0.012288,2.66667,0.012288,10.6667,0.012288,36.5714,0.014336,107.789,0.019456,234.057,0.03584,300.624,0.111616,347.671,0.386048,544.998,0.985088,549.28,3.90963,547.738,15.6826,
0.0113636,0.011264,0.0454545,0.011264,0.181818,0.011264,0.666667,0.012288,2.66667,0.012288,10.6667,0.012288,36.5714,0.014336,113.778,0.018432,240.941,0.034816,312.076,0.10752,348.596,0.385024,544.432,0.986112,550.001,3.90451,547.631,15.6856,
0.0113636,0.011264,0.05,0.01024,0.2,0.01024,0.727273,0.011264,2.66667,0.012288,9.84615,0.013312,34.1333,0.01536,113.778,0.018432,234.057,0.03584,315.077,0.106496,348.596,0.385024,545.565,0.984064,549.28,3.90963,547.702,15.6836,
0.0113636,0.011264,0.0454545,0.011264,0.181818,0.011264,0.666667,0.012288,2.66667,0.012288,9.84615,0.013312,36.5714,0.014336,102.4,0.02048,234.057,0.03584,306.243,0.109568,349.525,0.384,544.432,0.986112,549.568,3.90758,547.631,15.6856,
0.0113636,0.011264,0.0454545,0.011264,0.181818,0.011264,0.571429,0.014336,2.66667,0.012288,10.6667,0.012288,34.1333,0.01536,97.5238,0.021504,234.057,0.03584,309.132,0.108544,348.596,0.385024,544.998,0.985088,548.993,3.91168,547.667,15.6846,
0.0104167,0.012288,0.0454545,0.011264,0.181818,0.011264,0.666667,0.012288,2.66667,0.012288,10.6667,0.012288,34.1333,0.01536,102.4,0.02048,234.057,0.03584,309.132,0.108544,348.596,0.385024,544.998,0.985088,550.001,3.90451,547.524,15.6887,
0.0113636,0.011264,0.05,0.01024,0.181818,0.011264,0.666667,0.012288,2.46154,0.013312,10.6667,0.012288,34.1333,0.01536,107.789,0.019456,234.057,0.03584,312.076,0.10752,348.596,0.385024,545.565,0.984064,549.712,3.90656,547.667,15.6846,
0.0104167,0.012288,0.0454545,0.011264,0.181818,0.011264,0.666667,0.012288,2.66667,0.012288,10.6667,0.012288,36.5714,0.014336,107.789,0.019456,234.057,0.03584,306.243,0.109568,348.596,0.385024,544.998,0.985088,550.001,3.90451,547.595,15.6867,
0.0113636,0.011264,0.0454545,0.011264,0.181818,0.011264,0.666667,0.012288,2.66667,0.012288,10.6667,0.012288,39.3846,0.013312,113.778,0.018432,227.556,0.036864,309.132,0.108544,347.671,0.386048,545.565,0.984064,550.001,3.90451,547.667,15.6846,
0.0125,0.01024,0.0454545,0.011264,0.181818,0.011264,0.666667,0.012288,2.66667,0.012288,10.6667,0.012288,34.1333,0.01536,102.4,0.02048,234.057,0.03584,312.076,0.10752,348.596,0.385024,544.998,0.985088,549.568,3.90758,547.881,15.6785,
0.0125,0.01024,0.0454545,0.011264,0.181818,0.011264,0.666667,0.012288,2.66667,0.012288,10.6667,0.012288,34.1333,0.01536,113.778,0.018432,234.057,0.03584,312.076,0.10752,348.596,0.385024,544.432,0.986112,549.568,3.90758,547.774,15.6815,
0.0125,0.01024,0.0454545,0.011264,0.181818,0.011264,0.666667,0.012288,2.66667,0.012288,10.6667,0.012288,34.1333,0.01536,107.789,0.019456,234.057,0.03584,312.076,0.10752,348.596,0.385024,544.432,0.986112,549.856,3.90554,547.845,15.6795,
0.0113636,0.011264,0.0454545,0.011264,0.181818,0.011264,0.727273,0.011264,2.46154,0.013312,9.84615,0.013312,36.5714,0.014336,113.778,0.018432,227.556,0.036864,312.076,0.10752,348.596,0.385024,544.998,0.985088,550.145,3.90349,547.81,15.6805,
0.0125,0.01024,0.0454545,0.011264,0.181818,0.011264,0.666667,0.012288,2.66667,0.012288,10.6667,0.012288,34.1333,0.01536,107.789,0.019456,234.057,0.03584,312.076,0.10752,347.671,0.386048,544.432,0.986112,549.568,3.90758,547.845,15.6795,
0.0113636,0.011264,0.0454545,0.011264,0.181818,0.011264,0.727273,0.011264,2.66667,0.012288,10.6667,0.012288,36.5714,0.014336,113.778,0.018432,234.057,0.03584,312.076,0.10752,348.596,0.385024,544.998,0.985088,550.001,3.90451,547.667,15.6846,
0.0113636,0.011264,0.0454545,0.011264,0.181818,0.011264,0.666667,0.012288,2.46154,0.013312,10.6667,0.012288,36.5714,0.014336,113.778,0.018432,234.057,0.03584,312.076,0.10752,348.596,0.385024,545.565,0.984064,550.001,3.90451,547.738,15.6826,
0.0113636,0.011264,0.05,0.01024,0.181818,0.011264,0.666667,0.012288,2.66667,0.012288,10.6667,0.012288,39.3846,0.013312,113.778,0.018432,234.057,0.03584,309.132,0.108544,348.596,0.385024,544.998,0.985088,549.856,3.90554,547.81,15.6805,
0.0113636,0.011264,0.0454545,0.011264,0.181818,0.011264,0.666667,0.012288,2.66667,0.012288,9.84615,0.013312,36.5714,0.014336,107.789,0.019456,234.057,0.03584,312.076,0.10752,348.596,0.385024,544.998,0.985088,549.712,3.90656,547.667,15.6846,
0.0113636,0.011264,0.0454545,0.011264,0.181818,0.011264,0.666667,0.012288,2.66667,0.012288,9.84615,0.013312,36.5714,0.014336,107.789,0.019456,240.941,0.034816,315.077,0.106496,347.671,0.386048,544.998,0.985088,550.145,3.90349,547.488,15.6897,
0.0113636,0.011264,0.0454545,0.011264,0.181818,0.011264,0.666667,0.012288,2.66667,0.012288,10.6667,0.012288,36.5714,0.014336,97.5238,0.021504,234.057,0.03584,312.076,0.10752,348.596,0.385024,545.565,0.984064,550.434,3.90144,547.381,15.6928,
0.0125,0.01024,0.0454545,0.011264,0.181818,0.011264,0.666667,0.012288,2.66667,0.012288,10.6667,0.012288,39.3846,0.013312,107.789,0.019456,240.941,0.034816,312.076,0.10752,349.525,0.384,544.998,0.985088,549.712,3.90656,547.738,15.6826,
0.0113636,0.011264,0.0454545,0.011264,0.181818,0.011264,0.666667,0.012288,2.66667,0.012288,10.6667,0.012288,39.3846,0.013312,107.789,0.019456,234.057,0.03584,312.076,0.10752,349.525,0.384,544.998,0.985088,549.568,3.90758,547.667,15.6846,
0.0125,0.01024,0.05,0.01024,0.181818,0.011264,0.666667,0.012288,2.66667,0.012288,9.84615,0.013312,39.3846,0.013312,107.789,0.019456,234.057,0.03584,312.076,0.10752,348.596,0.385024,544.432,0.986112,549.712,3.90656,547.595,15.6867,
0.0113636,0.011264,0.0454545,0.011264,0.181818,0.011264,0.666667,0.012288,2.66667,0.012288,10.6667,0.012288,39.3846,0.013312,107.789,0.019456,234.057,0.03584,315.077,0.106496,348.596,0.385024,545.565,0.984064,550.001,3.90451,547.524,15.6887,
0.0113636,0.011264,0.05,0.01024,0.181818,0.011264,0.727273,0.011264,2.66667,0.012288,10.6667,0.012288,36.5714,0.014336,113.778,0.018432,234.057,0.03584,312.076,0.10752,348.596,0.385024,545.565,0.984064,550.001,3.90451,547.631,15.6856,
0.0113636,0.011264,0.0454545,0.011264,0.181818,0.011264,0.666667,0.012288,2.66667,0.012288,10.6667,0.012288,36.5714,0.014336,107.789,0.019456,227.556,0.036864,312.076,0.10752,348.596,0.385024,545.565,0.984064,549.712,3.90656,547.381,15.6928,
0.0113636,0.011264,0.0454545,0.011264,0.181818,0.011264,0.666667,0.012288,2.46154,0.013312,9.84615,0.013312,36.5714,0.014336,113.778,0.018432,234.057,0.03584,312.076,0.10752,349.525,0.384,544.998,0.985088,549.712,3.90656,547.452,15.6908,
0.0113636,0.011264,0.0454545,0.011264,0.181818,0.011264,0.666667,0.012288,2.66667,0.012288,9.84615,0.013312,36.5714,0.014336,113.778,0.018432,234.057,0.03584,315.077,0.106496,348.596,0.385024,545.565,0.984064,549.712,3.90656,547.595,15.6867,
0.0113636,0.011264,0.0454545,0.011264,0.181818,0.011264,0.727273,0.011264,2.66667,0.012288,10.6667,0.012288,39.3846,0.013312,81.92,0.0256,240.941,0.034816,312.076,0.10752,347.671,0.386048,545.565,0.984064,549.856,3.90554,547.595,15.6867,
0.0104167,0.012288,0.0454545,0.011264,0.181818,0.011264,0.666667,0.012288,2.66667,0.012288,10.6667,0.012288,39.3846,0.013312,113.778,0.018432,234.057,0.03584,312.076,0.10752,344.926,0.38912,545.565,0.984064,549.28,3.90963,547.631,15.6856,
0.0125,0.01024,0.0454545,0.011264,0.166667,0.012288,0.727273,0.011264,2.66667,0.012288,10.6667,0.012288,39.3846,0.013312,107.789,0.019456,234.057,0.03584,315.077,0.106496,348.596,0.385024,545.565,0.984064,548.562,3.91475,547.345,15.6938,
0.0113636,0.011264,0.0454545,0.011264,0.181818,0.011264,0.666667,0.012288,2.66667,0.012288,10.6667,0.012288,39.3846,0.013312,113.778,0.018432,234.057,0.03584,315.077,0.106496,348.596,0.385024,544.432,0.986112,549.424,3.90861,547.488,15.6897,
0.0125,0.01024,0.05,0.01024,0.2,0.01024,0.666667,0.012288,2.66667,0.012288,10.6667,0.012288,36.5714,0.014336,107.789,0.019456,234.057,0.03584,315.077,0.106496,348.596,0.385024,544.432,0.986112,549.712,3.90656,547.309,15.6948,
0.0104167,0.012288,0.0454545,0.011264,0.181818,0.011264,0.666667,0.012288,2.66667,0.012288,9.84615,0.013312,39.3846,0.013312,107.789,0.019456,234.057,0.03584,312.076,0.10752,347.671,0.386048,544.998,0.985088,549.712,3.90656,547.631,15.6856,
0.0104167,0.012288,0.0454545,0.011264,0.181818,0.011264,0.666667,0.012288,2.66667,0.012288,10.6667,0.012288,36.5714,0.014336,102.4,0.02048,227.556,0.036864,312.076,0.10752,348.596,0.385024,544.998,0.985088,549.712,3.90656,547.81,15.6805,
0.0104167,0.012288,0.0454545,0.011264,0.181818,0.011264,0.666667,0.012288,2.66667,0.012288,10.6667,0.012288,36.5714,0.014336,107.789,0.019456,234.057,0.03584,309.132,0.108544,349.525,0.384,545.565,0.984064,549.856,3.90554,547.631,15.6856,
0.0104167,0.012288,0.05,0.01024,0.181818,0.011264,0.727273,0.011264,2.46154,0.013312,9.84615,0.013312,39.3846,0.013312,107.789,0.019456,234.057,0.03584,315.077,0.106496,348.596,0.385024,544.998,0.985088,549.568,3.90758,547.524,15.6887,
0.0113636,0.011264,0.0454545,0.011264,0.181818,0.011264,0.666667,0.012288,2.66667,0.012288,9.84615,0.013312,36.5714,0.014336,107.789,0.019456,234.057,0.03584,315.077,0.106496,348.596,0.385024,545.565,0.984064,550.001,3.90451,547.524,15.6887,
0.0113636,0.011264,0.0454545,0.011264,0.181818,0.011264,0.666667,0.012288,2.66667,0.012288,10.6667,0.012288,39.3846,0.013312,102.4,0.02048,234.057,0.03584,315.077,0.106496,348.596,0.385024,544.998,0.985088,550.145,3.90349,547.774,15.6815,
0.0104167,0.012288,0.0454545,0.011264,0.181818,0.011264,0.666667,0.012288,2.66667,0.012288,10.6667,0.012288,36.5714,0.014336,113.778,0.018432,234.057,0.03584,312.076,0.10752,347.671,0.386048,544.998,0.985088,548.993,3.91168,547.309,15.6948,
0.0113636,0.011264,0.0454545,0.011264,0.181818,0.011264,0.727273,0.011264,2.66667,0.012288,10.6667,0.012288,39.3846,0.013312,102.4,0.02048,234.057,0.03584,315.077,0.106496,348.596,0.385024,544.998,0.985088,548.705,3.91373,547.774,15.6815,
0.0113636,0.011264,0.0454545,0.011264,0.181818,0.011264,0.666667,0.012288,2.66667,0.012288,9.84615,0.013312,39.3846,0.013312,113.778,0.018432,227.556,0.036864,312.076,0.10752,348.596,0.385024,544.998,0.985088,549.568,3.90758,547.774,15.6815,
0.0125,0.01024,0.0454545,0.011264,0.181818,0.011264,0.727273,0.011264,2.46154,0.013312,10.6667,0.012288,36.5714,0.014336,107.789,0.019456,234.057,0.03584,315.077,0.106496,349.525,0.384,545.565,0.984064,550.001,3.90451,547.345,15.6938,
0.0113636,0.011264,0.0454545,0.011264,0.181818,0.011264,0.666667,0.012288,2.46154,0.013312,10.6667,0.012288,39.3846,0.013312,113.778,0.018432,234.057,0.03584,312.076,0.10752,347.671,0.386048,545.565,0.984064,549.856,3.90554,547.595,15.6867,
0.0125,0.01024,0.0454545,0.011264,0.181818,0.011264,0.666667,0.012288,2.46154,0.013312,10.6667,0.012288,36.5714,0.014336,102.4,0.02048,234.057,0.03584,309.132,0.108544,347.671,0.386048,545.565,0.984064,549.856,3.90554,547.524,15.6887,
0.0104167,0.012288,0.0454545,0.011264,0.181818,0.011264,0.666667,0.012288,2.46154,0.013312,10.6667,0.012288,36.5714,0.014336,107.789,0.019456,234.057,0.03584,315.077,0.106496,348.596,0.385024,544.998,0.985088,549.712,3.90656,547.381,15.6928,
0.0113636,0.011264,0.05,0.01024,0.181818,0.011264,0.727273,0.011264,2.66667,0.012288,9.84615,0.013312,36.5714,0.014336,113.778,0.018432,234.057,0.03584,315.077,0.106496,347.671,0.386048,544.432,0.986112,550.001,3.90451,547.559,15.6877,
0.0104167,0.012288,0.0454545,0.011264,0.166667,0.012288,0.666667,0.012288,2.66667,0.012288,10.6667,0.012288,36.5714,0.014336,107.789,0.019456,234.057,0.03584,312.076,0.10752,348.596,0.385024,544.998,0.985088,549.568,3.90758,547.488,15.6897,
0.0113636,0.011264,0.05,0.01024,0.2,0.01024,0.666667,0.012288,2.66667,0.012288,10.6667,0.012288,39.3846,0.013312,102.4,0.02048,234.057,0.03584,312.076,0.10752,347.671,0.386048,544.998,0.985088,549.568,3.90758,547.273,15.6959,
0.0104167,0.012288,0.0454545,0.011264,0.181818,0.011264,0.666667,0.012288,2.46154,0.013312,10.6667,0.012288,36.5714,0.014336,102.4,0.02048,234.057,0.03584,312.076,0.10752,348.596,0.385024,544.998,0.985088,549.856,3.90554,547.238,15.6969,
0.0113636,0.011264,0.0454545,0.011264,0.2,0.01024,0.666667,0.012288,2.66667,0.012288,10.6667,0.012288,36.5714,0.014336,102.4,0.02048,234.057,0.03584,312.076,0.10752,347.671,0.386048,544.998,0.985088,549.856,3.90554,547.702,15.6836,
0.0113636,0.011264,0.0454545,0.011264,0.166667,0.012288,0.666667,0.012288,2.66667,0.012288,10.6667,0.012288,36.5714,0.014336,102.4,0.02048,234.057,0.03584,312.076,0.10752,348.596,0.385024,544.998,0.985088,550.001,3.90451,547.416,15.6918,
0.0113636,0.011264,0.0454545,0.011264,0.181818,0.011264,0.666667,0.012288,2.66667,0.012288,9.84615,0.013312,36.5714,0.014336,102.4,0.02048,234.057,0.03584,315.077,0.106496,349.525,0.384,544.998,0.985088,549.856,3.90554,547.953,15.6764,
0.0113636,0.011264,0.0454545,0.011264,0.181818,0.011264,0.666667,0.012288,2.66667,0.012288,10.6667,0.012288,36.5714,0.014336,102.4,0.02048,234.057,0.03584,312.076,0.10752,348.596,0.385024,544.432,0.986112,549.712,3.90656,547.595,15.6867,
0.0113636,0.011264,0.0454545,0.011264,0.181818,0.011264,0.727273,0.011264,2.66667,0.012288,10.6667,0.012288,36.5714,0.014336,107.789,0.019456,234.057,0.03584,312.076,0.10752,348.596,0.385024,544.998,0.985088,549.856,3.90554,547.595,15.6867,
0.0113636,0.011264,0.0454545,0.011264,0.181818,0.011264,0.666667,0.012288,2.66667,0.012288,9.84615,0.013312,39.3846,0.013312,107.789,0.019456,234.057,0.03584,306.243,0.109568,348.596,0.385024,544.998,0.985088,549.712,3.90656,547.059,15.702,
0.0113636,0.011264,0.0454545,0.011264,0.181818,0.011264,0.666667,0.012288,2.66667,0.012288,9.84615,0.013312,36.5714,0.014336,107.789,0.019456,234.057,0.03584,312.076,0.10752,347.671,0.386048,544.998,0.985088,549.856,3.90554,546.952,15.7051,
0.0104167,0.012288,0.0454545,0.011264,0.166667,0.012288,0.666667,0.012288,2.66667,0.012288,10.6667,0.012288,39.3846,0.013312,107.789,0.019456,234.057,0.03584,312.076,0.10752,348.596,0.385024,544.432,0.986112,550.145,3.90349,546.347,15.7225,
0.0125,0.01024,0.0454545,0.011264,0.2,0.01024,0.666667,0.012288,2.66667,0.012288,10.6667,0.012288,36.5714,0.014336,107.789,0.019456,234.057,0.03584,309.132,0.108544,348.596,0.385024,544.998,0.985088,549.856,3.90554,546.596,15.7153,
0.0104167,0.012288,0.0454545,0.011264,0.166667,0.012288,0.666667,0.012288,2.66667,0.012288,8,0.016384,39.3846,0.013312,102.4,0.02048,234.057,0.03584,312.076,0.10752,347.671,0.386048,544.998,0.985088,550.001,3.90451,546.667,15.7133,
0.0113636,0.011264,0.0454545,0.011264,0.181818,0.011264,0.727273,0.011264,2.66667,0.012288,9.14286,0.014336,36.5714,0.014336,113.778,0.018432,234.057,0.03584,309.132,0.108544,348.596,0.385024,545.565,0.984064,549.712,3.90656,547.059,15.702,
0.0113636,0.011264,0.0454545,0.011264,0.181818,0.011264,0.666667,0.012288,2.46154,0.013312,9.84615,0.013312,36.5714,0.014336,120.471,0.017408,234.057,0.03584,312.076,0.10752,348.596,0.385024,546.133,0.98304,550.001,3.90451,546.952,15.7051,
0.0125,0.01024,0.05,0.01024,0.181818,0.011264,0.727273,0.011264,2.46154,0.013312,9.84615,0.013312,36.5714,0.014336,107.789,0.019456,227.556,0.036864,312.076,0.10752,347.671,0.386048,545.565,0.984064,549.424,3.90861,546.667,15.7133,
0.0113636,0.011264,0.0454545,0.011264,0.181818,0.011264,0.666667,0.012288,2.13333,0.01536,10.6667,0.012288,36.5714,0.014336,107.789,0.019456,234.057,0.03584,312.076,0.10752,347.671,0.386048,544.998,0.985088,549.424,3.90861,546.596,15.7153,
0.0125,0.01024,0.0454545,0.011264,0.181818,0.011264,0.666667,0.012288,2.46154,0.013312,10.6667,0.012288,36.5714,0.014336,102.4,0.02048,234.057,0.03584,309.132,0.108544,347.671,0.386048,544.998,0.985088,549.28,3.90963,547.095,15.701,
0.0113636,0.011264,0.0454545,0.011264,0.181818,0.011264,0.666667,0.012288,2.46154,0.013312,9.84615,0.013312,39.3846,0.013312,102.4,0.02048,234.057,0.03584,309.132,0.108544,348.596,0.385024,545.565,0.984064,549.424,3.90861,547.131,15.7,
0.0104167,0.012288,0.0454545,0.011264,0.181818,0.011264,0.666667,0.012288,2.28571,0.014336,9.84615,0.013312,39.3846,0.013312,97.5238,0.021504,234.057,0.03584,312.076,0.10752,348.596,0.385024,545.565,0.984064,550.145,3.90349,547.273,15.6959,
0.0104167,0.012288,0.0454545,0.011264,0.181818,0.011264,0.666667,0.012288,2.46154,0.013312,10.6667,0.012288,36.5714,0.014336,107.789,0.019456,234.057,0.03584,309.132,0.108544,347.671,0.386048,545.565,0.984064,549.856,3.90554,547.202,15.6979,
0.0113636,0.011264,0.05,0.01024,0.181818,0.011264,0.727273,0.011264,2.46154,0.013312,9.84615,0.013312,36.5714,0.014336,113.778,0.018432,234.057,0.03584,309.132,0.108544,348.596,0.385024,546.133,0.98304,549.856,3.90554,547.166,15.6989,
0.0104167,0.012288,0.0454545,0.011264,0.166667,0.012288,0.615385,0.013312,2.66667,0.012288,9.84615,0.013312,36.5714,0.014336,107.789,0.019456,234.057,0.03584,306.243,0.109568,348.596,0.385024,544.998,0.985088,549.856,3.90554,546.952,15.7051,
0.0113636,0.011264,0.0454545,0.011264,0.181818,0.011264,0.727273,0.011264,2.66667,0.012288,10.6667,0.012288,36.5714,0.014336,113.778,0.018432,227.556,0.036864,306.243,0.109568,348.596,0.385024,545.565,0.984064,549.568,3.90758,547.524,15.6887,
0.0125,0.01024,0.0454545,0.011264,0.181818,0.011264,0.666667,0.012288,2.46154,0.013312,10.6667,0.012288,36.5714,0.014336,102.4,0.02048,234.057,0.03584,306.243,0.109568,348.596,0.385024,544.998,0.985088,549.856,3.90554,546.881,15.7071,
0.0125,0.01024,0.0454545,0.011264,0.181818,0.011264,0.666667,0.012288,2.46154,0.013312,9.84615,0.013312,39.3846,0.013312,107.789,0.019456,234.057,0.03584,309.132,0.108544,348.596,0.385024,544.998,0.985088,550.145,3.90349,547.131,15.7,
0.0113636,0.011264,0.0454545,0.011264,0.181818,0.011264,0.666667,0.012288,2.46154,0.013312,9.84615,0.013312,39.3846,0.013312,113.778,0.018432,234.057,0.03584,292.571,0.114688,348.596,0.385024,545.565,0.984064,550.001,3.90451,547.381,15.6928,
0.0113636,0.011264,0.0454545,0.011264,0.181818,0.011264,0.727273,0.011264,2.46154,0.013312,9.84615,0.013312,36.5714,0.014336,107.789,0.019456,234.057,0.03584,306.243,0.109568,348.596,0.385024,544.432,0.986112,549.856,3.90554,547.345,15.6938,
0.0125,0.01024,0.0454545,0.011264,0.181818,0.011264,0.666667,0.012288,2.46154,0.013312,10.6667,0.012288,36.5714,0.014336,107.789,0.019456,227.556,0.036864,303.407,0.110592,348.596,0.385024,544.998,0.985088,550.001,3.90451,547.309,15.6948,
0.0113636,0.011264,0.05,0.01024,0.181818,0.011264,0.666667,0.012288,2.46154,0.013312,9.84615,0.013312,36.5714,0.014336,107.789,0.019456,234.057,0.03584,303.407,0.110592,347.671,0.386048,545.565,0.984064,550.001,3.90451,547.345,15.6938,
0.0113636,0.011264,0.0416667,0.012288,0.181818,0.011264,0.666667,0.012288,2.46154,0.013312,10.6667,0.012288,36.5714,0.014336,113.778,0.018432,234.057,0.03584,309.132,0.108544,348.596,0.385024,545.565,0.984064,549.712,3.90656,547.309,15.6948,
0.0125,0.01024,0.05,0.01024,0.181818,0.011264,0.666667,0.012288,2.66667,0.012288,9.84615,0.013312,36.5714,0.014336,113.778,0.018432,234.057,0.03584,309.132,0.108544,348.596,0.385024,545.565,0.984064,549.856,3.90554,547.631,15.6856,
0.0113636,0.011264,0.0454545,0.011264,0.166667,0.012288,0.666667,0.012288,2.66667,0.012288,9.84615,0.013312,39.3846,0.013312,107.789,0.019456,227.556,0.036864,306.243,0.109568,348.596,0.385024,544.998,0.985088,550.001,3.90451,547.667,15.6846,
0.0125,0.01024,0.0454545,0.011264,0.181818,0.011264,0.666667,0.012288,2.66667,0.012288,9.84615,0.013312,39.3846,0.013312,97.5238,0.021504,234.057,0.03584,309.132,0.108544,348.596,0.385024,546.133,0.98304,549.712,3.90656,547.559,15.6877,
0.0113636,0.011264,0.0454545,0.011264,0.166667,0.012288,0.666667,0.012288,2.66667,0.012288,10.6667,0.012288,36.5714,0.014336,102.4,0.02048,227.556,0.036864,306.243,0.109568,348.596,0.385024,544.998,0.985088,549.712,3.90656,547.667,15.6846,
0.0125,0.01024,0.05,0.01024,0.2,0.01024,0.666667,0.012288,2.46154,0.013312,10.6667,0.012288,36.5714,0.014336,107.789,0.019456,234.057,0.03584,303.407,0.110592,348.596,0.385024,545.565,0.984064,549.856,3.90554,547.81,15.6805,
0.0113636,0.011264,0.0454545,0.011264,0.166667,0.012288,0.666667,0.012288,2.66667,0.012288,10.6667,0.012288,36.5714,0.014336,102.4,0.02048,234.057,0.03584,303.407,0.110592,348.596,0.385024,545.565,0.984064,549.712,3.90656,547.488,15.6897,
0.0113636,0.011264,0.0454545,0.011264,0.181818,0.011264,0.666667,0.012288,2.66667,0.012288,9.84615,0.013312,34.1333,0.01536,107.789,0.019456,234.057,0.03584,303.407,0.110592,347.671,0.386048,544.998,0.985088,549.856,3.90554,547.524,15.6887,
0.0138889,0.009216,0.05,0.01024,0.2,0.01024,0.727273,0.011264,3.2,0.01024,11.6364,0.011264,39.3846,0.013312,136.533,0.01536,273.067,0.03072,368.18,0.091136,370.26,0.362496,542.741,0.989184,548.993,3.91168,361.671,23.7507,
0.0138889,0.009216,0.05,0.01024,0.2,0.01024,0.8,0.01024,3.2,0.01024,11.6364,0.011264,28.4444,0.018432,128,0.016384,273.067,0.03072,368.18,0.091136,417.427,0.321536,545.565,0.984064,548.705,3.91373,361.781,23.7435,
0.0138889,0.009216,0.0555556,0.009216,0.2,0.01024,0.727273,0.011264,3.2,0.01024,11.6364,0.011264,42.6667,0.012288,136.533,0.01536,273.067,0.03072,368.18,0.091136,420.103,0.319488,544.432,0.986112,548.275,3.9168,361.781,23.7435,
0.0138889,0.009216,0.0555556,0.009216,0.2,0.01024,0.8,0.01024,2.90909,0.011264,11.6364,0.011264,46.5455,0.011264,136.533,0.01536,282.483,0.029696,171.56,0.195584,418.76,0.320512,544.998,0.985088,548.275,3.9168,361.749,23.7455,
0.0138889,0.009216,0.05,0.01024,0.2,0.01024,0.727273,0.011264,2.90909,0.011264,11.6364,0.011264,42.6667,0.012288,136.533,0.01536,282.483,0.029696,360.088,0.093184,418.76,0.320512,544.432,0.986112,549.568,3.90758,365.024,23.5325,
0.0138889,0.009216,0.0555556,0.009216,0.222222,0.009216,0.8,0.01024,2.90909,0.011264,11.6364,0.011264,42.6667,0.012288,136.533,0.01536,273.067,0.03072,368.18,0.091136,417.427,0.321536,544.432,0.986112,549.856,3.90554,547.595,15.6867,
0.0125,0.01024,0.05,0.01024,0.2,0.01024,0.727273,0.011264,2.90909,0.011264,12.8,0.01024,36.5714,0.014336,136.533,0.01536,273.067,0.03072,372.364,0.090112,418.76,0.320512,543.867,0.987136,550.001,3.90451,547.559,15.6877,
0.0138889,0.009216,0.0555556,0.009216,0.2,0.01024,0.727273,0.011264,2.90909,0.011264,12.8,0.01024,39.3846,0.013312,136.533,0.01536,282.483,0.029696,372.364,0.090112,418.76,0.320512,544.998,0.985088,549.712,3.90656,547.559,15.6877,
0.0138889,0.009216,0.0555556,0.009216,0.2,0.01024,0.727273,0.011264,3.2,0.01024,11.6364,0.011264,39.3846,0.013312,136.533,0.01536,273.067,0.03072,364.089,0.09216,418.76,0.320512,545.565,0.984064,549.568,3.90758,547.488,15.6897,
0.0138889,0.009216,0.0555556,0.009216,0.222222,0.009216,0.8,0.01024,3.2,0.01024,11.6364,0.011264,39.3846,0.013312,128,0.016384,282.483,0.029696,372.364,0.090112,417.427,0.321536,544.432,0.986112,549.712,3.90656,546.525,15.7174,
0.0125,0.01024,0.0555556,0.009216,0.2,0.01024,0.8,0.01024,3.2,0.01024,12.8,0.01024,36.5714,0.014336,136.533,0.01536,282.483,0.029696,372.364,0.090112,418.76,0.320512,544.432,0.986112,549.568,3.90758,544.892,15.7645,
0.0125,0.01024,0.0555556,0.009216,0.2,0.01024,0.8,0.01024,2.90909,0.011264,11.6364,0.011264,42.6667,0.012288,136.533,0.01536,282.483,0.029696,376.644,0.089088,418.76,0.320512,544.998,0.985088,549.712,3.90656,544.856,15.7655,
0.0138889,0.009216,0.05,0.01024,0.2,0.01024,0.727273,0.011264,2.90909,0.011264,11.6364,0.011264,42.6667,0.012288,136.533,0.01536,282.483,0.029696,364.089,0.09216,417.427,0.321536,544.998,0.985088,548.849,3.9127,545.14,15.7573,
0.0138889,0.009216,0.0555556,0.009216,0.222222,0.009216,0.8,0.01024,3.2,0.01024,9.84615,0.013312,42.6667,0.012288,128,0.016384,282.483,0.029696,364.089,0.09216,418.76,0.320512,543.867,0.987136,548.275,3.9168,544.644,15.7716,
0.0125,0.01024,0.0555556,0.009216,0.2,0.01024,0.8,0.01024,3.2,0.01024,10.6667,0.012288,39.3846,0.013312,136.533,0.01536,282.483,0.029696,372.364,0.090112,418.76,0.320512,545.565,0.984064,549.424,3.90861,544.644,15.7716,
0.0138889,0.009216,0.0555556,0.009216,0.2,0.01024,0.8,0.01024,3.2,0.01024,11.6364,0.011264,39.3846,0.013312,136.533,0.01536,282.483,0.029696,372.364,0.090112,418.76,0.320512,544.432,0.986112,549.28,3.90963,544.75,15.7686,
0.0138889,0.009216,0.0555556,0.009216,0.2,0.01024,0.727273,0.011264,2.90909,0.011264,12.8,0.01024,42.6667,0.012288,136.533,0.01536,282.483,0.029696,372.364,0.090112,417.427,0.321536,544.432,0.986112,550.001,3.90451,547.309,15.6948,
0.0125,0.01024,0.0555556,0.009216,0.222222,0.009216,0.8,0.01024,2.90909,0.011264,11.6364,0.011264,39.3846,0.013312,136.533,0.01536,273.067,0.03072,376.644,0.089088,418.76,0.320512,544.432,0.986112,549.712,3.90656,547.416,15.6918,
0.0125,0.01024,0.0555556,0.009216,0.222222,0.009216,0.8,0.01024,2.90909,0.011264,10.6667,0.012288,39.3846,0.013312,136.533,0.01536,282.483,0.029696,376.644,0.089088,417.427,0.321536,546.133,0.98304,549.712,3.90656,547.166,15.6989,
0.0138889,0.009216,0.0555556,0.009216,0.2,0.01024,0.8,0.01024,2.90909,0.011264,11.6364,0.011264,39.3846,0.013312,136.533,0.01536,282.483,0.029696,372.364,0.090112,418.76,0.320512,544.998,0.985088,549.568,3.90758,547.416,15.6918,
0.0138889,0.009216,0.0555556,0.009216,0.2,0.01024,0.727273,0.011264,2.90909,0.011264,11.6364,0.011264,42.6667,0.012288,136.533,0.01536,273.067,0.03072,368.18,0.091136,417.427,0.321536,544.998,0.985088,549.856,3.90554,547.595,15.6867,
0.0125,0.01024,0.0555556,0.009216,0.2,0.01024,0.8,0.01024,3.2,0.01024,10.6667,0.012288,42.6667,0.012288,136.533,0.01536,273.067,0.03072,372.364,0.090112,417.427,0.321536,544.998,0.985088,549.712,3.90656,547.595,15.6867,
0.0125,0.01024,0.0555556,0.009216,0.2,0.01024,0.8,0.01024,3.2,0.01024,12.8,0.01024,42.6667,0.012288,136.533,0.01536,282.483,0.029696,368.18,0.091136,417.427,0.321536,545.565,0.984064,549.712,3.90656,547.595,15.6867,
0.0138889,0.009216,0.0555556,0.009216,0.2,0.01024,0.8,0.01024,3.2,0.01024,9.84615,0.013312,42.6667,0.012288,128,0.016384,282.483,0.029696,372.364,0.090112,418.76,0.320512,544.998,0.985088,549.856,3.90554,547.631,15.6856,
0.0138889,0.009216,0.05,0.01024,0.2,0.01024,0.8,0.01024,3.2,0.01024,11.6364,0.011264,42.6667,0.012288,136.533,0.01536,282.483,0.029696,372.364,0.090112,420.103,0.319488,544.998,0.985088,549.712,3.90656,547.345,15.6938,
0.0138889,0.009216,0.05,0.01024,0.2,0.01024,0.727273,0.011264,3.2,0.01024,10.6667,0.012288,42.6667,0.012288,136.533,0.01536,282.483,0.029696,372.364,0.090112,417.427,0.321536,545.565,0.984064,549.856,3.90554,547.631,15.6856,
0.0125,0.01024,0.05,0.01024,0.2,0.01024,0.727273,0.011264,3.2,0.01024,10.6667,0.012288,42.6667,0.012288,136.533,0.01536,282.483,0.029696,364.089,0.09216,418.76,0.320512,545.565,0.984064,549.856,3.90554,547.524,15.6887,
0.0138889,0.009216,0.05,0.01024,0.2,0.01024,0.727273,0.011264,3.2,0.01024,10.6667,0.012288,42.6667,0.012288,136.533,0.01536,273.067,0.03072,364.089,0.09216,417.427,0.321536,544.432,0.986112,549.568,3.90758,547.559,15.6877,
0.0125,0.01024,0.0555556,0.009216,0.2,0.01024,0.727273,0.011264,3.2,0.01024,11.6364,0.011264,42.6667,0.012288,136.533,0.01536,264.258,0.031744,368.18,0.091136,418.76,0.320512,545.565,0.984064,549.712,3.90656,547.452,15.6908,
0.0125,0.01024,0.0555556,0.009216,0.2,0.01024,0.727273,0.011264,3.2,0.01024,11.6364,0.011264,42.6667,0.012288,136.533,0.01536,282.483,0.029696,372.364,0.090112,417.427,0.321536,545.565,0.984064,550.001,3.90451,547.774,15.6815,
0.0138889,0.009216,0.0555556,0.009216,0.2,0.01024,0.727273,0.011264,3.2,0.01024,11.6364,0.011264,42.6667,0.012288,136.533,0.01536,282.483,0.029696,368.18,0.091136,418.76,0.320512,544.998,0.985088,549.568,3.90758,547.416,15.6918,
0.0138889,0.009216,0.05,0.01024,0.2,0.01024,0.727273,0.011264,2.90909,0.011264,10.6667,0.012288,42.6667,0.012288,136.533,0.01536,282.483,0.029696,372.364,0.090112,418.76,0.320512,544.998,0.985088,549.712,3.90656,547.595,15.6867,
0.0125,0.01024,0.05,0.01024,0.2,0.01024,0.727273,0.011264,3.2,0.01024,11.6364,0.011264,42.6667,0.012288,136.533,0.01536,282.483,0.029696,368.18,0.091136,420.103,0.319488,546.133,0.98304,549.712,3.90656,547.559,15.6877,
0.0138889,0.009216,0.0555556,0.009216,0.222222,0.009216,0.8,0.01024,3.2,0.01024,11.6364,0.011264,42.6667,0.012288,136.533,0.01536,282.483,0.029696,364.089,0.09216,418.76,0.320512,545.565,0.984064,549.28,3.90963,547.488,15.6897,
0.0125,0.01024,0.05,0.01024,0.2,0.01024,0.727273,0.011264,3.2,0.01024,10.6667,0.012288,42.6667,0.012288,136.533,0.01536,282.483,0.029696,368.18,0.091136,418.76,0.320512,545.565,0.984064,549.28,3.90963,547.488,15.6897,
0.0125,0.01024,0.05,0.01024,0.2,0.01024,0.727273,0.011264,3.2,0.01024,11.6364,0.011264,42.6667,0.012288,136.533,0.01536,273.067,0.03072,368.18,0.091136,418.76,0.320512,545.565,0.984064,549.568,3.90758,547.381,15.6928,
0.0125,0.01024,0.05,0.01024,0.222222,0.009216,0.727273,0.011264,3.2,0.01024,9.84615,0.013312,39.3846,0.013312,136.533,0.01536,282.483,0.029696,372.364,0.090112,418.76,0.320512,544.998,0.985088,549.568,3.90758,547.81,15.6805,
0.0125,0.01024,0.0555556,0.009216,0.2,0.01024,0.8,0.01024,3.2,0.01024,11.6364,0.011264,36.5714,0.014336,136.533,0.01536,282.483,0.029696,368.18,0.091136,418.76,0.320512,545.565,0.984064,549.424,3.90861,547.488,15.6897,
0.0138889,0.009216,0.05,0.01024,0.2,0.01024,0.8,0.01024,2.90909,0.011264,9.84615,0.013312,36.5714,0.014336,136.533,0.01536,273.067,0.03072,372.364,0.090112,420.103,0.319488,544.432,0.986112,549.424,3.90861,547.774,15.6815,
0.0138889,0.009216,0.0555556,0.009216,0.222222,0.009216,0.727273,0.011264,2.90909,0.011264,11.6364,0.011264,39.3846,0.013312,120.471,0.017408,282.483,0.029696,368.18,0.091136,418.76,0.320512,544.998,0.985088,549.712,3.90656,547.345,15.6938,
0.0125,0.01024,0.0555556,0.009216,0.2,0.01024,0.727273,0.011264,2.90909,0.011264,11.6364,0.011264,39.3846,0.013312,136.533,0.01536,282.483,0.029696,372.364,0.090112,418.76,0.320512,544.998,0.985088,550.001,3.90451,547.524,15.6887,
0.0125,0.01024,0.0555556,0.009216,0.2,0.01024,0.8,0.01024,2.90909,0.011264,11.6364,0.011264,42.6667,0.012288,136.533,0.01536,282.483,0.029696,376.644,0.089088,420.103,0.319488,546.133,0.98304,550.001,3.90451,547.81,15.6805,
0.0125,0.01024,0.0555556,0.009216,0.2,0.01024,0.8,0.01024,2.66667,0.012288,10.6667,0.012288,42.6667,0.012288,136.533,0.01536,282.483,0.029696,372.364,0.090112,418.76,0.320512,544.432,0.986112,550.001,3.90451,547.488,15.6897,
0.0138889,0.009216,0.0555556,0.009216,0.2,0.01024,0.8,0.01024,2.90909,0.011264,10.6667,0.012288,42.6667,0.012288,113.778,0.018432,282.483,0.029696,368.18,0.091136,417.427,0.321536,544.998,0.985088,549.712,3.90656,547.381,15.6928,
0.0138889,0.009216,0.05,0.01024,0.2,0.01024,0.8,0.01024,2.90909,0.011264,10.6667,0.012288,42.6667,0.012288,136.533,0.01536,273.067,0.03072,368.18,0.091136,413.476,0.324608,544.998,0.985088,550.001,3.90451,547.452,15.6908,
0.0138889,0.009216,0.0555556,0.009216,0.2,0.01024,0.727273,0.011264,2.90909,0.011264,10.6667,0.012288,39.3846,0.013312,136.533,0.01536,273.067,0.03072,372.364,0.090112,418.76,0.320512,544.432,0.986112,549.856,3.90554,547.738,15.6826,
0.0125,0.01024,0.05,0.01024,0.2,0.01024,0.727273,0.011264,2.90909,0.011264,10.6667,0.012288,39.3846,0.013312,136.533,0.01536,282.483,0.029696,372.364,0.090112,417.427,0.321536,545.565,0.984064,549.712,3.90656,547.738,15.6826,
0.0138889,0.009216,0.0555556,0.009216,0.222222,0.009216,0.8,0.01024,2.90909,0.011264,10.6667,0.012288,39.3846,0.013312,128,0.016384,282.483,0.029696,372.364,0.090112,418.76,0.320512,545.565,0.984064,550.001,3.90451,547.559,15.6877,
0.0138889,0.009216,0.05,0.01024,0.222222,0.009216,0.727273,0.011264,2.90909,0.011264,11.6364,0.011264,39.3846,0.013312,136.533,0.01536,273.067,0.03072,372.364,0.090112,418.76,0.320512,545.565,0.984064,549.856,3.90554,547.309,15.6948,
0.0138889,0.009216,0.0555556,0.009216,0.222222,0.009216,0.8,0.01024,2.90909,0.011264,12.8,0.01024,39.3846,0.013312,128,0.016384,282.483,0.029696,372.364,0.090112,417.427,0.321536,546.133,0.98304,549.568,3.90758,547.095,15.701,
0.0138889,0.009216,0.0555556,0.009216,0.2,0.01024,0.8,0.01024,2.90909,0.011264,11.6364,0.011264,39.3846,0.013312,113.778,0.018432,282.483,0.029696,372.364,0.090112,417.427,0.321536,544.998,0.985088,550.001,3.90451,547.631,15.6856,
0.0138889,0.009216,0.0555556,0.009216,0.222222,0.009216,0.8,0.01024,2.90909,0.011264,11.6364,0.011264,42.6667,0.012288,136.533,0.01536,282.483,0.029696,372.364,0.090112,418.76,0.320512,545.565,0.984064,549.568,3.90758,546.881,15.7071,
0.0138889,0.009216,0.0555556,0.009216,0.2,0.01024,0.727273,0.011264,2.90909,0.011264,10.6667,0.012288,42.6667,0.012288,136.533,0.01536,282.483,0.029696,372.364,0.090112,418.76,0.320512,545.565,0.984064,549.712,3.90656,546.738,15.7112,
0.0138889,0.009216,0.0555556,0.009216,0.2,0.01024,0.8,0.01024,2.90909,0.011264,10.6667,0.012288,42.6667,0.012288,136.533,0.01536,282.483,0.029696,368.18,0.091136,418.76,0.320512,545.565,0.984064,549.712,3.90656,546.952,15.7051,
0.0138889,0.009216,0.05,0.01024,0.2,0.01024,0.8,0.01024,3.2,0.01024,11.6364,0.011264,39.3846,0.013312,136.533,0.01536,273.067,0.03072,364.089,0.09216,418.76,0.320512,544.998,0.985088,550.001,3.90451,546.881,15.7071,
0.0125,0.01024,0.05,0.01024,0.2,0.01024,0.8,0.01024,3.2,0.01024,10.6667,0.012288,42.6667,0.012288,136.533,0.01536,273.067,0.03072,372.364,0.090112,417.427,0.321536,544.998,0.985088,549.856,3.90554,547.059,15.702,
0.0125,0.01024,0.05,0.01024,0.2,0.01024,0.8,0.01024,2.90909,0.011264,11.6364,0.011264,42.6667,0.012288,136.533,0.01536,273.067,0.03072,372.364,0.090112,418.76,0.320512,544.998,0.985088,549.856,3.90554,546.881,15.7071,
0.0125,0.01024,0.0555556,0.009216,0.2,0.01024,0.8,0.01024,3.2,0.01024,11.6364,0.011264,39.3846,0.013312,136.533,0.01536,273.067,0.03072,368.18,0.091136,418.76,0.320512,545.565,0.984064,550.001,3.90451,546.774,15.7102,
0.0125,0.01024,0.05,0.01024,0.2,0.01024,0.727273,0.011264,3.2,0.01024,11.6364,0.011264,39.3846,0.013312,136.533,0.01536,273.067,0.03072,368.18,0.091136,417.427,0.321536,545.565,0.984064,550.001,3.90451,546.738,15.7112,
0.0138889,0.009216,0.0555556,0.009216,0.222222,0.009216,0.8,0.01024,3.2,0.01024,11.6364,0.011264,39.3846,0.013312,136.533,0.01536,282.483,0.029696,372.364,0.090112,418.76,0.320512,546.133,0.98304,549.856,3.90554,546.845,15.7082,
0.0125,0.01024,0.0555556,0.009216,0.222222,0.009216,0.8,0.01024,3.2,0.01024,11.6364,0.011264,42.6667,0.012288,136.533,0.01536,282.483,0.029696,376.644,0.089088,420.103,0.319488,544.998,0.985088,550.289,3.90246,546.774,15.7102,
0.0125,0.01024,0.0555556,0.009216,0.222222,0.009216,0.8,0.01024,3.2,0.01024,11.6364,0.011264,42.6667,0.012288,128,0.016384,282.483,0.029696,372.364,0.090112,418.76,0.320512,544.432,0.986112,550.145,3.90349,546.988,15.7041,
0.0125,0.01024,0.05,0.01024,0.2,0.01024,0.727273,0.011264,3.2,0.01024,10.6667,0.012288,42.6667,0.012288,136.533,0.01536,282.483,0.029696,368.18,0.091136,418.76,0.320512,544.998,0.985088,550.145,3.90349,546.917,15.7061,
0.0125,0.01024,0.05,0.01024,0.2,0.01024,0.727273,0.011264,3.2,0.01024,11.6364,0.011264,42.6667,0.012288,136.533,0.01536,282.483,0.029696,372.364,0.090112,418.76,0.320512,545.565,0.984064,549.856,3.90554,546.774,15.7102,
0.0125,0.01024,0.05,0.01024,0.2,0.01024,0.727273,0.011264,2.90909,0.011264,10.6667,0.012288,42.6667,0.012288,136.533,0.01536,282.483,0.029696,364.089,0.09216,418.76,0.320512,545.565,0.984064,550.145,3.90349,546.917,15.7061,
0.0138889,0.009216,0.0555556,0.009216,0.2,0.01024,0.8,0.01024,3.2,0.01024,10.6667,0.012288,39.3846,0.013312,128,0.016384,273.067,0.03072,368.18,0.091136,418.76,0.320512,545.565,0.984064,549.856,3.90554,546.952,15.7051,
0.0125,0.01024,0.05,0.01024,0.2,0.01024,0.8,0.01024,3.2,0.01024,11.6364,0.011264,42.6667,0.012288,136.533,0.01536,282.483,0.029696,368.18,0.091136,418.76,0.320512,544.998,0.985088,549.712,3.90656,546.81,15.7092,
0.0138889,0.009216,0.05,0.01024,0.2,0.01024,0.8,0.01024,3.2,0.01024,10.6667,0.012288,42.6667,0.012288,136.533,0.01536,53.8947,0.155648,372.364,0.090112,418.76,0.320512,544.998,0.985088,549.856,3.90554,546.881,15.7071,
0.0125,0.01024,0.05,0.01024,0.2,0.01024,0.727273,0.011264,3.2,0.01024,11.6364,0.011264,39.3846,0.013312,136.533,0.01536,273.067,0.03072,372.364,0.090112,420.103,0.319488,545.565,0.984064,549.856,3.90554,546.917,15.7061,
0.0138889,0.009216,0.05,0.01024,0.222222,0.009216,0.8,0.01024,3.2,0.01024,11.6364,0.011264,36.5714,0.014336,136.533,0.01536,273.067,0.03072,372.364,0.090112,417.427,0.321536,544.998,0.985088,549.856,3.90554,547.059,15.702,
0.0138889,0.009216,0.05,0.01024,0.2,0.01024,0.8,0.01024,3.2,0.01024,12.8,0.01024,42.6667,0.012288,136.533,0.01536,282.483,0.029696,372.364,0.090112,418.76,0.320512,544.998,0.985088,549.856,3.90554,546.988,15.7041,
0.00961538,0.013312,0.05,0.01024,0.2,0.01024,0.8,0.01024,2.90909,0.011264,11.6364,0.011264,42.6667,0.012288,136.533,0.01536,282.483,0.029696,372.364,0.090112,418.76,0.320512,546.133,0.98304,549.712,3.90656,547.095,15.701,
0.0138889,0.009216,0.05,0.01024,0.222222,0.009216,0.727273,0.011264,2.90909,0.011264,11.6364,0.011264,42.6667,0.012288,128,0.016384,282.483,0.029696,376.644,0.089088,418.76,0.320512,545.565,0.984064,550.001,3.90451,547.024,15.703,
0.0138889,0.009216,0.0555556,0.009216,0.222222,0.009216,0.8,0.01024,2.90909,0.011264,10.6667,0.012288,42.6667,0.012288,136.533,0.01536,282.483,0.029696,372.364,0.090112,418.76,0.320512,544.998,0.985088,549.712,3.90656,546.952,15.7051,
0.0138889,0.009216,0.0555556,0.009216,0.2,0.01024,0.8,0.01024,2.90909,0.011264,11.6364,0.011264,39.3846,0.013312,136.533,0.01536,273.067,0.03072,372.364,0.090112,418.76,0.320512,545.565,0.984064,549.136,3.91066,547.131,15.7,
0.0138889,0.009216,0.0555556,0.009216,0.2,0.01024,0.8,0.01024,2.90909,0.011264,11.6364,0.011264,39.3846,0.013312,136.533,0.01536,282.483,0.029696,368.18,0.091136,418.76,0.320512,544.998,0.985088,549.712,3.90656,547.345,15.6938,
0.0125,0.01024,0.05,0.01024,0.2,0.01024,0.727273,0.011264,3.2,0.01024,10.6667,0.012288,39.3846,0.013312,136.533,0.01536,282.483,0.029696,368.18,0.091136,418.76,0.320512,544.998,0.985088,549.856,3.90554,546.56,15.7164,
0.0138889,0.009216,0.05,0.01024,0.222222,0.009216,0.8,0.01024,3.2,0.01024,10.6667,0.012288,39.3846,0.013312,136.533,0.01536,273.067,0.03072,372.364,0.090112,522.199,0.257024,543.867,0.987136,549.712,3.90656,546.952,15.7051,
0.0125,0.01024,0.05,0.01024,0.2,0.01024,0.8,0.01024,3.2,0.01024,10.6667,0.012288,39.3846,0.013312,136.533,0.01536,282.483,0.029696,376.644,0.089088,522.199,0.257024,543.304,0.98816,549.856,3.90554,547.667,15.6846,
0.0125,0.01024,0.0555556,0.009216,0.222222,0.009216,0.8,0.01024,3.2,0.01024,11.6364,0.011264,39.3846,0.013312,136.533,0.01536,282.483,0.029696,372.364,0.090112,520.127,0.258048,543.867,0.987136,549.856,3.90554,547.631,15.6856,
0.0125,0.01024,0.0555556,0.009216,0.2,0.01024,0.727273,0.011264,3.2,0.01024,12.8,0.01024,42.6667,0.012288,136.533,0.01536,282.483,0.029696,372.364,0.090112,524.288,0.256,542.18,0.990208,549.712,3.90656,547.452,15.6908,
0.0138889,0.009216,0.05,0.01024,0.2,0.01024,0.8,0.01024,3.2,0.01024,11.6364,0.011264,42.6667,0.012288,136.533,0.01536,282.483,0.029696,372.364,0.090112,520.127,0.258048,542.18,0.990208,550.001,3.90451,547.452,15.6908,
0.0138889,0.009216,0.05,0.01024,0.2,0.01024,0.727273,0.011264,2.90909,0.011264,12.8,0.01024,39.3846,0.013312,136.533,0.01536,282.483,0.029696,372.364,0.090112,520.127,0.258048,541.62,0.991232,549.568,3.90758,547.416,15.6918,
0.0138889,0.009216,0.0555556,0.009216,0.222222,0.009216,0.727273,0.011264,3.2,0.01024,11.6364,0.011264,39.3846,0.013312,136.533,0.01536,282.483,0.029696,372.364,0.090112,522.199,0.257024,543.867,0.987136,549.712,3.90656,547.452,15.6908,
0.0125,0.01024,0.0555556,0.009216,0.2,0.01024,0.727273,0.011264,2.90909,0.011264,11.6364,0.011264,39.3846,0.013312,136.533,0.01536,282.483,0.029696,372.364,0.090112,520.127,0.258048,544.432,0.986112,548.849,3.9127,547.095,15.701,
0.0138889,0.009216,0.0555556,0.009216,0.222222,0.009216,0.8,0.01024,2.90909,0.011264,11.6364,0.011264,39.3846,0.013312,136.533,0.01536,282.483,0.029696,368.18,0.091136,518.071,0.259072,543.867,0.987136,547.989,3.91885,547.131,15.7,
0.0125,0.01024,0.0555556,0.009216,0.2,0.01024,0.8,0.01024,3.2,0.01024,12.8,0.01024,39.3846,0.013312,136.533,0.01536,273.067,0.03072,368.18,0.091136,518.071,0.259072,544.432,0.986112,549.136,3.91066,547.452,15.6908,
0.0125,0.01024,0.0555556,0.009216,0.2,0.01024,0.8,0.01024,3.2,0.01024,11.6364,0.011264,42.6667,0.012288,136.533,0.01536,282.483,0.029696,372.364,0.090112,520.127,0.258048,545.565,0.984064,549.568,3.90758,547.667,15.6846,
0.0125,0.01024,0.05,0.01024,0.2,0.01024,0.8,0.01024,2.90909,0.011264,12.8,0.01024,39.3846,0.013312,128,0.016384,273.067,0.03072,368.18,0.091136,522.199,0.257024,544.998,0.985088,549.712,3.90656,547.595,15.6867,
0.0138889,0.009216,0.05,0.01024,0.222222,0.009216,0.8,0.01024,2.90909,0.011264,11.6364,0.011264,42.6667,0.012288,136.533,0.01536,248.242,0.033792,372.364,0.090112,522.199,0.257024,545.565,0.984064,549.712,3.90656,547.559,15.6877,
0.0125,0.01024,0.05,0.01024,0.2,0.01024,0.727273,0.011264,2.90909,0.011264,11.6364,0.011264,42.6667,0.012288,136.533,0.01536,273.067,0.03072,372.364,0.090112,522.199,0.257024,545.565,0.984064,549.856,3.90554,547.452,15.6908,
0.0138889,0.009216,0.05,0.01024,0.2,0.01024,0.727273,0.011264,2.90909,0.011264,11.6364,0.011264,42.6667,0.012288,136.533,0.01536,282.483,0.029696,368.18,0.091136,522.199,0.257024,544.998,0.985088,549.568,3.90758,547.452,15.6908,
0.0138889,0.009216,0.05,0.01024,0.222222,0.009216,0.8,0.01024,2.90909,0.011264,11.6364,0.011264,42.6667,0.012288,120.471,0.017408,282.483,0.029696,368.18,0.091136,522.199,0.257024,545.565,0.984064,550.145,3.90349,547.774,15.6815,
0.0138889,0.009216,0.0555556,0.009216,0.166667,0.012288,0.8,0.01024,2.90909,0.011264,12.8,0.01024,42.6667,0.012288,128,0.016384,282.483,0.029696,368.18,0.091136,520.127,0.258048,544.998,0.985088,550.001,3.90451,547.452,15.6908,
0.0138889,0.009216,0.05,0.01024,0.2,0.01024,0.8,0.01024,2.90909,0.011264,12.8,0.01024,39.3846,0.013312,136.533,0.01536,273.067,0.03072,372.364,0.090112,524.288,0.256,544.998,0.985088,549.856,3.90554,547.381,15.6928,
0.0138889,0.009216,0.0555556,0.009216,0.2,0.01024,0.8,0.01024,3.2,0.01024,12.8,0.01024,39.3846,0.013312,128,0.016384,273.067,0.03072,372.364,0.090112,522.199,0.257024,545.565,0.984064,549.568,3.90758,547.667,15.6846,
0.0138889,0.009216,0.05,0.01024,0.2,0.01024,0.727273,0.011264,3.2,0.01024,12.8,0.01024,39.3846,0.013312,136.533,0.01536,273.067,0.03072,364.089,0.09216,520.127,0.258048,544.998,0.985088,548.418,3.91578,547.345,15.6938,
0.0138889,0.009216,0.0555556,0.009216,0.2,0.01024,0.8,0.01024,3.2,0.01024,11.6364,0.011264,39.3846,0.013312,128,0.016384,282.483,0.029696,364.089,0.09216,520.127,0.258048,544.998,0.985088,549.424,3.90861,547.488,15.6897,
0.0125,0.01024,0.05,0.01024,0.2,0.01024,0.8,0.01024,3.2,0.01024,11.6364,0.011264,36.5714,0.014336,136.533,0.01536,273.067,0.03072,368.18,0.091136,520.127,0.258048,545.565,0.984064,550.001,3.90451,547.774,15.6815,
0.0138889,0.009216,0.05,0.01024,0.2,0.01024,0.8,0.01024,3.2,0.01024,12.8,0.01024,42.6667,0.012288,128,0.016384,282.483,0.029696,372.364,0.090112,522.199,0.257024,544.998,0.985088,549.856,3.90554,547.524,15.6887,
0.0113636,0.011264,0.0384615,0.013312,0.153846,0.013312,0.571429,0.014336,2.46154,0.013312,9.84615,0.013312,32,0.016384,113.778,0.018432,227.556,0.036864,312.076,0.10752,377.729,0.355328,543.304,0.98816,548.562,3.91475,361.718,23.7476,
0.0113636,0.011264,0.0416667,0.012288,0.153846,0.013312,0.666667,0.012288,2.46154,0.013312,9.14286,0.014336,36.5714,0.014336,113.778,0.018432,234.057,0.03584,312.076,0.10752,381.023,0.352256,543.867,0.987136,548.849,3.9127,361.812,23.7414,
0.0104167,0.012288,0.0416667,0.012288,0.142857,0.014336,0.615385,0.013312,2.66667,0.012288,9.84615,0.013312,32,0.016384,120.471,0.017408,240.941,0.034816,312.076,0.10752,382.134,0.351232,544.998,0.985088,549.424,3.90861,361.749,23.7455,
0.0113636,0.011264,0.0384615,0.013312,0.166667,0.012288,0.615385,0.013312,2.66667,0.012288,9.84615,0.013312,34.1333,0.01536,113.778,0.018432,234.057,0.03584,315.077,0.106496,382.134,0.351232,544.432,0.986112,549.28,3.90963,361.796,23.7425,
0.0113636,0.011264,0.0384615,0.013312,0.153846,0.013312,0.571429,0.014336,2.46154,0.013312,9.84615,0.013312,34.1333,0.01536,120.471,0.017408,240.941,0.034816,312.076,0.10752,381.023,0.352256,544.432,0.986112,549.712,3.90656,361.812,23.7414,
0.0104167,0.012288,0.0384615,0.013312,0.166667,0.012288,0.615385,0.013312,2.46154,0.013312,9.84615,0.013312,36.5714,0.014336,113.778,0.018432,240.941,0.034816,312.076,0.10752,381.023,0.352256,544.998,0.985088,549.28,3.90963,361.625,23.7537,
0.0113636,0.011264,0.0384615,0.013312,0.166667,0.012288,0.571429,0.014336,1.88235,0.017408,9.84615,0.013312,36.5714,0.014336,113.778,0.018432,234.057,0.03584,211.406,0.15872,381.023,0.352256,544.432,0.986112,549.856,3.90554,361.547,23.7588,
0.0104167,0.012288,0.03125,0.016384,0.166667,0.012288,0.615385,0.013312,2.46154,0.013312,9.14286,0.014336,34.1333,0.01536,113.778,0.018432,234.057,0.03584,309.132,0.108544,381.023,0.352256,544.998,0.985088,549.568,3.90758,361.453,23.765,
0.0104167,0.012288,0.0357143,0.014336,0.166667,0.012288,0.615385,0.013312,2.46154,0.013312,9.14286,0.014336,34.1333,0.01536,120.471,0.017408,234.057,0.03584,315.077,0.106496,383.251,0.350208,543.867,0.987136,549.568,3.90758,361.453,23.765,
0.0113636,0.011264,0.0357143,0.014336,0.166667,0.012288,0.615385,0.013312,2.46154,0.013312,9.84615,0.013312,34.1333,0.01536,113.778,0.018432,234.057,0.03584,312.076,0.10752,381.023,0.352256,544.998,0.985088,549.568,3.90758,361.531,23.7599,
0.00961538,0.013312,0.0384615,0.013312,0.153846,0.013312,0.666667,0.012288,2.66667,0.012288,8.53333,0.01536,34.1333,0.01536,120.471,0.017408,234.057,0.03584,312.076,0.10752,381.023,0.352256,544.432,0.986112,549.712,3.90656,517.56,16.597,
0.00961538,0.013312,0.0384615,0.013312,0.166667,0.012288,0.615385,0.013312,2.28571,0.014336,9.14286,0.014336,34.1333,0.01536,113.778,0.018432,234.057,0.03584,312.076,0.10752,382.134,0.351232,544.998,0.985088,549.568,3.90758,542.425,15.8362,
0.0104167,0.012288,0.0416667,0.012288,0.166667,0.012288,0.615385,0.013312,2.46154,0.013312,9.14286,0.014336,36.5714,0.014336,120.471,0.017408,234.057,0.03584,312.076,0.10752,382.134,0.351232,544.432,0.986112,549.568,3.90758,542.531,15.8331,
0.00961538,0.013312,0.0416667,0.012288,0.166667,0.012288,0.615385,0.013312,2.46154,0.013312,8.53333,0.01536,36.5714,0.014336,120.471,0.017408,234.057,0.03584,315.077,0.106496,382.134,0.351232,544.998,0.985088,549.568,3.90758,542.46,15.8351,
0.00961538,0.013312,0.0416667,0.012288,0.166667,0.012288,0.615385,0.013312,2.28571,0.014336,9.84615,0.013312,30.1176,0.017408,113.778,0.018432,234.057,0.03584,312.076,0.10752,382.134,0.351232,544.432,0.986112,549.424,3.90861,542.531,15.8331,
0.0113636,0.011264,0.0416667,0.012288,0.166667,0.012288,0.571429,0.014336,2.28571,0.014336,9.84615,0.013312,34.1333,0.01536,113.778,0.018432,234.057,0.03584,315.077,0.106496,379.919,0.35328,544.432,0.986112,547.702,3.9209,542.987,15.8198,
0.00961538,0.013312,0.0416667,0.012288,0.166667,0.012288,0.533333,0.01536,2.28571,0.014336,9.14286,0.014336,30.1176,0.017408,113.778,0.018432,234.057,0.03584,315.077,0.106496,382.134,0.351232,543.867,0.987136,547.416,3.92294,544.22,15.7839,
0.0104167,0.012288,0.0416667,0.012288,0.153846,0.013312,0.571429,0.014336,2.28571,0.014336,9.14286,0.014336,36.5714,0.014336,113.778,0.018432,234.057,0.03584,315.077,0.106496,382.134,0.351232,544.998,0.985088,547.559,3.92192,544.079,15.788,
0.0104167,0.012288,0.0416667,0.012288,0.181818,0.011264,0.533333,0.01536,2.46154,0.013312,9.84615,0.013312,34.1333,0.01536,120.471,0.017408,234.057,0.03584,306.243,0.109568,382.134,0.351232,544.998,0.985088,547.702,3.9209,544.255,15.7829,
0.0104167,0.012288,0.0416667,0.012288,0.181818,0.011264,0.615385,0.013312,2.28571,0.014336,9.84615,0.013312,34.1333,0.01536,113.778,0.018432,234.057,0.03584,315.077,0.106496,382.134,0.351232,544.432,0.986112,547.702,3.9209,544.326,15.7809,
0.0113636,0.011264,0.0416667,0.012288,0.142857,0.014336,0.571429,0.014336,2.46154,0.013312,9.84615,0.013312,32,0.016384,120.471,0.017408,234.057,0.03584,312.076,0.10752,382.134,0.351232,543.867,0.987136,548.275,3.9168,544.185,15.785,
0.00961538,0.013312,0.0384615,0.013312,0.153846,0.013312,0.571429,0.014336,2.46154,0.013312,10.6667,0.012288,28.4444,0.018432,113.778,0.018432,234.057,0.03584,315.077,0.106496,379.919,0.35328,544.998,0.985088,548.418,3.91578,544.044,15.7891,
0.0113636,0.011264,0.0416667,0.012288,0.153846,0.013312,0.615385,0.013312,2.46154,0.013312,9.84615,0.013312,34.1333,0.01536,113.778,0.018432,234.057,0.03584,315.077,0.106496,381.023,0.352256,544.998,0.985088,548.562,3.91475,545.53,15.746,
0.0113636,0.011264,0.0454545,0.011264,0.153846,0.013312,0.666667,0.012288,2.46154,0.013312,9.84615,0.013312,36.5714,0.014336,113.778,0.018432,234.057,0.03584,312.076,0.10752,382.134,0.351232,544.432,0.986112,548.562,3.91475,546.81,15.7092,
0.0104167,0.012288,0.0384615,0.013312,0.166667,0.012288,0.571429,0.014336,2.46154,0.013312,9.84615,0.013312,34.1333,0.01536,120.471,0.017408,234.057,0.03584,312.076,0.10752,382.134,0.351232,544.998,0.985088,548.562,3.91475,546.632,15.7143,
0.0113636,0.011264,0.0384615,0.013312,0.166667,0.012288,0.615385,0.013312,2.46154,0.013312,9.84615,0.013312,36.5714,0.014336,113.778,0.018432,234.057,0.03584,315.077,0.106496,381.023,0.352256,544.432,0.986112,548.275,3.9168,547.059,15.702,
0.0104167,0.012288,0.0416667,0.012288,0.166667,0.012288,0.666667,0.012288,2.28571,0.014336,9.84615,0.013312,36.5714,0.014336,113.778,0.018432,240.941,0.034816,312.076,0.10752,381.023,0.352256,544.998,0.985088,548.705,3.91373,546.952,15.7051,
0.0113636,0.011264,0.0416667,0.012288,0.181818,0.011264,0.571429,0.014336,2.46154,0.013312,9.14286,0.014336,34.1333,0.01536,113.778,0.018432,234.057,0.03584,315.077,0.106496,382.134,0.351232,544.998,0.985088,548.418,3.91578,547.024,15.703,
0.0113636,0.011264,0.0416667,0.012288,0.166667,0.012288,0.615385,0.013312,2.46154,0.013312,9.84615,0.013312,36.5714,0.014336,113.778,0.018432,234.057,0.03584,312.076,0.10752,383.251,0.350208,544.432,0.986112,548.562,3.91475,546.952,15.7051,
0.0104167,0.012288,0.0384615,0.013312,0.166667,0.012288,0.615385,0.013312,2.46154,0.013312,9.14286,0.014336,34.1333,0.01536,113.778,0.018432,240.941,0.034816,312.076,0.10752,381.023,0.352256,544.998,0.985088,548.993,3.91168,547.059,15.702,
0.0104167,0.012288,0.0357143,0.014336,0.166667,0.012288,0.571429,0.014336,2.28571,0.014336,9.14286,0.014336,36.5714,0.014336,113.778,0.018432,240.941,0.034816,312.076,0.10752,381.023,0.352256,545.565,0.984064,548.705,3.91373,547.559,15.6877,
0.00961538,0.013312,0.0416667,0.012288,0.153846,0.013312,0.615385,0.013312,2.46154,0.013312,7.11111,0.018432,36.5714,0.014336,113.778,0.018432,234.057,0.03584,312.076,0.10752,382.134,0.351232,545.565,0.984064,548.705,3.91373,547.309,15.6948,
0.00892857,0.014336,0.0357143,0.014336,0.166667,0.012288,0.615385,0.013312,2.28571,0.014336,9.84615,0.013312,32,0.016384,120.471,0.017408,227.556,0.036864,315.077,0.106496,382.134,0.351232,544.998,0.985088,548.849,3.9127,547.452,15.6908,
0.00961538,0.013312,0.0384615,0.013312,0.181818,0.011264,0.666667,0.012288,2.46154,0.013312,9.14286,0.014336,32,0.016384,120.471,0.017408,240.941,0.034816,315.077,0.106496,381.023,0.352256,544.998,0.985088,548.275,3.9168,547.488,15.6897,
0.00961538,0.013312,0.0416667,0.012288,0.166667,0.012288,0.615385,0.013312,2.46154,0.013312,9.84615,0.013312,34.1333,0.01536,113.778,0.018432,240.941,0.034816,315.077,0.106496,384.375,0.349184,544.432,0.986112,548.275,3.9168,547.381,15.6928,
0.0104167,0.012288,0.0454545,0.011264,0.166667,0.012288,0.615385,0.013312,2.13333,0.01536,9.14286,0.014336,34.1333,0.01536,113.778,0.018432,240.941,0.034816,312.076,0.10752,382.134,0.351232,544.998,0.985088,548.132,3.91782,547.381,15.6928,
0.0104167,0.012288,0.0384615,0.013312,0.142857,0.014336,0.533333,0.01536,2.28571,0.014336,9.14286,0.014336,34.1333,0.01536,113.778,0.018432,234.057,0.03584,312.076,0.10752,382.134,0.351232,544.432,0.986112,548.275,3.9168,547.667,15.6846,
0.0104167,0.012288,0.0416667,0.012288,0.166667,0.012288,0.571429,0.014336,2.13333,0.01536,9.84615,0.013312,36.5714,0.014336,113.778,0.018432,234.057,0.03584,315.077,0.106496,382.134,0.351232,545.565,0.984064,548.275,3.9168,547.416,15.6918,
0.00961538,0.013312,0.0416667,0.012288,0.166667,0.012288,0.444444,0.018432,2.28571,0.014336,9.84615,0.013312,34.1333,0.01536,113.778,0.018432,234.057,0.03584,312.076,0.10752,382.134,0.351232,544.998,0.985088,548.132,3.91782,547.416,15.6918,
0.0113636,0.011264,0.0454545,0.011264,0.166667,0.012288,0.615385,0.013312,2.28571,0.014336,9.14286,0.014336,34.1333,0.01536,113.778,0.018432,240.941,0.034816,315.077,0.106496,381.023,0.352256,545.565,0.984064,547.702,3.9209,547.345,15.6938,
0.0104167,0.012288,0.0384615,0.013312,0.166667,0.012288,0.615385,0.013312,2.28571,0.014336,9.84615,0.013312,34.1333,0.01536,113.778,0.018432,240.941,0.034816,312.076,0.10752,381.023,0.352256,544.998,0.985088,547.989,3.91885,547.166,15.6989,
0.0113636,0.011264,0.0454545,0.011264,0.166667,0.012288,0.666667,0.012288,2.28571,0.014336,9.84615,0.013312,36.5714,0.014336,113.778,0.018432,240.941,0.034816,312.076,0.10752,381.023,0.352256,545.565,0.984064,547.845,3.91987,547.702,15.6836,
0.0104167,0.012288,0.0263158,0.019456,0.133333,0.01536,0.615385,0.013312,1.52381,0.021504,9.84615,0.013312,34.1333,0.01536,113.778,0.018432,234.057,0.03584,312.076,0.10752,383.251,0.350208,544.998,0.985088,548.849,3.9127,547.416,15.6918,
0.0113636,0.011264,0.0416667,0.012288,0.166667,0.012288,0.615385,0.013312,2.28571,0.014336,9.84615,0.013312,34.1333,0.01536,81.92,0.0256,234.057,0.03584,315.077,0.106496,382.134,0.351232,544.998,0.985088,548.849,3.9127,547.309,15.6948,
0.0104167,0.012288,0.0416667,0.012288,0.153846,0.013312,0.615385,0.013312,2.28571,0.014336,9.14286,0.014336,34.1333,0.01536,113.778,0.018432,227.556,0.036864,315.077,0.106496,372.364,0.360448,545.565,0.984064,548.993,3.91168,547.559,15.6877,
0.0113636,0.011264,0.0416667,0.012288,0.166667,0.012288,0.666667,0.012288,2.46154,0.013312,9.84615,0.013312,36.5714,0.014336,113.778,0.018432,240.941,0.034816,312.076,0.10752,381.023,0.352256,544.998,0.985088,549.136,3.91066,547.667,15.6846,
0.0104167,0.012288,0.0416667,0.012288,0.166667,0.012288,0.615385,0.013312,2.28571,0.014336,9.84615,0.013312,34.1333,0.01536,120.471,0.017408,234.057,0.03584,315.077,0.106496,382.134,0.351232,544.998,0.985088,549.568,3.90758,547.559,15.6877,
0.0104167,0.012288,0.0384615,0.013312,0.166667,0.012288,0.615385,0.013312,2.28571,0.014336,9.84615,0.013312,34.1333,0.01536,113.778,0.018432,234.057,0.03584,315.077,0.106496,382.134,0.351232,544.998,0.985088,549.712,3.90656,547.416,15.6918,
0.0104167,0.012288,0.0416667,0.012288,0.153846,0.013312,0.615385,0.013312,2.13333,0.01536,8.53333,0.01536,36.5714,0.014336,113.778,0.018432,234.057,0.03584,312.076,0.10752,381.023,0.352256,544.998,0.985088,549.712,3.90656,547.524,15.6887,
0.0113636,0.011264,0.0416667,0.012288,0.166667,0.012288,0.666667,0.012288,2.28571,0.014336,8.53333,0.01536,36.5714,0.014336,113.778,0.018432,234.057,0.03584,315.077,0.106496,382.134,0.351232,545.565,0.984064,549.424,3.90861,547.559,15.6877,
0.0104167,0.012288,0.0416667,0.012288,0.166667,0.012288,0.571429,0.014336,2.46154,0.013312,9.14286,0.014336,32,0.016384,113.778,0.018432,234.057,0.03584,312.076,0.10752,381.023,0.352256,543.867,0.987136,550.145,3.90349,547.738,15.6826,
0.00961538,0.013312,0.0384615,0.013312,0.166667,0.012288,0.615385,0.013312,2.46154,0.013312,9.14286,0.014336,32,0.016384,113.778,0.018432,234.057,0.03584,312.076,0.10752,382.134,0.351232,545.565,0.984064,549.712,3.90656,547.631,15.6856,
0.00961538,0.013312,0.0384615,0.013312,0.166667,0.012288,0.615385,0.013312,2.46154,0.013312,9.84615,0.013312,32,0.016384,113.778,0.018432,234.057,0.03584,312.076,0.10752,382.134,0.351232,544.998,0.985088,550.001,3.90451,547.631,15.6856,
0.00961538,0.013312,0.0384615,0.013312,0.181818,0.011264,0.666667,0.012288,2.66667,0.012288,9.14286,0.014336,34.1333,0.01536,113.778,0.018432,234.057,0.03584,312.076,0.10752,382.134,0.351232,545.565,0.984064,550.001,3.90451,547.416,15.6918,
0.0104167,0.012288,0.0384615,0.013312,0.166667,0.012288,0.666667,0.012288,2.46154,0.013312,9.84615,0.013312,34.1333,0.01536,113.778,0.018432,234.057,0.03584,315.077,0.106496,382.134,0.351232,545.565,0.984064,549.856,3.90554,547.309,15.6948,
0.0104167,0.012288,0.0416667,0.012288,0.181818,0.011264,0.666667,0.012288,2.28571,0.014336,9.84615,0.013312,34.1333,0.01536,113.778,0.018432,234.057,0.03584,312.076,0.10752,383.251,0.350208,545.565,0.984064,550.145,3.90349,547.452,15.6908,
0.0104167,0.012288,0.0416667,0.012288,0.166667,0.012288,0.615385,0.013312,2.28571,0.014336,9.84615,0.013312,34.1333,0.01536,113.778,0.018432,234.057,0.03584,309.132,0.108544,382.134,0.351232,545.565,0.984064,550.001,3.90451,547.667,15.6846,
0.0104167,0.012288,0.0454545,0.011264,0.181818,0.011264,0.615385,0.013312,2.46154,0.013312,9.84615,0.013312,36.5714,0.014336,120.471,0.017408,234.057,0.03584,309.132,0.108544,382.134,0.351232,546.133,0.98304,549.568,3.90758,547.667,15.6846,
0.0113636,0.011264,0.0357143,0.014336,0.166667,0.012288,0.571429,0.014336,2.28571,0.014336,9.14286,0.014336,34.1333,0.01536,120.471,0.017408,227.556,0.036864,315.077,0.106496,382.134,0.351232,544.998,0.985088,549.712,3.90656,547.81,15.6805,
0.0104167,0.012288,0.0416667,0.012288,0.181818,0.011264,0.571429,0.014336,2.28571,0.014336,9.14286,0.014336,36.5714,0.014336,107.789,0.019456,240.941,0.034816,312.076,0.10752,382.134,0.351232,544.998,0.985088,549.712,3.90656,547.667,15.6846,
0.00961538,0.013312,0.0454545,0.011264,0.125,0.016384,0.533333,0.01536,2.28571,0.014336,9.84615,0.013312,32,0.016384,113.778,0.018432,240.941,0.034816,312.076,0.10752,382.134,0.351232,545.565,0.984064,550.001,3.90451,547.81,15.6805,
0.0113636,0.011264,0.0416667,0.012288,0.166667,0.012288,0.615385,0.013312,2.13333,0.01536,9.14286,0.014336,34.1333,0.01536,113.778,0.018432,234.057,0.03584,309.132,0.108544,382.134,0.351232,544.998,0.985088,550.001,3.90451,547.452,15.6908,
0.0104167,0.012288,0.0384615,0.013312,0.166667,0.012288,0.615385,0.013312,2.28571,0.014336,9.14286,0.014336,34.1333,0.01536,120.471,0.017408,234.057,0.03584,306.243,0.109568,381.023,0.352256,545.565,0.984064,550.001,3.90451,547.452,15.6908,
0.0113636,0.011264,0.0416667,0.012288,0.166667,0.012288,0.615385,0.013312,2.46154,0.013312,9.84615,0.013312,36.5714,0.014336,113.778,0.018432,240.941,0.034816,312.076,0.10752,383.251,0.350208,545.565,0.984064,549.856,3.90554,547.488,15.6897,
0.0113636,0.011264,0.0416667,0.012288,0.153846,0.013312,0.571429,0.014336,2.28571,0.014336,9.84615,0.013312,36.5714,0.014336,113.778,0.018432,234.057,0.03584,312.076,0.10752,382.134,0.351232,545.565,0.984064,550.289,3.90246,547.524,15.6887,
0.0113636,0.011264,0.0416667,0.012288,0.142857,0.014336,0.615385,0.013312,2.28571,0.014336,9.14286,0.014336,36.5714,0.014336,113.778,0.018432,234.057,0.03584,315.077,0.106496,383.251,0.350208,544.432,0.986112,550.145,3.90349,547.381,15.6928,
0.0104167,0.012288,0.0416667,0.012288,0.153846,0.013312,0.615385,0.013312,2.46154,0.013312,9.84615,0.013312,39.3846,0.013312,120.471,0.017408,234.057,0.03584,312.076,0.10752,379.919,0.35328,544.432,0.986112,549.856,3.90554,547.095,15.701,
0.0104167,0.012288,0.0416667,0.012288,0.153846,0.013312,0.666667,0.012288,2.46154,0.013312,9.14286,0.014336,39.3846,0.013312,120.471,0.017408,234.057,0.03584,312.076,0.10752,383.251,0.350208,545.565,0.984064,549.856,3.90554,547.309,15.6948,
0.0104167,0.012288,0.0416667,0.012288,0.153846,0.013312,0.571429,0.014336,2.46154,0.013312,9.14286,0.014336,34.1333,0.01536,113.778,0.018432,240.941,0.034816,315.077,0.106496,381.023,0.352256,545.565,0.984064,550.145,3.90349,547.702,15.6836,
0.0104167,0.012288,0.0416667,0.012288,0.166667,0.012288,0.666667,0.012288,2.28571,0.014336,8.53333,0.01536,32,0.016384,120.471,0.017408,240.941,0.034816,315.077,0.106496,383.251,0.350208,545.565,0.984064,549.856,3.90554,547.524,15.6887,
0.0104167,0.012288,0.0416667,0.012288,0.166667,0.012288,0.615385,0.013312,2.46154,0.013312,8.53333,0.01536,32,0.016384,113.778,0.018432,227.556,0.036864,312.076,0.10752,382.134,0.351232,545.565,0.984064,550.001,3.90451,547.488,15.6897,
0.00961538,0.013312,0.0416667,0.012288,0.166667,0.012288,0.615385,0.013312,2.46154,0.013312,9.14286,0.014336,34.1333,0.01536,11.5056,0.182272,234.057,0.03584,312.076,0.10752,381.023,0.352256,546.133,0.98304,549.856,3.90554,547.702,15.6836,
0.00961538,0.013312,0.0416667,0.012288,0.166667,0.012288,0.666667,0.012288,2.46154,0.013312,9.14286,0.014336,36.5714,0.014336,97.5238,0.021504,234.057,0.03584,312.076,0.10752,381.023,0.352256,545.565,0.984064,549.568,3.90758,547.667,15.6846,
0.0104167,0.012288,0.0384615,0.013312,0.153846,0.013312,0.615385,0.013312,2.66667,0.012288,9.14286,0.014336,34.1333,0.01536,113.778,0.018432,234.057,0.03584,315.077,0.106496,379.919,0.35328,544.998,0.985088,549.712,3.90656,547.524,15.6887,
0.0104167,0.012288,0.0357143,0.014336,0.181818,0.011264,0.571429,0.014336,2.46154,0.013312,9.84615,0.013312,32,0.016384,113.778,0.018432,234.057,0.03584,312.076,0.10752,382.134,0.351232,544.998,0.985088,550.001,3.90451,547.381,15.6928,
0.0104167,0.012288,0.0416667,0.012288,0.166667,0.012288,0.666667,0.012288,2.28571,0.014336,9.84615,0.013312,34.1333,0.01536,113.778,0.018432,234.057,0.03584,312.076,0.10752,383.251,0.350208,544.998,0.985088,549.856,3.90554,547.595,15.6867,
0.0104167,0.012288,0.0357143,0.014336,0.166667,0.012288,0.615385,0.013312,2.28571,0.014336,9.84615,0.013312,36.5714,0.014336,120.471,0.017408,234.057,0.03584,312.076,0.10752,382.134,0.351232,545.565,0.984064,548.849,3.9127,547.559,15.6877,
0.0113636,0.011264,0.0384615,0.013312,0.153846,0.013312,0.615385,0.013312,2.46154,0.013312,9.14286,0.014336,36.5714,0.014336,113.778,0.018432,234.057,0.03584,312.076,0.10752,381.023,0.352256,545.565,0.984064,548.849,3.9127,547.488,15.6897,
0.00961538,0.013312,0.0384615,0.013312,0.153846,0.013312,0.571429,0.014336,2.46154,0.013312,9.84615,0.013312,34.1333,0.01536,113.778,0.018432,227.556,0.036864,312.076,0.10752,382.134,0.351232,544.998,0.985088,549.568,3.90758,546.738,15.7112,
0.0104167,0.012288,0.0416667,0.012288,0.166667,0.012288,0.571429,0.014336,2.66667,0.012288,9.14286,0.014336,34.1333,0.01536,120.471,0.017408,234.057,0.03584,312.076,0.10752,382.134,0.351232,545.565,0.984064,549.568,3.90758,547.024,15.703,
0.0104167,0.012288,0.0416667,0.012288,0.153846,0.013312,0.0449438,0.182272,2.46154,0.013312,9.84615,0.013312,34.1333,0.01536,113.778,0.018432,234.057,0.03584,315.077,0.106496,382.134,0.351232,542.741,0.989184,549.856,3.90554,547.524,15.6887,
0.0104167,0.012288,0.0416667,0.012288,0.166667,0.012288,0.5,0.016384,2.13333,0.01536,9.84615,0.013312,34.1333,0.01536,113.778,0.018432,234.057,0.03584,315.077,0.106496,382.134,0.351232,544.998,0.985088,550.001,3.90451,547.452,15.6908,
0.0113636,0.011264,0.0416667,0.012288,0.166667,0.012288,0.615385,0.013312,2.28571,0.014336,9.84615,0.013312,34.1333,0.01536,113.778,0.018432,234.057,0.03584,312.076,0.10752,382.134,0.351232,544.998,0.985088,550.001,3.90451,547.524,15.6887,
0.0104167,0.012288,0.0416667,0.012288,0.181818,0.011264,0.615385,0.013312,2.28571,0.014336,9.84615,0.013312,34.1333,0.01536,113.778,0.018432,43.8075,0.191488,312.076,0.10752,382.134,0.351232,544.432,0.986112,549.712,3.90656,547.559,15.6877,
0.0104167,0.012288,0.0416667,0.012288,0.153846,0.013312,0.571429,0.014336,2.28571,0.014336,9.84615,0.013312,36.5714,0.014336,113.778,0.018432,210.051,0.039936,312.076,0.10752,382.134,0.351232,545.565,0.984064,549.712,3.90656,547.452,15.6908,
0.0113636,0.011264,0.0357143,0.014336,0.153846,0.013312,0.615385,0.013312,2.46154,0.013312,9.84615,0.013312,34.1333,0.01536,113.778,0.018432,227.556,0.036864,312.076,0.10752,382.134,0.351232,544.432,0.986112,549.568,3.90758,547.631,15.6856,
0.0104167,0.012288,0.0416667,0.012288,0.153846,0.013312,0.615385,0.013312,2.46154,0.013312,9.14286,0.014336,32,0.016384,113.778,0.018432,234.057,0.03584,315.077,0.106496,383.251,0.350208,544.998,0.985088,550.145,3.90349,547.166,15.6989,
0.0113636,0.011264,0.0454545,0.011264,0.166667,0.012288,0.666667,0.012288,2.28571,0.014336,9.14286,0.014336,32,0.016384,120.471,0.017408,234.057,0.03584,312.076,0.10752,381.023,0.352256,544.998,0.985088,549.712,3.90656,547.559,15.6877,
0.0104167,0.012288,0.0416667,0.012288,0.142857,0.014336,0.615385,0.013312,2.46154,0.013312,8.53333,0.01536,32,0.016384,113.778,0.018432,234.057,0.03584,315.077,0.106496,382.134,0.351232,545.565,0.984064,549.856,3.90554,547.381,15.6928,
0.00961538,0.013312,0.0454545,0.011264,0.153846,0.013312,0.615385,0.013312,2.13333,0.01536,8.53333,0.01536,34.1333,0.01536,113.778,0.018432,240.941,0.034816,312.076,0.10752,382.134,0.351232,545.565,0.984064,549.856,3.90554,547.559,15.6877,
0.0113636,0.011264,0.0416667,0.012288,0.153846,0.013312,0.615385,0.013312,2.46154,0.013312,9.84615,0.013312,34.1333,0.01536,113.778,0.018432,234.057,0.03584,312.076,0.10752,382.134,0.351232,545.565,0.984064,549.856,3.90554,547.238,15.6969,
0.0113636,0.011264,0.0416667,0.012288,0.166667,0.012288,0.666667,0.012288,2.66667,0.012288,9.14286,0.014336,32,0.016384,113.778,0.018432,240.941,0.034816,312.076,0.10752,382.134,0.351232,544.998,0.985088,549.856,3.90554,547.202,15.6979,
0.00892857,0.014336,0.0384615,0.013312,0.153846,0.013312,0.615385,0.013312,2.28571,0.014336,9.14286,0.014336,34.1333,0.01536,120.471,0.017408,234.057,0.03584,315.077,0.106496,381.023,0.352256,544.998,0.985088,549.568,3.90758,547.345,15.6938,
0.0104167,0.012288,0.0416667,0.012288,0.181818,0.011264,0.615385,0.013312,2.28571,0.014336,8.53333,0.01536,34.1333,0.01536,120.471,0.017408,234.057,0.03584,315.077,0.106496,381.023,0.352256,544.998,0.985088,549.424,3.90861,547.273,15.6959,
0.00961538,0.013312,0.0416667,0.012288,0.181818,0.011264,0.571429,0.014336,2.28571,0.014336,9.84615,0.013312,34.1333,0.01536,113.778,0.018432,227.556,0.036864,315.077,0.106496,382.134,0.351232,544.998,0.985088,549.856,3.90554,546.917,15.7061,
0.0104167,0.012288,0.0384615,0.013312,0.166667,0.012288,0.571429,0.014336,2.46154,0.013312,9.14286,0.014336,36.5714,0.014336,113.778,0.018432,234.057,0.03584,312.076,0.10752,382.134,0.351232,545.565,0.984064,548.993,3.91168,546.703,15.7123,
0.00961538,0.013312,0.0384615,0.013312,0.153846,0.013312,0.571429,0.014336,2.13333,0.01536,9.14286,0.014336,32,0.016384,120.471,0.017408,234.057,0.03584,312.076,0.10752,382.134,0.351232,544.998,0.985088,548.705,3.91373,546.774,15.7102,
0.0113636,0.011264,0.0384615,0.013312,0.166667,0.012288,0.571429,0.014336,2.28571,0.014336,9.14286,0.014336,36.5714,0.014336,113.778,0.018432,234.057,0.03584,312.076,0.10752,383.251,0.350208,544.998,0.985088,548.993,3.91168,546.81,15.7092,
0.0104167,0.012288,0.0416667,0.012288,0.181818,0.011264,0.615385,0.013312,2.28571,0.014336,9.84615,0.013312,34.1333,0.01536,120.471,0.017408,234.057,0.03584,315.077,0.106496,382.134,0.351232,545.565,0.984064,548.562,3.91475,546.881,15.7071,
0.0104167,0.012288,0.0384615,0.013312,0.181818,0.011264,0.615385,0.013312,2.28571,0.014336,9.14286,0.014336,36.5714,0.014336,113.778,0.018432,234.057,0.03584,309.132,0.108544,382.134,0.351232,545.565,0.984064,547.989,3.91885,546.988,15.7041,
0.0113636,0.011264,0.0416667,0.012288,0.181818,0.011264,0.666667,0.012288,2.46154,0.013312,10.6667,0.012288,39.3846,0.013312,120.471,0.017408,234.057,0.03584,306.243,0.109568,348.596,0.385024,543.304,0.98816,549.136,3.91066,361.36,23.7711,
0.0125,0.01024,0.05,0.01024,0.181818,0.011264,0.666667,0.012288,2.66667,0.012288,10.6667,0.012288,36.5714,0.014336,113.778,0.018432,234.057,0.03584,315.077,0.106496,348.596,0.385024,544.998,0.985088,549.424,3.90861,361.36,23.7711,
0.0113636,0.011264,0.0416667,0.012288,0.181818,0.011264,0.666667,0.012288,2.66667,0.012288,9.84615,0.013312,34.1333,0.01536,120.471,0.017408,240.941,0.034816,315.077,0.106496,346.751,0.387072,544.432,0.986112,549.856,3.90554,361.407,23.7681,
0.0125,0.01024,0.0454545,0.011264,0.181818,0.011264,0.666667,0.012288,2.66667,0.012288,10.6667,0.012288,36.5714,0.014336,113.778,0.018432,234.057,0.03584,312.076,0.10752,348.596,0.385024,544.432,0.986112,549.856,3.90554,398.85,21.5368,
0.0113636,0.011264,0.0454545,0.011264,0.181818,0.011264,0.666667,0.012288,2.66667,0.012288,10.6667,0.012288,39.3846,0.013312,120.471,0.017408,234.057,0.03584,312.076,0.10752,348.596,0.385024,544.432,0.986112,549.856,3.90554,522.492,16.4403,
0.0125,0.01024,0.0454545,0.011264,0.181818,0.011264,0.666667,0.012288,2.66667,0.012288,10.6667,0.012288,36.5714,0.014336,113.778,0.018432,240.941,0.034816,312.076,0.10752,347.671,0.386048,544.998,0.985088,550.001,3.90451,522.948,16.426,
0.0113636,0.011264,0.0416667,0.012288,0.181818,0.011264,0.666667,0.012288,2.66667,0.012288,9.84615,0.013312,39.3846,0.013312,113.778,0.018432,240.941,0.034816,315.077,0.106496,348.596,0.385024,544.432,0.986112,550.001,3.90451,523.111,16.4209,
0.0113636,0.011264,0.0454545,0.011264,0.2,0.01024,0.666667,0.012288,2.66667,0.012288,10.6667,0.012288,36.5714,0.014336,113.778,0.018432,234.057,0.03584,312.076,0.10752,347.671,0.386048,546.133,0.98304,549.856,3.90554,523.437,16.4106,
0.0113636,0.011264,0.0454545,0.011264,0.166667,0.012288,0.615385,0.013312,2.66667,0.012288,9.84615,0.013312,36.5714,0.014336,120.471,0.017408,234.057,0.03584,312.076,0.10752,348.596,0.385024,544.998,0.985088,549.712,3.90656,523.405,16.4116,
0.0113636,0.011264,0.0454545,0.011264,0.181818,0.011264,0.666667,0.012288,2.66667,0.012288,9.84615,0.013312,36.5714,0.014336,113.778,0.018432,234.057,0.03584,315.077,0.106496,348.596,0.385024,544.998,0.985088,548.849,3.9127,523.274,16.4157,
0.0113636,0.011264,0.0454545,0.011264,0.181818,0.011264,0.666667,0.012288,2.46154,0.013312,10.6667,0.012288,39.3846,0.013312,113.778,0.018432,234.057,0.03584,315.077,0.106496,348.596,0.385024,544.998,0.985088,548.849,3.9127,523.47,16.4096,
0.0113636,0.011264,0.0454545,0.011264,0.181818,0.011264,0.666667,0.012288,2.66667,0.012288,10.6667,0.012288,36.5714,0.014336,113.778,0.018432,240.941,0.034816,315.077,0.106496,348.596,0.385024,544.998,0.985088,548.705,3.91373,523.209,16.4178,
0.0125,0.01024,0.0454545,0.011264,0.181818,0.011264,0.666667,0.012288,2.66667,0.012288,10.6667,0.012288,36.5714,0.014336,113.778,0.018432,234.057,0.03584,312.076,0.10752,347.671,0.386048,545.565,0.984064,548.849,3.9127,523.601,16.4055,
0.0113636,0.011264,0.0454545,0.011264,0.181818,0.011264,0.727273,0.011264,2.66667,0.012288,10.6667,0.012288,36.5714,0.014336,120.471,0.017408,234.057,0.03584,312.076,0.10752,348.596,0.385024,544.998,0.985088,548.562,3.91475,523.209,16.4178,
0.0113636,0.011264,0.0454545,0.011264,0.181818,0.011264,0.666667,0.012288,2.66667,0.012288,9.84615,0.013312,36.5714,0.014336,113.778,0.018432,240.941,0.034816,309.132,0.108544,348.596,0.385024,544.432,0.986112,547.989,3.91885,523.307,16.4147,
0.0125,0.01024,0.0454545,0.011264,0.181818,0.011264,0.727273,0.011264,2.66667,0.012288,10.6667,0.012288,36.5714,0.014336,120.471,0.017408,234.057,0.03584,312.076,0.10752,348.596,0.385024,545.565,0.984064,547.845,3.91987,525.306,16.3523,
0.0113636,0.011264,0.0454545,0.011264,0.166667,0.012288,0.666667,0.012288,2.66667,0.012288,10.6667,0.012288,39.3846,0.013312,113.778,0.018432,234.057,0.03584,312.076,0.10752,347.671,0.386048,545.565,0.984064,548.132,3.91782,546.347,15.7225,
0.0113636,0.011264,0.05,0.01024,0.2,0.01024,0.666667,0.012288,2.66667,0.012288,9.84615,0.013312,36.5714,0.014336,120.471,0.017408,240.941,0.034816,312.076,0.10752,348.596,0.385024,545.565,0.984064,548.132,3.91782,544.609,15.7727,
0.0113636,0.011264,0.0416667,0.012288,0.166667,0.012288,0.666667,0.012288,2.66667,0.012288,10.6667,0.012288,36.5714,0.014336,120.471,0.017408,234.057,0.03584,315.077,0.106496,348.596,0.385024,545.565,0.984064,547.845,3.91987,543.761,15.7972,
0.0113636,0.011264,0.05,0.01024,0.181818,0.011264,0.666667,0.012288,2.66667,0.012288,10.6667,0.012288,36.5714,0.014336,113.778,0.018432,240.941,0.034816,309.132,0.108544,348.596,0.385024,544.998,0.985088,547.845,3.91987,543.691,15.7993,
0.0113636,0.011264,0.0454545,0.011264,0.166667,0.012288,0.666667,0.012288,2.46154,0.013312,9.84615,0.013312,39.3846,0.013312,120.471,0.017408,234.057,0.03584,312.076,0.10752,347.671,0.386048,544.998,0.985088,547.989,3.91885,544.149,15.786,
0.0078125,0.016384,0.0454545,0.011264,0.181818,0.011264,0.666667,0.012288,2.46154,0.013312,10.6667,0.012288,36.5714,0.014336,113.778,0.018432,240.941,0.034816,312.076,0.10752,348.596,0.385024,544.998,0.985088,548.275,3.9168,544.255,15.7829,
0.0113636,0.011264,0.0454545,0.011264,0.181818,0.011264,0.666667,0.012288,2.66667,0.012288,10.6667,0.012288,36.5714,0.014336,113.778,0.018432,234.057,0.03584,312.076,0.10752,347.671,0.386048,545.565,0.984064,548.562,3.91475,544.573,15.7737,
0.0113636,0.011264,0.0454545,0.011264,0.181818,0.011264,0.615385,0.013312,2.66667,0.012288,9.84615,0.013312,39.3846,0.013312,113.778,0.018432,240.941,0.034816,315.077,0.106496,348.596,0.385024,544.998,0.985088,547.989,3.91885,546.418,15.7204,
0.0113636,0.011264,0.0454545,0.011264,0.181818,0.011264,0.666667,0.012288,2.46154,0.013312,10.6667,0.012288,36.5714,0.014336,120.471,0.017408,234.057,0.03584,312.076,0.10752,348.596,0.385024,545.565,0.984064,547.989,3.91885,546.881,15.7071,
0.0113636,0.011264,0.0454545,0.011264,0.181818,0.011264,0.666667,0.012288,2.66667,0.012288,9.84615,0.013312,36.5714,0.014336,113.778,0.018432,240.941,0.034816,312.076,0.10752,348.596,0.385024,544.432,0.986112,547.989,3.91885,547.131,15.7,
0.0113636,0.011264,0.0454545,0.011264,0.181818,0.011264,0.666667,0.012288,2.46154,0.013312,9.84615,0.013312,39.3846,0.013312,120.471,0.017408,240.941,0.034816,315.077,0.106496,348.596,0.385024,543.867,0.987136,548.132,3.91782,547.309,15.6948,
0.0113636,0.011264,0.0454545,0.011264,0.181818,0.011264,0.666667,0.012288,2.66667,0.012288,9.84615,0.013312,36.5714,0.014336,113.778,0.018432,234.057,0.03584,312.076,0.10752,348.596,0.385024,544.432,0.986112,548.132,3.91782,547.631,15.6856,
0.0113636,0.011264,0.0454545,0.011264,0.181818,0.011264,0.666667,0.012288,2.46154,0.013312,10.6667,0.012288,39.3846,0.013312,113.778,0.018432,234.057,0.03584,312.076,0.10752,348.596,0.385024,545.565,0.984064,547.702,3.9209,547.595,15.6867,
0.0113636,0.011264,0.05,0.01024,0.181818,0.011264,0.666667,0.012288,2.66667,0.012288,9.84615,0.013312,36.5714,0.014336,120.471,0.017408,240.941,0.034816,312.076,0.10752,347.671,0.386048,545.565,0.984064,548.275,3.9168,547.595,15.6867,
0.0113636,0.011264,0.0416667,0.012288,0.181818,0.011264,0.666667,0.012288,2.66667,0.012288,10.6667,0.012288,36.5714,0.014336,113.778,0.018432,240.941,0.034816,315.077,0.106496,347.671,0.386048,545.565,0.984064,547.989,3.91885,547.631,15.6856,
0.0113636,0.011264,0.05,0.01024,0.181818,0.011264,0.727273,0.011264,2.66667,0.012288,9.14286,0.014336,36.5714,0.014336,113.778,0.018432,234.057,0.03584,312.076,0.10752,347.671,0.386048,544.998,0.985088,547.702,3.9209,547.524,15.6887,
0.0113636,0.011264,0.0454545,0.011264,0.181818,0.011264,0.666667,0.012288,2.46154,0.013312,10.6667,0.012288,36.5714,0.014336,120.471,0.017408,234.057,0.03584,309.132,0.108544,347.671,0.386048,545.565,0.984064,548.418,3.91578,547.524,15.6887,
0.0125,0.01024,0.0454545,0.011264,0.181818,0.011264,0.666667,0.012288,2.66667,0.012288,10.6667,0.012288,34.1333,0.01536,113.778,0.018432,234.057,0.03584,315.077,0.106496,348.596,0.385024,545.565,0.984064,547.416,3.92294,547.273,15.6959,
0.0113636,0.011264,0.0454545,0.011264,0.181818,0.011264,0.666667,0.012288,2.66667,0.012288,9.84615,0.013312,36.5714,0.014336,120.471,0.017408,240.941,0.034816,315.077,0.106496,348.596,0.385024,544.998,0.985088,548.132,3.91782,547.452,15.6908,
0.0113636,0.011264,0.0454545,0.011264,0.181818,0.011264,0.727273,0.011264,2.46154,0.013312,10.6667,0.012288,36.5714,0.014336,113.778,0.018432,234.057,0.03584,312.076,0.10752,348.596,0.385024,545.565,0.984064,548.562,3.91475,547.524,15.6887,
0.0104167,0.012288,0.0454545,0.011264,0.181818,0.011264,0.666667,0.012288,2.46154,0.013312,9.84615,0.013312,36.5714,0.014336,113.778,0.018432,234.057,0.03584,312.076,0.10752,348.596,0.385024,544.998,0.985088,547.989,3.91885,547.738,15.6826,
0.0125,0.01024,0.05,0.01024,0.181818,0.011264,0.727273,0.011264,2.66667,0.012288,10.6667,0.012288,39.3846,0.013312,120.471,0.017408,234.057,0.03584,312.076,0.10752,348.596,0.385024,545.565,0.984064,547.131,3.92499,547.202,15.6979,
0.0113636,0.011264,0.0416667,0.012288,0.181818,0.011264,0.666667,0.012288,2.28571,0.014336,10.6667,0.012288,36.5714,0.014336,120.471,0.017408,240.941,0.034816,312.076,0.10752,348.596,0.385024,545.565,0.984064,547.559,3.92192,547.131,15.7,
0.0113636,0.011264,0.0454545,0.011264,0.181818,0.011264,0.666667,0.012288,2.66667,0.012288,10.6667,0.012288,36.5714,0.014336,113.778,0.018432,234.057,0.03584,312.076,0.10752,348.596,0.385024,545.565,0.984064,547.559,3.92192,546.703,15.7123,
0.0113636,0.011264,0.0416667,0.012288,0.142857,0.014336,0.666667,0.012288,2.66667,0.012288,10.6667,0.012288,39.3846,0.013312,113.778,0.018432,234.057,0.03584,312.076,0.10752,347.671,0.386048,544.432,0.986112,547.131,3.92499,546.81,15.7092,
0.0113636,0.011264,0.05,0.01024,0.181818,0.011264,0.727273,0.011264,2.66667,0.012288,10.6667,0.012288,36.5714,0.014336,113.778,0.018432,240.941,0.034816,315.077,0.106496,348.596,0.385024,545.565,0.984064,547.702,3.9209,546.738,15.7112,
0.0113636,0.011264,0.0454545,0.011264,0.166667,0.012288,0.615385,0.013312,2.46154,0.013312,10.6667,0.012288,36.5714,0.014336,120.471,0.017408,234.057,0.03584,312.076,0.10752,351.399,0.381952,544.998,0.985088,547.273,3.92397,546.596,15.7153,
0.0125,0.01024,0.0454545,0.011264,0.181818,0.011264,0.666667,0.012288,2.46154,0.013312,10.6667,0.012288,36.5714,0.014336,97.5238,0.021504,240.941,0.034816,315.077,0.106496,381.023,0.352256,544.998,0.985088,548.132,3.91782,546.845,15.7082,
0.0113636,0.011264,0.0454545,0.011264,0.181818,0.011264,0.666667,0.012288,2.66667,0.012288,10.6667,0.012288,39.3846,0.013312,113.778,0.018432,234.057,0.03584,312.076,0.10752,377.729,0.355328,544.998,0.985088,549.136,3.91066,546.489,15.7184,
0.0113636,0.011264,0.0454545,0.011264,0.181818,0.011264,0.727273,0.011264,2.66667,0.012288,9.84615,0.013312,36.5714,0.014336,113.778,0.018432,240.941,0.034816,312.076,0.10752,382.134,0.351232,544.998,0.985088,549.136,3.91066,546.952,15.7051,
0.0104167,0.012288,0.0454545,0.011264,0.181818,0.011264,0.666667,0.012288,2.46154,0.013312,9.84615,0.013312,39.3846,0.013312,120.471,0.017408,234.057,0.03584,312.076,0.10752,399.61,0.335872,544.998,0.985088,549.712,3.90656,546.418,15.7204,
0.0113636,0.011264,0.05,0.01024,0.166667,0.012288,0.666667,0.012288,2.66667,0.012288,10.6667,0.012288,39.3846,0.013312,120.471,0.017408,234.057,0.03584,312.076,0.10752,425.558,0.315392,545.565,0.984064,550.001,3.90451,547.131,15.7,
0.0113636,0.011264,0.0454545,0.011264,0.166667,0.012288,0.666667,0.012288,2.66667,0.012288,10.6667,0.012288,36.5714,0.014336,120.471,0.017408,234.057,0.03584,312.076,0.10752,428.34,0.313344,545.565,0.984064,550.434,3.90144,547.381,15.6928,
0.0113636,0.011264,0.0454545,0.011264,0.181818,0.011264,0.666667,0.012288,2.66667,0.012288,9.84615,0.013312,36.5714,0.014336,113.778,0.018432,240.941,0.034816,315.077,0.106496,426.945,0.314368,545.565,0.984064,549.712,3.90656,547.381,15.6928,
0.0113636,0.011264,0.05,0.01024,0.181818,0.011264,0.666667,0.012288,2.46154,0.013312,10.6667,0.012288,36.5714,0.014336,120.471,0.017408,221.405,0.037888,312.076,0.10752,426.945,0.314368,546.133,0.98304,550.001,3.90451,547.416,15.6918,
0.0113636,0.011264,0.0454545,0.011264,0.181818,0.011264,0.666667,0.012288,2.66667,0.012288,9.84615,0.013312,36.5714,0.014336,113.778,0.018432,234.057,0.03584,315.077,0.106496,426.945,0.314368,545.565,0.984064,550.145,3.90349,547.381,15.6928,
0.0113636,0.011264,0.0454545,0.011264,0.181818,0.011264,0.666667,0.012288,2.46154,0.013312,10.6667,0.012288,36.5714,0.014336,120.471,0.017408,240.941,0.034816,312.076,0.10752,428.34,0.313344,545.565,0.984064,549.856,3.90554,547.595,15.6867,
0.0125,0.01024,0.05,0.01024,0.181818,0.011264,0.666667,0.012288,2.46154,0.013312,10.6667,0.012288,39.3846,0.013312,113.778,0.018432,234.057,0.03584,312.076,0.10752,426.945,0.314368,545.565,0.984064,550.001,3.90451,547.488,15.6897,
0.0113636,0.011264,0.0416667,0.012288,0.181818,0.011264,0.666667,0.012288,2.66667,0.012288,10.6667,0.012288,39.3846,0.013312,120.471,0.017408,240.941,0.034816,312.076,0.10752,426.945,0.314368,544.998,0.985088,550.145,3.90349,547.559,15.6877,
0.0113636,0.011264,0.05,0.01024,0.181818,0.011264,0.666667,0.012288,2.66667,0.012288,10.6667,0.012288,36.5714,0.014336,113.778,0.018432,234.057,0.03584,315.077,0.106496,425.558,0.315392,546.133,0.98304,549.856,3.90554,547.452,15.6908,
0.0104167,0.012288,0.0454545,0.011264,0.181818,0.011264,0.666667,0.012288,2.46154,0.013312,10.6667,0.012288,36.5714,0.014336,113.778,0.018432,240.941,0.034816,315.077,0.106496,426.945,0.314368,545.565,0.984064,549.856,3.90554,547.631,15.6856,
0.0113636,0.011264,0.0454545,0.011264,0.181818,0.011264,0.727273,0.011264,2.66667,0.012288,9.84615,0.013312,39.3846,0.013312,113.778,0.018432,234.057,0.03584,312.076,0.10752,425.558,0.315392,545.565,0.984064,549.856,3.90554,547.631,15.6856,
0.0113636,0.011264,0.0454545,0.011264,0.181818,0.011264,0.666667,0.012288,2.46154,0.013312,9.84615,0.013312,36.5714,0.014336,113.778,0.018432,240.941,0.034816,312.076,0.10752,425.558,0.315392,545.565,0.984064,549.712,3.90656,547.345,15.6938,
0.0113636,0.011264,0.0454545,0.011264,0.181818,0.011264,0.666667,0.012288,2.46154,0.013312,10.6667,0.012288,39.3846,0.013312,113.778,0.018432,234.057,0.03584,315.077,0.106496,426.945,0.314368,545.565,0.984064,550.001,3.90451,546.81,15.7092,
0.0113636,0.011264,0.0454545,0.011264,0.181818,0.011264,0.666667,0.012288,2.46154,0.013312,9.84615,0.013312,36.5714,0.014336,120.471,0.017408,234.057,0.03584,312.076,0.10752,426.945,0.314368,545.565,0.984064,549.712,3.90656,546.81,15.7092,
0.0125,0.01024,0.0454545,0.011264,0.181818,0.011264,0.727273,0.011264,2.66667,0.012288,10.6667,0.012288,39.3846,0.013312,113.778,0.018432,234.057,0.03584,312.076,0.10752,426.945,0.314368,545.565,0.984064,549.856,3.90554,547.095,15.701,
0.0113636,0.011264,0.0454545,0.011264,0.166667,0.012288,0.666667,0.012288,2.46154,0.013312,10.6667,0.012288,36.5714,0.014336,120.471,0.017408,240.941,0.034816,315.077,0.106496,426.945,0.314368,545.565,0.984064,550.001,3.90451,547.024,15.703,
0.0104167,0.012288,0.0454545,0.011264,0.2,0.01024,0.666667,0.012288,2.66667,0.012288,10.6667,0.012288,39.3846,0.013312,113.778,0.018432,234.057,0.03584,315.077,0.106496,428.34,0.313344,544.998,0.985088,550.001,3.90451,546.988,15.7041,
0.0113636,0.011264,0.0454545,0.011264,0.166667,0.012288,0.666667,0.012288,2.66667,0.012288,9.84615,0.013312,36.5714,0.014336,113.778,0.018432,234.057,0.03584,312.076,0.10752,428.34,0.313344,545.565,0.984064,549.856,3.90554,547.095,15.701,
0.0125,0.01024,0.0454545,0.011264,0.2,0.01024,0.666667,0.012288,2.66667,0.012288,10.6667,0.012288,36.5714,0.014336,120.471,0.017408,234.057,0.03584,309.132,0.108544,428.34,0.313344,544.998,0.985088,549.856,3.90554,546.845,15.7082,
0.0125,0.01024,0.0454545,0.011264,0.166667,0.012288,0.666667,0.012288,2.66667,0.012288,9.84615,0.013312,36.5714,0.014336,113.778,0.018432,240.941,0.034816,312.076,0.10752,428.34,0.313344,544.998,0.985088,549.856,3.90554,546.845,15.7082,
0.0113636,0.011264,0.0454545,0.011264,0.181818,0.011264,0.727273,0.011264,2.46154,0.013312,10.6667,0.012288,36.5714,0.014336,120.471,0.017408,234.057,0.03584,315.077,0.106496,426.945,0.314368,546.133,0.98304,549.712,3.90656,547.381,15.6928,
0.0113636,0.011264,0.0454545,0.011264,0.181818,0.011264,0.666667,0.012288,2.66667,0.012288,10.6667,0.012288,39.3846,0.013312,113.778,0.018432,234.057,0.03584,312.076,0.10752,426.945,0.314368,544.998,0.985088,550.145,3.90349,547.345,15.6938,
0.0113636,0.011264,0.0454545,0.011264,0.181818,0.011264,0.666667,0.012288,2.46154,0.013312,10.6667,0.012288,36.5714,0.014336,120.471,0.017408,234.057,0.03584,312.076,0.10752,428.34,0.313344,545.565,0.984064,550.001,3.90451,547.416,15.6918,
0.0104167,0.012288,0.0454545,0.011264,0.181818,0.011264,0.666667,0.012288,2.28571,0.014336,10.6667,0.012288,39.3846,0.013312,113.778,0.018432,240.941,0.034816,312.076,0.10752,425.558,0.315392,546.133,0.98304,550.001,3.90451,547.81,15.6805,
0.0113636,0.011264,0.0454545,0.011264,0.181818,0.011264,0.666667,0.012288,2.66667,0.012288,10.6667,0.012288,39.3846,0.013312,120.471,0.017408,234.057,0.03584,315.077,0.106496,428.34,0.313344,545.565,0.984064,549.856,3.90554,547.667,15.6846,
0.0113636,0.011264,0.0454545,0.011264,0.181818,0.011264,0.615385,0.013312,2.46154,0.013312,9.84615,0.013312,36.5714,0.014336,113.778,0.018432,234.057,0.03584,315.077,0.106496,428.34,0.313344,544.998,0.985088,549.856,3.90554,547.559,15.6877,
0.0113636,0.011264,0.0454545,0.011264,0.181818,0.011264,0.666667,0.012288,2.66667,0.012288,10.6667,0.012288,39.3846,0.013312,120.471,0.017408,240.941,0.034816,312.076,0.10752,429.744,0.31232,545.565,0.984064,549.568,3.90758,547.774,15.6815,
0.0104167,0.012288,0.0454545,0.011264,0.181818,0.011264,0.615385,0.013312,2.46154,0.013312,10.6667,0.012288,36.5714,0.014336,120.471,0.017408,234.057,0.03584,315.077,0.106496,425.558,0.315392,545.565,0.984064,550.001,3.90451,547.309,15.6948,
0.0113636,0.011264,0.0454545,0.011264,0.181818,0.011264,0.727273,0.011264,2.66667,0.012288,9.84615,0.013312,39.3846,0.013312,113.778,0.018432,240.941,0.034816,312.076,0.10752,429.744,0.31232,544.998,0.985088,549.856,3.90554,547.524,15.6887,
0.0113636,0.011264,0.0454545,0.011264,0.181818,0.011264,0.666667,0.012288,2.66667,0.012288,10.6667,0.012288,36.5714,0.014336,120.471,0.017408,234.057,0.03584,315.077,0.106496,428.34,0.313344,545.565,0.984064,549.712,3.90656,547.595,15.6867,
0.0113636,0.011264,0.0454545,0.011264,0.181818,0.011264,0.666667,0.012288,2.66667,0.012288,10.6667,0.012288,36.5714,0.014336,113.778,0.018432,234.057,0.03584,318.136,0.105472,428.34,0.313344,546.133,0.98304,550.001,3.90451,547.667,15.6846,
0.0113636,0.011264,0.0454545,0.011264,0.166667,0.012288,0.727273,0.011264,2.46154,0.013312,9.84615,0.013312,36.5714,0.014336,113.778,0.018432,234.057,0.03584,315.077,0.106496,428.34,0.313344,544.998,0.985088,549.856,3.90554,547.559,15.6877,
0.0125,0.01024,0.0454545,0.011264,0.181818,0.011264,0.727273,0.011264,2.46154,0.013312,9.84615,0.013312,36.5714,0.014336,120.471,0.017408,234.057,0.03584,312.076,0.10752,428.34,0.313344,546.133,0.98304,549.568,3.90758,547.059,15.702,
0.0104167,0.012288,0.0416667,0.012288,0.181818,0.011264,0.666667,0.012288,2.46154,0.013312,10.6667,0.012288,36.5714,0.014336,120.471,0.017408,240.941,0.034816,312.076,0.10752,428.34,0.313344,545.565,0.984064,550.145,3.90349,547.345,15.6938,
0.0113636,0.011264,0.0454545,0.011264,0.2,0.01024,0.666667,0.012288,2.66667,0.012288,9.84615,0.013312,36.5714,0.014336,113.778,0.018432,240.941,0.034816,315.077,0.106496,428.34,0.313344,544.998,0.985088,549.712,3.90656,546.845,15.7082,
0.0113636,0.011264,0.0416667,0.012288,0.166667,0.012288,0.615385,0.013312,2.46154,0.013312,10.6667,0.012288,36.5714,0.014336,120.471,0.017408,234.057,0.03584,309.132,0.108544,428.34,0.313344,544.998,0.985088,550.001,3.90451,547.059,15.702,
0.0113636,0.011264,0.0454545,0.011264,0.181818,0.011264,0.666667,0.012288,2.66667,0.012288,10.6667,0.012288,36.5714,0.014336,113.778,0.018432,234.057,0.03584,312.076,0.10752,428.34,0.313344,544.998,0.985088,549.856,3.90554,546.525,15.7174,
0.0113636,0.011264,0.0454545,0.011264,0.181818,0.011264,0.666667,0.012288,2.28571,0.014336,9.84615,0.013312,36.5714,0.014336,120.471,0.017408,234.057,0.03584,309.132,0.108544,428.34,0.313344,545.565,0.984064,550.001,3.90451,546.81,15.7092,
0.0113636,0.011264,0.0454545,0.011264,0.166667,0.012288,0.727273,0.011264,2.66667,0.012288,10.6667,0.012288,36.5714,0.014336,120.471,0.017408,234.057,0.03584,312.076,0.10752,428.34,0.313344,544.432,0.986112,550.001,3.90451,546.774,15.7102,
0.0113636,0.011264,0.0454545,0.011264,0.181818,0.011264,0.666667,0.012288,2.66667,0.012288,10.6667,0.012288,36.5714,0.014336,113.778,0.018432,234.057,0.03584,309.132,0.108544,428.34,0.313344,545.565,0.984064,550.001,3.90451,546.881,15.7071,
0.0113636,0.011264,0.0454545,0.011264,0.181818,0.011264,0.666667,0.012288,2.66667,0.012288,10.6667,0.012288,39.3846,0.013312,113.778,0.018432,234.057,0.03584,309.132,0.108544,428.34,0.313344,546.133,0.98304,550.001,3.90451,547.309,15.6948,
0.0113636,0.011264,0.0454545,0.011264,0.181818,0.011264,0.666667,0.012288,2.46154,0.013312,9.84615,0.013312,36.5714,0.014336,113.778,0.018432,234.057,0.03584,309.132,0.108544,429.744,0.31232,544.998,0.985088,550.145,3.90349,547.667,15.6846,
0.0125,0.01024,0.0454545,0.011264,0.181818,0.011264,0.727273,0.011264,2.46154,0.013312,10.6667,0.012288,36.5714,0.014336,113.778,0.018432,240.941,0.034816,312.076,0.10752,429.744,0.31232,545.565,0.984064,549.712,3.90656,547.631,15.6856,
0.0113636,0.011264,0.0454545,0.011264,0.181818,0.011264,0.666667,0.012288,2.66667,0.012288,10.6667,0.012288,36.5714,0.014336,120.471,0.017408,234.057,0.03584,309.132,0.108544,428.34,0.313344,545.565,0.984064,549.856,3.90554,547.845,15.6795,
0.0125,0.01024,0.0454545,0.011264,0.181818,0.011264,0.666667,0.012288,2.46154,0.013312,9.84615,0.013312,36.5714,0.014336,113.778,0.018432,234.057,0.03584,315.077,0.106496,428.34,0.313344,545.565,0.984064,549.568,3.90758,547.452,15.6908,
0.0113636,0.011264,0.0454545,0.011264,0.181818,0.011264,0.615385,0.013312,2.66667,0.012288,10.6667,0.012288,36.5714,0.014336,120.471,0.017408,234.057,0.03584,312.076,0.10752,429.744,0.31232,544.998,0.985088,550.145,3.90349,547.595,15.6867,
0.0113636,0.011264,0.0454545,0.011264,0.181818,0.011264,0.666667,0.012288,2.66667,0.012288,10.6667,0.012288,36.5714,0.014336,113.778,0.018432,234.057,0.03584,312.076,0.10752,428.34,0.313344,544.998,0.985088,548.562,3.91475,547.452,15.6908,
0.0113636,0.011264,0.0454545,0.011264,0.181818,0.011264,0.666667,0.012288,2.46154,0.013312,10.6667,0.012288,36.5714,0.014336,113.778,0.018432,240.941,0.034816,312.076,0.10752,429.744,0.31232,544.998,0.985088,548.418,3.91578,547.667,15.6846,
0.0113636,0.011264,0.05,0.01024,0.181818,0.011264,0.666667,0.012288,2.66667,0.012288,10.6667,0.012288,39.3846,0.013312,113.778,0.018432,234.057,0.03584,315.077,0.106496,429.744,0.31232,544.998,0.985088,548.275,3.9168,547.774,15.6815,
0.0125,0.01024,0.0454545,0.011264,0.181818,0.011264,0.666667,0.012288,2.46154,0.013312,10.6667,0.012288,36.5714,0.014336,113.778,0.018432,240.941,0.034816,312.076,0.10752,429.744,0.31232,544.998,0.985088,547.989,3.91885,547.81,15.6805,
0.0113636,0.011264,0.05,0.01024,0.181818,0.011264,0.666667,0.012288,2.66667,0.012288,9.84615,0.013312,39.3846,0.013312,113.778,0.018432,234.057,0.03584,315.077,0.106496,428.34,0.313344,545.565,0.984064,547.559,3.92192,547.774,15.6815,
0.0113636,0.011264,0.0454545,0.011264,0.181818,0.011264,0.666667,0.012288,2.66667,0.012288,9.84615,0.013312,39.3846,0.013312,113.778,0.018432,234.057,0.03584,312.076,0.10752,429.744,0.31232,546.133,0.98304,547.845,3.91987,547.595,15.6867,
0.0125,0.01024,0.0454545,0.011264,0.181818,0.011264,0.666667,0.012288,2.46154,0.013312,10.6667,0.012288,36.5714,0.014336,107.789,0.019456,240.941,0.034816,312.076,0.10752,429.744,0.31232,545.565,0.984064,547.702,3.9209,547.381,15.6928,
0.0113636,0.011264,0.0416667,0.012288,0.153846,0.013312,0.666667,0.012288,2.66667,0.012288,10.6667,0.012288,36.5714,0.014336,113.778,0.018432,234.057,0.03584,318.136,0.105472,377.729,0.355328,543.304,0.98816,548.562,3.91475,361.391,23.7691,
0.0113636,0.011264,0.0416667,0.012288,0.166667,0.012288,0.727273,0.011264,2.66667,0.012288,9.84615,0.013312,36.5714,0.014336,113.778,0.018432,234.057,0.03584,321.255,0.104448,381.023,0.352256,544.998,0.985088,549.424,3.90861,361.344,23.7722,
0.0104167,0.012288,0.0416667,0.012288,0.142857,0.014336,0.666667,0.012288,2.46154,0.013312,10.6667,0.012288,36.5714,0.014336,120.471,0.017408,227.556,0.036864,318.136,0.105472,382.134,0.351232,544.998,0.985088,549.856,3.90554,361.484,23.7629,
0.0125,0.01024,0.0416667,0.012288,0.166667,0.012288,0.666667,0.012288,2.46154,0.013312,9.84615,0.013312,36.5714,0.014336,113.778,0.018432,240.941,0.034816,318.136,0.105472,383.251,0.350208,544.998,0.985088,549.712,3.90656,369.607,23.2407,
0.0125,0.01024,0.0384615,0.013312,0.166667,0.012288,0.666667,0.012288,2.66667,0.012288,10.6667,0.012288,36.5714,0.014336,120.471,0.017408,234.057,0.03584,318.136,0.105472,383.251,0.350208,544.432,0.986112,549.712,3.90656,546.917,15.7061,
0.0125,0.01024,0.0416667,0.012288,0.181818,0.011264,0.666667,0.012288,2.66667,0.012288,10.6667,0.012288,36.5714,0.014336,113.778,0.018432,240.941,0.034816,321.255,0.104448,383.251,0.350208,545.565,0.984064,549.856,3.90554,545.778,15.7389,
0.0125,0.01024,0.0454545,0.011264,0.166667,0.012288,0.666667,0.012288,2.66667,0.012288,10.6667,0.012288,39.3846,0.013312,120.471,0.017408,234.057,0.03584,318.136,0.105472,383.251,0.350208,544.998,0.985088,550.001,3.90451,544.467,15.7768,
0.0125,0.01024,0.0416667,0.012288,0.181818,0.011264,0.666667,0.012288,2.66667,0.012288,10.6667,0.012288,36.5714,0.014336,113.778,0.018432,240.941,0.034816,295.207,0.113664,383.251,0.350208,545.565,0.984064,549.856,3.90554,544.467,15.7768,
0.0113636,0.011264,0.0416667,0.012288,0.166667,0.012288,0.666667,0.012288,2.66667,0.012288,10.6667,0.012288,36.5714,0.014336,120.471,0.017408,234.057,0.03584,318.136,0.105472,382.134,0.351232,545.565,0.984064,549.712,3.90656,544.079,15.788,
0.0125,0.01024,0.0454545,0.011264,0.181818,0.011264,0.666667,0.012288,2.66667,0.012288,9.84615,0.013312,36.5714,0.014336,113.778,0.018432,240.941,0.034816,318.136,0.105472,384.375,0.349184,544.998,0.985088,549.712,3.90656,544.538,15.7747,
0.0125,0.01024,0.0416667,0.012288,0.166667,0.012288,0.666667,0.012288,2.46154,0.013312,10.6667,0.012288,36.5714,0.014336,120.471,0.017408,240.941,0.034816,315.077,0.106496,383.251,0.350208,544.998,0.985088,549.712,3.90656,544.397,15.7788,
0.0113636,0.011264,0.0384615,0.013312,0.181818,0.011264,0.666667,0.012288,2.66667,0.012288,10.6667,0.012288,36.5714,0.014336,113.778,0.018432,234.057,0.03584,315.077,0.106496,382.134,0.351232,544.998,0.985088,550.001,3.90451,544.75,15.7686,
0.0113636,0.011264,0.0416667,0.012288,0.181818,0.011264,0.727273,0.011264,2.66667,0.012288,10.6667,0.012288,36.5714,0.014336,113.778,0.018432,240.941,0.034816,318.136,0.105472,383.251,0.350208,544.998,0.985088,548.993,3.91168,547.095,15.701,
0.0125,0.01024,0.0416667,0.012288,0.166667,0.012288,0.666667,0.012288,2.66667,0.012288,10.6667,0.012288,39.3846,0.013312,113.778,0.018432,240.941,0.034816,318.136,0.105472,383.251,0.350208,545.565,0.984064,548.275,3.9168,547.131,15.7,
0.0104167,0.012288,0.0416667,0.012288,0.181818,0.011264,0.666667,0.012288,2.46154,0.013312,10.6667,0.012288,36.5714,0.014336,113.778,0.018432,240.941,0.034816,318.136,0.105472,382.134,0.351232,545.565,0.984064,548.849,3.9127,547.452,15.6908,
0.0113636,0.011264,0.0416667,0.012288,0.181818,0.011264,0.727273,0.011264,2.66667,0.012288,10.6667,0.012288,36.5714,0.014336,120.471,0.017408,240.941,0.034816,318.136,0.105472,382.134,0.351232,545.565,0.984064,548.562,3.91475,547.595,15.6867,
0.0113636,0.011264,0.0416667,0.012288,0.166667,0.012288,0.666667,0.012288,2.46154,0.013312,10.6667,0.012288,36.5714,0.014336,113.778,0.018432,240.941,0.034816,321.255,0.104448,381.023,0.352256,544.998,0.985088,548.275,3.9168,547.667,15.6846,
0.0125,0.01024,0.0416667,0.012288,0.181818,0.011264,0.666667,0.012288,2.66667,0.012288,10.6667,0.012288,36.5714,0.014336,113.778,0.018432,240.941,0.034816,318.136,0.105472,383.251,0.350208,544.998,0.985088,548.849,3.9127,548.132,15.6713,
0.0113636,0.011264,0.0416667,0.012288,0.181818,0.011264,0.666667,0.012288,2.66667,0.012288,10.6667,0.012288,36.5714,0.014336,120.471,0.017408,240.941,0.034816,318.136,0.105472,383.251,0.350208,544.998,0.985088,549.28,3.90963,547.452,15.6908,
0.0113636,0.011264,0.0384615,0.013312,0.181818,0.011264,0.666667,0.012288,2.46154,0.013312,9.84615,0.013312,36.5714,0.014336,113.778,0.018432,240.941,0.034816,321.255,0.104448,381.023,0.352256,544.998,0.985088,548.849,3.9127,547.595,15.6867,
0.0113636,0.011264,0.0384615,0.013312,0.181818,0.011264,0.666667,0.012288,2.66667,0.012288,10.6667,0.012288,39.3846,0.013312,120.471,0.017408,234.057,0.03584,318.136,0.105472,382.134,0.351232,544.998,0.985088,548.849,3.9127,547.738,15.6826,
0.0125,0.01024,0.0454545,0.011264,0.181818,0.011264,0.727273,0.011264,2.66667,0.012288,10.6667,0.012288,36.5714,0.014336,113.778,0.018432,240.941,0.034816,318.136,0.105472,379.919,0.35328,544.998,0.985088,548.849,3.9127,547.702,15.6836,
0.0113636,0.011264,0.00252525,0.202752,0.166667,0.012288,0.615385,0.013312,2.66667,0.012288,10.6667,0.012288,36.5714,0.014336,120.471,0.017408,240.941,0.034816,321.255,0.104448,381.023,0.352256,544.432,0.986112,548.849,3.9127,547.345,15.6938,
0.0125,0.01024,0.0416667,0.012288,0.181818,0.011264,0.666667,0.012288,2.46154,0.013312,10.6667,0.012288,36.5714,0.014336,113.778,0.018432,240.941,0.034816,318.136,0.105472,381.023,0.352256,544.998,0.985088,549.136,3.91066,547.345,15.6938,
0.0113636,0.011264,0.0384615,0.013312,0.166667,0.012288,0.666667,0.012288,2.66667,0.012288,9.84615,0.013312,36.5714,0.014336,120.471,0.017408,240.941,0.034816,321.255,0.104448,373.424,0.359424,544.998,0.985088,548.993,3.91168,547.631,15.6856,
0.0125,0.01024,0.0416667,0.012288,0.181818,0.011264,0.615385,0.013312,2.66667,0.012288,10.6667,0.012288,36.5714,0.014336,113.778,0.018432,240.941,0.034816,321.255,0.104448,382.134,0.351232,544.998,0.985088,548.418,3.91578,547.416,15.6918,
0.0113636,0.011264,0.0416667,0.012288,0.166667,0.012288,0.666667,0.012288,2.66667,0.012288,10.6667,0.012288,36.5714,0.014336,120.471,0.017408,240.941,0.034816,321.255,0.104448,383.251,0.350208,545.565,0.984064,548.418,3.91578,546.881,15.7071,
0.0113636,0.011264,0.0357143,0.014336,0.181818,0.011264,0.666667,0.012288,2.66667,0.012288,10.6667,0.012288,39.3846,0.013312,113.778,0.018432,240.941,0.034816,315.077,0.106496,382.134,0.351232,546.133,0.98304,547.989,3.91885,546.632,15.7143,
0.0125,0.01024,0.0416667,0.012288,0.181818,0.011264,0.666667,0.012288,2.66667,0.012288,10.6667,0.012288,36.5714,0.014336,120.471,0.017408,240.941,0.034816,318.136,0.105472,381.023,0.352256,546.133,0.98304,548.562,3.91475,547.024,15.703,
0.0125,0.01024,0.0454545,0.011264,0.166667,0.012288,0.666667,0.012288,2.46154,0.013312,10.6667,0.012288,36.5714,0.014336,113.778,0.018432,240.941,0.034816,321.255,0.104448,381.023,0.352256,545.565,0.984064,548.418,3.91578,547.238,15.6969,
0.0113636,0.011264,0.0416667,0.012288,0.181818,0.011264,0.615385,0.013312,2.66667,0.012288,9.84615,0.013312,36.5714,0.014336,120.471,0.017408,240.941,0.034816,321.255,0.104448,382.134,0.351232,545.565,0.984064,548.705,3.91373,547.059,15.702,
0.0125,0.01024,0.0416667,0.012288,0.181818,0.011264,0.666667,0.012288,2.46154,0.013312,10.6667,0.012288,36.5714,0.014336,113.778,0.018432,240.941,0.034816,318.136,0.105472,382.134,0.351232,544.432,0.986112,548.132,3.91782,546.917,15.7061,
0.0113636,0.011264,0.0416667,0.012288,0.166667,0.012288,0.615385,0.013312,2.66667,0.012288,10.6667,0.012288,36.5714,0.014336,120.471,0.017408,234.057,0.03584,318.136,0.105472,382.134,0.351232,544.432,0.986112,548.275,3.9168,546.632,15.7143,
0.0113636,0.011264,0.0454545,0.011264,0.181818,0.011264,0.666667,0.012288,2.66667,0.012288,9.84615,0.013312,36.5714,0.014336,113.778,0.018432,240.941,0.034816,318.136,0.105472,382.134,0.351232,544.998,0.985088,548.275,3.9168,546.917,15.7061,
0.0113636,0.011264,0.0416667,0.012288,0.166667,0.012288,0.615385,0.013312,2.46154,0.013312,10.6667,0.012288,36.5714,0.014336,113.778,0.018432,240.941,0.034816,321.255,0.104448,381.023,0.352256,542.18,0.990208,548.132,3.91782,547.309,15.6948,
0.0125,0.01024,0.0416667,0.012288,0.2,0.01024,0.666667,0.012288,2.66667,0.012288,9.84615,0.013312,39.3846,0.013312,120.471,0.017408,240.941,0.034816,318.136,0.105472,381.023,0.352256,541.62,0.991232,548.275,3.9168,547.881,15.6785,
0.0113636,0.011264,0.0357143,0.014336,0.181818,0.011264,0.615385,0.013312,2.66667,0.012288,10.6667,0.012288,36.5714,0.014336,113.778,0.018432,234.057,0.03584,318.136,0.105472,382.134,0.351232,543.867,0.987136,548.275,3.9168,547.595,15.6867,
0.0113636,0.011264,0.0384615,0.013312,0.181818,0.011264,0.666667,0.012288,2.66667,0.012288,10.6667,0.012288,36.5714,0.014336,102.4,0.02048,248.242,0.033792,318.136,0.105472,381.023,0.352256,542.741,0.989184,548.418,3.91578,547.738,15.6826,
0.0113636,0.011264,0.0384615,0.013312,0.166667,0.012288,0.666667,0.012288,2.46154,0.013312,9.84615,0.013312,36.5714,0.014336,120.471,0.017408,240.941,0.034816,318.136,0.105472,381.023,0.352256,543.304,0.98816,548.418,3.91578,547.381,15.6928,
0.00961538,0.013312,0.0416667,0.012288,0.181818,0.011264,0.666667,0.012288,2.66667,0.012288,10.6667,0.012288,36.5714,0.014336,120.471,0.017408,240.941,0.034816,318.136,0.105472,381.023,0.352256,542.741,0.989184,548.132,3.91782,547.559,15.6877,
0.0113636,0.011264,0.0384615,0.013312,0.166667,0.012288,0.666667,0.012288,2.66667,0.012288,10.6667,0.012288,36.5714,0.014336,113.778,0.018432,240.941,0.034816,318.136,0.105472,381.023,0.352256,542.741,0.989184,548.132,3.91782,547.452,15.6908,
0.0125,0.01024,0.0416667,0.012288,0.181818,0.011264,0.666667,0.012288,2.46154,0.013312,10.6667,0.012288,36.5714,0.014336,120.471,0.017408,240.941,0.034816,318.136,0.105472,381.023,0.352256,544.432,0.986112,547.845,3.91987,547.738,15.6826,
0.0113636,0.011264,0.0384615,0.013312,0.181818,0.011264,0.615385,0.013312,2.46154,0.013312,10.6667,0.012288,36.5714,0.014336,113.778,0.018432,240.941,0.034816,318.136,0.105472,382.134,0.351232,542.741,0.989184,548.418,3.91578,547.631,15.6856,
0.0113636,0.011264,0.0454545,0.011264,0.181818,0.011264,0.666667,0.012288,2.66667,0.012288,9.84615,0.013312,34.1333,0.01536,97.5238,0.021504,240.941,0.034816,318.136,0.105472,383.251,0.350208,544.998,0.985088,548.132,3.91782,547.488,15.6897,
0.0113636,0.011264,0.0357143,0.014336,0.133333,0.01536,0.666667,0.012288,2.46154,0.013312,10.6667,0.012288,36.5714,0.014336,113.778,0.018432,240.941,0.034816,321.255,0.104448,375.564,0.357376,545.565,0.984064,548.132,3.91782,547.273,15.6959,
0.0125,0.01024,0.0416667,0.012288,0.2,0.01024,0.666667,0.012288,2.66667,0.012288,10.6667,0.012288,36.5714,0.014336,120.471,0.017408,240.941,0.034816,318.136,0.105472,382.134,0.351232,545.565,0.984064,547.845,3.91987,547.381,15.6928,
0.0113636,0.011264,0.0384615,0.013312,0.181818,0.011264,0.666667,0.012288,2.66667,0.012288,10.6667,0.012288,36.5714,0.014336,113.778,0.018432,240.941,0.034816,318.136,0.105472,382.134,0.351232,545.565,0.984064,547.559,3.92192,547.095,15.701,
0.0125,0.01024,0.0416667,0.012288,0.181818,0.011264,0.727273,0.011264,2.66667,0.012288,9.84615,0.013312,36.5714,0.014336,120.471,0.017408,240.941,0.034816,321.255,0.104448,382.134,0.351232,545.565,0.984064,548.275,3.9168,546.667,15.7133,
0.0113636,0.011264,0.0416667,0.012288,0.181818,0.011264,0.666667,0.012288,2.66667,0.012288,9.84615,0.013312,39.3846,0.013312,113.778,0.018432,240.941,0.034816,318.136,0.105472,382.134,0.351232,545.565,0.984064,547.845,3.91987,546.845,15.7082,
0.0125,0.01024,0.0454545,0.011264,0.181818,0.011264,0.666667,0.012288,2.66667,0.012288,9.84615,0.013312,39.3846,0.013312,120.471,0.017408,240.941,0.034816,318.136,0.105472,382.134,0.351232,544.432,0.986112,547.845,3.91987,546.881,15.7071,
0.0113636,0.011264,0.0454545,0.011264,0.181818,0.011264,0.615385,0.013312,2.46154,0.013312,9.84615,0.013312,36.5714,0.014336,113.778,0.018432,240.941,0.034816,318.136,0.105472,382.134,0.351232,544.998,0.985088,547.559,3.92192,546.81,15.7092,
0.0113636,0.011264,0.0416667,0.012288,0.181818,0.011264,0.727273,0.011264,2.66667,0.012288,9.84615,0.013312,36.5714,0.014336,113.778,0.018432,240.941,0.034816,318.136,0.105472,382.134,0.351232,543.867,0.987136,547.702,3.9209,546.453,15.7194,
0.0113636,0.011264,0.0416667,0.012288,0.181818,0.011264,0.666667,0.012288,2.66667,0.012288,9.84615,0.013312,36.5714,0.014336,113.778,0.018432,240.941,0.034816,321.255,0.104448,382.134,0.351232,541.62,0.991232,547.845,3.91987,547.202,15.6979,
0.0113636,0.011264,0.0416667,0.012288,0.181818,0.011264,0.666667,0.012288,2.46154,0.013312,9.84615,0.013312,39.3846,0.013312,120.471,0.017408,248.242,0.033792,321.255,0.104448,382.134,0.351232,542.18,0.990208,548.132,3.91782,547.059,15.702,
0.0113636,0.011264,0.0384615,0.013312,0.181818,0.011264,0.666667,0.012288,2.66667,0.012288,9.84615,0.013312,39.3846,0.013312,120.471,0.017408,240.941,0.034816,321.255,0.104448,381.023,0.352256,542.741,0.989184,548.275,3.9168,546.988,15.7041,
0.0113636,0.011264,0.0416667,0.012288,0.181818,0.011264,0.666667,0.012288,2.66667,0.012288,10.6667,0.012288,36.5714,0.014336,113.778,0.018432,240.941,0.034816,318.136,0.105472,381.023,0.352256,543.867,0.987136,547.702,3.9209,547.381,15.6928,
0.0113636,0.011264,0.0384615,0.013312,0.166667,0.012288,0.666667,0.012288,2.46154,0.013312,9.84615,0.013312,36.5714,0.014336,120.471,0.017408,234.057,0.03584,318.136,0.105472,383.251,0.350208,543.867,0.987136,547.845,3.91987,547.452,15.6908,
0.0113636,0.011264,0.0416667,0.012288,0.181818,0.011264,0.615385,0.013312,2.66667,0.012288,9.84615,0.013312,36.5714,0.014336,113.778,0.018432,240.941,0.034816,321.255,0.104448,382.134,0.351232,543.867,0.987136,547.702,3.9209,547.524,15.6887,
0.0113636,0.011264,0.0357143,0.014336,0.166667,0.012288,0.615385,0.013312,2.66667,0.012288,10.6667,0.012288,39.3846,0.013312,120.471,0.017408,240.941,0.034816,318.136,0.105472,381.023,0.352256,542.741,0.989184,547.845,3.91987,547.738,15.6826,
0.0125,0.01024,0.0384615,0.013312,0.181818,0.011264,0.666667,0.012288,2.66667,0.012288,10.6667,0.012288,36.5714,0.014336,113.778,0.018432,240.941,0.034816,318.136,0.105472,382.134,0.351232,543.304,0.98816,547.702,3.9209,547.416,15.6918,
0.0113636,0.011264,0.0384615,0.013312,0.166667,0.012288,0.666667,0.012288,2.66667,0.012288,10.6667,0.012288,36.5714,0.014336,113.778,0.018432,248.242,0.033792,318.136,0.105472,383.251,0.350208,543.867,0.987136,547.989,3.91885,547.631,15.6856,
0.0125,0.01024,0.0416667,0.012288,0.181818,0.011264,0.727273,0.011264,2.46154,0.013312,10.6667,0.012288,39.3846,0.013312,120.471,0.017408,234.057,0.03584,321.255,0.104448,382.134,0.351232,544.432,0.986112,547.559,3.92192,547.81,15.6805,
0.0125,0.01024,0.0416667,0.012288,0.181818,0.011264,0.666667,0.012288,2.66667,0.012288,10.6667,0.012288,36.5714,0.014336,113.778,0.018432,234.057,0.03584,318.136,0.105472,381.023,0.352256,543.867,0.987136,547.989,3.91885,547.774,15.6815,
0.0125,0.01024,0.0416667,0.012288,0.2,0.01024,0.666667,0.012288,2.46154,0.013312,10.6667,0.012288,39.3846,0.013312,113.778,0.018432,240.941,0.034816,321.255,0.104448,383.251,0.350208,544.432,0.986112,547.845,3.91987,547.845,15.6795,
0.0113636,0.011264,0.0416667,0.012288,0.181818,0.011264,0.666667,0.012288,2.46154,0.013312,10.6667,0.012288,39.3846,0.013312,120.471,0.017408,234.057,0.03584,315.077,0.106496,383.251,0.350208,542.18,0.990208,547.702,3.9209,547.774,15.6815,
0.0113636,0.011264,0.0384615,0.013312,0.166667,0.012288,0.727273,0.011264,2.46154,0.013312,9.84615,0.013312,36.5714,0.014336,113.778,0.018432,240.941,0.034816,318.136,0.105472,381.023,0.352256,542.741,0.989184,548.275,3.9168,547.452,15.6908,
0.0113636,0.011264,0.0416667,0.012288,0.181818,0.011264,0.666667,0.012288,2.46154,0.013312,9.84615,0.013312,36.5714,0.014336,120.471,0.017408,240.941,0.034816,321.255,0.104448,381.023,0.352256,540.503,0.99328,547.989,3.91885,547.273,15.6959,
0.0125,0.01024,0.0416667,0.012288,0.181818,0.011264,0.666667,0.012288,2.46154,0.013312,9.84615,0.013312,36.5714,0.014336,120.471,0.017408,240.941,0.034816,318.136,0.105472,382.134,0.351232,540.503,0.99328,547.845,3.91987,547.131,15.7,
0.0113636,0.011264,0.0416667,0.012288,0.166667,0.012288,0.666667,0.012288,2.66667,0.012288,10.6667,0.012288,36.5714,0.014336,113.778,0.018432,240.941,0.034816,318.136,0.105472,381.023,0.352256,542.18,0.990208,547.989,3.91885,547.095,15.701,
0.0113636,0.011264,0.0454545,0.011264,0.181818,0.011264,0.666667,0.012288,2.66667,0.012288,10.6667,0.012288,36.5714,0.014336,113.778,0.018432,240.941,0.034816,321.255,0.104448,381.023,0.352256,542.741,0.989184,547.989,3.91885,546.845,15.7082,
0.0113636,0.011264,0.0416667,0.012288,0.181818,0.011264,0.666667,0.012288,2.46154,0.013312,9.84615,0.013312,39.3846,0.013312,120.471,0.017408,240.941,0.034816,321.255,0.104448,381.023,0.352256,541.62,0.991232,547.989,3.91885,546.988,15.7041,
0.0125,0.01024,0.0416667,0.012288,0.181818,0.011264,0.444444,0.018432,2.66667,0.012288,10.6667,0.012288,36.5714,0.014336,120.471,0.017408,240.941,0.034816,318.136,0.105472,382.134,0.351232,542.18,0.990208,548.132,3.91782,547.095,15.701,
0.0113636,0.011264,0.0384615,0.013312,0.181818,0.011264,0.666667,0.012288,2.46154,0.013312,10.6667,0.012288,39.3846,0.013312,120.471,0.017408,240.941,0.034816,318.136,0.105472,383.251,0.350208,542.18,0.990208,547.273,3.92397,547.024,15.703,
0.0113636,0.011264,0.0454545,0.011264,0.181818,0.011264,0.666667,0.012288,2.66667,0.012288,10.6667,0.012288,36.5714,0.014336,120.471,0.017408,240.941,0.034816,318.136,0.105472,381.023,0.352256,542.18,0.990208,548.132,3.91782,546.667,15.7133,
0.0113636,0.011264,0.0384615,0.013312,0.181818,0.011264,0.666667,0.012288,2.46154,0.013312,9.84615,0.013312,36.5714,0.014336,113.778,0.018432,240.941,0.034816,318.136,0.105472,382.134,0.351232,542.741,0.989184,548.418,3.91578,546.988,15.7041,
0.0125,0.01024,0.0416667,0.012288,0.181818,0.011264,0.666667,0.012288,2.66667,0.012288,9.84615,0.013312,36.5714,0.014336,120.471,0.017408,240.941,0.034816,321.255,0.104448,383.251,0.350208,542.741,0.989184,548.418,3.91578,547.452,15.6908,
0.000880282,0.145408,0.0416667,0.012288,0.181818,0.011264,0.666667,0.012288,2.66667,0.012288,9.84615,0.013312,36.5714,0.014336,113.778,0.018432,240.941,0.034816,315.077,0.106496,382.134,0.351232,541.62,0.991232,548.705,3.91373,547.559,15.6877,
0.0113636,0.011264,0.0416667,0.012288,0.181818,0.011264,0.666667,0.012288,2.66667,0.012288,9.84615,0.013312,36.5714,0.014336,113.778,0.018432,240.941,0.034816,318.136,0.105472,383.251,0.350208,542.741,0.989184,548.418,3.91578,547.524,15.6887,
0.0113636,0.011264,0.0357143,0.014336,0.181818,0.011264,0.666667,0.012288,2.66667,0.012288,10.6667,0.012288,39.3846,0.013312,120.471,0.017408,240.941,0.034816,321.255,0.104448,382.134,0.351232,542.18,0.990208,548.562,3.91475,547.488,15.6897,
0.0125,0.01024,0.0416667,0.012288,0.181818,0.011264,0.666667,0.012288,2.46154,0.013312,10.6667,0.012288,36.5714,0.014336,113.778,0.018432,240.941,0.034816,318.136,0.105472,381.023,0.352256,543.304,0.98816,548.562,3.91475,547.381,15.6928,
0.0113636,0.011264,0.0384615,0.013312,0.181818,0.011264,0.666667,0.012288,2.28571,0.014336,9.84615,0.013312,36.5714,0.014336,120.471,0.017408,240.941,0.034816,321.255,0.104448,383.251,0.350208,542.18,0.990208,548.705,3.91373,547.559,15.6877,
0.0113636,0.011264,0.0357143,0.014336,0.181818,0.011264,0.666667,0.012288,2.66667,0.012288,9.84615,0.013312,36.5714,0.014336,113.778,0.018432,240.941,0.034816,321.255,0.104448,383.251,0.350208,542.18,0.990208,548.562,3.91475,547.631,15.6856,
0.0113636,0.011264,0.0416667,0.012288,0.166667,0.012288,0.666667,0.012288,2.46154,0.013312,10.6667,0.012288,36.5714,0.014336,120.471,0.017408,234.057,0.03584,321.255,0.104448,385.506,0.34816,542.741,0.989184,548.705,3.91373,547.309,15.6948,
0.0125,0.01024,0.0416667,0.012288,0.181818,0.011264,0.727273,0.011264,2.46154,0.013312,9.84615,0.013312,39.3846,0.013312,113.778,0.018432,240.941,0.034816,321.255,0.104448,386.643,0.347136,543.304,0.98816,548.562,3.91475,547.738,15.6826,
0.0113636,0.011264,0.0416667,0.012288,0.181818,0.011264,0.666667,0.012288,2.66667,0.012288,10.6667,0.012288,36.5714,0.014336,120.471,0.017408,240.941,0.034816,318.136,0.105472,386.643,0.347136,542.18,0.990208,549.136,3.91066,547.738,15.6826,
0.0113636,0.011264,0.0454545,0.011264,0.181818,0.011264,0.666667,0.012288,2.66667,0.012288,9.84615,0.013312,39.3846,0.013312,113.778,0.018432,240.941,0.034816,318.136,0.105472,386.643,0.347136,542.18,0.990208,548.849,3.9127,547.381,15.6928,
0.0113636,0.011264,0.0384615,0.013312,0.166667,0.012288,0.666667,0.012288,2.66667,0.012288,9.84615,0.013312,36.5714,0.014336,120.471,0.017408,240.941,0.034816,318.136,0.105472,386.643,0.347136,542.741,0.989184,548.993,3.91168,547.273,15.6959,
0.0125,0.01024,0.0416667,0.012288,0.181818,0.011264,0.666667,0.012288,2.66667,0.012288,10.6667,0.012288,36.5714,0.014336,113.778,0.018432,240.941,0.034816,318.136,0.105472,386.643,0.347136,542.741,0.989184,548.705,3.91373,547.595,15.6867,
0.0113636,0.011264,0.0384615,0.013312,0.181818,0.011264,0.666667,0.012288,2.46154,0.013312,10.6667,0.012288,36.5714,0.014336,120.471,0.017408,234.057,0.03584,318.136,0.105472,385.506,0.34816,542.18,0.990208,548.849,3.9127,546.881,15.7071,
0.0113636,0.011264,0.0384615,0.013312,0.181818,0.011264,0.666667,0.012288,2.66667,0.012288,9.84615,0.013312,36.5714,0.014336,113.778,0.018432,240.941,0.034816,318.136,0.105472,386.643,0.347136,542.18,0.990208,548.993,3.91168,546.418,15.7204,
0.0113636,0.011264,0.0384615,0.013312,0.181818,0.011264,0.666667,0.012288,2.46154,0.013312,9.84615,0.013312,39.3846,0.013312,120.471,0.017408,240.941,0.034816,318.136,0.105472,386.643,0.347136,542.741,0.989184,548.275,3.9168,546.738,15.7112,
0.0125,0.01024,0.0454545,0.011264,0.181818,0.011264,0.666667,0.012288,2.46154,0.013312,10.6667,0.012288,36.5714,0.014336,113.778,0.018432,240.941,0.034816,318.136,0.105472,385.506,0.34816,543.304,0.98816,548.132,3.91782,547.131,15.7,
0.0113636,0.011264,0.0454545,0.011264,0.166667,0.012288,0.666667,0.012288,2.46154,0.013312,10.6667,0.012288,39.3846,0.013312,120.471,0.017408,240.941,0.034816,318.136,0.105472,386.643,0.347136,542.18,0.990208,548.418,3.91578,546.917,15.7061,
0.0125,0.01024,0.0416667,0.012288,0.181818,0.011264,0.666667,0.012288,2.66667,0.012288,9.84615,0.013312,36.5714,0.014336,113.778,0.018432,240.941,0.034816,321.255,0.104448,386.643,0.347136,543.304,0.98816,548.275,3.9168,546.81,15.7092,
0.0113636,0.011264,0.0384615,0.013312,0.181818,0.011264,0.666667,0.012288,2.66667,0.012288,10.6667,0.012288,36.5714,0.014336,120.471,0.017408,240.941,0.034816,318.136,0.105472,385.506,0.34816,542.18,0.990208,548.705,3.91373,547.238,15.6969,
0.0125,0.01024,0.0416667,0.012288,0.2,0.01024,0.666667,0.012288,2.90909,0.011264,9.84615,0.013312,39.3846,0.013312,113.778,0.018432,240.941,0.034816,321.255,0.104448,386.643,0.347136,542.741,0.989184,548.418,3.91578,547.202,15.6979,
0.0113636,0.011264,0.0454545,0.011264,0.166667,0.012288,0.666667,0.012288,2.66667,0.012288,9.84615,0.013312,36.5714,0.014336,120.471,0.017408,240.941,0.034816,318.136,0.105472,386.643,0.347136,542.18,0.990208,548.132,3.91782,547.345,15.6938,
0.0113636,0.011264,0.0416667,0.012288,0.181818,0.011264,0.666667,0.012288,2.46154,0.013312,9.84615,0.013312,36.5714,0.014336,113.778,0.018432,240.941,0.034816,321.255,0.104448,386.643,0.347136,542.741,0.989184,548.562,3.91475,547.702,15.6836,
0.0125,0.01024,0.0416667,0.012288,0.166667,0.012288,0.666667,0.012288,2.46154,0.013312,9.84615,0.013312,36.5714,0.014336,120.471,0.017408,240.941,0.034816,318.136,0.105472,386.643,0.347136,542.741,0.989184,548.275,3.9168,547.381,15.6928,
0.0113636,0.011264,0.0454545,0.011264,0.181818,0.011264,0.727273,0.011264,2.46154,0.013312,9.84615,0.013312,36.5714,0.014336,120.471,0.017408,240.941,0.034816,321.255,0.104448,386.643,0.347136,542.741,0.989184,548.132,3.91782,547.595,15.6867,
0.0113636,0.011264,0.0454545,0.011264,0.181818,0.011264,0.666667,0.012288,2.66667,0.012288,10.6667,0.012288,39.3846,0.013312,113.778,0.018432,227.556,0.036864,312.076,0.10752,346.751,0.387072,544.432,0.986112,548.275,3.9168,361.36,23.7711,
0.0125,0.01024,0.0454545,0.011264,0.181818,0.011264,0.666667,0.012288,2.66667,0.012288,9.84615,0.013312,36.5714,0.014336,113.778,0.018432,240.941,0.034816,315.077,0.106496,347.671,0.386048,544.998,0.985088,549.568,3.90758,361.375,23.7701,
0.0113636,0.011264,0.0454545,0.011264,0.181818,0.011264,0.666667,0.012288,2.66667,0.012288,10.6667,0.012288,36.5714,0.014336,120.471,0.017408,234.057,0.03584,312.076,0.10752,348.596,0.385024,544.432,0.986112,549.424,3.90861,361.5,23.7619,
0.0113636,0.011264,0.0454545,0.011264,0.181818,0.011264,0.666667,0.012288,2.66667,0.012288,10.6667,0.012288,36.5714,0.014336,113.778,0.018432,240.941,0.034816,312.076,0.10752,347.671,0.386048,545.565,0.984064,549.28,3.90963,361.5,23.7619,
0.0113636,0.011264,0.0416667,0.012288,0.153846,0.013312,0.666667,0.012288,2.66667,0.012288,10.6667,0.012288,39.3846,0.013312,120.471,0.017408,234.057,0.03584,312.076,0.10752,348.596,0.385024,544.998,0.985088,549.712,3.90656,361.516,23.7609,
0.0125,0.01024,0.05,0.01024,0.181818,0.011264,0.666667,0.012288,2.66667,0.012288,9.84615,0.013312,36.5714,0.014336,113.778,0.018432,234.057,0.03584,312.076,0.10752,348.596,0.385024,544.998,0.985088,549.28,3.90963,361.531,23.7599,
0.0113636,0.011264,0.0416667,0.012288,0.166667,0.012288,0.666667,0.012288,2.66667,0.012288,10.6667,0.012288,36.5714,0.014336,120.471,0.017408,240.941,0.034816,315.077,0.106496,348.596,0.385024,541.62,0.991232,549.856,3.90554,361.562,23.7578,
0.0113636,0.011264,0.0454545,0.011264,0.2,0.01024,0.666667,0.012288,2.66667,0.012288,10.6667,0.012288,36.5714,0.014336,113.778,0.018432,234.057,0.03584,315.077,0.106496,348.596,0.385024,541.061,0.992256,549.856,3.90554,361.656,23.7517,
0.0113636,0.011264,0.0454545,0.011264,0.166667,0.012288,0.666667,0.012288,2.66667,0.012288,9.84615,0.013312,34.1333,0.01536,120.471,0.017408,234.057,0.03584,309.132,0.108544,348.596,0.385024,543.304,0.98816,549.856,3.90554,361.765,23.7445,
0.0125,0.01024,0.0454545,0.011264,0.181818,0.011264,0.666667,0.012288,2.66667,0.012288,10.6667,0.012288,36.5714,0.014336,113.778,0.018432,234.057,0.03584,315.077,0.106496,347.671,0.386048,541.62,0.991232,549.568,3.90758,412.663,20.8159,
0.0113636,0.011264,0.0454545,0.011264,0.181818,0.011264,0.666667,0.012288,2.46154,0.013312,10.6667,0.012288,36.5714,0.014336,120.471,0.017408,234.057,0.03584,312.076,0.10752,348.596,0.385024,542.741,0.989184,549.712,3.90656,547.452,15.6908,
0.0125,0.01024,0.0454545,0.011264,0.181818,0.011264,0.727273,0.011264,2.46154,0.013312,10.6667,0.012288,36.5714,0.014336,113.778,0.018432,234.057,0.03584,312.076,0.10752,347.671,0.386048,543.867,0.987136,549.712,3.90656,547.202,15.6979,
0.0113636,0.011264,0.0454545,0.011264,0.166667,0.012288,0.666667,0.012288,2.66667,0.012288,9.84615,0.013312,36.5714,0.014336,113.778,0.018432,234.057,0.03584,312.076,0.10752,348.596,0.385024,543.304,0.98816,549.712,3.90656,547.309,15.6948,
0.0113636,0.011264,0.05,0.01024,0.181818,0.011264,0.727273,0.011264,2.66667,0.012288,10.6667,0.012288,36.5714,0.014336,113.778,0.018432,240.941,0.034816,312.076,0.10752,348.596,0.385024,543.304,0.98816,549.568,3.90758,547.631,15.6856,
0.0113636,0.011264,0.0454545,0.011264,0.181818,0.011264,0.666667,0.012288,2.66667,0.012288,8.53333,0.01536,36.5714,0.014336,120.471,0.017408,240.941,0.034816,315.077,0.106496,348.596,0.385024,543.304,0.98816,549.856,3.90554,547.845,15.6795,
0.0125,0.01024,0.0454545,0.011264,0.166667,0.012288,0.666667,0.012288,2.46154,0.013312,9.84615,0.013312,36.5714,0.014336,120.471,0.017408,234.057,0.03584,312.076,0.10752,347.671,0.386048,543.867,0.987136,549.712,3.90656,547.381,15.6928,
0.0113636,0.011264,0.0454545,0.011264,0.181818,0.011264,0.666667,0.012288,2.66667,0.012288,10.6667,0.012288,36.5714,0.014336,113.778,0.018432,234.057,0.03584,315.077,0.106496,348.596,0.385024,544.432,0.986112,549.856,3.90554,547.345,15.6938,
0.0113636,0.011264,0.0454545,0.011264,0.181818,0.011264,0.727273,0.011264,2.66667,0.012288,9.84615,0.013312,36.5714,0.014336,113.778,0.018432,234.057,0.03584,315.077,0.106496,347.671,0.386048,543.304,0.98816,549.568,3.90758,547.738,15.6826,
0.0113636,0.011264,0.0454545,0.011264,0.166667,0.012288,0.666667,0.012288,2.66667,0.012288,10.6667,0.012288,36.5714,0.014336,120.471,0.017408,234.057,0.03584,312.076,0.10752,348.596,0.385024,542.741,0.989184,549.856,3.90554,547.631,15.6856,
0.0125,0.01024,0.0454545,0.011264,0.181818,0.011264,0.666667,0.012288,2.66667,0.012288,9.84615,0.013312,39.3846,0.013312,113.778,0.018432,240.941,0.034816,312.076,0.10752,348.596,0.385024,540.503,0.99328,549.856,3.90554,547.845,15.6795,
0.0113636,0.011264,0.0454545,0.011264,0.181818,0.011264,0.666667,0.012288,2.46154,0.013312,10.6667,0.012288,36.5714,0.014336,14.0274,0.149504,234.057,0.03584,312.076,0.10752,348.596,0.385024,540.503,0.99328,549.568,3.90758,547.631,15.6856,
0.0113636,0.011264,0.0454545,0.011264,0.181818,0.011264,0.666667,0.012288,2.66667,0.012288,10.6667,0.012288,36.5714,0.014336,113.778,0.018432,234.057,0.03584,312.076,0.10752,348.596,0.385024,542.18,0.990208,549.424,3.90861,547.667,15.6846,
0.0113636,0.011264,0.0454545,0.011264,0.181818,0.011264,0.666667,0.012288,2.46154,0.013312,10.6667,0.012288,36.5714,0.014336,113.778,0.018432,234.057,0.03584,315.077,0.106496,348.596,0.385024,542.741,0.989184,550.001,3.90451,547.774,15.6815,
0.0125,0.01024,0.0454545,0.011264,0.181818,0.011264,0.666667,0.012288,2.66667,0.012288,10.6667,0.012288,39.3846,0.013312,120.471,0.017408,234.057,0.03584,315.077,0.106496,348.596,0.385024,542.741,0.989184,549.856,3.90554,547.738,15.6826,
0.0113636,0.011264,0.0454545,0.011264,0.181818,0.011264,0.666667,0.012288,2.66667,0.012288,10.6667,0.012288,36.5714,0.014336,113.778,0.018432,234.057,0.03584,309.132,0.108544,348.596,0.385024,542.18,0.990208,549.856,3.90554,547.738,15.6826,
0.0113636,0.011264,0.05,0.01024,0.181818,0.011264,0.666667,0.012288,2.66667,0.012288,9.84615,0.013312,36.5714,0.014336,113.778,0.018432,240.941,0.034816,315.077,0.106496,347.671,0.386048,542.18,0.990208,549.568,3.90758,547.452,15.6908,
0.0113636,0.011264,0.0454545,0.011264,0.181818,0.011264,0.571429,0.014336,2.46154,0.013312,10.6667,0.012288,36.5714,0.014336,113.778,0.018432,47.3526,0.177152,312.076,0.10752,347.671,0.386048,542.741,0.989184,549.712,3.90656,547.702,15.6836,
0.0125,0.01024,0.05,0.01024,0.181818,0.011264,0.727273,0.011264,2.66667,0.012288,10.6667,0.012288,36.5714,0.014336,120.471,0.017408,227.556,0.036864,312.076,0.10752,348.596,0.385024,542.741,0.989184,549.712,3.90656,547.488,15.6897,
0.0113636,0.011264,0.0454545,0.011264,0.181818,0.011264,0.666667,0.012288,2.46154,0.013312,9.84615,0.013312,36.5714,0.014336,113.778,0.018432,234.057,0.03584,312.076,0.10752,348.596,0.385024,542.18,0.990208,549.712,3.90656,547.845,15.6795,
0.0113636,0.011264,0.0454545,0.011264,0.2,0.01024,0.727273,0.011264,2.66667,0.012288,10.6667,0.012288,36.5714,0.014336,113.778,0.018432,234.057,0.03584,315.077,0.106496,347.671,0.386048,542.741,0.989184,550.001,3.90451,547.559,15.6877,
0.0113636,0.011264,0.0454545,0.011264,0.166667,0.012288,0.666667,0.012288,2.66667,0.012288,10.6667,0.012288,36.5714,0.014336,120.471,0.017408,234.057,0.03584,315.077,0.106496,348.596,0.385024,543.304,0.98816,550.001,3.90451,547.452,15.6908,
0.0113636,0.011264,0.0454545,0.011264,0.181818,0.011264,0.666667,0.012288,2.66667,0.012288,9.84615,0.013312,36.5714,0.014336,113.778,0.018432,240.941,0.034816,312.076,0.10752,347.671,0.386048,542.741,0.989184,549.856,3.90554,547.273,15.6959,
0.0113636,0.011264,0.0357143,0.014336,0.181818,0.011264,0.666667,0.012288,2.46154,0.013312,10.6667,0.012288,39.3846,0.013312,120.471,0.017408,234.057,0.03584,312.076,0.10752,348.596,0.385024,542.741,0.989184,549.568,3.90758,547.667,15.6846,
0.0113636,0.011264,0.0454545,0.011264,0.181818,0.011264,0.666667,0.012288,2.46154,0.013312,10.6667,0.012288,36.5714,0.014336,113.778,0.018432,227.556,0.036864,312.076,0.10752,348.596,0.385024,542.741,0.989184,549.856,3.90554,547.452,15.6908,
0.0113636,0.011264,0.0454545,0.011264,0.181818,0.011264,0.666667,0.012288,2.66667,0.012288,9.84615,0.013312,36.5714,0.014336,120.471,0.017408,240.941,0.034816,315.077,0.106496,347.671,0.386048,542.741,0.989184,549.856,3.90554,547.595,15.6867,
0.0125,0.01024,0.0454545,0.011264,0.181818,0.011264,0.666667,0.012288,2.66667,0.012288,10.6667,0.012288,39.3846,0.013312,120.471,0.017408,234.057,0.03584,312.076,0.10752,348.596,0.385024,543.304,0.98816,549.712,3.90656,547.345,15.6938,
0.0113636,0.011264,0.0454545,0.011264,0.181818,0.011264,0.666667,0.012288,2.28571,0.014336,10.6667,0.012288,36.5714,0.014336,113.778,0.018432,240.941,0.034816,315.077,0.106496,347.671,0.386048,543.304,0.98816,550.001,3.90451,547.667,15.6846,
0.0113636,0.011264,0.05,0.01024,0.181818,0.011264,0.727273,0.011264,2.46154,0.013312,9.84615,0.013312,39.3846,0.013312,120.471,0.017408,234.057,0.03584,312.076,0.10752,348.596,0.385024,542.741,0.989184,550.001,3.90451,547.702,15.6836,
0.0113636,0.011264,0.0454545,0.011264,0.181818,0.011264,0.615385,0.013312,2.66667,0.012288,10.6667,0.012288,36.5714,0.014336,113.778,0.018432,234.057,0.03584,315.077,0.106496,347.671,0.386048,542.741,0.989184,550.001,3.90451,547.381,15.6928,
0.0125,0.01024,0.0454545,0.011264,0.2,0.01024,0.666667,0.012288,2.66667,0.012288,9.84615,0.013312,36.5714,0.014336,113.778,0.018432,240.941,0.034816,312.076,0.10752,348.596,0.385024,542.18,0.990208,549.712,3.90656,547.488,15.6897,
0.0125,0.01024,0.0454545,0.011264,0.181818,0.011264,0.666667,0.012288,2.46154,0.013312,9.84615,0.013312,36.5714,0.014336,113.778,0.018432,234.057,0.03584,312.076,0.10752,347.671,0.386048,542.741,0.989184,550.001,3.90451,547.631,15.6856,
0.0125,0.01024,0.0454545,0.011264,0.181818,0.011264,0.666667,0.012288,2.66667,0.012288,10.6667,0.012288,39.3846,0.013312,120.471,0.017408,234.057,0.03584,312.076,0.10752,348.596,0.385024,542.741,0.989184,549.712,3.90656,547.667,15.6846,
0.0113636,0.011264,0.0454545,0.011264,0.181818,0.011264,0.666667,0.012288,2.46154,0.013312,10.6667,0.012288,36.5714,0.014336,120.471,0.017408,234.057,0.03584,315.077,0.106496,347.671,0.386048,542.741,0.989184,550.001,3.90451,547.524,15.6887,
0.0113636,0.011264,0.0454545,0.011264,0.181818,0.011264,0.666667,0.012288,2.66667,0.012288,9.84615,0.013312,39.3846,0.013312,93.0909,0.022528,234.057,0.03584,312.076,0.10752,347.671,0.386048,542.18,0.990208,549.856,3.90554,547.881,15.6785,
0.0113636,0.011264,0.0454545,0.011264,0.181818,0.011264,0.666667,0.012288,2.66667,0.012288,10.6667,0.012288,36.5714,0.014336,113.778,0.018432,234.057,0.03584,312.076,0.10752,344.926,0.38912,543.304,0.98816,549.712,3.90656,547.559,15.6877,
0.0113636,0.011264,0.0454545,0.011264,0.181818,0.011264,0.666667,0.012288,2.46154,0.013312,10.6667,0.012288,36.5714,0.014336,120.471,0.017408,240.941,0.034816,315.077,0.106496,348.596,0.385024,542.741,0.989184,549.856,3.90554,547.452,15.6908,
0.0113636,0.011264,0.0454545,0.011264,0.166667,0.012288,0.666667,0.012288,2.66667,0.012288,10.6667,0.012288,36.5714,0.014336,113.778,0.018432,234.057,0.03584,312.076,0.10752,348.596,0.385024,542.741,0.989184,550.001,3.90451,547.488,15.6897,
0.0113636,0.011264,0.0454545,0.011264,0.2,0.01024,0.727273,0.011264,2.66667,0.012288,9.84615,0.013312,36.5714,0.014336,120.471,0.017408,234.057,0.03584,312.076,0.10752,347.671,0.386048,543.304,0.98816,549.712,3.90656,547.774,15.6815,
0.0125,0.01024,0.0454545,0.011264,0.181818,0.011264,0.666667,0.012288,2.46154,0.013312,10.6667,0.012288,36.5714,0.014336,113.778,0.018432,240.941,0.034816,312.076,0.10752,348.596,0.385024,541.62,0.991232,550.001,3.90451,547.881,15.6785,
0.0125,0.01024,0.0454545,0.011264,0.181818,0.011264,0.666667,0.012288,2.66667,0.012288,10.6667,0.012288,39.3846,0.013312,120.471,0.017408,234.057,0.03584,312.076,0.10752,347.671,0.386048,542.741,0.989184,549.712,3.90656,547.488,15.6897,
0.0113636,0.011264,0.0454545,0.011264,0.181818,0.011264,0.666667,0.012288,2.46154,0.013312,9.84615,0.013312,36.5714,0.014336,113.778,0.018432,234.057,0.03584,315.077,0.106496,348.596,0.385024,543.304,0.98816,549.568,3.90758,547.381,15.6928,
0.0125,0.01024,0.05,0.01024,0.181818,0.011264,0.666667,0.012288,2.66667,0.012288,9.84615,0.013312,39.3846,0.013312,113.778,0.018432,234.057,0.03584,312.076,0.10752,348.596,0.385024,543.304,0.98816,549.712,3.90656,547.524,15.6887,
0.0113636,0.011264,0.0454545,0.011264,0.153846,0.013312,0.666667,0.012288,2.66667,0.012288,10.6667,0.012288,36.5714,0.014336,120.471,0.017408,234.057,0.03584,315.077,0.106496,347.671,0.386048,541.62,0.991232,549.856,3.90554,547.416,15.6918,
0.0113636,0.011264,0.05,0.01024,0.181818,0.011264,0.727273,0.011264,2.66667,0.012288,9.84615,0.013312,36.5714,0.014336,113.778,0.018432,234.057,0.03584,312.076,0.10752,348.596,0.385024,543.304,0.98816,550.145,3.90349,547.488,15.6897,
0.0125,0.01024,0.0454545,0.011264,0.181818,0.011264,0.666667,0.012288,2.46154,0.013312,10.6667,0.012288,39.3846,0.013312,113.778,0.018432,240.941,0.034816,312.076,0.10752,348.596,0.385024,542.741,0.989184,550.001,3.90451,547.452,15.6908,
0.0125,0.01024,0.0454545,0.011264,0.181818,0.011264,0.666667,0.012288,2.66667,0.012288,10.6667,0.012288,36.5714,0.014336,120.471,0.017408,234.057,0.03584,315.077,0.106496,348.596,0.385024,542.741,0.989184,549.856,3.90554,547.702,15.6836,
0.0113636,0.011264,0.0416667,0.012288,0.166667,0.012288,0.666667,0.012288,2.66667,0.012288,9.84615,0.013312,36.5714,0.014336,113.778,0.018432,234.057,0.03584,315.077,0.106496,347.671,0.386048,541.62,0.991232,549.856,3.90554,547.238,15.6969,
0.0113636,0.011264,0.05,0.01024,0.181818,0.011264,0.666667,0.012288,2.66667,0.012288,10.6667,0.012288,39.3846,0.013312,113.778,0.018432,240.941,0.034816,315.077,0.106496,348.596,0.385024,542.741,0.989184,549.856,3.90554,547.702,15.6836,
0.0113636,0.011264,0.0454545,0.011264,0.166667,0.012288,0.615385,0.013312,2.66667,0.012288,9.84615,0.013312,36.5714,0.014336,120.471,0.017408,234.057,0.03584,315.077,0.106496,347.671,0.386048,542.741,0.989184,549.856,3.90554,547.595,15.6867,
0.0113636,0.011264,0.0454545,0.011264,0.2,0.01024,0.666667,0.012288,2.66667,0.012288,10.6667,0.012288,39.3846,0.013312,113.778,0.018432,240.941,0.034816,315.077,0.106496,351.399,0.381952,542.18,0.990208,550.289,3.90246,547.416,15.6918,
0.0113636,0.011264,0.0454545,0.011264,0.181818,0.011264,0.666667,0.012288,2.66667,0.012288,9.84615,0.013312,36.5714,0.014336,113.778,0.018432,234.057,0.03584,312.076,0.10752,426.945,0.314368,542.741,0.989184,549.856,3.90554,547.667,15.6846,
0.0113636,0.011264,0.0454545,0.011264,0.2,0.01024,0.727273,0.011264,2.66667,0.012288,10.6667,0.012288,39.3846,0.013312,120.471,0.017408,234.057,0.03584,315.077,0.106496,469.792,0.285696,542.18,0.990208,549.712,3.90656,546.917,15.7061,
0.0125,0.01024,0.0416667,0.012288,0.181818,0.011264,0.666667,0.012288,2.66667,0.012288,9.84615,0.013312,39.3846,0.013312,113.778,0.018432,240.941,0.034816,315.077,0.106496,471.482,0.284672,542.741,0.989184,550.001,3.90451,547.381,15.6928,
0.0113636,0.011264,0.0454545,0.011264,0.181818,0.011264,0.666667,0.012288,2.66667,0.012288,9.84615,0.013312,39.3846,0.013312,113.778,0.018432,234.057,0.03584,312.076,0.10752,469.792,0.285696,542.741,0.989184,550.001,3.90451,547.416,15.6918,
0.0113636,0.011264,0.0454545,0.011264,0.181818,0.011264,0.666667,0.012288,2.66667,0.012288,10.6667,0.012288,36.5714,0.014336,120.471,0.017408,240.941,0.034816,309.132,0.108544,471.482,0.284672,542.741,0.989184,549.712,3.90656,547.381,15.6928,
0.0125,0.01024,0.05,0.01024,0.181818,0.011264,0.727273,0.011264,2.66667,0.012288,9.84615,0.013312,36.5714,0.014336,120.471,0.017408,240.941,0.034816,312.076,0.10752,469.792,0.285696,542.18,0.990208,549.568,3.90758,547.381,15.6928,
0.0113636,0.011264,0.0416667,0.012288,0.181818,0.011264,0.666667,0.012288,2.66667,0.012288,10.6667,0.012288,36.5714,0.014336,113.778,0.018432,234.057,0.03584,312.076,0.10752,469.792,0.285696,542.18,0.990208,550.145,3.90349,547.238,15.6969,
0.0113636,0.011264,0.0454545,0.011264,0.181818,0.011264,0.666667,0.012288,2.66667,0.012288,9.84615,0.013312,36.5714,0.014336,113.778,0.018432,234.057,0.03584,312.076,0.10752,471.482,0.284672,543.304,0.98816,550.001,3.90451,547.381,15.6928,
0.0113636,0.011264,0.0416667,0.012288,0.181818,0.011264,0.666667,0.012288,2.46154,0.013312,9.84615,0.013312,36.5714,0.014336,120.471,0.017408,234.057,0.03584,312.076,0.10752,471.482,0.284672,542.18,0.990208,549.856,3.90554,547.238,15.6969,
0.0125,0.01024,0.05,0.01024,0.181818,0.011264,0.727273,0.011264,2.46154,0.013312,10.6667,0.012288,39.3846,0.013312,120.471,0.017408,234.057,0.03584,315.077,0.106496,469.792,0.285696,542.18,0.990208,549.856,3.90554,546.81,15.7092,
0.0113636,0.011264,0.0416667,0.012288,0.181818,0.011264,0.666667,0.012288,2.66667,0.012288,9.84615,0.013312,39.3846,0.013312,120.471,0.017408,234.057,0.03584,315.077,0.106496,471.482,0.284672,542.741,0.989184,550.001,3.90451,546.596,15.7153,
0.0113636,0.011264,0.0454545,0.011264,0.181818,0.011264,0.727273,0.011264,2.66667,0.012288,10.6667,0.012288,36.5714,0.014336,113.778,0.018432,240.941,0.034816,312.076,0.10752,471.482,0.284672,543.304,0.98816,549.856,3.90554,546.738,15.7112,
0.0113636,0.011264,0.0454545,0.011264,0.181818,0.011264,0.666667,0.012288,2.46154,0.013312,9.84615,0.013312,36.5714,0.014336,113.778,0.018432,240.941,0.034816,312.076,0.10752,471.482,0.284672,542.741,0.989184,550.001,3.90451,546.845,15.7082,
0.0125,0.01024,0.0454545,0.011264,0.2,0.01024,0.666667,0.012288,2.66667,0.012288,9.84615,0.013312,36.5714,0.014336,120.471,0.017408,234.057,0.03584,300.624,0.111616,471.482,0.284672,542.741,0.989184,549.856,3.90554,546.988,15.7041,
0.0113636,0.011264,0.0454545,0.011264,0.181818,0.011264,0.666667,0.012288,2.66667,0.012288,10.6667,0.012288,36.5714,0.014336,113.778,0.018432,234.057,0.03584,315.077,0.106496,469.792,0.285696,542.741,0.989184,549.856,3.90554,546.988,15.7041,
0.0113636,0.011264,0.05,0.01024,0.181818,0.011264,0.666667,0.012288,2.66667,0.012288,9.84615,0.013312,39.3846,0.013312,120.471,0.017408,234.057,0.03584,312.076,0.10752,471.482,0.284672,543.304,0.98816,549.856,3.90554,546.952,15.7051,
0.0125,0.01024,0.0454545,0.011264,0.181818,0.011264,0.666667,0.012288,2.66667,0.012288,10.6667,0.012288,39.3846,0.013312,120.471,0.017408,234.057,0.03584,312.076,0.10752,469.792,0.285696,542.741,0.989184,550.145,3.90349,546.952,15.7051,
0.0113636,0.011264,0.0454545,0.011264,0.181818,0.011264,0.666667,0.012288,2.66667,0.012288,10.6667,0.012288,39.3846,0.013312,113.778,0.018432,240.941,0.034816,315.077,0.106496,473.184,0.283648,542.741,0.989184,549.856,3.90554,546.952,15.7051,
0.0113636,0.011264,0.0454545,0.011264,0.181818,0.011264,0.666667,0.012288,2.66667,0.012288,10.6667,0.012288,36.5714,0.014336,113.778,0.018432,234.057,0.03584,315.077,0.106496,471.482,0.284672,539.946,0.994304,550.145,3.90349,547.131,15.7,
0.0113636,0.011264,0.0454545,0.011264,0.181818,0.011264,0.666667,0.012288,2.66667,0.012288,9.84615,0.013312,36.5714,0.014336,113.778,0.018432,240.941,0.034816,312.076,0.10752,469.792,0.285696,541.62,0.991232,549.856,3.90554,546.738,15.7112,
0.0113636,0.011264,0.0454545,0.011264,0.181818,0.011264,0.615385,0.013312,2.66667,0.012288,10.6667,0.012288,36.5714,0.014336,113.778,0.018432,234.057,0.03584,312.076,0.10752,471.482,0.284672,542.741,0.989184,550.145,3.90349,546.881,15.7071,
0.0113636,0.011264,0.00301205,0.169984,0.181818,0.011264,0.727273,0.011264,2.66667,0.012288,9.84615,0.013312,39.3846,0.013312,120.471,0.017408,234.057,0.03584,315.077,0.106496,469.792,0.285696,542.18,0.990208,549.856,3.90554,546.988,15.7041,
0.0125,0.01024,0.0454545,0.011264,0.166667,0.012288,0.666667,0.012288,2.46154,0.013312,10.6667,0.012288,36.5714,0.014336,120.471,0.017408,234.057,0.03584,309.132,0.108544,473.184,0.283648,543.304,0.98816,549.856,3.90554,546.738,15.7112,
0.0113636,0.011264,0.0454545,0.011264,0.2,0.01024,0.666667,0.012288,2.66667,0.012288,9.84615,0.013312,39.3846,0.013312,113.778,0.018432,234.057,0.03584,315.077,0.106496,471.482,0.284672,542.741,0.989184,549.424,3.90861,547.273,15.6959,
0.0125,0.01024,0.0454545,0.011264,0.166667,0.012288,0.666667,0.012288,2.66667,0.012288,10.6667,0.012288,36.5714,0.014336,113.778,0.018432,234.057,0.03584,315.077,0.106496,471.482,0.284672,542.741,0.989184,549.856,3.90554,546.738,15.7112,
0.0125,0.01024,0.0454545,0.011264,0.181818,0.011264,0.727273,0.011264,2.66667,0.012288,9.84615,0.013312,36.5714,0.014336,113.778,0.018432,234.057,0.03584,312.076,0.10752,471.482,0.284672,543.304,0.98816,550.001,3.90451,546.952,15.7051,
0.0113636,0.011264,0.0454545,0.011264,0.181818,0.011264,0.666667,0.012288,2.66667,0.012288,10.6667,0.012288,36.5714,0.014336,113.778,0.018432,234.057,0.03584,315.077,0.106496,471.482,0.284672,543.304,0.98816,549.712,3.90656,546.917,15.7061,
0.0113636,0.011264,0.0454545,0.011264,0.181818,0.011264,0.666667,0.012288,2.66667,0.012288,9.84615,0.013312,36.5714,0.014336,120.471,0.017408,234.057,0.03584,315.077,0.106496,473.184,0.283648,542.741,0.989184,550.145,3.90349,547.166,15.6989,
0.0113636,0.011264,0.0454545,0.011264,0.166667,0.012288,0.666667,0.012288,2.46154,0.013312,10.6667,0.012288,36.5714,0.014336,120.471,0.017408,227.556,0.036864,315.077,0.106496,471.482,0.284672,542.741,0.989184,550.001,3.90451,547.131,15.7,
0.0113636,0.011264,0.0454545,0.011264,0.181818,0.011264,0.666667,0.012288,2.66667,0.012288,10.6667,0.012288,36.5714,0.014336,113.778,0.018432,234.057,0.03584,315.077,0.106496,471.482,0.284672,543.304,0.98816,549.856,3.90554,546.988,15.7041,
0.0113636,0.011264,0.0454545,0.011264,0.181818,0.011264,0.666667,0.012288,2.46154,0.013312,10.6667,0.012288,36.5714,0.014336,120.471,0.017408,234.057,0.03584,312.076,0.10752,471.482,0.284672,542.741,0.989184,549.856,3.90554,547.166,15.6989,
0.0113636,0.011264,0.0454545,0.011264,0.181818,0.011264,0.666667,0.012288,2.66667,0.012288,9.84615,0.013312,36.5714,0.014336,113.778,0.018432,234.057,0.03584,312.076,0.10752,471.482,0.284672,542.18,0.990208,549.856,3.90554,546.774,15.7102,
0.0113636,0.011264,0.0454545,0.011264,0.181818,0.011264,0.666667,0.012288,2.46154,0.013312,10.6667,0.012288,36.5714,0.014336,113.778,0.018432,234.057,0.03584,312.076,0.10752,471.482,0.284672,543.304,0.98816,549.568,3.90758,546.881,15.7071,
0.0113636,0.011264,0.0454545,0.011264,0.181818,0.011264,0.727273,0.011264,2.46154,0.013312,10.6667,0.012288,39.3846,0.013312,113.778,0.018432,234.057,0.03584,315.077,0.106496,471.482,0.284672,542.741,0.989184,550.001,3.90451,547.166,15.6989,
0.0113636,0.011264,0.0416667,0.012288,0.181818,0.011264,0.666667,0.012288,2.46154,0.013312,10.6667,0.012288,36.5714,0.014336,120.471,0.017408,240.941,0.034816,312.076,0.10752,471.482,0.284672,543.867,0.987136,550.001,3.90451,547.202,15.6979,
0.0125,0.01024,0.05,0.01024,0.181818,0.011264,0.666667,0.012288,2.90909,0.011264,10.6667,0.012288,36.5714,0.014336,113.778,0.018432,234.057,0.03584,312.076,0.10752,471.482,0.284672,542.741,0.989184,550.001,3.90451,547.381,15.6928,
0.0113636,0.011264,0.0416667,0.012288,0.181818,0.011264,0.666667,0.012288,2.66667,0.012288,9.84615,0.013312,36.5714,0.014336,120.471,0.017408,234.057,0.03584,312.076,0.10752,471.482,0.284672,542.741,0.989184,550.289,3.90246,547.559,15.6877,
0.0113636,0.011264,0.0454545,0.011264,0.181818,0.011264,0.727273,0.011264,2.46154,0.013312,10.6667,0.012288,36.5714,0.014336,113.778,0.018432,234.057,0.03584,315.077,0.106496,471.482,0.284672,543.304,0.98816,550.001,3.90451,547.238,15.6969,
0.0113636,0.011264,0.0454545,0.011264,0.181818,0.011264,0.666667,0.012288,2.46154,0.013312,9.84615,0.013312,36.5714,0.014336,113.778,0.018432,234.057,0.03584,312.076,0.10752,469.792,0.285696,542.741,0.989184,550.001,3.90451,547.452,15.6908,
0.0113636,0.011264,0.0454545,0.011264,0.181818,0.011264,0.666667,0.012288,2.66667,0.012288,10.6667,0.012288,36.5714,0.014336,113.778,0.018432,234.057,0.03584,312.076,0.10752,469.792,0.285696,543.867,0.987136,549.712,3.90656,547.702,15.6836,
0.00961538,0.013312,0.0357143,0.014336,0.166667,0.012288,0.571429,0.014336,2.46154,0.013312,9.14286,0.014336,34.1333,0.01536,113.778,0.018432,227.556,0.036864,312.076,0.10752,339.565,0.395264,539.946,0.994304,546.988,3.92602,362.077,23.724,
0.00961538,0.013312,0.0416667,0.012288,0.181818,0.011264,0.727273,0.011264,2.46154,0.013312,8.53333,0.01536,36.5714,0.014336,113.778,0.018432,234.057,0.03584,315.077,0.106496,344.021,0.390144,541.62,0.991232,547.845,3.91987,362.124,23.721,
0.0104167,0.012288,0.0416667,0.012288,0.166667,0.012288,0.615385,0.013312,2.46154,0.013312,9.84615,0.013312,34.1333,0.01536,113.778,0.018432,227.556,0.036864,315.077,0.106496,344.926,0.38912,542.741,0.989184,548.418,3.91578,362.265,23.7117,
0.0113636,0.011264,0.0454545,0.011264,0.166667,0.012288,0.666667,0.012288,2.28571,0.014336,9.84615,0.013312,36.5714,0.014336,113.778,0.018432,234.057,0.03584,315.077,0.106496,344.926,0.38912,543.867,0.987136,548.418,3.91578,362.265,23.7117,
0.0104167,0.012288,0.0384615,0.013312,0.166667,0.012288,0.615385,0.013312,2.28571,0.014336,9.14286,0.014336,36.5714,0.014336,120.471,0.017408,227.556,0.036864,312.076,0.10752,344.926,0.38912,544.998,0.985088,548.275,3.9168,362.265,23.7117,
0.0113636,0.011264,0.0416667,0.012288,0.181818,0.011264,0.666667,0.012288,2.46154,0.013312,9.84615,0.013312,34.1333,0.01536,113.778,0.018432,234.057,0.03584,312.076,0.10752,344.926,0.38912,544.432,0.986112,548.562,3.91475,508.894,16.8796,
0.00961538,0.013312,0.0416667,0.012288,0.166667,0.012288,0.666667,0.012288,2.66667,0.012288,9.84615,0.013312,36.5714,0.014336,113.778,0.018432,234.057,0.03584,312.076,0.10752,344.926,0.38912,544.998,0.985088,548.849,3.9127,547.917,15.6774,
0.0104167,0.012288,0.0454545,0.011264,0.166667,0.012288,0.571429,0.014336,2.46154,0.013312,10.6667,0.012288,32,0.016384,113.778,0.018432,234.057,0.03584,315.077,0.106496,345.836,0.388096,544.432,0.986112,548.705,3.91373,547.989,15.6754,
0.0104167,0.012288,0.0384615,0.013312,0.142857,0.014336,0.533333,0.01536,2.46154,0.013312,9.84615,0.013312,32,0.016384,120.471,0.017408,227.556,0.036864,189.41,0.177152,344.021,0.390144,544.432,0.986112,548.849,3.9127,547.845,15.6795,
0.0104167,0.012288,0.0416667,0.012288,0.153846,0.013312,0.571429,0.014336,2.46154,0.013312,9.84615,0.013312,34.1333,0.01536,113.778,0.018432,221.405,0.037888,309.132,0.108544,344.926,0.38912,544.432,0.986112,548.562,3.91475,547.774,15.6815,
0.00961538,0.013312,0.0384615,0.013312,0.153846,0.013312,0.571429,0.014336,2.28571,0.014336,9.84615,0.013312,34.1333,0.01536,113.778,0.018432,234.057,0.03584,315.077,0.106496,345.836,0.388096,544.998,0.985088,548.849,3.9127,547.595,15.6867,
0.0125,0.01024,0.0416667,0.012288,0.153846,0.013312,0.615385,0.013312,2.28571,0.014336,9.84615,0.013312,32,0.016384,113.778,0.018432,234.057,0.03584,312.076,0.10752,344.926,0.38912,544.432,0.986112,548.993,3.91168,547.488,15.6897,
0.0113636,0.011264,0.0384615,0.013312,0.166667,0.012288,0.571429,0.014336,2.13333,0.01536,9.14286,0.014336,34.1333,0.01536,113.778,0.018432,234.057,0.03584,312.076,0.10752,345.836,0.388096,544.432,0.986112,548.849,3.9127,547.881,15.6785,
0.00961538,0.013312,0.0416667,0.012288,0.181818,0.011264,0.615385,0.013312,2.46154,0.013312,8.53333,0.01536,32,0.016384,113.778,0.018432,227.556,0.036864,312.076,0.10752,344.021,0.390144,543.867,0.987136,548.705,3.91373,547.595,15.6867,
0.0104167,0.012288,0.0384615,0.013312,0.153846,0.013312,0.571429,0.014336,2.28571,0.014336,8.53333,0.01536,32,0.016384,113.778,0.018432,234.057,0.03584,312.076,0.10752,344.021,0.390144,543.304,0.98816,548.562,3.91475,546.917,15.7061,
0.0104167,0.012288,0.0416667,0.012288,0.166667,0.012288,0.615385,0.013312,2.46154,0.013312,9.14286,0.014336,28.4444,0.018432,113.778,0.018432,234.057,0.03584,312.076,0.10752,344.926,0.38912,543.867,0.987136,547.989,3.91885,547.166,15.6989,
0.0104167,0.012288,0.0384615,0.013312,0.153846,0.013312,0.615385,0.013312,2.28571,0.014336,9.14286,0.014336,36.5714,0.014336,113.778,0.018432,234.057,0.03584,315.077,0.106496,345.836,0.388096,543.867,0.987136,548.132,3.91782,546.917,15.7061,
0.0113636,0.011264,0.0416667,0.012288,0.166667,0.012288,0.615385,0.013312,2.46154,0.013312,9.14286,0.014336,34.1333,0.01536,120.471,0.017408,204.8,0.04096,315.077,0.106496,379.919,0.35328,544.432,0.986112,548.418,3.91578,546.952,15.7051,
0.0104167,0.012288,0.0454545,0.011264,0.181818,0.011264,0.615385,0.013312,2.46154,0.013312,9.84615,0.013312,36.5714,0.014336,113.778,0.018432,221.405,0.037888,312.076,0.10752,398.395,0.336896,543.867,0.987136,548.275,3.9168,547.059,15.702,
0.0104167,0.012288,0.0416667,0.012288,0.181818,0.011264,0.666667,0.012288,2.46154,0.013312,9.14286,0.014336,36.5714,0.014336,113.778,0.018432,240.941,0.034816,315.077,0.106496,398.395,0.336896,543.867,0.987136,548.132,3.91782,547.131,15.7,
0.0104167,0.012288,0.0416667,0.012288,0.166667,0.012288,0.615385,0.013312,2.46154,0.013312,9.84615,0.013312,34.1333,0.01536,120.471,0.017408,234.057,0.03584,312.076,0.10752,398.395,0.336896,543.867,0.987136,547.989,3.91885,547.309,15.6948,
0.00961538,0.013312,0.0454545,0.011264,0.181818,0.011264,0.533333,0.01536,2.46154,0.013312,9.14286,0.014336,36.5714,0.014336,120.471,0.017408,234.057,0.03584,312.076,0.10752,398.395,0.336896,543.867,0.987136,547.845,3.91987,547.202,15.6979,
0.00961538,0.013312,0.0454545,0.011264,0.166667,0.012288,0.666667,0.012288,2.46154,0.013312,9.84615,0.013312,36.5714,0.014336,113.778,0.018432,240.941,0.034816,312.076,0.10752,398.395,0.336896,542.741,0.989184,547.845,3.91987,547.059,15.702,
0.0104167,0.012288,0.0454545,0.011264,0.166667,0.012288,0.571429,0.014336,2.46154,0.013312,9.14286,0.014336,36.5714,0.014336,120.471,0.017408,240.941,0.034816,312.076,0.10752,397.188,0.33792,543.304,0.98816,547.845,3.91987,546.917,15.7061,
0.00961538,0.013312,0.0416667,0.012288,0.181818,0.011264,0.615385,0.013312,2.46154,0.013312,9.84615,0.013312,32,0.016384,113.778,0.018432,234.057,0.03584,315.077,0.106496,397.188,0.33792,543.867,0.987136,548.132,3.91782,547.166,15.6989,
0.00961538,0.013312,0.0416667,0.012288,0.181818,0.011264,0.615385,0.013312,2.66667,0.012288,9.84615,0.013312,30.1176,0.017408,113.778,0.018432,234.057,0.03584,312.076,0.10752,397.188,0.33792,543.867,0.987136,547.845,3.91987,547.202,15.6979,
0.00961538,0.013312,0.0416667,0.012288,0.166667,0.012288,0.615385,0.013312,2.46154,0.013312,9.84615,0.013312,32,0.016384,113.778,0.018432,234.057,0.03584,312.076,0.10752,398.395,0.336896,544.432,0.986112,547.845,3.91987,547.095,15.701,
0.0104167,0.012288,0.0454545,0.011264,0.166667,0.012288,0.571429,0.014336,2.46154,0.013312,9.84615,0.013312,32,0.016384,120.471,0.017408,227.556,0.036864,312.076,0.10752,397.188,0.33792,543.867,0.987136,547.845,3.91987,547.166,15.6989,
0.00961538,0.013312,0.0384615,0.013312,0.166667,0.012288,0.615385,0.013312,2.46154,0.013312,9.84615,0.013312,34.1333,0.01536,113.778,0.018432,234.057,0.03584,312.076,0.10752,395.988,0.338944,543.304,0.98816,548.132,3.91782,547.131,15.7,
0.0104167,0.012288,0.0357143,0.014336,0.142857,0.014336,0.533333,0.01536,2.46154,0.013312,9.14286,0.014336,34.1333,0.01536,113.778,0.018432,234.057,0.03584,312.076,0.10752,398.395,0.336896,543.867,0.987136,547.989,3.91885,547.273,15.6959,
0.00892857,0.014336,0.0384615,0.013312,0.153846,0.013312,0.615385,0.013312,2.28571,0.014336,9.84615,0.013312,34.1333,0.01536,113.778,0.018432,234.057,0.03584,309.132,0.108544,398.395,0.336896,544.432,0.986112,547.845,3.91987,547.166,15.6989,
0.0104167,0.012288,0.0384615,0.013312,0.153846,0.013312,0.615385,0.013312,2.28571,0.014336,9.84615,0.013312,34.1333,0.01536,113.778,0.018432,234.057,0.03584,315.077,0.106496,398.395,0.336896,544.432,0.986112,547.559,3.92192,547.059,15.702,
0.0104167,0.012288,0.03125,0.016384,0.166667,0.012288,0.571429,0.014336,2.28571,0.014336,9.14286,0.014336,34.1333,0.01536,113.778,0.018432,227.556,0.036864,312.076,0.10752,398.395,0.336896,544.432,0.986112,547.845,3.91987,547.024,15.703,
0.0104167,0.012288,0.0416667,0.012288,0.166667,0.012288,0.615385,0.013312,2.46154,0.013312,9.14286,0.014336,36.5714,0.014336,107.789,0.019456,240.941,0.034816,309.132,0.108544,398.395,0.336896,545.565,0.984064,548.418,3.91578,547.059,15.702,
0.00961538,0.013312,0.0454545,0.011264,0.166667,0.012288,0.615385,0.013312,2.28571,0.014336,8.53333,0.01536,32,0.016384,113.778,0.018432,234.057,0.03584,312.076,0.10752,397.188,0.33792,544.432,0.986112,547.989,3.91885,547.131,15.7,
0.0113636,0.011264,0.0454545,0.011264,0.166667,0.012288,0.666667,0.012288,2.28571,0.014336,8.53333,0.01536,36.5714,0.014336,113.778,0.018432,234.057,0.03584,312.076,0.10752,398.395,0.336896,544.998,0.985088,548.132,3.91782,546.988,15.7041,
0.00961538,0.013312,0.0454545,0.011264,0.166667,0.012288,0.615385,0.013312,2.46154,0.013312,9.84615,0.013312,36.5714,0.014336,113.778,0.018432,234.057,0.03584,312.076,0.10752,398.395,0.336896,544.432,0.986112,547.989,3.91885,546.917,15.7061,
0.0104167,0.012288,0.0416667,0.012288,0.166667,0.012288,0.615385,0.013312,2.28571,0.014336,9.84615,0.013312,36.5714,0.014336,113.778,0.018432,234.057,0.03584,312.076,0.10752,398.395,0.336896,544.432,0.986112,547.702,3.9209,547.166,15.6989,
0.0104167,0.012288,0.0454545,0.011264,0.166667,0.012288,0.666667,0.012288,2.46154,0.013312,9.84615,0.013312,34.1333,0.01536,113.778,0.018432,234.057,0.03584,312.076,0.10752,398.395,0.336896,545.565,0.984064,547.702,3.9209,546.738,15.7112,
0.0104167,0.012288,0.0454545,0.011264,0.181818,0.011264,0.666667,0.012288,2.28571,0.014336,9.84615,0.013312,36.5714,0.014336,113.778,0.018432,234.057,0.03584,315.077,0.106496,397.188,0.33792,544.998,0.985088,547.702,3.9209,547.024,15.703,
0.0104167,0.012288,0.0454545,0.011264,0.153846,0.013312,0.666667,0.012288,2.28571,0.014336,7.52941,0.017408,36.5714,0.014336,113.778,0.018432,240.941,0.034816,309.132,0.108544,397.188,0.33792,544.998,0.985088,548.275,3.9168,547.059,15.702,
0.00961538,0.013312,0.0416667,0.012288,0.166667,0.012288,0.615385,0.013312,2,0.016384,9.14286,0.014336,36.5714,0.014336,113.778,0.018432,234.057,0.03584,315.077,0.106496,397.188,0.33792,545.565,0.984064,547.845,3.91987,547.131,15.7,
0.0104167,0.012288,0.0384615,0.013312,0.181818,0.011264,0.666667,0.012288,1.77778,0.018432,9.14286,0.014336,32,0.016384,113.778,0.018432,234.057,0.03584,312.076,0.10752,398.395,0.336896,544.998,0.985088,547.845,3.91987,547.631,15.6856,
0.0113636,0.011264,0.0384615,0.013312,0.181818,0.011264,0.666667,0.012288,2.66667,0.012288,9.84615,0.013312,32,0.016384,89.0435,0.023552,240.941,0.034816,315.077,0.106496,398.395,0.336896,544.998,0.985088,547.845,3.91987,547.452,15.6908,
0.0104167,0.012288,0.0384615,0.013312,0.153846,0.013312,0.666667,0.012288,2.46154,0.013312,9.14286,0.014336,32,0.016384,113.778,0.018432,234.057,0.03584,315.077,0.106496,388.938,0.345088,545.565,0.984064,548.132,3.91782,546.453,15.7194,
0.00961538,0.013312,0.0416667,0.012288,0.166667,0.012288,0.615385,0.013312,2.46154,0.013312,9.84615,0.013312,32,0.016384,113.778,0.018432,227.556,0.036864,315.077,0.106496,398.395,0.336896,544.998,0.985088,548.275,3.9168,543.198,15.8136,
0.00961538,0.013312,0.0416667,0.012288,0.166667,0.012288,0.571429,0.014336,2.46154,0.013312,9.84615,0.013312,34.1333,0.01536,113.778,0.018432,240.941,0.034816,315.077,0.106496,399.61,0.335872,544.432,0.986112,548.132,3.91782,547.452,15.6908,
0.00961538,0.013312,0.0416667,0.012288,0.166667,0.012288,0.615385,0.013312,2.46154,0.013312,9.84615,0.013312,36.5714,0.014336,113.778,0.018432,234.057,0.03584,312.076,0.10752,397.188,0.33792,545.565,0.984064,548.418,3.91578,547.381,15.6928,
0.0104167,0.012288,0.0384615,0.013312,0.142857,0.014336,0.571429,0.014336,2.13333,0.01536,10.6667,0.012288,34.1333,0.01536,113.778,0.018432,221.405,0.037888,312.076,0.10752,398.395,0.336896,545.565,0.984064,548.562,3.91475,547.452,15.6908,
0.00961538,0.013312,0.0384615,0.013312,0.153846,0.013312,0.615385,0.013312,2.13333,0.01536,9.84615,0.013312,34.1333,0.01536,113.778,0.018432,227.556,0.036864,315.077,0.106496,397.188,0.33792,544.432,0.986112,548.562,3.91475,547.81,15.6805,
0.0104167,0.012288,0.0416667,0.012288,0.153846,0.013312,0.615385,0.013312,2.28571,0.014336,9.84615,0.013312,34.1333,0.01536,113.778,0.018432,234.057,0.03584,312.076,0.10752,397.188,0.33792,544.432,0.986112,548.418,3.91578,547.702,15.6836,
0.0104167,0.012288,0.0454545,0.011264,0.142857,0.014336,0.666667,0.012288,2.28571,0.014336,9.14286,0.014336,34.1333,0.01536,113.778,0.018432,234.057,0.03584,309.132,0.108544,395.988,0.338944,545.565,0.984064,548.275,3.9168,547.381,15.6928,
0.0104167,0.012288,0.0384615,0.013312,0.153846,0.013312,0.571429,0.014336,2.66667,0.012288,9.14286,0.014336,34.1333,0.01536,113.778,0.018432,234.057,0.03584,312.076,0.10752,397.188,0.33792,544.998,0.985088,548.705,3.91373,547.81,15.6805,
0.0113636,0.011264,0.0416667,0.012288,0.166667,0.012288,0.615385,0.013312,2.28571,0.014336,9.14286,0.014336,34.1333,0.01536,113.778,0.018432,234.057,0.03584,312.076,0.10752,398.395,0.336896,546.133,0.98304,548.418,3.91578,547.524,15.6887,
0.0104167,0.012288,0.0416667,0.012288,0.153846,0.013312,0.666667,0.012288,2.46154,0.013312,9.14286,0.014336,34.1333,0.01536,107.789,0.019456,227.556,0.036864,315.077,0.106496,397.188,0.33792,544.998,0.985088,548.418,3.91578,547.309,15.6948,
0.0104167,0.012288,0.0416667,0.012288,0.166667,0.012288,0.666667,0.012288,2.46154,0.013312,9.14286,0.014336,36.5714,0.014336,113.778,0.018432,234.057,0.03584,312.076,0.10752,395.988,0.338944,545.565,0.984064,548.132,3.91782,547.309,15.6948,
0.0104167,0.012288,0.0384615,0.013312,0.166667,0.012288,0.615385,0.013312,2.46154,0.013312,9.14286,0.014336,34.1333,0.01536,120.471,0.017408,234.057,0.03584,312.076,0.10752,398.395,0.336896,544.432,0.986112,548.275,3.9168,547.667,15.6846,
0.0104167,0.012288,0.0454545,0.011264,0.166667,0.012288,0.666667,0.012288,2.46154,0.013312,9.84615,0.013312,34.1333,0.01536,113.778,0.018432,234.057,0.03584,312.076,0.10752,397.188,0.33792,544.998,0.985088,547.273,3.92397,547.631,15.6856,
0.0113636,0.011264,0.0416667,0.012288,0.166667,0.012288,0.615385,0.013312,2.28571,0.014336,9.14286,0.014336,36.5714,0.014336,113.778,0.018432,234.057,0.03584,315.077,0.106496,398.395,0.336896,545.565,0.984064,547.845,3.91987,547.595,15.6867,
0.0104167,0.012288,0.0454545,0.011264,0.181818,0.011264,0.615385,0.013312,2.46154,0.013312,9.84615,0.013312,36.5714,0.014336,113.778,0.018432,240.941,0.034816,312.076,0.10752,395.988,0.338944,544.998,0.985088,548.705,3.91373,547.559,15.6877,
0.0113636,0.011264,0.0416667,0.012288,0.181818,0.011264,0.666667,0.012288,2.28571,0.014336,9.14286,0.014336,30.1176,0.017408,120.471,0.017408,234.057,0.03584,315.077,0.106496,398.395,0.336896,544.998,0.985088,548.132,3.91782,547.524,15.6887,
0.0113636,0.011264,0.0384615,0.013312,0.181818,0.011264,0.666667,0.012288,2.46154,0.013312,9.84615,0.013312,32,0.016384,113.778,0.018432,234.057,0.03584,315.077,0.106496,397.188,0.33792,544.998,0.985088,547.702,3.9209,547.595,15.6867,
0.0113636,0.011264,0.0384615,0.013312,0.166667,0.012288,0.615385,0.013312,2.66667,0.012288,9.84615,0.013312,34.1333,0.01536,113.778,0.018432,234.057,0.03584,312.076,0.10752,398.395,0.336896,544.998,0.985088,547.559,3.92192,547.381,15.6928,
0.0104167,0.012288,0.0384615,0.013312,0.166667,0.012288,0.615385,0.013312,2.66667,0.012288,9.84615,0.013312,34.1333,0.01536,113.778,0.018432,240.941,0.034816,312.076,0.10752,397.188,0.33792,545.565,0.984064,547.845,3.91987,547.702,15.6836,
0.0104167,0.012288,0.0357143,0.014336,0.153846,0.013312,0.615385,0.013312,2.66667,0.012288,9.84615,0.013312,34.1333,0.01536,113.778,0.018432,234.057,0.03584,312.076,0.10752,398.395,0.336896,544.432,0.986112,547.416,3.92294,547.488,15.6897,
0.0104167,0.012288,0.0384615,0.013312,0.181818,0.011264,0.615385,0.013312,2.46154,0.013312,9.84615,0.013312,34.1333,0.01536,102.4,0.02048,234.057,0.03584,312.076,0.10752,397.188,0.33792,545.565,0.984064,547.559,3.92192,547.81,15.6805,
0.0104167,0.012288,0.0416667,0.012288,0.166667,0.012288,0.571429,0.014336,2.46154,0.013312,10.6667,0.012288,32,0.016384,113.778,0.018432,234.057,0.03584,312.076,0.10752,397.188,0.33792,544.998,0.985088,547.131,3.92499,547.559,15.6877,
0.00961538,0.013312,0.0416667,0.012288,0.153846,0.013312,0.571429,0.014336,2.13333,0.01536,9.84615,0.013312,34.1333,0.01536,113.778,0.018432,234.057,0.03584,315.077,0.106496,398.395,0.336896,544.998,0.985088,548.132,3.91782,547.738,15.6826,
0.00961538,0.013312,0.0416667,0.012288,0.153846,0.013312,0.615385,0.013312,2.13333,0.01536,9.84615,0.013312,36.5714,0.014336,120.471,0.017408,234.057,0.03584,315.077,0.106496,397.188,0.33792,544.432,0.986112,547.559,3.92192,547.631,15.6856,
0.0113636,0.011264,0.0454545,0.011264,0.166667,0.012288,0.571429,0.014336,2.13333,0.01536,10.6667,0.012288,34.1333,0.01536,113.778,0.018432,227.556,0.036864,312.076,0.10752,397.188,0.33792,544.998,0.985088,547.702,3.9209,547.381,15.6928,
0.00892857,0.014336,0.0416667,0.012288,0.153846,0.013312,0.615385,0.013312,2.28571,0.014336,9.14286,0.014336,34.1333,0.01536,120.471,0.017408,227.556,0.036864,312.076,0.10752,397.188,0.33792,544.998,0.985088,547.559,3.92192,547.738,15.6826,
0.00961538,0.013312,0.0454545,0.011264,0.181818,0.011264,0.666667,0.012288,2.46154,0.013312,9.14286,0.014336,36.5714,0.014336,120.471,0.017408,234.057,0.03584,312.076,0.10752,397.188,0.33792,544.998,0.985088,547.989,3.91885,547.595,15.6867,
0.00892857,0.014336,0.0416667,0.012288,0.166667,0.012288,0.615385,0.013312,2.46154,0.013312,8.53333,0.01536,36.5714,0.014336,113.778,0.018432,234.057,0.03584,312.076,0.10752,397.188,0.33792,544.432,0.986112,547.559,3.92192,547.559,15.6877,
0.0104167,0.012288,0.0454545,0.011264,0.166667,0.012288,0.666667,0.012288,2.46154,0.013312,9.14286,0.014336,34.1333,0.01536,113.778,0.018432,234.057,0.03584,315.077,0.106496,397.188,0.33792,544.998,0.985088,547.416,3.92294,547.81,15.6805,
0.0104167,0.012288,0.0416667,0.012288,0.166667,0.012288,0.666667,0.012288,2.28571,0.014336,9.14286,0.014336,36.5714,0.014336,113.778,0.018432,234.057,0.03584,312.076,0.10752,397.188,0.33792,544.998,0.985088,547.845,3.91987,547.488,15.6897,
0.0113636,0.011264,0.0416667,0.012288,0.166667,0.012288,0.470588,0.017408,2.46154,0.013312,9.14286,0.014336,34.1333,0.01536,120.471,0.017408,234.057,0.03584,312.076,0.10752,398.395,0.336896,544.998,0.985088,547.845,3.91987,547.559,15.6877,
0.00961538,0.013312,0.0384615,0.013312,0.166667,0.012288,0.615385,0.013312,2.66667,0.012288,9.14286,0.014336,36.5714,0.014336,113.778,0.018432,234.057,0.03584,312.076,0.10752,398.395,0.336896,545.565,0.984064,547.559,3.92192,547.416,15.6918,
0.0104167,0.012288,0.0454545,0.011264,0.166667,0.012288,0.615385,0.013312,2.66667,0.012288,9.84615,0.013312,36.5714,0.014336,120.471,0.017408,234.057,0.03584,315.077,0.106496,395.988,0.338944,544.998,0.985088,547.702,3.9209,547.667,15.6846,
0.0104167,0.012288,0.0416667,0.012288,0.153846,0.013312,0.615385,0.013312,2.46154,0.013312,9.84615,0.013312,30.1176,0.017408,113.778,0.018432,234.057,0.03584,315.077,0.106496,397.188,0.33792,544.998,0.985088,547.989,3.91885,547.524,15.6887,
0.0113636,0.011264,0.0454545,0.011264,0.181818,0.011264,0.666667,0.012288,2.46154,0.013312,9.14286,0.014336,34.1333,0.01536,113.778,0.018432,234.057,0.03584,312.076,0.10752,399.61,0.335872,544.998,0.985088,547.416,3.92294,547.702,15.6836,
0.00961538,0.013312,0.0416667,0.012288,0.153846,0.013312,0.615385,0.013312,2.46154,0.013312,9.84615,0.013312,32,0.016384,113.778,0.018432,234.057,0.03584,312.076,0.10752,398.395,0.336896,544.998,0.985088,548.275,3.9168,547.595,15.6867,
0.0104167,0.012288,0.0384615,0.013312,0.181818,0.011264,0.666667,0.012288,2.46154,0.013312,7.52941,0.017408,34.1333,0.01536,107.789,0.019456,234.057,0.03584,315.077,0.106496,395.988,0.338944,546.133,0.98304,547.845,3.91987,547.595,15.6867,
0.0104167,0.012288,0.0384615,0.013312,0.166667,0.012288,0.615385,0.013312,2.28571,0.014336,9.14286,0.014336,32,0.016384,113.778,0.018432,240.941,0.034816,315.077,0.106496,398.395,0.336896,544.998,0.985088,547.702,3.9209,547.774,15.6815,
0.0104167,0.012288,0.0384615,0.013312,0.153846,0.013312,0.666667,0.012288,2.46154,0.013312,9.84615,0.013312,34.1333,0.01536,113.778,0.018432,234.057,0.03584,312.076,0.10752,397.188,0.33792,544.998,0.985088,547.989,3.91885,547.524,15.6887,
0.00892857,0.014336,0.0357143,0.014336,0.153846,0.013312,0.615385,0.013312,2.46154,0.013312,9.84615,0.013312,34.1333,0.01536,113.778,0.018432,234.057,0.03584,315.077,0.106496,398.395,0.336896,544.998,0.985088,547.989,3.91885,547.702,15.6836,
0.0104167,0.012288,0.0416667,0.012288,0.181818,0.011264,0.571429,0.014336,2.66667,0.012288,9.84615,0.013312,34.1333,0.01536,113.778,0.018432,234.057,0.03584,312.076,0.10752,397.188,0.33792,545.565,0.984064,547.845,3.91987,547.524,15.6887,
0.0104167,0.012288,0.0416667,0.012288,0.166667,0.012288,0.571429,0.014336,2.13333,0.01536,9.84615,0.013312,34.1333,0.01536,113.778,0.018432,240.941,0.034816,315.077,0.106496,397.188,0.33792,545.565,0.984064,546.56,3.92909,546.738,15.7112,
0.0113636,0.011264,0.0416667,0.012288,0.166667,0.012288,0.615385,0.013312,2.28571,0.014336,9.14286,0.014336,34.1333,0.01536,113.778,0.018432,240.941,0.034816,312.076,0.10752,398.395,0.336896,545.565,0.984064,547.559,3.92192,547.166,15.6989,
0.0104167,0.012288,0.0384615,0.013312,0.166667,0.012288,0.571429,0.014336,2.28571,0.014336,9.84615,0.013312,36.5714,0.014336,113.778,0.018432,234.057,0.03584,312.076,0.10752,398.395,0.336896,544.998,0.985088,546.703,3.92806,547.738,15.6826,
0.0113636,0.011264,0.0416667,0.012288,0.166667,0.012288,0.615385,0.013312,2.46154,0.013312,9.14286,0.014336,36.5714,0.014336,120.471,0.017408,234.057,0.03584,315.077,0.106496,397.188,0.33792,545.565,0.984064,547.559,3.92192,547.631,15.6856,
0.0104167,0.012288,0.0384615,0.013312,0.142857,0.014336,0.615385,0.013312,2.28571,0.014336,8.53333,0.01536,36.5714,0.014336,113.778,0.018432,234.057,0.03584,312.076,0.10752,398.395,0.336896,545.565,0.984064,547.559,3.92192,547.702,15.6836,
0.0104167,0.012288,0.0454545,0.011264,0.166667,0.012288,0.615385,0.013312,2.46154,0.013312,8.53333,0.01536,34.1333,0.01536,113.778,0.018432,234.057,0.03584,312.076,0.10752,398.395,0.336896,546.133,0.98304,542.601,3.95776,547.595,15.6867,
0.00961538,0.013312,0.0416667,0.012288,0.153846,0.013312,0.615385,0.013312,2.28571,0.014336,9.84615,0.013312,34.1333,0.01536,113.778,0.018432,234.057,0.03584,309.132,0.108544,397.188,0.33792,545.565,0.984064,544.291,3.94547,547.738,15.6826,
0.0104167,0.012288,0.0454545,0.011264,0.166667,0.012288,0.615385,0.013312,2.46154,0.013312,9.84615,0.013312,34.1333,0.01536,113.778,0.018432,234.057,0.03584,315.077,0.106496,398.395,0.336896,544.998,0.985088,544.856,3.94138,547.488,15.6897,
0.0104167,0.012288,0.0416667,0.012288,0.133333,0.01536,0.615385,0.013312,2.46154,0.013312,9.14286,0.014336,36.5714,0.014336,113.778,0.018432,234.057,0.03584,312.076,0.10752,398.395,0.336896,544.998,0.985088,544.998,3.94035,547.631,15.6856,
0.00961538,0.013312,0.0454545,0.011264,0.153846,0.013312,0.615385,0.013312,2.46154,0.013312,9.14286,0.014336,36.5714,0.014336,113.778,0.018432,234.057,0.03584,309.132,0.108544,397.188,0.33792,545.565,0.984064,544.998,3.94035,547.559,15.6877,
0.0104167,0.012288,0.0454545,0.011264,0.166667,0.012288,0.615385,0.013312,2.46154,0.013312,9.14286,0.014336,28.4444,0.018432,113.778,0.018432,227.556,0.036864,315.077,0.106496,397.188,0.33792,544.998,0.985088,545.14,3.93933,547.667,15.6846,
0.0104167,0.012288,0.0454545,0.011264,0.181818,0.011264,0.666667,0.012288,2.66667,0.012288,9.14286,0.014336,32,0.016384,113.778,0.018432,234.057,0.03584,315.077,0.106496,395.988,0.338944,544.998,0.985088,545.849,3.93421,547.416,15.6918,
0.0104167,0.012288,0.0416667,0.012288,0.166667,0.012288,0.615385,0.013312,2.46154,0.013312,9.84615,0.013312,34.1333,0.01536,113.778,0.018432,227.556,0.036864,312.076,0.10752,398.395,0.336896,544.998,0.985088,548.849,3.9127,547.309,15.6948,
0.0104167,0.012288,0.0454545,0.011264,0.166667,0.012288,0.666667,0.012288,2.46154,0.013312,9.14286,0.014336,30.1176,0.017408,120.471,0.017408,234.057,0.03584,312.076,0.10752,398.395,0.336896,544.998,0.985088,547.989,3.91885,547.702,15.6836,
0.0125,0.01024,0.05,0.01024,0.2,0.01024,0.8,0.01024,2.90909,0.011264,11.6364,0.011264,42.6667,0.012288,136.533,0.01536,264.258,0.031744,356.174,0.094208,409.6,0.32768,539.391,0.995328,549.568,3.90758,361.765,23.7445,
0.0125,0.01024,0.05,0.01024,0.2,0.01024,0.727273,0.011264,2.90909,0.011264,11.6364,0.011264,42.6667,0.012288,136.533,0.01536,273.067,0.03072,364.089,0.09216,412.176,0.325632,540.503,0.99328,549.856,3.90554,361.968,23.7312,
0.0125,0.01024,0.05,0.01024,0.2,0.01024,0.727273,0.011264,2.90909,0.011264,11.6364,0.011264,42.6667,0.012288,146.286,0.014336,273.067,0.03072,364.089,0.09216,412.176,0.325632,541.061,0.992256,550.145,3.90349,361.874,23.7373,
0.0138889,0.009216,0.0555556,0.009216,0.2,0.01024,0.8,0.01024,2.90909,0.011264,11.6364,0.011264,46.5455,0.011264,136.533,0.01536,264.258,0.031744,364.089,0.09216,412.176,0.325632,541.061,0.992256,549.712,3.90656,404.758,21.2224,
0.0125,0.01024,0.0555556,0.009216,0.2,0.01024,0.727273,0.011264,2.90909,0.011264,11.6364,0.011264,42.6667,0.012288,136.533,0.01536,273.067,0.03072,364.089,0.09216,412.176,0.325632,541.62,0.991232,550.001,3.90451,512.344,16.766,
0.0138889,0.009216,0.05,0.01024,0.2,0.01024,0.8,0.01024,2.90909,0.011264,11.6364,0.011264,42.6667,0.012288,136.533,0.01536,264.258,0.031744,360.088,0.093184,412.176,0.325632,542.18,0.990208,550.001,3.90451,512.407,16.7639,
0.0125,0.01024,0.05,0.01024,0.222222,0.009216,0.727273,0.011264,2.90909,0.011264,12.8,0.01024,42.6667,0.012288,128,0.016384,273.067,0.03072,364.089,0.09216,413.476,0.324608,541.061,0.992256,550.145,3.90349,512.344,16.766,
0.0138889,0.009216,0.05,0.01024,0.222222,0.009216,0.8,0.01024,3.2,0.01024,11.6364,0.011264,42.6667,0.012288,136.533,0.01536,264.258,0.031744,364.089,0.09216,413.476,0.324608,541.62,0.991232,549.856,3.90554,512.125,16.7731,
0.0125,0.01024,0.05,0.01024,0.2,0.01024,0.8,0.01024,2.90909,0.011264,11.6364,0.011264,42.6667,0.012288,136.533,0.01536,264.258,0.031744,360.088,0.093184,414.785,0.323584,538.283,0.997376,549.712,3.90656,510.194,16.8366,
0.0138889,0.009216,0.05,0.01024,0.2,0.01024,0.727273,0.011264,2.90909,0.011264,11.6364,0.011264,42.6667,0.012288,136.533,0.01536,264.258,0.031744,360.088,0.093184,413.476,0.324608,541.62,0.991232,549.856,3.90554,510.194,16.8366,
0.0104167,0.012288,0.05,0.01024,0.2,0.01024,0.727273,0.011264,2.90909,0.011264,11.6364,0.011264,42.6667,0.012288,136.533,0.01536,273.067,0.03072,360.088,0.093184,413.476,0.324608,544.432,0.986112,550.145,3.90349,509.946,16.8448,
0.0138889,0.009216,0.05,0.01024,0.2,0.01024,0.8,0.01024,3.2,0.01024,11.6364,0.011264,42.6667,0.012288,128,0.016384,264.258,0.031744,364.089,0.09216,413.476,0.324608,544.998,0.985088,549.856,3.90554,510.101,16.8397,
0.0125,0.01024,0.05,0.01024,0.2,0.01024,0.727273,0.011264,2.90909,0.011264,12.8,0.01024,46.5455,0.011264,136.533,0.01536,273.067,0.03072,360.088,0.093184,414.785,0.323584,544.998,0.985088,550.145,3.90349,509.915,16.8458,
0.0138889,0.009216,0.05,0.01024,0.222222,0.009216,0.727273,0.011264,2.90909,0.011264,11.6364,0.011264,42.6667,0.012288,128,0.016384,282.483,0.029696,368.18,0.091136,412.176,0.325632,544.432,0.986112,550.001,3.90451,510.349,16.8315,
0.0125,0.01024,0.05,0.01024,0.2,0.01024,0.727273,0.011264,2.90909,0.011264,11.6364,0.011264,42.6667,0.012288,136.533,0.01536,264.258,0.031744,360.088,0.093184,404.543,0.331776,544.998,0.985088,550.001,3.90451,512.188,16.7711,
0.0138889,0.009216,0.05,0.01024,0.222222,0.009216,0.8,0.01024,2.90909,0.011264,9.84615,0.013312,42.6667,0.012288,128,0.016384,264.258,0.031744,364.089,0.09216,413.476,0.324608,544.998,0.985088,550.289,3.90246,525.602,16.343,
0.0125,0.01024,0.05,0.01024,0.222222,0.009216,0.727273,0.011264,2.90909,0.011264,12.8,0.01024,42.6667,0.012288,136.533,0.01536,264.258,0.031744,368.18,0.091136,413.476,0.324608,543.867,0.987136,549.712,3.90656,546.667,15.7133,
0.0138889,0.009216,0.0416667,0.012288,0.2,0.01024,0.727273,0.011264,2.90909,0.011264,11.6364,0.011264,46.5455,0.011264,128,0.016384,282.483,0.029696,364.089,0.09216,412.176,0.325632,544.432,0.986112,548.705,3.91373,547.059,15.702,
0.0125,0.01024,0.05,0.01024,0.2,0.01024,0.727273,0.011264,2.90909,0.011264,11.6364,0.011264,42.6667,0.012288,136.533,0.01536,273.067,0.03072,360.088,0.093184,413.476,0.324608,544.998,0.985088,548.705,3.91373,547.131,15.7,
0.0138889,0.009216,0.05,0.01024,0.222222,0.009216,0.727273,0.011264,2.90909,0.011264,11.6364,0.011264,42.6667,0.012288,136.533,0.01536,273.067,0.03072,364.089,0.09216,407.056,0.329728,544.432,0.986112,548.275,3.9168,547.095,15.701,
0.0138889,0.009216,0.05,0.01024,0.222222,0.009216,0.8,0.01024,3.2,0.01024,11.6364,0.011264,42.6667,0.012288,136.533,0.01536,273.067,0.03072,356.174,0.094208,414.785,0.323584,544.432,0.986112,548.562,3.91475,546.952,15.7051,
0.0125,0.01024,0.05,0.01024,0.222222,0.009216,0.8,0.01024,2.90909,0.011264,11.6364,0.011264,42.6667,0.012288,136.533,0.01536,248.242,0.033792,364.089,0.09216,412.176,0.325632,544.998,0.985088,548.705,3.91373,547.024,15.703,
0.0125,0.01024,0.05,0.01024,0.2,0.01024,0.727273,0.011264,2.90909,0.011264,11.6364,0.011264,42.6667,0.012288,136.533,0.01536,273.067,0.03072,364.089,0.09216,413.476,0.324608,546.133,0.98304,549.136,3.91066,546.738,15.7112,
0.0125,0.01024,0.05,0.01024,0.2,0.01024,0.727273,0.011264,2.90909,0.011264,11.6364,0.011264,42.6667,0.012288,136.533,0.01536,264.258,0.031744,364.089,0.09216,413.476,0.324608,545.565,0.984064,549.28,3.90963,547.059,15.702,
0.0125,0.01024,0.05,0.01024,0.2,0.01024,0.8,0.01024,2.90909,0.011264,11.6364,0.011264,42.6667,0.012288,136.533,0.01536,273.067,0.03072,364.089,0.09216,413.476,0.324608,545.565,0.984064,547.131,3.92499,547.095,15.701,
0.0125,0.01024,0.05,0.01024,0.2,0.01024,0.8,0.01024,3.2,0.01024,12.8,0.01024,42.6667,0.012288,128,0.016384,273.067,0.03072,147.604,0.227328,413.476,0.324608,544.998,0.985088,548.849,3.9127,546.988,15.7041,
0.0125,0.01024,0.05,0.01024,0.2,0.01024,0.727273,0.011264,3.2,0.01024,12.8,0.01024,42.6667,0.012288,136.533,0.01536,273.067,0.03072,360.088,0.093184,414.785,0.323584,545.565,0.984064,550.001,3.90451,546.988,15.7041,
0.0125,0.01024,0.0454545,0.011264,0.2,0.01024,0.8,0.01024,3.2,0.01024,12.8,0.01024,46.5455,0.011264,136.533,0.01536,256,0.032768,360.088,0.093184,413.476,0.324608,545.565,0.984064,550.001,3.90451,546.917,15.7061,
0.0125,0.01024,0.05,0.01024,0.2,0.01024,0.8,0.01024,3.2,0.01024,11.6364,0.011264,42.6667,0.012288,136.533,0.01536,273.067,0.03072,364.089,0.09216,413.476,0.324608,544.998,0.985088,550.001,3.90451,546.988,15.7041,
0.0138889,0.009216,0.0555556,0.009216,0.2,0.01024,0.8,0.01024,3.2,0.01024,11.6364,0.011264,42.6667,0.012288,136.533,0.01536,273.067,0.03072,368.18,0.091136,413.476,0.324608,544.998,0.985088,549.712,3.90656,547.238,15.6969,
0.0138889,0.009216,0.05,0.01024,0.2,0.01024,0.727273,0.011264,2.90909,0.011264,11.6364,0.011264,42.6667,0.012288,136.533,0.01536,273.067,0.03072,364.089,0.09216,413.476,0.324608,544.432,0.986112,549.712,3.90656,546.988,15.7041,
0.0138889,0.009216,0.05,0.01024,0.2,0.01024,0.8,0.01024,2.90909,0.011264,11.6364,0.011264,46.5455,0.011264,136.533,0.01536,264.258,0.031744,364.089,0.09216,413.476,0.324608,544.998,0.985088,549.856,3.90554,547.024,15.703,
0.0125,0.01024,0.05,0.01024,0.2,0.01024,0.8,0.01024,3.2,0.01024,11.6364,0.011264,42.6667,0.012288,136.533,0.01536,273.067,0.03072,364.089,0.09216,413.476,0.324608,545.565,0.984064,550.145,3.90349,546.845,15.7082,
0.0138889,0.009216,0.05,0.01024,0.2,0.01024,0.8,0.01024,3.2,0.01024,11.6364,0.011264,42.6667,0.012288,136.533,0.01536,264.258,0.031744,356.174,0.094208,413.476,0.324608,544.432,0.986112,549.856,3.90554,547.166,15.6989,
0.0138889,0.009216,0.0454545,0.011264,0.2,0.01024,0.727273,0.011264,3.2,0.01024,11.6364,0.011264,42.6667,0.012288,136.533,0.01536,273.067,0.03072,360.088,0.093184,413.476,0.324608,544.998,0.985088,550.145,3.90349,547.166,15.6989,
0.0138889,0.009216,0.05,0.01024,0.2,0.01024,0.727273,0.011264,2.90909,0.011264,11.6364,0.011264,42.6667,0.012288,136.533,0.01536,264.258,0.031744,364.089,0.09216,413.476,0.324608,544.998,0.985088,549.856,3.90554,546.988,15.7041,
0.0125,0.01024,0.05,0.01024,0.2,0.01024,0.727273,0.011264,2.90909,0.011264,11.6364,0.011264,46.5455,0.011264,136.533,0.01536,264.258,0.031744,364.089,0.09216,413.476,0.324608,544.998,0.985088,550.434,3.90144,547.202,15.6979,
0.0125,0.01024,0.05,0.01024,0.222222,0.009216,0.8,0.01024,2.90909,0.011264,11.6364,0.011264,42.6667,0.012288,136.533,0.01536,264.258,0.031744,368.18,0.091136,413.476,0.324608,544.998,0.985088,550.001,3.90451,546.738,15.7112,
0.0125,0.01024,0.0454545,0.011264,0.222222,0.009216,0.8,0.01024,2.90909,0.011264,11.6364,0.011264,46.5455,0.011264,136.533,0.01536,273.067,0.03072,368.18,0.091136,412.176,0.325632,544.998,0.985088,550.001,3.90451,546.952,15.7051,
0.0138889,0.009216,0.0555556,0.009216,0.222222,0.009216,0.727273,0.011264,2.90909,0.011264,11.6364,0.011264,42.6667,0.012288,136.533,0.01536,273.067,0.03072,364.089,0.09216,414.785,0.323584,544.998,0.985088,550.001,3.90451,546.81,15.7092,
0.0138889,0.009216,0.0555556,0.009216,0.2,0.01024,0.8,0.01024,2.90909,0.011264,11.6364,0.011264,42.6667,0.012288,136.533,0.01536,42.4456,0.197632,360.088,0.093184,414.785,0.323584,544.998,0.985088,550.289,3.90246,547.166,15.6989,
0.0138889,0.009216,0.05,0.01024,0.153846,0.013312,0.8,0.01024,3.2,0.01024,12.8,0.01024,42.6667,0.012288,128,0.016384,256,0.032768,368.18,0.091136,413.476,0.324608,544.998,0.985088,550.001,3.90451,547.059,15.702,
0.0125,0.01024,0.0454545,0.011264,0.222222,0.009216,0.727273,0.011264,2.46154,0.013312,12.8,0.01024,42.6667,0.012288,136.533,0.01536,273.067,0.03072,368.18,0.091136,413.476,0.324608,545.565,0.984064,550.145,3.90349,547.131,15.7,
0.0138889,0.009216,0.05,0.01024,0.222222,0.009216,0.727273,0.011264,2.90909,0.011264,12.8,0.01024,42.6667,0.012288,107.789,0.019456,256,0.032768,372.364,0.090112,413.476,0.324608,544.998,0.985088,549.856,3.90554,547.024,15.703,
0.0138889,0.009216,0.05,0.01024,0.2,0.01024,0.8,0.01024,2.90909,0.011264,12.8,0.01024,42.6667,0.012288,136.533,0.01536,256,0.032768,368.18,0.091136,407.056,0.329728,545.565,0.984064,549.856,3.90554,546.988,15.7041,
0.0138889,0.009216,0.05,0.01024,0.222222,0.009216,0.8,0.01024,2.90909,0.011264,12.8,0.01024,46.5455,0.011264,128,0.016384,273.067,0.03072,372.364,0.090112,412.176,0.325632,546.133,0.98304,550.145,3.90349,546.81,15.7092,
0.0125,0.01024,0.05,0.01024,0.2,0.01024,0.727273,0.011264,2.90909,0.011264,12.8,0.01024,42.6667,0.012288,136.533,0.01536,282.483,0.029696,368.18,0.091136,413.476,0.324608,544.998,0.985088,550.145,3.90349,546.881,15.7071,
0.0125,0.01024,0.05,0.01024,0.2,0.01024,0.8,0.01024,2.90909,0.011264,12.8,0.01024,46.5455,0.011264,128,0.016384,273.067,0.03072,372.364,0.090112,414.785,0.323584,545.565,0.984064,549.856,3.90554,546.952,15.7051,
0.0125,0.01024,0.0454545,0.011264,0.2,0.01024,0.727273,0.011264,2.90909,0.011264,12.8,0.01024,42.6667,0.012288,136.533,0.01536,273.067,0.03072,372.364,0.090112,413.476,0.324608,545.565,0.984064,550.145,3.90349,546.988,15.7041,
0.0125,0.01024,0.05,0.01024,0.2,0.01024,0.8,0.01024,2.90909,0.011264,11.6364,0.011264,42.6667,0.012288,113.778,0.018432,273.067,0.03072,372.364,0.090112,412.176,0.325632,545.565,0.984064,550.001,3.90451,546.988,15.7041,
0.0125,0.01024,0.0555556,0.009216,0.2,0.01024,0.8,0.01024,2.90909,0.011264,11.6364,0.011264,42.6667,0.012288,136.533,0.01536,273.067,0.03072,372.364,0.090112,413.476,0.324608,544.998,0.985088,549.856,3.90554,547.024,15.703,
0.0138889,0.009216,0.0555556,0.009216,0.2,0.01024,0.727273,0.011264,3.2,0.01024,11.6364,0.011264,42.6667,0.012288,136.533,0.01536,273.067,0.03072,368.18,0.091136,413.476,0.324608,544.998,0.985088,550.145,3.90349,547.095,15.701,
0.0125,0.01024,0.0454545,0.011264,0.2,0.01024,0.727273,0.011264,3.2,0.01024,11.6364,0.011264,42.6667,0.012288,136.533,0.01536,264.258,0.031744,372.364,0.090112,413.476,0.324608,544.998,0.985088,550.145,3.90349,546.881,15.7071,
0.0125,0.01024,0.0555556,0.009216,0.2,0.01024,0.727273,0.011264,3.2,0.01024,11.6364,0.011264,42.6667,0.012288,136.533,0.01536,264.258,0.031744,372.364,0.090112,413.476,0.324608,544.998,0.985088,550.001,3.90451,546.952,15.7051,
0.0125,0.01024,0.0454545,0.011264,0.2,0.01024,0.727273,0.011264,2.90909,0.011264,11.6364,0.011264,42.6667,0.012288,136.533,0.01536,264.258,0.031744,372.364,0.090112,413.476,0.324608,545.565,0.984064,549.856,3.90554,546.738,15.7112,
0.0138889,0.009216,0.0454545,0.011264,0.2,0.01024,0.8,0.01024,2.90909,0.011264,11.6364,0.011264,42.6667,0.012288,136.533,0.01536,264.258,0.031744,372.364,0.090112,413.476,0.324608,544.998,0.985088,550.001,3.90451,546.917,15.7061,
0.0138889,0.009216,0.05,0.01024,0.2,0.01024,0.8,0.01024,2.90909,0.011264,11.6364,0.011264,42.6667,0.012288,136.533,0.01536,273.067,0.03072,372.364,0.090112,416.102,0.32256,545.565,0.984064,550.145,3.90349,546.952,15.7051,
0.0138889,0.009216,0.05,0.01024,0.222222,0.009216,0.727273,0.011264,2.90909,0.011264,11.6364,0.011264,46.5455,0.011264,136.533,0.01536,273.067,0.03072,372.364,0.090112,414.785,0.323584,545.565,0.984064,550.001,3.90451,546.881,15.7071,
0.0138889,0.009216,0.05,0.01024,0.222222,0.009216,0.727273,0.011264,3.2,0.01024,12.8,0.01024,46.5455,0.011264,136.533,0.01536,273.067,0.03072,368.18,0.091136,418.76,0.320512,544.998,0.985088,549.712,3.90656,546.952,15.7051,
0.0138889,0.009216,0.05,0.01024,0.222222,0.009216,0.8,0.01024,2.90909,0.011264,11.6364,0.011264,46.5455,0.011264,136.533,0.01536,273.067,0.03072,372.364,0.090112,418.76,0.320512,545.565,0.984064,549.712,3.90656,547.166,15.6989,
0.0138889,0.009216,0.05,0.01024,0.222222,0.009216,0.8,0.01024,3.2,0.01024,12.8,0.01024,42.6667,0.012288,136.533,0.01536,273.067,0.03072,372.364,0.090112,418.76,0.320512,545.565,0.984064,550.001,3.90451,546.988,15.7041,
0.0138889,0.009216,0.05,0.01024,0.222222,0.009216,0.8,0.01024,2.90909,0.011264,12.8,0.01024,42.6667,0.012288,136.533,0.01536,273.067,0.03072,372.364,0.090112,418.76,0.320512,544.432,0.986112,549.856,3.90554,546.881,15.7071,
0.0138889,0.009216,0.05,0.01024,0.222222,0.009216,0.727273,0.011264,2.90909,0.011264,12.8,0.01024,46.5455,0.011264,136.533,0.01536,273.067,0.03072,372.364,0.090112,418.76,0.320512,544.432,0.986112,549.856,3.90554,546.988,15.7041,
0.0138889,0.009216,0.0454545,0.011264,0.222222,0.009216,0.727273,0.011264,2.90909,0.011264,12.8,0.01024,46.5455,0.011264,128,0.016384,273.067,0.03072,376.644,0.089088,418.76,0.320512,544.998,0.985088,550.001,3.90451,546.845,15.7082,
0.0125,0.01024,0.0454545,0.011264,0.2,0.01024,0.727273,0.011264,2.90909,0.011264,11.6364,0.011264,42.6667,0.012288,136.533,0.01536,273.067,0.03072,360.088,0.093184,420.103,0.319488,527.984,1.01683,550.145,3.90349,547.024,15.703,
0.0138889,0.009216,0.05,0.01024,0.222222,0.009216,0.8,0.01024,2.90909,0.011264,11.6364,0.011264,42.6667,0.012288,136.533,0.01536,282.483,0.029696,372.364,0.090112,417.427,0.321536,544.432,0.986112,549.856,3.90554,547.202,15.6979,
0.0138889,0.009216,0.05,0.01024,0.222222,0.009216,0.727273,0.011264,2.90909,0.011264,1.30612,0.100352,42.6667,0.012288,136.533,0.01536,273.067,0.03072,372.364,0.090112,417.427,0.321536,544.432,0.986112,549.568,3.90758,546.952,15.7051,
0.0125,0.01024,0.05,0.01024,0.222222,0.009216,0.8,0.01024,2.90909,0.011264,11.6364,0.011264,42.6667,0.012288,128,0.016384,282.483,0.029696,372.364,0.090112,418.76,0.320512,545.565,0.984064,549.424,3.90861,547.131,15.7,
0.0125,0.01024,0.0454545,0.011264,0.2,0.01024,0.727273,0.011264,3.2,0.01024,11.6364,0.011264,42.6667,0.012288,136.533,0.01536,264.258,0.031744,372.364,0.090112,418.76,0.320512,544.432,0.986112,550.145,3.90349,544.185,15.785,
0.0138889,0.009216,0.05,0.01024,0.222222,0.009216,0.8,0.01024,3.2,0.01024,11.6364,0.011264,42.6667,0.012288,136.533,0.01536,273.067,0.03072,372.364,0.090112,418.76,0.320512,545.565,0.984064,550.145,3.90349,544.786,15.7676,
0.0125,0.01024,0.0416667,0.012288,0.2,0.01024,0.727273,0.011264,3.2,0.01024,11.6364,0.011264,42.6667,0.012288,136.533,0.01536,282.483,0.029696,372.364,0.090112,417.427,0.321536,544.432,0.986112,550.001,3.90451,546.845,15.7082,
0.0138889,0.009216,0.05,0.01024,0.222222,0.009216,0.8,0.01024,2.90909,0.011264,11.6364,0.011264,46.5455,0.011264,136.533,0.01536,282.483,0.029696,376.644,0.089088,417.427,0.321536,545.565,0.984064,550.001,3.90451,546.81,15.7092,
0.0138889,0.009216,0.05,0.01024,0.222222,0.009216,0.8,0.01024,2.90909,0.011264,12.8,0.01024,42.6667,0.012288,136.533,0.01536,282.483,0.029696,372.364,0.090112,417.427,0.321536,543.304,0.98816,550.145,3.90349,546.774,15.7102,
0.0138889,0.009216,0.0555556,0.009216,0.2,0.01024,0.8,0.01024,3.2,0.01024,11.6364,0.011264,42.6667,0.012288,136.533,0.01536,273.067,0.03072,376.644,0.089088,417.427,0.321536,542.741,0.989184,550.145,3.90349,546.738,15.7112,
0.0138889,0.009216,0.05,0.01024,0.2,0.01024,0.727273,0.011264,2.90909,0.011264,12.8,0.01024,42.6667,0.012288,136.533,0.01536,282.483,0.029696,372.364,0.090112,417.427,0.321536,544.998,0.985088,549.28,3.90963,546.952,15.7051,
0.0138889,0.009216,0.05,0.01024,0.2,0.01024,0.8,0.01024,3.2,0.01024,11.6364,0.011264,42.6667,0.012288,136.533,0.01536,282.483,0.029696,372.364,0.090112,416.102,0.32256,544.432,0.986112,548.993,3.91168,547.024,15.703,
0.0138889,0.009216,0.0454545,0.011264,0.2,0.01024,0.727273,0.011264,3.2,0.01024,11.6364,0.011264,42.6667,0.012288,136.533,0.01536,282.483,0.029696,372.364,0.090112,417.427,0.321536,544.432,0.986112,548.993,3.91168,546.81,15.7092,
0.0138889,0.009216,0.05,0.01024,0.222222,0.009216,0.8,0.01024,3.2,0.01024,11.6364,0.011264,42.6667,0.012288,136.533,0.01536,282.483,0.029696,376.644,0.089088,418.76,0.320512,545.565,0.984064,548.418,3.91578,547.095,15.701,
0.0125,0.01024,0.0416667,0.012288,0.2,0.01024,0.8,0.01024,2.90909,0.011264,11.6364,0.011264,42.6667,0.012288,136.533,0.01536,282.483,0.029696,372.364,0.090112,418.76,0.320512,544.998,0.985088,548.562,3.91475,546.81,15.7092,
0.0138889,0.009216,0.05,0.01024,0.222222,0.009216,0.727273,0.011264,2.90909,0.011264,11.6364,0.011264,42.6667,0.012288,136.533,0.01536,273.067,0.03072,376.644,0.089088,418.76,0.320512,544.998,0.985088,548.418,3.91578,547.059,15.702,
0.0138889,0.009216,0.0454545,0.011264,0.2,0.01024,0.727273,0.011264,2.90909,0.011264,12.8,0.01024,42.6667,0.012288,136.533,0.01536,282.483,0.029696,372.364,0.090112,417.427,0.321536,544.998,0.985088,549.424,3.90861,546.81,15.7092,
0.0138889,0.009216,0.05,0.01024,0.2,0.01024,0.8,0.01024,2.90909,0.011264,12.8,0.01024,42.6667,0.012288,136.533,0.01536,282.483,0.029696,372.364,0.090112,418.76,0.320512,546.133,0.98304,549.856,3.90554,546.81,15.7092,
0.0138889,0.009216,0.0555556,0.009216,0.2,0.01024,0.727273,0.011264,2.90909,0.011264,11.6364,0.011264,42.6667,0.012288,136.533,0.01536,273.067,0.03072,372.364,0.090112,418.76,0.320512,545.565,0.984064,550.145,3.90349,546.845,15.7082,
0.0125,0.01024,0.0555556,0.009216,0.222222,0.009216,0.727273,0.011264,3.2,0.01024,11.6364,0.011264,42.6667,0.012288,136.533,0.01536,282.483,0.029696,372.364,0.090112,417.427,0.321536,544.998,0.985088,550.001,3.90451,546.382,15.7215,
0.0125,0.01024,0.0555556,0.009216,0.2,0.01024,0.727273,0.011264,2.90909,0.011264,12.8,0.01024,42.6667,0.012288,136.533,0.01536,282.483,0.029696,368.18,0.091136,418.76,0.320512,546.133,0.98304,550.001,3.90451,546.56,15.7164,
0.0125,0.01024,0.0555556,0.009216,0.2,0.01024,0.727273,0.011264,3.2,0.01024,11.6364,0.011264,46.5455,0.011264,136.533,0.01536,282.483,0.029696,372.364,0.090112,418.76,0.320512,544.998,0.985088,550.289,3.90246,546.952,15.7051,
0.0138889,0.009216,0.0555556,0.009216,0.2,0.01024,0.727273,0.011264,2.90909,0.011264,11.6364,0.011264,42.6667,0.012288,136.533,0.01536,273.067,0.03072,376.644,0.089088,418.76,0.320512,544.998,0.985088,550.001,3.90451,546.988,15.7041,
0.0125,0.01024,0.05,0.01024,0.2,0.01024,0.8,0.01024,2.90909,0.011264,11.6364,0.011264,42.6667,0.012288,136.533,0.01536,221.405,0.037888,372.364,0.090112,418.76,0.320512,545.565,0.984064,549.856,3.90554,546.988,15.7041,
0.0138889,0.009216,0.05,0.01024,0.2,0.01024,0.727273,0.011264,3.2,0.01024,11.6364,0.011264,42.6667,0.012288,136.533,0.01536,273.067,0.03072,372.364,0.090112,418.76,0.320512,543.867,0.987136,549.856,3.90554,546.667,15.7133,
0.0125,0.01024,0.0555556,0.009216,0.2,0.01024,0.727273,0.011264,2.90909,0.011264,11.6364,0.011264,42.6667,0.012288,136.533,0.01536,282.483,0.029696,376.644,0.089088,418.76,0.320512,543.867,0.987136,550.001,3.90451,546.881,15.7071,
0.0125,0.01024,0.05,0.01024,0.2,0.01024,0.727273,0.011264,2.90909,0.011264,11.6364,0.011264,36.5714,0.014336,128,0.016384,282.483,0.029696,372.364,0.090112,420.103,0.319488,543.304,0.98816,549.424,3.90861,546.881,15.7071,
0.0138889,0.009216,0.0555556,0.009216,0.2,0.01024,0.8,0.01024,2.90909,0.011264,11.6364,0.011264,42.6667,0.012288,113.778,0.018432,273.067,0.03072,372.364,0.090112,418.76,0.320512,541.62,0.991232,550.001,3.90451,546.845,15.7082,
0.0125,0.01024,0.05,0.01024,0.2,0.01024,0.727273,0.011264,2.90909,0.011264,12.8,0.01024,42.6667,0.012288,136.533,0.01536,282.483,0.029696,372.364,0.090112,417.427,0.321536,543.304,0.98816,550.145,3.90349,546.774,15.7102,
0.0125,0.01024,0.05,0.01024,0.2,0.01024,0.8,0.01024,2.90909,0.011264,11.6364,0.011264,46.5455,0.011264,136.533,0.01536,282.483,0.029696,376.644,0.089088,418.76,0.320512,542.18,0.990208,550.145,3.90349,546.703,15.7123,
0.0125,0.01024,0.05,0.01024,0.2,0.01024,0.727273,0.011264,2.90909,0.011264,12.8,0.01024,46.5455,0.011264,136.533,0.01536,273.067,0.03072,376.644,0.089088,418.76,0.320512,543.304,0.98816,549.856,3.90554,546.667,15.7133,
0.0138889,0.009216,0.0555556,0.009216,0.2,0.01024,0.8,0.01024,2.90909,0.011264,11.6364,0.011264,42.6667,0.012288,128,0.016384,273.067,0.03072,372.364,0.090112,418.76,0.320512,544.432,0.986112,549.712,3.90656,546.667,15.7133,
0.0125,0.01024,0.0555556,0.009216,0.2,0.01024,0.727273,0.011264,2.90909,0.011264,12.8,0.01024,42.6667,0.012288,136.533,0.01536,273.067,0.03072,372.364,0.090112,418.76,0.320512,544.998,0.985088,550.001,3.90451,546.952,15.7051,
0.0138889,0.009216,0.0555556,0.009216,0.222222,0.009216,0.8,0.01024,2.90909,0.011264,11.6364,0.011264,42.6667,0.012288,128,0.016384,282.483,0.029696,376.644,0.089088,418.76,0.320512,544.998,0.985088,549.856,3.90554,547.059,15.702,
0.0138889,0.009216,0.05,0.01024,0.2,0.01024,0.727273,0.011264,2.90909,0.011264,12.8,0.01024,42.6667,0.012288,136.533,0.01536,282.483,0.029696,372.364,0.090112,418.76,0.320512,544.998,0.985088,550.145,3.90349,547.095,15.701,
0.0138889,0.009216,0.05,0.01024,0.2,0.01024,0.8,0.01024,2.90909,0.011264,12.8,0.01024,42.6667,0.012288,128,0.016384,282.483,0.029696,372.364,0.090112,417.427,0.321536,545.565,0.984064,550.145,3.90349,546.988,15.7041,
