bandwidth_0,time_0,bandwidth_1,time_1,bandwidth_2,time_2,bandwidth_3,time_3,bandwidth_4,time_4,bandwidth_5,time_5,bandwidth_6,time_6,bandwidth_7,time_7,bandwidth_8,time_8,bandwidth_9,time_9,bandwidth_10,time_10,bandwidth_11,time_11,bandwidth_12,time_12,bandwidth_13,time_13,
0.00892857,0.014336,0.0416667,0.012288,0.181818,0.011264,0.615385,0.013312,2.66667,0.012288,10.6667,0.012288,39.3846,0.013312,170.667,0.012288,409.6,0.02048,574.877,0.058368,652.099,0.205824,680.893,0.78848,689.173,3.11603,716.179,11.9941,
0.0104167,0.012288,0.0416667,0.012288,0.181818,0.011264,0.666667,0.012288,2.90909,0.011264,11.6364,0.011264,42.6667,0.012288,170.667,0.012288,431.158,0.019456,574.877,0.058368,665.34,0.201728,687.14,0.781312,690.307,3.11091,716.608,11.9869,
0.0104167,0.012288,0.0454545,0.011264,0.2,0.01024,0.727273,0.011264,2.90909,0.011264,10.6667,0.012288,42.6667,0.012288,157.538,0.013312,455.111,0.018432,574.877,0.058368,668.735,0.200704,689.853,0.77824,689.399,3.11501,716.791,11.9839,
0.00961538,0.013312,0.0454545,0.011264,0.181818,0.011264,0.727273,0.011264,2.66667,0.012288,11.6364,0.011264,42.6667,0.012288,157.538,0.013312,481.882,0.017408,564.966,0.059392,665.34,0.201728,688.946,0.779264,690.307,3.11091,716.975,11.9808,
0.0104167,0.012288,0.0454545,0.011264,0.2,0.01024,0.666667,0.012288,2.66667,0.012288,10.6667,0.012288,46.5455,0.011264,157.538,0.013312,455.111,0.018432,574.877,0.058368,668.735,0.200704,684.449,0.784384,690.762,3.10886,716.424,11.99,
0.0104167,0.012288,0.0454545,0.011264,0.181818,0.011264,0.8,0.01024,2.90909,0.011264,11.6364,0.011264,42.6667,0.012288,157.538,0.013312,455.111,0.018432,574.877,0.058368,661.98,0.202752,687.14,0.781312,690.534,3.10989,716.424,11.99,
0.0113636,0.011264,0.0454545,0.011264,0.181818,0.011264,0.727273,0.011264,2.90909,0.011264,11.6364,0.011264,42.6667,0.012288,157.538,0.013312,455.111,0.018432,574.877,0.058368,679.13,0.197632,686.241,0.782336,690.307,3.11091,726.727,11.82,
0.0113636,0.011264,0.0454545,0.011264,0.181818,0.011264,0.727273,0.011264,2.66667,0.012288,11.6364,0.011264,46.5455,0.011264,157.538,0.013312,455.111,0.018432,546.133,0.06144,668.735,0.200704,687.14,0.781312,690.08,3.11194,733.847,11.7053,
0.0113636,0.011264,0.0454545,0.011264,0.2,0.01024,0.666667,0.012288,2.66667,0.012288,10.6667,0.012288,42.6667,0.012288,157.538,0.013312,481.882,0.017408,564.966,0.059392,675.629,0.198656,688.042,0.780288,690.307,3.11091,733.526,11.7105,
0.0113636,0.011264,0.0454545,0.011264,0.2,0.01024,0.666667,0.012288,2.90909,0.011264,11.6364,0.011264,42.6667,0.012288,157.538,0.013312,455.111,0.018432,564.966,0.059392,679.13,0.197632,688.042,0.780288,690.534,3.10989,733.783,11.7064,
0.0104167,0.012288,0.0454545,0.011264,0.2,0.01024,0.727273,0.011264,2.66667,0.012288,11.6364,0.011264,42.6667,0.012288,170.667,0.012288,455.111,0.018432,574.877,0.058368,675.629,0.198656,687.14,0.781312,691.217,3.10682,733.911,11.7043,
0.0104167,0.012288,0.05,0.01024,0.2,0.01024,0.727273,0.011264,2.90909,0.011264,10.6667,0.012288,42.6667,0.012288,170.667,0.012288,455.111,0.018432,564.966,0.059392,679.13,0.197632,687.14,0.781312,691.445,3.10579,733.655,11.7084,
0.0113636,0.011264,0.0454545,0.011264,0.2,0.01024,0.666667,0.012288,2.66667,0.012288,11.6364,0.011264,42.6667,0.012288,170.667,0.012288,481.882,0.017408,564.966,0.059392,682.667,0.196608,688.042,0.780288,690.534,3.10989,733.462,11.7115,
0.0113636,0.011264,0.0454545,0.011264,0.181818,0.011264,0.727273,0.011264,2.90909,0.011264,10.6667,0.012288,42.6667,0.012288,170.667,0.012288,455.111,0.018432,574.877,0.058368,682.667,0.196608,687.14,0.781312,690.534,3.10989,733.334,11.7135,
0.0104167,0.012288,0.0416667,0.012288,0.181818,0.011264,0.727273,0.011264,2.90909,0.011264,11.6364,0.011264,42.6667,0.012288,170.667,0.012288,455.111,0.018432,574.877,0.058368,682.667,0.196608,687.14,0.781312,690.08,3.11194,733.655,11.7084,
0.0104167,0.012288,0.0454545,0.011264,0.181818,0.011264,0.8,0.01024,2.66667,0.012288,10.6667,0.012288,46.5455,0.011264,170.667,0.012288,481.882,0.017408,564.966,0.059392,686.241,0.195584,684.449,0.784384,689.626,3.11398,733.526,11.7105,
0.0113636,0.011264,0.0454545,0.011264,0.181818,0.011264,0.727273,0.011264,2.66667,0.012288,11.6364,0.011264,42.6667,0.012288,170.667,0.012288,481.882,0.017408,574.877,0.058368,682.667,0.196608,688.042,0.780288,690.534,3.10989,733.462,11.7115,
0.0113636,0.011264,0.0454545,0.011264,0.181818,0.011264,0.666667,0.012288,2.90909,0.011264,10.6667,0.012288,46.5455,0.011264,170.667,0.012288,455.111,0.018432,574.877,0.058368,675.629,0.198656,688.042,0.780288,689.853,3.11296,733.719,11.7074,
0.0113636,0.011264,0.0454545,0.011264,0.181818,0.011264,0.727273,0.011264,2.66667,0.012288,10.6667,0.012288,42.6667,0.012288,170.667,0.012288,455.111,0.018432,564.966,0.059392,675.629,0.198656,687.14,0.781312,690.307,3.11091,733.591,11.7094,
0.0113636,0.011264,0.0454545,0.011264,0.181818,0.011264,0.8,0.01024,2.90909,0.011264,10.6667,0.012288,42.6667,0.012288,157.538,0.013312,455.111,0.018432,574.877,0.058368,679.13,0.197632,690.762,0.777216,690.534,3.10989,733.591,11.7094,
0.0113636,0.011264,0.0454545,0.011264,0.2,0.01024,0.727273,0.011264,2.66667,0.012288,11.6364,0.011264,42.6667,0.012288,157.538,0.013312,481.882,0.017408,574.877,0.058368,675.629,0.198656,692.587,0.775168,690.307,3.11091,733.462,11.7115,
0.0113636,0.011264,0.0454545,0.011264,0.2,0.01024,0.8,0.01024,2.90909,0.011264,10.6667,0.012288,46.5455,0.011264,157.538,0.013312,481.882,0.017408,574.877,0.058368,675.629,0.198656,692.587,0.775168,689.853,3.11296,733.591,11.7094,
0.0125,0.01024,0.0416667,0.012288,0.2,0.01024,0.727273,0.011264,2.90909,0.011264,11.6364,0.011264,39.3846,0.013312,170.667,0.012288,455.111,0.018432,564.966,0.059392,675.629,0.198656,692.587,0.775168,690.307,3.11091,733.911,11.7043,
0.0104167,0.012288,0.0454545,0.011264,0.181818,0.011264,0.727273,0.011264,2.90909,0.011264,10.6667,0.012288,46.5455,0.011264,170.667,0.012288,455.111,0.018432,574.877,0.058368,672.164,0.19968,689.853,0.77824,689.399,3.11501,733.462,11.7115,
0.0113636,0.011264,0.0454545,0.011264,0.2,0.01024,0.666667,0.012288,2.90909,0.011264,11.6364,0.011264,42.6667,0.012288,157.538,0.013312,481.882,0.017408,564.966,0.059392,679.13,0.197632,687.14,0.781312,690.534,3.10989,733.655,11.7084,
0.0078125,0.016384,0.0454545,0.011264,0.181818,0.011264,0.727273,0.011264,2.90909,0.011264,11.6364,0.011264,42.6667,0.012288,157.538,0.013312,455.111,0.018432,574.877,0.058368,661.98,0.202752,688.042,0.780288,689.853,3.11296,734.04,11.7023,
0.0113636,0.011264,0.0454545,0.011264,0.2,0.01024,0.666667,0.012288,2.90909,0.011264,11.6364,0.011264,46.5455,0.011264,170.667,0.012288,455.111,0.018432,574.877,0.058368,675.629,0.198656,687.14,0.781312,690.307,3.11091,733.911,11.7043,
0.0113636,0.011264,0.0454545,0.011264,0.181818,0.011264,0.727273,0.011264,2.90909,0.011264,10.6667,0.012288,46.5455,0.011264,157.538,0.013312,481.882,0.017408,564.966,0.059392,675.629,0.198656,687.14,0.781312,689.853,3.11296,733.911,11.7043,
0.0125,0.01024,0.0454545,0.011264,0.181818,0.011264,0.727273,0.011264,2.66667,0.012288,11.6364,0.011264,46.5455,0.011264,170.667,0.012288,455.111,0.018432,564.966,0.059392,675.629,0.198656,682.667,0.786432,690.307,3.11091,733.911,11.7043,
0.0113636,0.011264,0.05,0.01024,0.181818,0.011264,0.727273,0.011264,2.90909,0.011264,10.6667,0.012288,42.6667,0.012288,170.667,0.012288,481.882,0.017408,564.966,0.059392,672.164,0.19968,687.14,0.781312,689.853,3.11296,733.783,11.7064,
0.0113636,0.011264,0.0416667,0.012288,0.2,0.01024,0.666667,0.012288,2.90909,0.011264,11.6364,0.011264,46.5455,0.011264,170.667,0.012288,481.882,0.017408,574.877,0.058368,679.13,0.197632,688.042,0.780288,690.08,3.11194,733.719,11.7074,
0.0113636,0.011264,0.0454545,0.011264,0.2,0.01024,0.727273,0.011264,2.66667,0.012288,10.6667,0.012288,42.6667,0.012288,157.538,0.013312,455.111,0.018432,564.966,0.059392,612.486,0.219136,687.14,0.781312,690.08,3.11194,733.655,11.7084,
0.0113636,0.011264,0.0454545,0.011264,0.181818,0.011264,0.727273,0.011264,2.66667,0.012288,11.6364,0.011264,42.6667,0.012288,157.538,0.013312,455.111,0.018432,564.966,0.059392,675.629,0.198656,687.14,0.781312,690.08,3.11194,733.142,11.7166,
0.0113636,0.011264,0.0454545,0.011264,0.181818,0.011264,0.727273,0.011264,2.90909,0.011264,11.6364,0.011264,42.6667,0.012288,170.667,0.012288,481.882,0.017408,574.877,0.058368,679.13,0.197632,688.042,0.780288,690.534,3.10989,733.847,11.7053,
0.0125,0.01024,0.0416667,0.012288,0.153846,0.013312,0.727273,0.011264,2.66667,0.012288,10.6667,0.012288,42.6667,0.012288,157.538,0.013312,455.111,0.018432,564.966,0.059392,675.629,0.198656,681.779,0.787456,740.258,2.90099,733.976,11.7033,
0.0104167,0.012288,0.05,0.01024,0.181818,0.011264,0.666667,0.012288,2.66667,0.012288,8.53333,0.01536,46.5455,0.011264,170.667,0.012288,455.111,0.018432,564.966,0.059392,675.629,0.198656,688.042,0.780288,753.017,2.85184,733.526,11.7105,
0.0113636,0.011264,0.0454545,0.011264,0.181818,0.011264,0.666667,0.012288,2.90909,0.011264,11.6364,0.011264,46.5455,0.011264,157.538,0.013312,431.158,0.019456,574.877,0.058368,675.629,0.198656,688.042,0.780288,753.017,2.85184,733.462,11.7115,
0.0113636,0.011264,0.0454545,0.011264,0.181818,0.011264,0.727273,0.011264,2.66667,0.012288,11.6364,0.011264,42.6667,0.012288,157.538,0.013312,455.111,0.018432,574.877,0.058368,679.13,0.197632,687.14,0.781312,753.558,2.84979,733.591,11.7094,
0.0113636,0.011264,0.0454545,0.011264,0.181818,0.011264,0.727273,0.011264,2.90909,0.011264,10.6667,0.012288,42.6667,0.012288,128,0.016384,431.158,0.019456,574.877,0.058368,675.629,0.198656,688.042,0.780288,753.017,2.85184,733.719,11.7074,
0.0104167,0.012288,0.0454545,0.011264,0.2,0.01024,0.727273,0.011264,2.90909,0.011264,11.6364,0.011264,42.6667,0.012288,170.667,0.012288,455.111,0.018432,564.966,0.059392,675.629,0.198656,690.762,0.777216,753.287,2.85082,733.655,11.7084,
0.0113636,0.011264,0.0454545,0.011264,0.2,0.01024,0.666667,0.012288,2.90909,0.011264,10.6667,0.012288,42.6667,0.012288,170.667,0.012288,481.882,0.017408,574.877,0.058368,675.629,0.198656,691.673,0.776192,753.017,2.85184,733.462,11.7115,
0.0113636,0.011264,0.05,0.01024,0.181818,0.011264,0.8,0.01024,2.90909,0.011264,10.6667,0.012288,46.5455,0.011264,170.667,0.012288,455.111,0.018432,574.877,0.058368,679.13,0.197632,691.673,0.776192,753.017,2.85184,733.655,11.7084,
0.0113636,0.011264,0.0416667,0.012288,0.2,0.01024,0.666667,0.012288,2.66667,0.012288,11.6364,0.011264,46.5455,0.011264,170.667,0.012288,455.111,0.018432,574.877,0.058368,675.629,0.198656,693.503,0.774144,753.558,2.84979,733.655,11.7084,
0.0113636,0.011264,0.0454545,0.011264,0.181818,0.011264,0.727273,0.011264,2.90909,0.011264,11.6364,0.011264,46.5455,0.011264,170.667,0.012288,455.111,0.018432,574.877,0.058368,675.629,0.198656,688.946,0.779264,753.829,2.84877,734.233,11.6992,
0.0113636,0.011264,0.0416667,0.012288,0.2,0.01024,0.666667,0.012288,2.66667,0.012288,11.6364,0.011264,46.5455,0.011264,157.538,0.013312,455.111,0.018432,564.966,0.059392,679.13,0.197632,687.14,0.781312,753.287,2.85082,733.398,11.7125,
0.0104167,0.012288,0.0454545,0.011264,0.181818,0.011264,0.727273,0.011264,2.90909,0.011264,11.6364,0.011264,42.6667,0.012288,157.538,0.013312,481.882,0.017408,574.877,0.058368,675.629,0.198656,687.14,0.781312,753.287,2.85082,733.462,11.7115,
0.0125,0.01024,0.0454545,0.011264,0.181818,0.011264,0.666667,0.012288,2.66667,0.012288,11.6364,0.011264,46.5455,0.011264,170.667,0.012288,455.111,0.018432,574.877,0.058368,675.629,0.198656,687.14,0.781312,753.829,2.84877,733.462,11.7115,
0.0113636,0.011264,0.0454545,0.011264,0.181818,0.011264,0.8,0.01024,2.90909,0.011264,11.6364,0.011264,46.5455,0.011264,157.538,0.013312,372.364,0.022528,574.877,0.058368,675.629,0.198656,687.14,0.781312,753.558,2.84979,733.526,11.7105,
0.0125,0.01024,0.0454545,0.011264,0.166667,0.012288,0.727273,0.011264,2.66667,0.012288,10.6667,0.012288,42.6667,0.012288,157.538,0.013312,481.882,0.017408,574.877,0.058368,682.667,0.196608,687.14,0.781312,754.371,2.84672,733.591,11.7094,
0.0113636,0.011264,0.0454545,0.011264,0.181818,0.011264,0.727273,0.011264,2.90909,0.011264,11.6364,0.011264,42.6667,0.012288,170.667,0.012288,455.111,0.018432,574.877,0.058368,668.735,0.200704,688.042,0.780288,754.1,2.84774,733.911,11.7043,
0.0125,0.01024,0.0416667,0.012288,0.2,0.01024,0.666667,0.012288,2.90909,0.011264,11.6364,0.011264,42.6667,0.012288,186.182,0.011264,431.158,0.019456,574.877,0.058368,686.241,0.195584,687.14,0.781312,754.1,2.84774,733.976,11.7033,
0.0113636,0.011264,0.0454545,0.011264,0.2,0.01024,0.727273,0.011264,2.90909,0.011264,11.6364,0.011264,42.6667,0.012288,157.538,0.013312,455.111,0.018432,564.966,0.059392,682.667,0.196608,688.042,0.780288,753.558,2.84979,733.462,11.7115,
0.0113636,0.011264,0.0454545,0.011264,0.181818,0.011264,0.727273,0.011264,2.66667,0.012288,11.6364,0.011264,46.5455,0.011264,157.538,0.013312,481.882,0.017408,564.966,0.059392,686.241,0.195584,688.042,0.780288,753.829,2.84877,733.526,11.7105,
0.0113636,0.011264,0.0454545,0.011264,0.181818,0.011264,0.666667,0.012288,2.66667,0.012288,11.6364,0.011264,36.5714,0.014336,157.538,0.013312,431.158,0.019456,574.877,0.058368,689.853,0.19456,688.042,0.780288,753.558,2.84979,733.078,11.7176,
0.0113636,0.011264,0.0454545,0.011264,0.2,0.01024,0.666667,0.012288,2.90909,0.011264,10.6667,0.012288,46.5455,0.011264,170.667,0.012288,455.111,0.018432,564.966,0.059392,689.853,0.19456,687.14,0.781312,752.747,2.85286,733.462,11.7115,
0.0113636,0.011264,0.0454545,0.011264,0.181818,0.011264,0.727273,0.011264,2.90909,0.011264,11.6364,0.011264,46.5455,0.011264,157.538,0.013312,455.111,0.018432,574.877,0.058368,689.853,0.19456,687.14,0.781312,753.829,2.84877,733.591,11.7094,
0.0125,0.01024,0.0416667,0.012288,0.133333,0.01536,0.727273,0.011264,2.90909,0.011264,10.6667,0.012288,46.5455,0.011264,157.538,0.013312,481.882,0.017408,574.877,0.058368,686.241,0.195584,688.042,0.780288,753.017,2.85184,733.783,11.7064,
0.0113636,0.011264,0.0454545,0.011264,0.181818,0.011264,0.666667,0.012288,2.66667,0.012288,10.6667,0.012288,46.5455,0.011264,170.667,0.012288,481.882,0.017408,574.877,0.058368,686.241,0.195584,688.042,0.780288,752.207,2.85491,733.783,11.7064,
0.0113636,0.011264,0.0454545,0.011264,0.2,0.01024,0.727273,0.011264,2.66667,0.012288,11.6364,0.011264,42.6667,0.012288,157.538,0.013312,431.158,0.019456,574.877,0.058368,686.241,0.195584,688.042,0.780288,752.207,2.85491,733.655,11.7084,
0.0113636,0.011264,0.0454545,0.011264,0.2,0.01024,0.727273,0.011264,2.90909,0.011264,10.6667,0.012288,46.5455,0.011264,157.538,0.013312,455.111,0.018432,574.877,0.058368,686.241,0.195584,688.946,0.779264,753.558,2.84979,733.206,11.7156,
0.0113636,0.011264,0.0416667,0.012288,0.181818,0.011264,0.727273,0.011264,2.46154,0.013312,11.6364,0.011264,46.5455,0.011264,157.538,0.013312,455.111,0.018432,564.966,0.059392,689.853,0.19456,691.673,0.776192,753.829,2.84877,733.142,11.7166,
0.0113636,0.011264,0.0454545,0.011264,0.181818,0.011264,0.666667,0.012288,2.90909,0.011264,10.6667,0.012288,46.5455,0.011264,157.538,0.013312,455.111,0.018432,564.966,0.059392,686.241,0.195584,692.587,0.775168,753.017,2.85184,733.014,11.7187,
0.0113636,0.011264,0.0454545,0.011264,0.181818,0.011264,0.666667,0.012288,2.90909,0.011264,11.6364,0.011264,46.5455,0.011264,157.538,0.013312,455.111,0.018432,564.966,0.059392,689.853,0.19456,691.673,0.776192,753.287,2.85082,733.27,11.7146,
0.0113636,0.011264,0.0454545,0.011264,0.181818,0.011264,0.727273,0.011264,2.66667,0.012288,10.6667,0.012288,46.5455,0.011264,170.667,0.012288,455.111,0.018432,574.877,0.058368,686.241,0.195584,688.042,0.780288,752.747,2.85286,733.911,11.7043,
0.0113636,0.011264,0.0416667,0.012288,0.2,0.01024,0.727273,0.011264,2.66667,0.012288,11.6364,0.011264,46.5455,0.011264,170.667,0.012288,455.111,0.018432,574.877,0.058368,686.241,0.195584,688.042,0.780288,752.747,2.85286,733.334,11.7135,
0.0113636,0.011264,0.0454545,0.011264,0.2,0.01024,0.666667,0.012288,2.90909,0.011264,10.6667,0.012288,42.6667,0.012288,170.667,0.012288,455.111,0.018432,574.877,0.058368,686.241,0.195584,687.14,0.781312,752.477,2.85389,732.95,11.7197,
0.0113636,0.011264,0.0454545,0.011264,0.181818,0.011264,0.666667,0.012288,2.66667,0.012288,11.6364,0.011264,46.5455,0.011264,170.667,0.012288,431.158,0.019456,564.966,0.059392,686.241,0.195584,687.14,0.781312,752.477,2.85389,733.014,11.7187,
0.0113636,0.011264,0.0416667,0.012288,0.181818,0.011264,0.727273,0.011264,2.66667,0.012288,11.6364,0.011264,46.5455,0.011264,170.667,0.012288,455.111,0.018432,564.966,0.059392,686.241,0.195584,687.14,0.781312,752.477,2.85389,733.462,11.7115,
0.0113636,0.011264,0.0454545,0.011264,0.2,0.01024,0.727273,0.011264,2.66667,0.012288,11.6364,0.011264,46.5455,0.011264,170.667,0.012288,455.111,0.018432,574.877,0.058368,686.241,0.195584,687.14,0.781312,752.477,2.85389,733.014,11.7187,
0.0125,0.01024,0.0454545,0.011264,0.181818,0.011264,0.727273,0.011264,2.90909,0.011264,11.6364,0.011264,46.5455,0.011264,170.667,0.012288,455.111,0.018432,574.877,0.058368,686.241,0.195584,688.042,0.780288,752.747,2.85286,732.758,11.7228,
0.0125,0.01024,0.0416667,0.012288,0.181818,0.011264,0.666667,0.012288,2.90909,0.011264,10.6667,0.012288,46.5455,0.011264,170.667,0.012288,481.882,0.017408,574.877,0.058368,686.241,0.195584,687.14,0.781312,752.477,2.85389,732.886,11.7207,
0.0104167,0.012288,0.0454545,0.011264,0.181818,0.011264,0.615385,0.013312,2.90909,0.011264,10.6667,0.012288,42.6667,0.012288,170.667,0.012288,481.882,0.017408,574.877,0.058368,689.853,0.19456,687.14,0.781312,752.207,2.85491,733.206,11.7156,
0.0125,0.01024,0.0454545,0.011264,0.2,0.01024,0.666667,0.012288,2.90909,0.011264,11.6364,0.011264,46.5455,0.011264,170.667,0.012288,431.158,0.019456,574.877,0.058368,686.241,0.195584,687.14,0.781312,752.477,2.85389,733.783,11.7064,
0.0078125,0.016384,0.0454545,0.011264,0.181818,0.011264,0.727273,0.011264,2.90909,0.011264,11.6364,0.011264,46.5455,0.011264,170.667,0.012288,481.882,0.017408,574.877,0.058368,686.241,0.195584,688.042,0.780288,752.747,2.85286,734.04,11.7023,
0.0113636,0.011264,0.0416667,0.012288,0.2,0.01024,0.666667,0.012288,2.66667,0.012288,11.6364,0.011264,42.6667,0.012288,157.538,0.013312,455.111,0.018432,564.966,0.059392,689.853,0.19456,688.042,0.780288,752.477,2.85389,734.233,11.6992,
0.0113636,0.011264,0.0454545,0.011264,0.181818,0.011264,0.727273,0.011264,2.90909,0.011264,10.6667,0.012288,46.5455,0.011264,170.667,0.012288,455.111,0.018432,564.966,0.059392,686.241,0.195584,686.241,0.782336,752.207,2.85491,734.233,11.6992,
0.0125,0.01024,0.0454545,0.011264,0.181818,0.011264,0.666667,0.012288,2.66667,0.012288,11.6364,0.011264,46.5455,0.011264,170.667,0.012288,455.111,0.018432,574.877,0.058368,686.241,0.195584,681.779,0.787456,752.207,2.85491,733.783,11.7064,
0.0113636,0.011264,0.0454545,0.011264,0.181818,0.011264,0.727273,0.011264,2.90909,0.011264,11.6364,0.011264,46.5455,0.011264,170.667,0.012288,481.882,0.017408,574.877,0.058368,686.241,0.195584,688.042,0.780288,752.207,2.85491,733.783,11.7064,
0.0125,0.01024,0.0454545,0.011264,0.181818,0.011264,0.615385,0.013312,2.66667,0.012288,10.6667,0.012288,46.5455,0.011264,170.667,0.012288,455.111,0.018432,574.877,0.058368,686.241,0.195584,687.14,0.781312,753.017,2.85184,733.591,11.7094,
0.0113636,0.011264,0.0454545,0.011264,0.181818,0.011264,0.727273,0.011264,2.66667,0.012288,11.6364,0.011264,46.5455,0.011264,157.538,0.013312,455.111,0.018432,574.877,0.058368,686.241,0.195584,690.762,0.777216,753.558,2.84979,733.719,11.7074,
0.0113636,0.011264,0.0416667,0.012288,0.2,0.01024,0.727273,0.011264,2.66667,0.012288,11.6364,0.011264,46.5455,0.011264,157.538,0.013312,431.158,0.019456,574.877,0.058368,686.241,0.195584,692.587,0.775168,753.558,2.84979,733.783,11.7064,
0.0113636,0.011264,0.05,0.01024,0.2,0.01024,0.727273,0.011264,2.66667,0.012288,11.6364,0.011264,42.6667,0.012288,157.538,0.013312,431.158,0.019456,574.877,0.058368,682.667,0.196608,691.673,0.776192,752.747,2.85286,733.591,11.7094,
0.0113636,0.011264,0.0454545,0.011264,0.181818,0.011264,0.727273,0.011264,2.66667,0.012288,11.6364,0.011264,46.5455,0.011264,157.538,0.013312,455.111,0.018432,574.877,0.058368,686.241,0.195584,692.587,0.775168,753.017,2.85184,733.526,11.7105,
0.0113636,0.011264,0.0454545,0.011264,0.181818,0.011264,0.727273,0.011264,2.66667,0.012288,8,0.016384,46.5455,0.011264,157.538,0.013312,481.882,0.017408,574.877,0.058368,686.241,0.195584,689.853,0.77824,752.747,2.85286,733.462,11.7115,
0.0125,0.01024,0.0454545,0.011264,0.2,0.01024,0.666667,0.012288,2.66667,0.012288,10.6667,0.012288,46.5455,0.011264,170.667,0.012288,431.158,0.019456,574.877,0.058368,686.241,0.195584,688.042,0.780288,752.207,2.85491,733.462,11.7115,
0.0125,0.01024,0.0454545,0.011264,0.181818,0.011264,0.8,0.01024,2.66667,0.012288,11.6364,0.011264,46.5455,0.011264,170.667,0.012288,455.111,0.018432,574.877,0.058368,686.241,0.195584,688.042,0.780288,752.207,2.85491,733.591,11.7094,
0.0113636,0.011264,0.03125,0.016384,0.2,0.01024,0.727273,0.011264,2.66667,0.012288,11.6364,0.011264,46.5455,0.011264,157.538,0.013312,455.111,0.018432,574.877,0.058368,689.853,0.19456,687.14,0.781312,752.207,2.85491,733.398,11.7125,
0.0113636,0.011264,0.0454545,0.011264,0.181818,0.011264,0.727273,0.011264,2.66667,0.012288,10.6667,0.012288,46.5455,0.011264,170.667,0.012288,455.111,0.018432,574.877,0.058368,686.241,0.195584,687.14,0.781312,753.829,2.84877,733.655,11.7084,
0.0125,0.01024,0.0416667,0.012288,0.2,0.01024,0.666667,0.012288,2.90909,0.011264,11.6364,0.011264,46.5455,0.011264,170.667,0.012288,481.882,0.017408,564.966,0.059392,686.241,0.195584,686.241,0.782336,754.371,2.84672,733.783,11.7064,
0.0113636,0.011264,0.0454545,0.011264,0.181818,0.011264,0.727273,0.011264,1.77778,0.018432,11.6364,0.011264,46.5455,0.011264,157.538,0.013312,481.882,0.017408,574.877,0.058368,686.241,0.195584,688.042,0.780288,754.643,2.8457,733.847,11.7053,
0.0113636,0.011264,0.0416667,0.012288,0.2,0.01024,0.666667,0.012288,2.66667,0.012288,10.6667,0.012288,46.5455,0.011264,170.667,0.012288,455.111,0.018432,564.966,0.059392,686.241,0.195584,687.14,0.781312,755.186,2.84365,733.591,11.7094,
0.0113636,0.011264,0.05,0.01024,0.181818,0.011264,0.727273,0.011264,2.90909,0.011264,11.6364,0.011264,46.5455,0.011264,170.667,0.012288,481.882,0.017408,574.877,0.058368,686.241,0.195584,687.14,0.781312,753.829,2.84877,733.719,11.7074,
0.0113636,0.011264,0.0454545,0.011264,0.2,0.01024,0.727273,0.011264,2.66667,0.012288,10.6667,0.012288,46.5455,0.011264,170.667,0.012288,481.882,0.017408,564.966,0.059392,686.241,0.195584,687.14,0.781312,752.477,2.85389,733.911,11.7043,
0.0113636,0.011264,0.0454545,0.011264,0.2,0.01024,0.8,0.01024,2.66667,0.012288,11.6364,0.011264,46.5455,0.011264,157.538,0.013312,481.882,0.017408,564.966,0.059392,689.853,0.19456,688.946,0.779264,752.207,2.85491,733.462,11.7115,
0.0125,0.01024,0.0416667,0.012288,0.181818,0.011264,0.666667,0.012288,2.90909,0.011264,11.6364,0.011264,46.5455,0.011264,170.667,0.012288,481.882,0.017408,564.966,0.059392,686.241,0.195584,687.14,0.781312,753.017,2.85184,733.911,11.7043,
0.0125,0.01024,0.05,0.01024,0.181818,0.011264,0.727273,0.011264,2.90909,0.011264,11.6364,0.011264,46.5455,0.011264,170.667,0.012288,481.882,0.017408,574.877,0.058368,689.853,0.19456,686.241,0.782336,753.287,2.85082,733.783,11.7064,
0.0125,0.01024,0.0454545,0.011264,0.181818,0.011264,0.666667,0.012288,2.90909,0.011264,11.6364,0.011264,42.6667,0.012288,157.538,0.013312,481.882,0.017408,564.966,0.059392,689.853,0.19456,688.042,0.780288,752.477,2.85389,733.783,11.7064,
0.0113636,0.011264,0.0454545,0.011264,0.2,0.01024,0.727273,0.011264,2.90909,0.011264,11.6364,0.011264,42.6667,0.012288,157.538,0.013312,481.882,0.017408,564.966,0.059392,689.853,0.19456,688.946,0.779264,753.017,2.85184,733.976,11.7033,
0.0113636,0.011264,0.0454545,0.011264,0.181818,0.011264,0.666667,0.012288,2.66667,0.012288,10.6667,0.012288,42.6667,0.012288,157.538,0.013312,481.882,0.017408,564.966,0.059392,682.667,0.196608,687.14,0.781312,753.017,2.85184,733.655,11.7084,
0.0113636,0.011264,0.0454545,0.011264,0.181818,0.011264,0.666667,0.012288,2.90909,0.011264,10.6667,0.012288,46.5455,0.011264,157.538,0.013312,455.111,0.018432,555.39,0.060416,686.241,0.195584,689.853,0.77824,752.477,2.85389,733.783,11.7064,
0.00833333,0.01536,0.0416667,0.012288,0.166667,0.012288,0.666667,0.012288,2.66667,0.012288,9.84615,0.013312,39.3846,0.013312,128,0.016384,292.571,0.028672,555.39,0.060416,652.099,0.205824,688.946,0.779264,695.804,3.08634,716.424,11.99,
0.0104167,0.012288,0.0416667,0.012288,0.181818,0.011264,0.727273,0.011264,2.66667,0.012288,10.6667,0.012288,39.3846,0.013312,128,0.016384,248.242,0.033792,555.39,0.060416,672.164,0.19968,694.421,0.77312,696.96,3.08122,716.975,11.9808,
0.0104167,0.012288,0.0416667,0.012288,0.181818,0.011264,0.727273,0.011264,2.46154,0.013312,10.6667,0.012288,36.5714,0.014336,146.286,0.014336,409.6,0.02048,546.133,0.06144,668.735,0.200704,692.587,0.775168,697.423,3.07917,716.608,11.9869,
0.00961538,0.013312,0.0454545,0.011264,0.181818,0.011264,0.727273,0.011264,2.66667,0.012288,10.6667,0.012288,42.6667,0.012288,136.533,0.01536,303.407,0.027648,555.39,0.060416,661.98,0.202752,693.503,0.774144,699.284,3.07098,716.608,11.9869,
0.0113636,0.011264,0.0416667,0.012288,0.181818,0.011264,0.666667,0.012288,2.66667,0.012288,10.6667,0.012288,26.9474,0.019456,157.538,0.013312,341.333,0.024576,546.133,0.06144,668.735,0.200704,676.501,0.7936,698.352,3.07507,716.546,11.988,
0.0104167,0.012288,0.0416667,0.012288,0.181818,0.011264,0.727273,0.011264,2.66667,0.012288,10.6667,0.012288,42.6667,0.012288,157.538,0.013312,431.158,0.019456,555.39,0.060416,661.98,0.202752,695.342,0.772096,696.728,3.08224,732.246,11.7309,
0.0104167,0.012288,0.0357143,0.014336,0.181818,0.011264,0.666667,0.012288,2.66667,0.012288,10.6667,0.012288,39.3846,0.013312,64,0.032768,409.6,0.02048,555.39,0.060416,668.735,0.200704,693.503,0.774144,698.352,3.07507,733.976,11.7033,
0.0104167,0.012288,0.0416667,0.012288,0.181818,0.011264,0.666667,0.012288,2.90909,0.011264,9.84615,0.013312,39.3846,0.013312,136.533,0.01536,409.6,0.02048,555.39,0.060416,655.36,0.2048,694.421,0.77312,698.585,3.07405,734.297,11.6982,
0.0113636,0.011264,0.0277778,0.018432,0.181818,0.011264,0.727273,0.011264,2.66667,0.012288,10.6667,0.012288,39.3846,0.013312,146.286,0.014336,431.158,0.019456,555.39,0.060416,668.735,0.200704,695.342,0.772096,698.352,3.07507,733.847,11.7053,
0.0104167,0.012288,0.0454545,0.011264,0.166667,0.012288,0.727273,0.011264,2.66667,0.012288,10.6667,0.012288,42.6667,0.012288,136.533,0.01536,431.158,0.019456,546.133,0.06144,668.735,0.200704,695.342,0.772096,697.655,3.07814,733.911,11.7043,
0.0104167,0.012288,0.0454545,0.011264,0.181818,0.011264,0.666667,0.012288,2.46154,0.013312,10.6667,0.012288,42.6667,0.012288,146.286,0.014336,409.6,0.02048,555.39,0.060416,668.735,0.200704,695.342,0.772096,698.12,3.0761,734.168,11.7002,
0.0104167,0.012288,0.0454545,0.011264,0.181818,0.011264,0.727273,0.011264,2.66667,0.012288,10.6667,0.012288,42.6667,0.012288,146.286,0.014336,409.6,0.02048,555.39,0.060416,668.735,0.200704,696.266,0.771072,698.12,3.0761,733.976,11.7033,
0.0104167,0.012288,0.0416667,0.012288,0.2,0.01024,0.666667,0.012288,2.66667,0.012288,11.6364,0.011264,42.6667,0.012288,146.286,0.014336,431.158,0.019456,546.133,0.06144,668.735,0.200704,697.191,0.770048,698.585,3.07405,733.783,11.7064,
0.0113636,0.011264,0.0416667,0.012288,0.181818,0.011264,0.727273,0.011264,2.66667,0.012288,10.6667,0.012288,42.6667,0.012288,146.286,0.014336,431.158,0.019456,555.39,0.060416,668.735,0.200704,698.12,0.769024,698.12,3.0761,733.783,11.7064,
0.0104167,0.012288,0.0416667,0.012288,0.181818,0.011264,0.727273,0.011264,2.66667,0.012288,10.6667,0.012288,42.6667,0.012288,146.286,0.014336,431.158,0.019456,546.133,0.06144,672.164,0.19968,695.342,0.772096,697.655,3.07814,733.783,11.7064,
0.0113636,0.011264,0.0416667,0.012288,0.181818,0.011264,0.727273,0.011264,2.66667,0.012288,10.6667,0.012288,42.6667,0.012288,146.286,0.014336,431.158,0.019456,555.39,0.060416,668.735,0.200704,691.673,0.776192,697.888,3.07712,733.976,11.7033,
0.0113636,0.011264,0.0416667,0.012288,0.181818,0.011264,0.666667,0.012288,2.66667,0.012288,11.6364,0.011264,42.6667,0.012288,146.286,0.014336,431.158,0.019456,546.133,0.06144,672.164,0.19968,693.503,0.774144,697.888,3.07712,734.04,11.7023,
0.0104167,0.012288,0.0416667,0.012288,0.166667,0.012288,0.666667,0.012288,2.66667,0.012288,10.6667,0.012288,42.6667,0.012288,136.533,0.01536,455.111,0.018432,546.133,0.06144,672.164,0.19968,695.342,0.772096,698.352,3.07507,733.911,11.7043,
0.0104167,0.012288,0.0416667,0.012288,0.181818,0.011264,0.727273,0.011264,2.66667,0.012288,10.6667,0.012288,39.3846,0.013312,146.286,0.014336,390.095,0.021504,546.133,0.06144,668.735,0.200704,694.421,0.77312,698.12,3.0761,733.847,11.7053,
0.0104167,0.012288,0.0416667,0.012288,0.166667,0.012288,0.727273,0.011264,2.66667,0.012288,10.6667,0.012288,42.6667,0.012288,146.286,0.014336,431.158,0.019456,555.39,0.060416,672.164,0.19968,695.342,0.772096,698.818,3.07302,734.04,11.7023,
0.0104167,0.012288,0.0454545,0.011264,0.181818,0.011264,0.666667,0.012288,2.66667,0.012288,10.6667,0.012288,42.6667,0.012288,146.286,0.014336,431.158,0.019456,546.133,0.06144,672.164,0.19968,694.421,0.77312,699.051,3.072,734.04,11.7023,
0.0104167,0.012288,0.0454545,0.011264,0.181818,0.011264,0.727273,0.011264,2.66667,0.012288,10.6667,0.012288,42.6667,0.012288,157.538,0.013312,199.805,0.041984,555.39,0.060416,672.164,0.19968,696.266,0.771072,698.818,3.07302,733.783,11.7064,
0.0113636,0.011264,0.0454545,0.011264,0.2,0.01024,0.727273,0.011264,2.46154,0.013312,10.6667,0.012288,39.3846,0.013312,146.286,0.014336,240.941,0.034816,546.133,0.06144,668.735,0.200704,695.342,0.772096,699.051,3.072,733.783,11.7064,
0.00961538,0.013312,0.0454545,0.011264,0.181818,0.011264,0.727273,0.011264,2.66667,0.012288,10.6667,0.012288,42.6667,0.012288,157.538,0.013312,264.258,0.031744,555.39,0.060416,668.735,0.200704,693.503,0.774144,698.585,3.07405,734.233,11.6992,
0.0104167,0.012288,0.0454545,0.011264,0.181818,0.011264,0.666667,0.012288,2.66667,0.012288,10.6667,0.012288,42.6667,0.012288,146.286,0.014336,409.6,0.02048,520.127,0.064512,668.735,0.200704,695.342,0.772096,698.12,3.0761,734.104,11.7012,
0.0104167,0.012288,0.0416667,0.012288,0.181818,0.011264,0.186047,0.044032,2.66667,0.012288,10.6667,0.012288,42.6667,0.012288,157.538,0.013312,264.258,0.031744,555.39,0.060416,668.735,0.200704,694.421,0.77312,698.352,3.07507,733.847,11.7053,
0.0113636,0.011264,0.0416667,0.012288,0.2,0.01024,0.666667,0.012288,2.66667,0.012288,10.6667,0.012288,39.3846,0.013312,146.286,0.014336,240.941,0.034816,555.39,0.060416,672.164,0.19968,693.503,0.774144,697.888,3.07712,733.847,11.7053,
0.0104167,0.012288,0.0454545,0.011264,0.181818,0.011264,0.727273,0.011264,2.66667,0.012288,10.6667,0.012288,39.3846,0.013312,146.286,0.014336,431.158,0.019456,555.39,0.060416,668.735,0.200704,695.342,0.772096,698.352,3.07507,734.104,11.7012,
0.0113636,0.011264,0.0416667,0.012288,0.166667,0.012288,0.666667,0.012288,2.66667,0.012288,10.6667,0.012288,39.3846,0.013312,157.538,0.013312,431.158,0.019456,546.133,0.06144,672.164,0.19968,693.503,0.774144,697.655,3.07814,733.847,11.7053,
0.0104167,0.012288,0.0416667,0.012288,0.181818,0.011264,0.727273,0.011264,2.46154,0.013312,10.6667,0.012288,39.3846,0.013312,157.538,0.013312,431.158,0.019456,555.39,0.060416,668.735,0.200704,696.266,0.771072,697.655,3.07814,734.233,11.6992,
0.0104167,0.012288,0.0416667,0.012288,0.181818,0.011264,0.727273,0.011264,2.46154,0.013312,10.6667,0.012288,36.5714,0.014336,146.286,0.014336,409.6,0.02048,555.39,0.060416,672.164,0.19968,696.266,0.771072,699.284,3.07098,733.719,11.7074,
0.0104167,0.012288,0.0454545,0.011264,0.181818,0.011264,0.727273,0.011264,2.66667,0.012288,9.84615,0.013312,42.6667,0.012288,146.286,0.014336,431.158,0.019456,555.39,0.060416,672.164,0.19968,694.421,0.77312,697.655,3.07814,733.591,11.7094,
0.0104167,0.012288,0.0454545,0.011264,0.181818,0.011264,0.666667,0.012288,2.66667,0.012288,10.6667,0.012288,39.3846,0.013312,146.286,0.014336,455.111,0.018432,555.39,0.060416,672.164,0.19968,699.984,0.766976,696.96,3.08122,733.783,11.7064,
0.0104167,0.012288,0.0416667,0.012288,0.181818,0.011264,0.727273,0.011264,2.66667,0.012288,10.6667,0.012288,39.3846,0.013312,146.286,0.014336,455.111,0.018432,555.39,0.060416,672.164,0.19968,699.984,0.766976,696.728,3.08224,733.398,11.7125,
0.0104167,0.012288,0.0416667,0.012288,0.153846,0.013312,0.727273,0.011264,2.90909,0.011264,10.6667,0.012288,39.3846,0.013312,157.538,0.013312,431.158,0.019456,555.39,0.060416,672.164,0.19968,696.266,0.771072,697.888,3.07712,733.976,11.7033,
0.00961538,0.013312,0.0416667,0.012288,0.166667,0.012288,0.727273,0.011264,2.90909,0.011264,10.6667,0.012288,42.6667,0.012288,157.538,0.013312,455.111,0.018432,546.133,0.06144,668.735,0.200704,694.421,0.77312,698.585,3.07405,733.911,11.7043,
0.0104167,0.012288,0.0416667,0.012288,0.181818,0.011264,0.666667,0.012288,2.66667,0.012288,10.6667,0.012288,42.6667,0.012288,146.286,0.014336,431.158,0.019456,537.18,0.062464,672.164,0.19968,694.421,0.77312,697.423,3.07917,733.911,11.7043,
0.0104167,0.012288,0.0454545,0.011264,0.181818,0.011264,0.666667,0.012288,2.66667,0.012288,10.6667,0.012288,42.6667,0.012288,157.538,0.013312,431.158,0.019456,546.133,0.06144,672.164,0.19968,695.342,0.772096,697.191,3.08019,733.847,11.7053,
0.0113636,0.011264,0.0454545,0.011264,0.181818,0.011264,0.666667,0.012288,2.66667,0.012288,11.6364,0.011264,39.3846,0.013312,157.538,0.013312,390.095,0.021504,555.39,0.060416,668.735,0.200704,694.421,0.77312,696.497,3.08326,733.911,11.7043,
0.0104167,0.012288,0.0454545,0.011264,0.181818,0.011264,0.727273,0.011264,2.66667,0.012288,10.6667,0.012288,42.6667,0.012288,146.286,0.014336,431.158,0.019456,555.39,0.060416,672.164,0.19968,695.342,0.772096,697.423,3.07917,733.847,11.7053,
0.0113636,0.011264,0.0416667,0.012288,0.181818,0.011264,0.666667,0.012288,2.66667,0.012288,10.6667,0.012288,39.3846,0.013312,146.286,0.014336,431.158,0.019456,546.133,0.06144,672.164,0.19968,695.342,0.772096,697.888,3.07712,733.655,11.7084,
0.0104167,0.012288,0.0454545,0.011264,0.181818,0.011264,0.727273,0.011264,2.90909,0.011264,10.6667,0.012288,42.6667,0.012288,146.286,0.014336,390.095,0.021504,546.133,0.06144,672.164,0.19968,695.342,0.772096,698.585,3.07405,733.783,11.7064,
0.0104167,0.012288,0.0416667,0.012288,0.2,0.01024,0.666667,0.012288,2.66667,0.012288,10.6667,0.012288,39.3846,0.013312,146.286,0.014336,431.158,0.019456,555.39,0.060416,672.164,0.19968,695.342,0.772096,699.284,3.07098,733.783,11.7064,
0.0104167,0.012288,0.0454545,0.011264,0.181818,0.011264,0.666667,0.012288,2.66667,0.012288,10.6667,0.012288,42.6667,0.012288,146.286,0.014336,431.158,0.019456,555.39,0.060416,672.164,0.19968,696.266,0.771072,698.12,3.0761,733.911,11.7043,
0.0113636,0.011264,0.0454545,0.011264,0.2,0.01024,0.666667,0.012288,2.66667,0.012288,10.6667,0.012288,42.6667,0.012288,146.286,0.014336,431.158,0.019456,555.39,0.060416,668.735,0.200704,695.342,0.772096,697.191,3.08019,733.591,11.7094,
0.0104167,0.012288,0.0454545,0.011264,0.181818,0.011264,0.727273,0.011264,2.66667,0.012288,10.6667,0.012288,39.3846,0.013312,146.286,0.014336,431.158,0.019456,555.39,0.060416,668.735,0.200704,695.342,0.772096,697.888,3.07712,734.04,11.7023,
0.0104167,0.012288,0.0454545,0.011264,0.181818,0.011264,0.666667,0.012288,2.66667,0.012288,10.6667,0.012288,42.6667,0.012288,157.538,0.013312,372.364,0.022528,555.39,0.060416,668.735,0.200704,695.342,0.772096,698.818,3.07302,733.911,11.7043,
0.0104167,0.012288,0.0416667,0.012288,0.181818,0.011264,0.727273,0.011264,2.66667,0.012288,10.6667,0.012288,42.6667,0.012288,146.286,0.014336,431.158,0.019456,546.133,0.06144,668.735,0.200704,696.266,0.771072,696.035,3.08531,733.847,11.7053,
0.0113636,0.011264,0.0416667,0.012288,0.181818,0.011264,0.727273,0.011264,2.66667,0.012288,10.6667,0.012288,30.1176,0.017408,93.0909,0.022528,174.298,0.048128,564.966,0.059392,672.164,0.19968,694.421,0.77312,696.497,3.08326,733.655,11.7084,
0.0104167,0.012288,0.0454545,0.011264,0.166667,0.012288,0.727273,0.011264,2.46154,0.013312,10.6667,0.012288,39.3846,0.013312,146.286,0.014336,190.512,0.044032,555.39,0.060416,665.34,0.201728,695.342,0.772096,697.191,3.08019,733.911,11.7043,
0.0104167,0.012288,0.0454545,0.011264,0.181818,0.011264,0.666667,0.012288,2.66667,0.012288,10.6667,0.012288,39.3846,0.013312,146.286,0.014336,455.111,0.018432,555.39,0.060416,665.34,0.201728,697.191,0.770048,698.12,3.0761,734.04,11.7023,
0.0104167,0.012288,0.0416667,0.012288,0.166667,0.012288,0.727273,0.011264,2.90909,0.011264,9.84615,0.013312,42.6667,0.012288,146.286,0.014336,431.158,0.019456,555.39,0.060416,672.164,0.19968,699.984,0.766976,698.585,3.07405,733.911,11.7043,
0.0113636,0.011264,0.0416667,0.012288,0.181818,0.011264,0.666667,0.012288,2.66667,0.012288,10.6667,0.012288,39.3846,0.013312,157.538,0.013312,431.158,0.019456,555.39,0.060416,672.164,0.19968,700.92,0.765952,698.818,3.07302,734.361,11.6972,
0.0104167,0.012288,0.0454545,0.011264,0.166667,0.012288,0.727273,0.011264,2.66667,0.012288,10.6667,0.012288,39.3846,0.013312,146.286,0.014336,431.158,0.019456,555.39,0.060416,668.735,0.200704,699.984,0.766976,697.888,3.07712,734.104,11.7012,
0.0104167,0.012288,0.0277778,0.018432,0.181818,0.011264,0.666667,0.012288,2.66667,0.012288,10.6667,0.012288,42.6667,0.012288,146.286,0.014336,199.805,0.041984,555.39,0.060416,672.164,0.19968,698.12,0.769024,697.191,3.08019,733.655,11.7084,
0.0104167,0.012288,0.0416667,0.012288,0.166667,0.012288,0.727273,0.011264,2.66667,0.012288,10.6667,0.012288,42.6667,0.012288,146.286,0.014336,455.111,0.018432,564.966,0.059392,672.164,0.19968,695.342,0.772096,698.12,3.0761,733.911,11.7043,
0.0113636,0.011264,0.0416667,0.012288,0.181818,0.011264,0.666667,0.012288,2.66667,0.012288,11.6364,0.011264,39.3846,0.013312,146.286,0.014336,431.158,0.019456,546.133,0.06144,672.164,0.19968,695.342,0.772096,696.96,3.08122,733.783,11.7064,
0.0104167,0.012288,0.0454545,0.011264,0.181818,0.011264,0.727273,0.011264,2.66667,0.012288,10.6667,0.012288,39.3846,0.013312,146.286,0.014336,431.158,0.019456,546.133,0.06144,672.164,0.19968,695.342,0.772096,696.728,3.08224,733.655,11.7084,
0.0104167,0.012288,0.0416667,0.012288,0.2,0.01024,0.666667,0.012288,2.66667,0.012288,10.6667,0.012288,39.3846,0.013312,157.538,0.013312,455.111,0.018432,555.39,0.060416,672.164,0.19968,695.342,0.772096,697.423,3.07917,734.168,11.7002,
0.0104167,0.012288,0.0416667,0.012288,0.2,0.01024,0.727273,0.011264,2.66667,0.012288,10.6667,0.012288,39.3846,0.013312,146.286,0.014336,431.158,0.019456,564.966,0.059392,668.735,0.200704,695.342,0.772096,696.497,3.08326,733.976,11.7033,
0.0104167,0.012288,0.0416667,0.012288,0.2,0.01024,0.727273,0.011264,2.66667,0.012288,10.6667,0.012288,42.6667,0.012288,146.286,0.014336,431.158,0.019456,546.133,0.06144,672.164,0.19968,694.421,0.77312,698.12,3.0761,733.783,11.7064,
0.0104167,0.012288,0.05,0.01024,0.181818,0.011264,0.666667,0.012288,2.66667,0.012288,10.6667,0.012288,39.3846,0.013312,146.286,0.014336,431.158,0.019456,555.39,0.060416,672.164,0.19968,695.342,0.772096,749.786,2.86413,733.526,11.7105,
0.0113636,0.011264,0.0454545,0.011264,0.111111,0.018432,0.666667,0.012288,2.66667,0.012288,10.6667,0.012288,42.6667,0.012288,146.286,0.014336,431.158,0.019456,555.39,0.060416,672.164,0.19968,695.342,0.772096,753.829,2.84877,733.398,11.7125,
0.0104167,0.012288,0.0454545,0.011264,0.181818,0.011264,0.666667,0.012288,2.66667,0.012288,10.6667,0.012288,42.6667,0.012288,157.538,0.013312,431.158,0.019456,564.966,0.059392,668.735,0.200704,695.342,0.772096,754.371,2.84672,732.886,11.7207,
0.0104167,0.012288,0.0416667,0.012288,0.2,0.01024,0.666667,0.012288,2.66667,0.012288,10.6667,0.012288,39.3846,0.013312,146.286,0.014336,431.158,0.019456,555.39,0.060416,672.164,0.19968,694.421,0.77312,754.643,2.8457,733.976,11.7033,
0.0104167,0.012288,0.0416667,0.012288,0.181818,0.011264,0.727273,0.011264,2.66667,0.012288,10.6667,0.012288,42.6667,0.012288,146.286,0.014336,431.158,0.019456,555.39,0.060416,672.164,0.19968,695.342,0.772096,753.829,2.84877,734.361,11.6972,
0.0113636,0.011264,0.0416667,0.012288,0.2,0.01024,0.666667,0.012288,2.46154,0.013312,10.6667,0.012288,39.3846,0.013312,157.538,0.013312,372.364,0.022528,555.39,0.060416,672.164,0.19968,694.421,0.77312,752.207,2.85491,734.168,11.7002,
0.00961538,0.013312,0.0454545,0.011264,0.181818,0.011264,0.666667,0.012288,2.66667,0.012288,10.6667,0.012288,39.3846,0.013312,146.286,0.014336,431.158,0.019456,555.39,0.060416,668.735,0.200704,696.266,0.771072,752.747,2.85286,734.297,11.6982,
0.0104167,0.012288,0.0416667,0.012288,0.181818,0.011264,0.666667,0.012288,2.46154,0.013312,11.6364,0.011264,39.3846,0.013312,157.538,0.013312,431.158,0.019456,512,0.065536,672.164,0.19968,695.342,0.772096,754.1,2.84774,734.233,11.6992,
0.0104167,0.012288,0.0454545,0.011264,0.181818,0.011264,0.727273,0.011264,2.66667,0.012288,10.6667,0.012288,39.3846,0.013312,146.286,0.014336,455.111,0.018432,555.39,0.060416,668.735,0.200704,694.421,0.77312,754.914,2.84467,734.49,11.6951,
0.0104167,0.012288,0.0416667,0.012288,0.181818,0.011264,0.5,0.016384,2.66667,0.012288,10.6667,0.012288,42.6667,0.012288,146.286,0.014336,431.158,0.019456,555.39,0.060416,672.164,0.19968,695.342,0.772096,754.914,2.84467,734.233,11.6992,
0.0104167,0.012288,0.0454545,0.011264,0.166667,0.012288,0.571429,0.014336,2.28571,0.014336,10.6667,0.012288,39.3846,0.013312,136.533,0.01536,431.158,0.019456,555.39,0.060416,672.164,0.19968,698.12,0.769024,754.914,2.84467,734.297,11.6982,
0.0104167,0.012288,0.0454545,0.011264,0.181818,0.011264,0.666667,0.012288,2.46154,0.013312,10.6667,0.012288,39.3846,0.013312,128,0.016384,409.6,0.02048,555.39,0.060416,672.164,0.19968,700.92,0.765952,754.643,2.8457,733.976,11.7033,
0.0113636,0.011264,0.0454545,0.011264,0.181818,0.011264,0.727273,0.011264,2.66667,0.012288,10.6667,0.012288,39.3846,0.013312,146.286,0.014336,431.158,0.019456,555.39,0.060416,672.164,0.19968,699.984,0.766976,754.914,2.84467,733.847,11.7053,
0.0113636,0.011264,0.0384615,0.013312,0.181818,0.011264,0.666667,0.012288,2.66667,0.012288,11.6364,0.011264,39.3846,0.013312,128,0.016384,431.158,0.019456,555.39,0.060416,668.735,0.200704,699.984,0.766976,754.371,2.84672,733.911,11.7043,
0.0104167,0.012288,0.0416667,0.012288,0.166667,0.012288,0.727273,0.011264,2.66667,0.012288,10.6667,0.012288,42.6667,0.012288,60.2353,0.034816,431.158,0.019456,564.966,0.059392,668.735,0.200704,697.191,0.770048,754.371,2.84672,733.783,11.7064,
0.0104167,0.012288,0.0416667,0.012288,0.181818,0.011264,0.666667,0.012288,2.66667,0.012288,10.6667,0.012288,42.6667,0.012288,107.789,0.019456,431.158,0.019456,555.39,0.060416,672.164,0.19968,694.421,0.77312,753.829,2.84877,733.847,11.7053,
0.0113636,0.011264,0.0416667,0.012288,0.181818,0.011264,0.727273,0.011264,2.66667,0.012288,10.6667,0.012288,42.6667,0.012288,146.286,0.014336,431.158,0.019456,555.39,0.060416,672.164,0.19968,688.946,0.779264,752.207,2.85491,733.911,11.7043,
0.0104167,0.012288,0.0416667,0.012288,0.181818,0.011264,0.727273,0.011264,2.66667,0.012288,10.6667,0.012288,39.3846,0.013312,136.533,0.01536,431.158,0.019456,555.39,0.060416,668.735,0.200704,694.421,0.77312,753.829,2.84877,733.783,11.7064,
0.0104167,0.012288,0.0416667,0.012288,0.181818,0.011264,0.727273,0.011264,2.66667,0.012288,10.6667,0.012288,36.5714,0.014336,136.533,0.01536,431.158,0.019456,555.39,0.060416,672.164,0.19968,694.421,0.77312,754.371,2.84672,733.847,11.7053,
0.0113636,0.011264,0.0416667,0.012288,0.181818,0.011264,0.727273,0.011264,2.66667,0.012288,10.6667,0.012288,39.3846,0.013312,58.5143,0.03584,431.158,0.019456,564.966,0.059392,672.164,0.19968,694.421,0.77312,753.558,2.84979,733.591,11.7094,
0.0104167,0.012288,0.0454545,0.011264,0.166667,0.012288,0.666667,0.012288,2.46154,0.013312,9.84615,0.013312,42.6667,0.012288,113.778,0.018432,455.111,0.018432,555.39,0.060416,672.164,0.19968,694.421,0.77312,751.667,2.85696,733.911,11.7043,
0.0104167,0.012288,0.0416667,0.012288,0.181818,0.011264,0.666667,0.012288,2.66667,0.012288,10.6667,0.012288,42.6667,0.012288,157.538,0.013312,455.111,0.018432,555.39,0.060416,668.735,0.200704,695.342,0.772096,751.937,2.85594,733.783,11.7064,
0.0104167,0.012288,0.0454545,0.011264,0.181818,0.011264,0.727273,0.011264,2.90909,0.011264,10.6667,0.012288,39.3846,0.013312,47.6279,0.044032,431.158,0.019456,555.39,0.060416,672.164,0.19968,694.421,0.77312,751.937,2.85594,733.847,11.7053,
0.0113636,0.011264,0.0416667,0.012288,0.2,0.01024,0.666667,0.012288,2.66667,0.012288,11.6364,0.011264,39.3846,0.013312,136.533,0.01536,431.158,0.019456,564.966,0.059392,668.735,0.200704,695.342,0.772096,753.017,2.85184,733.655,11.7084,
0.0104167,0.012288,0.0454545,0.011264,0.181818,0.011264,0.666667,0.012288,2.90909,0.011264,10.6667,0.012288,42.6667,0.012288,85.3333,0.024576,455.111,0.018432,546.133,0.06144,668.735,0.200704,696.266,0.771072,753.829,2.84877,733.847,11.7053,
0.0104167,0.012288,0.0454545,0.011264,0.2,0.01024,0.615385,0.013312,2.66667,0.012288,10.6667,0.012288,42.6667,0.012288,146.286,0.014336,455.111,0.018432,564.966,0.059392,672.164,0.19968,694.421,0.77312,754.643,2.8457,733.911,11.7043,
0.0104167,0.012288,0.0454545,0.011264,0.181818,0.011264,0.727273,0.011264,2.66667,0.012288,10.6667,0.012288,42.6667,0.012288,48.7619,0.043008,455.111,0.018432,555.39,0.060416,672.164,0.19968,695.342,0.772096,753.017,2.85184,733.719,11.7074,
0.0113636,0.011264,0.0416667,0.012288,0.181818,0.011264,0.666667,0.012288,2.66667,0.012288,10.6667,0.012288,42.6667,0.012288,66.0645,0.031744,431.158,0.019456,555.39,0.060416,672.164,0.19968,694.421,0.77312,752.477,2.85389,733.591,11.7094,
0.0104167,0.012288,0.0454545,0.011264,0.181818,0.011264,0.727273,0.011264,2.66667,0.012288,11.6364,0.011264,42.6667,0.012288,136.533,0.01536,431.158,0.019456,564.966,0.059392,668.735,0.200704,694.421,0.77312,753.017,2.85184,733.526,11.7105,
0.0113636,0.011264,0.0416667,0.012288,0.2,0.01024,0.666667,0.012288,2.66667,0.012288,10.6667,0.012288,39.3846,0.013312,146.286,0.014336,431.158,0.019456,555.39,0.060416,672.164,0.19968,694.421,0.77312,753.829,2.84877,733.847,11.7053,
0.0104167,0.012288,0.0454545,0.011264,0.181818,0.011264,0.666667,0.012288,2.90909,0.011264,10.6667,0.012288,39.3846,0.013312,146.286,0.014336,431.158,0.019456,546.133,0.06144,672.164,0.19968,697.191,0.770048,753.829,2.84877,733.847,11.7053,
0.0113636,0.011264,0.0416667,0.012288,0.181818,0.011264,0.727273,0.011264,2.66667,0.012288,10.6667,0.012288,42.6667,0.012288,146.286,0.014336,431.158,0.019456,555.39,0.060416,672.164,0.19968,699.984,0.766976,753.017,2.85184,734.04,11.7023,
0.0104167,0.012288,0.0454545,0.011264,0.166667,0.012288,0.727273,0.011264,2.66667,0.012288,3.2,0.04096,39.3846,0.013312,146.286,0.014336,455.111,0.018432,555.39,0.060416,672.164,0.19968,700.92,0.765952,752.207,2.85491,733.526,11.7105,
0.00961538,0.013312,0.0454545,0.011264,0.181818,0.011264,0.666667,0.012288,2.66667,0.012288,10.6667,0.012288,42.6667,0.012288,157.538,0.013312,455.111,0.018432,555.39,0.060416,672.164,0.19968,699.984,0.766976,752.747,2.85286,733.911,11.7043,
0.00961538,0.013312,0.0454545,0.011264,0.181818,0.011264,0.666667,0.012288,2.66667,0.012288,10.6667,0.012288,39.3846,0.013312,128,0.016384,431.158,0.019456,555.39,0.060416,668.735,0.200704,699.051,0.768,753.829,2.84877,733.719,11.7074,
0.0104167,0.012288,0.0416667,0.012288,0.181818,0.011264,0.666667,0.012288,2.66667,0.012288,10.6667,0.012288,42.6667,0.012288,157.538,0.013312,455.111,0.018432,555.39,0.060416,672.164,0.19968,694.421,0.77312,753.829,2.84877,733.526,11.7105,
0.00735294,0.017408,0.0454545,0.011264,0.181818,0.011264,0.727273,0.011264,2.66667,0.012288,10.6667,0.012288,42.6667,0.012288,146.286,0.014336,431.158,0.019456,546.133,0.06144,672.164,0.19968,694.421,0.77312,753.017,2.85184,733.719,11.7074,
0.0104167,0.012288,0.0454545,0.011264,0.181818,0.011264,0.727273,0.011264,2.90909,0.011264,10.6667,0.012288,42.6667,0.012288,146.286,0.014336,431.158,0.019456,555.39,0.060416,672.164,0.19968,693.503,0.774144,753.558,2.84979,733.783,11.7064,
0.0104167,0.012288,0.0454545,0.011264,0.166667,0.012288,0.727273,0.011264,2.66667,0.012288,10.6667,0.012288,42.6667,0.012288,157.538,0.013312,431.158,0.019456,564.966,0.059392,672.164,0.19968,695.342,0.772096,754.371,2.84672,733.783,11.7064,
0.00833333,0.01536,0.0384615,0.013312,0.181818,0.011264,0.615385,0.013312,2.66667,0.012288,10.6667,0.012288,39.3846,0.013312,136.533,0.01536,372.364,0.022528,528.516,0.063488,672.164,0.19968,689.853,0.77824,696.728,3.08224,721.352,11.9081,
0.00961538,0.013312,0.0416667,0.012288,0.2,0.01024,0.727273,0.011264,2.46154,0.013312,10.6667,0.012288,42.6667,0.012288,157.538,0.013312,409.6,0.02048,546.133,0.06144,686.241,0.195584,694.421,0.77312,698.818,3.07302,722.782,11.8845,
0.0104167,0.012288,0.0454545,0.011264,0.2,0.01024,0.666667,0.012288,2.66667,0.012288,10.6667,0.012288,42.6667,0.012288,157.538,0.013312,431.158,0.019456,537.18,0.062464,682.667,0.196608,694.421,0.77312,698.585,3.07405,722.72,11.8856,
0.0104167,0.012288,0.0454545,0.011264,0.181818,0.011264,0.727273,0.011264,2.66667,0.012288,10.6667,0.012288,42.6667,0.012288,157.538,0.013312,431.158,0.019456,546.133,0.06144,686.241,0.195584,696.266,0.771072,697.655,3.07814,722.844,11.8835,
0.0113636,0.011264,0.0416667,0.012288,0.181818,0.011264,0.727273,0.011264,2.66667,0.012288,10.6667,0.012288,42.6667,0.012288,146.286,0.014336,431.158,0.019456,537.18,0.062464,682.667,0.196608,695.342,0.772096,698.585,3.07405,722.782,11.8845,
0.0104167,0.012288,0.0454545,0.011264,0.181818,0.011264,0.727273,0.011264,2.66667,0.012288,11.6364,0.011264,42.6667,0.012288,157.538,0.013312,431.158,0.019456,546.133,0.06144,682.667,0.196608,695.342,0.772096,698.585,3.07405,722.657,11.8866,
0.0104167,0.012288,0.0454545,0.011264,0.2,0.01024,0.666667,0.012288,2.66667,0.012288,10.6667,0.012288,39.3846,0.013312,146.286,0.014336,431.158,0.019456,546.133,0.06144,686.241,0.195584,693.503,0.774144,698.352,3.07507,722.782,11.8845,
0.0104167,0.012288,0.0454545,0.011264,0.181818,0.011264,0.727273,0.011264,2.66667,0.012288,10.6667,0.012288,42.6667,0.012288,146.286,0.014336,455.111,0.018432,546.133,0.06144,682.667,0.196608,693.503,0.774144,698.352,3.07507,722.907,11.8825,
0.0113636,0.011264,0.0384615,0.013312,0.2,0.01024,0.666667,0.012288,2.66667,0.012288,11.6364,0.011264,5.01961,0.104448,157.538,0.013312,409.6,0.02048,546.133,0.06144,686.241,0.195584,694.421,0.77312,699.284,3.07098,722.72,11.8856,
0.0113636,0.011264,0.0454545,0.011264,0.2,0.01024,0.727273,0.011264,2.66667,0.012288,11.6364,0.011264,36.5714,0.014336,146.286,0.014336,431.158,0.019456,555.39,0.060416,686.241,0.195584,695.342,0.772096,698.818,3.07302,722.782,11.8845,
0.0104167,0.012288,0.0454545,0.011264,0.2,0.01024,0.666667,0.012288,2.66667,0.012288,10.6667,0.012288,42.6667,0.012288,157.538,0.013312,431.158,0.019456,546.133,0.06144,682.667,0.196608,695.342,0.772096,698.818,3.07302,722.72,11.8856,
0.0104167,0.012288,0.0454545,0.011264,0.181818,0.011264,0.727273,0.011264,2.66667,0.012288,9.84615,0.013312,46.5455,0.011264,157.538,0.013312,409.6,0.02048,546.133,0.06144,682.667,0.196608,693.503,0.774144,699.051,3.072,722.844,11.8835,
0.0113636,0.011264,0.0454545,0.011264,0.181818,0.011264,0.666667,0.012288,2.66667,0.012288,10.6667,0.012288,46.5455,0.011264,157.538,0.013312,431.158,0.019456,546.133,0.06144,686.241,0.195584,695.342,0.772096,698.818,3.07302,722.72,11.8856,
0.00657895,0.019456,0.0416667,0.012288,0.181818,0.011264,0.666667,0.012288,2.90909,0.011264,10.6667,0.012288,46.5455,0.011264,157.538,0.013312,455.111,0.018432,546.133,0.06144,686.241,0.195584,699.051,0.768,698.352,3.07507,722.907,11.8825,
0.0104167,0.012288,0.0416667,0.012288,0.2,0.01024,0.666667,0.012288,2.90909,0.011264,10.6667,0.012288,42.6667,0.012288,157.538,0.013312,431.158,0.019456,546.133,0.06144,686.241,0.195584,699.051,0.768,698.352,3.07507,722.657,11.8866,
0.0104167,0.012288,0.0454545,0.011264,0.181818,0.011264,0.727273,0.011264,2.90909,0.011264,10.6667,0.012288,42.6667,0.012288,157.538,0.013312,431.158,0.019456,564.966,0.059392,686.241,0.195584,697.191,0.770048,699.284,3.07098,722.657,11.8866,
0.0113636,0.011264,0.0416667,0.012288,0.2,0.01024,0.727273,0.011264,2.66667,0.012288,10.6667,0.012288,46.5455,0.011264,170.667,0.012288,455.111,0.018432,546.133,0.06144,686.241,0.195584,696.266,0.771072,698.818,3.07302,723.717,11.8692,
0.0113636,0.011264,0.0294118,0.017408,0.181818,0.011264,0.666667,0.012288,2.90909,0.011264,11.6364,0.011264,42.6667,0.012288,157.538,0.013312,431.158,0.019456,546.133,0.06144,682.667,0.196608,694.421,0.77312,698.818,3.07302,733.976,11.7033,
0.0125,0.01024,0.0454545,0.011264,0.2,0.01024,0.727273,0.011264,2.90909,0.011264,11.6364,0.011264,42.6667,0.012288,102.4,0.02048,409.6,0.02048,555.39,0.060416,679.13,0.197632,695.342,0.772096,698.12,3.0761,734.104,11.7012,
0.0104167,0.012288,0.0454545,0.011264,0.2,0.01024,0.727273,0.011264,2.66667,0.012288,10.6667,0.012288,42.6667,0.012288,146.286,0.014336,455.111,0.018432,555.39,0.060416,679.13,0.197632,695.342,0.772096,698.818,3.07302,733.847,11.7053,
0.0113636,0.011264,0.0416667,0.012288,0.181818,0.011264,0.727273,0.011264,2.66667,0.012288,10.6667,0.012288,42.6667,0.012288,146.286,0.014336,431.158,0.019456,555.39,0.060416,682.667,0.196608,695.342,0.772096,698.818,3.07302,733.655,11.7084,
0.0104167,0.012288,0.05,0.01024,0.181818,0.011264,0.727273,0.011264,2.66667,0.012288,11.6364,0.011264,42.6667,0.012288,146.286,0.014336,455.111,0.018432,564.966,0.059392,686.241,0.195584,697.191,0.770048,699.284,3.07098,733.911,11.7043,
0.0104167,0.012288,0.0454545,0.011264,0.181818,0.011264,0.666667,0.012288,2.46154,0.013312,11.6364,0.011264,46.5455,0.011264,157.538,0.013312,431.158,0.019456,564.966,0.059392,679.13,0.197632,695.342,0.772096,697.888,3.07712,733.911,11.7043,
0.0104167,0.012288,0.0454545,0.011264,0.166667,0.012288,0.727273,0.011264,2.66667,0.012288,11.6364,0.011264,42.6667,0.012288,157.538,0.013312,431.158,0.019456,564.966,0.059392,682.667,0.196608,695.342,0.772096,698.12,3.0761,734.233,11.6992,
0.0113636,0.011264,0.0454545,0.011264,0.181818,0.011264,0.666667,0.012288,2.66667,0.012288,10.6667,0.012288,42.6667,0.012288,146.286,0.014336,431.158,0.019456,564.966,0.059392,682.667,0.196608,694.421,0.77312,698.818,3.07302,733.911,11.7043,
0.0113636,0.011264,0.0454545,0.011264,0.181818,0.011264,0.727273,0.011264,2.66667,0.012288,10.6667,0.012288,42.6667,0.012288,157.538,0.013312,431.158,0.019456,564.966,0.059392,679.13,0.197632,695.342,0.772096,698.12,3.0761,733.783,11.7064,
0.0104167,0.012288,0.0416667,0.012288,0.181818,0.011264,0.615385,0.013312,2.90909,0.011264,10.6667,0.012288,42.6667,0.012288,146.286,0.014336,431.158,0.019456,564.966,0.059392,686.241,0.195584,695.342,0.772096,698.12,3.0761,733.976,11.7033,
0.0104167,0.012288,0.0454545,0.011264,0.181818,0.011264,0.666667,0.012288,2.66667,0.012288,10.6667,0.012288,46.5455,0.011264,146.286,0.014336,431.158,0.019456,555.39,0.060416,686.241,0.195584,694.421,0.77312,698.818,3.07302,733.911,11.7043,
0.0113636,0.011264,0.0454545,0.011264,0.2,0.01024,0.666667,0.012288,2.66667,0.012288,10.6667,0.012288,42.6667,0.012288,157.538,0.013312,455.111,0.018432,555.39,0.060416,686.241,0.195584,694.421,0.77312,698.818,3.07302,734.104,11.7012,
0.0113636,0.011264,0.0454545,0.011264,0.2,0.01024,0.666667,0.012288,2.66667,0.012288,10.6667,0.012288,42.6667,0.012288,146.286,0.014336,431.158,0.019456,555.39,0.060416,686.241,0.195584,694.421,0.77312,699.284,3.07098,733.911,11.7043,
0.0104167,0.012288,0.0416667,0.012288,0.2,0.01024,0.666667,0.012288,2.66667,0.012288,10.6667,0.012288,46.5455,0.011264,146.286,0.014336,431.158,0.019456,564.966,0.059392,686.241,0.195584,694.421,0.77312,698.818,3.07302,733.911,11.7043,
0.0104167,0.012288,0.0416667,0.012288,0.166667,0.012288,0.727273,0.011264,2.90909,0.011264,10.6667,0.012288,42.6667,0.012288,157.538,0.013312,431.158,0.019456,555.39,0.060416,686.241,0.195584,694.421,0.77312,699.051,3.072,734.04,11.7023,
0.0104167,0.012288,0.0416667,0.012288,0.181818,0.011264,0.666667,0.012288,2.90909,0.011264,10.6667,0.012288,42.6667,0.012288,146.286,0.014336,431.158,0.019456,555.39,0.060416,686.241,0.195584,694.421,0.77312,698.352,3.07507,733.976,11.7033,
0.0113636,0.011264,0.0454545,0.011264,0.111111,0.018432,0.727273,0.011264,2.90909,0.011264,10.6667,0.012288,42.6667,0.012288,157.538,0.013312,431.158,0.019456,546.133,0.06144,686.241,0.195584,697.191,0.770048,698.818,3.07302,733.911,11.7043,
0.0113636,0.011264,0.0454545,0.011264,0.153846,0.013312,0.727273,0.011264,2.90909,0.011264,10.6667,0.012288,42.6667,0.012288,157.538,0.013312,431.158,0.019456,546.133,0.06144,682.667,0.196608,699.051,0.768,698.352,3.07507,733.976,11.7033,
0.0104167,0.012288,0.05,0.01024,0.181818,0.011264,0.727273,0.011264,2.90909,0.011264,10.6667,0.012288,46.5455,0.011264,157.538,0.013312,455.111,0.018432,555.39,0.060416,686.241,0.195584,700.92,0.765952,698.585,3.07405,733.911,11.7043,
0.0104167,0.012288,0.0416667,0.012288,0.2,0.01024,0.666667,0.012288,2.90909,0.011264,9.84615,0.013312,46.5455,0.011264,157.538,0.013312,431.158,0.019456,546.133,0.06144,682.667,0.196608,699.051,0.768,698.352,3.07507,734.04,11.7023,
0.0104167,0.012288,0.0454545,0.011264,0.2,0.01024,0.727273,0.011264,2.90909,0.011264,10.6667,0.012288,42.6667,0.012288,146.286,0.014336,431.158,0.019456,546.133,0.06144,686.241,0.195584,695.342,0.772096,698.12,3.0761,734.425,11.6961,
0.0104167,0.012288,0.0454545,0.011264,0.2,0.01024,0.666667,0.012288,2.90909,0.011264,10.6667,0.012288,42.6667,0.012288,146.286,0.014336,431.158,0.019456,546.133,0.06144,679.13,0.197632,695.342,0.772096,699.051,3.072,734.554,11.6941,
0.0104167,0.012288,0.0454545,0.011264,0.2,0.01024,0.727273,0.011264,2.90909,0.011264,10.6667,0.012288,42.6667,0.012288,146.286,0.014336,455.111,0.018432,537.18,0.062464,682.667,0.196608,695.342,0.772096,702.093,3.05869,734.554,11.6941,
0.0113636,0.011264,0.0416667,0.012288,0.2,0.01024,0.666667,0.012288,2.66667,0.012288,10.6667,0.012288,42.6667,0.012288,157.538,0.013312,431.158,0.019456,546.133,0.06144,686.241,0.195584,696.266,0.771072,753.558,2.84979,734.425,11.6961,
0.0104167,0.012288,0.0454545,0.011264,0.181818,0.011264,0.470588,0.017408,2.90909,0.011264,10.6667,0.012288,42.6667,0.012288,146.286,0.014336,431.158,0.019456,546.133,0.06144,682.667,0.196608,695.342,0.772096,753.829,2.84877,734.361,11.6972,
0.0113636,0.011264,0.0416667,0.012288,0.181818,0.011264,0.615385,0.013312,2.90909,0.011264,10.6667,0.012288,42.6667,0.012288,157.538,0.013312,431.158,0.019456,546.133,0.06144,686.241,0.195584,694.421,0.77312,754.914,2.84467,734.554,11.6941,
0.0104167,0.012288,0.0454545,0.011264,0.181818,0.011264,0.727273,0.011264,2.90909,0.011264,10.6667,0.012288,42.6667,0.012288,146.286,0.014336,455.111,0.018432,546.133,0.06144,682.667,0.196608,694.421,0.77312,754.371,2.84672,734.425,11.6961,
0.0104167,0.012288,0.0454545,0.011264,0.2,0.01024,0.666667,0.012288,2.90909,0.011264,10.6667,0.012288,42.6667,0.012288,157.538,0.013312,431.158,0.019456,546.133,0.06144,682.667,0.196608,696.266,0.771072,754.643,2.8457,734.233,11.6992,
0.0104167,0.012288,0.0454545,0.011264,0.2,0.01024,0.727273,0.011264,2.90909,0.011264,11.6364,0.011264,42.6667,0.012288,157.538,0.013312,431.158,0.019456,546.133,0.06144,686.241,0.195584,694.421,0.77312,754.914,2.84467,734.49,11.6951,
0.0113636,0.011264,0.0416667,0.012288,0.2,0.01024,0.666667,0.012288,2.90909,0.011264,11.6364,0.011264,42.6667,0.012288,157.538,0.013312,431.158,0.019456,546.133,0.06144,682.667,0.196608,696.266,0.771072,754.643,2.8457,734.361,11.6972,
0.0104167,0.012288,0.0454545,0.011264,0.181818,0.011264,0.615385,0.013312,2.90909,0.011264,10.6667,0.012288,42.6667,0.012288,146.286,0.014336,431.158,0.019456,555.39,0.060416,682.667,0.196608,695.342,0.772096,753.558,2.84979,734.49,11.6951,
0.0113636,0.011264,0.0454545,0.011264,0.2,0.01024,0.533333,0.01536,2.90909,0.011264,10.6667,0.012288,42.6667,0.012288,157.538,0.013312,431.158,0.019456,555.39,0.060416,682.667,0.196608,695.342,0.772096,754.371,2.84672,734.49,11.6951,
0.0104167,0.012288,0.0454545,0.011264,0.181818,0.011264,0.666667,0.012288,2.66667,0.012288,11.6364,0.011264,42.6667,0.012288,157.538,0.013312,455.111,0.018432,546.133,0.06144,675.629,0.198656,694.421,0.77312,754.371,2.84672,734.49,11.6951,
0.0104167,0.012288,0.0454545,0.011264,0.2,0.01024,0.666667,0.012288,2.90909,0.011264,11.6364,0.011264,32,0.016384,157.538,0.013312,455.111,0.018432,555.39,0.060416,686.241,0.195584,694.421,0.77312,754.1,2.84774,734.49,11.6951,
0.0104167,0.012288,0.0416667,0.012288,0.181818,0.011264,0.666667,0.012288,2.66667,0.012288,11.6364,0.011264,42.6667,0.012288,157.538,0.013312,431.158,0.019456,546.133,0.06144,682.667,0.196608,695.342,0.772096,754.371,2.84672,734.361,11.6972,
0.0104167,0.012288,0.0454545,0.011264,0.181818,0.011264,0.666667,0.012288,2.90909,0.011264,11.6364,0.011264,46.5455,0.011264,157.538,0.013312,455.111,0.018432,546.133,0.06144,686.241,0.195584,696.266,0.771072,754.371,2.84672,734.425,11.6961,
0.0104167,0.012288,0.0416667,0.012288,0.181818,0.011264,0.666667,0.012288,2.66667,0.012288,11.6364,0.011264,46.5455,0.011264,157.538,0.013312,455.111,0.018432,555.39,0.060416,682.667,0.196608,698.12,0.769024,754.1,2.84774,734.554,11.6941,
0.0113636,0.011264,0.0416667,0.012288,0.2,0.01024,0.727273,0.011264,2.90909,0.011264,11.6364,0.011264,46.5455,0.011264,157.538,0.013312,431.158,0.019456,555.39,0.060416,682.667,0.196608,699.984,0.766976,753.017,2.85184,734.361,11.6972,
0.0104167,0.012288,0.0454545,0.011264,0.181818,0.011264,0.8,0.01024,2.90909,0.011264,10.6667,0.012288,46.5455,0.011264,146.286,0.014336,431.158,0.019456,555.39,0.060416,686.241,0.195584,699.984,0.766976,753.287,2.85082,734.233,11.6992,
0.0113636,0.011264,0.0454545,0.011264,0.181818,0.011264,0.727273,0.011264,2.90909,0.011264,10.6667,0.012288,46.5455,0.011264,157.538,0.013312,455.111,0.018432,555.39,0.060416,679.13,0.197632,699.051,0.768,751.937,2.85594,734.425,11.6961,
0.0113636,0.011264,0.0416667,0.012288,0.181818,0.011264,0.666667,0.012288,2.90909,0.011264,10.6667,0.012288,46.5455,0.011264,157.538,0.013312,431.158,0.019456,537.18,0.062464,682.667,0.196608,690.762,0.777216,753.829,2.84877,734.49,11.6951,
0.0104167,0.012288,0.0416667,0.012288,0.2,0.01024,0.666667,0.012288,2.90909,0.011264,10.6667,0.012288,46.5455,0.011264,157.538,0.013312,431.158,0.019456,555.39,0.060416,682.667,0.196608,694.421,0.77312,754.643,2.8457,734.361,11.6972,
0.00694444,0.018432,0.0416667,0.012288,0.2,0.01024,0.666667,0.012288,2.90909,0.011264,10.6667,0.012288,42.6667,0.012288,157.538,0.013312,409.6,0.02048,546.133,0.06144,682.667,0.196608,694.421,0.77312,753.829,2.84877,734.361,11.6972,
0.0104167,0.012288,0.0454545,0.011264,0.2,0.01024,0.727273,0.011264,2.66667,0.012288,10.6667,0.012288,42.6667,0.012288,157.538,0.013312,431.158,0.019456,537.18,0.062464,682.667,0.196608,695.342,0.772096,753.287,2.85082,734.49,11.6951,
0.0113636,0.011264,0.0454545,0.011264,0.181818,0.011264,0.666667,0.012288,2.90909,0.011264,10.6667,0.012288,42.6667,0.012288,157.538,0.013312,455.111,0.018432,555.39,0.060416,682.667,0.196608,695.342,0.772096,754.1,2.84774,734.297,11.6982,
0.0113636,0.011264,0.0416667,0.012288,0.2,0.01024,0.727273,0.011264,2.90909,0.011264,10.6667,0.012288,42.6667,0.012288,157.538,0.013312,431.158,0.019456,546.133,0.06144,682.667,0.196608,692.587,0.775168,753.287,2.85082,734.297,11.6982,
0.0104167,0.012288,0.0454545,0.011264,0.181818,0.011264,0.727273,0.011264,2.90909,0.011264,11.6364,0.011264,42.6667,0.012288,170.667,0.012288,431.158,0.019456,555.39,0.060416,686.241,0.195584,695.342,0.772096,751.398,2.85798,734.425,11.6961,
0.0113636,0.011264,0.0357143,0.014336,0.181818,0.011264,0.666667,0.012288,2.90909,0.011264,10.6667,0.012288,46.5455,0.011264,157.538,0.013312,431.158,0.019456,546.133,0.06144,686.241,0.195584,695.342,0.772096,753.017,2.85184,734.361,11.6972,
0.0104167,0.012288,0.0454545,0.011264,0.166667,0.012288,0.727273,0.011264,2.90909,0.011264,9.84615,0.013312,46.5455,0.011264,157.538,0.013312,455.111,0.018432,546.133,0.06144,682.667,0.196608,694.421,0.77312,754.914,2.84467,734.361,11.6972,
0.0113636,0.011264,0.0416667,0.012288,0.181818,0.011264,0.666667,0.012288,2.66667,0.012288,10.6667,0.012288,46.5455,0.011264,170.667,0.012288,431.158,0.019456,555.39,0.060416,686.241,0.195584,694.421,0.77312,754.643,2.8457,734.297,11.6982,
0.0104167,0.012288,0.0454545,0.011264,0.2,0.01024,0.727273,0.011264,2.90909,0.011264,10.6667,0.012288,46.5455,0.011264,157.538,0.013312,431.158,0.019456,546.133,0.06144,686.241,0.195584,694.421,0.77312,754.371,2.84672,734.49,11.6951,
0.0113636,0.011264,0.0454545,0.011264,0.181818,0.011264,0.666667,0.012288,2.90909,0.011264,10.6667,0.012288,46.5455,0.011264,157.538,0.013312,431.158,0.019456,546.133,0.06144,686.241,0.195584,696.266,0.771072,754.914,2.84467,734.554,11.6941,
0.0113636,0.011264,0.0416667,0.012288,0.181818,0.011264,0.8,0.01024,2.66667,0.012288,10.6667,0.012288,42.6667,0.012288,157.538,0.013312,431.158,0.019456,546.133,0.06144,682.667,0.196608,694.421,0.77312,754.643,2.8457,734.425,11.6961,
0.0113636,0.011264,0.0416667,0.012288,0.2,0.01024,0.666667,0.012288,2.90909,0.011264,11.6364,0.011264,42.6667,0.012288,157.538,0.013312,431.158,0.019456,555.39,0.060416,686.241,0.195584,695.342,0.772096,753.829,2.84877,734.554,11.6941,
0.0104167,0.012288,0.0454545,0.011264,0.181818,0.011264,0.571429,0.014336,2.90909,0.011264,11.6364,0.011264,46.5455,0.011264,157.538,0.013312,431.158,0.019456,555.39,0.060416,686.241,0.195584,696.266,0.771072,754.1,2.84774,734.425,11.6961,
0.0104167,0.012288,0.0416667,0.012288,0.181818,0.011264,0.666667,0.012288,2.66667,0.012288,10.6667,0.012288,42.6667,0.012288,157.538,0.013312,455.111,0.018432,546.133,0.06144,682.667,0.196608,695.342,0.772096,754.371,2.84672,734.233,11.6992,
0.0104167,0.012288,0.0454545,0.011264,0.2,0.01024,0.666667,0.012288,2.90909,0.011264,10.6667,0.012288,46.5455,0.011264,157.538,0.013312,431.158,0.019456,546.133,0.06144,686.241,0.195584,697.191,0.770048,755.186,2.84365,734.49,11.6951,
0.0113636,0.011264,0.0416667,0.012288,0.181818,0.011264,0.666667,0.012288,2.90909,0.011264,10.6667,0.012288,42.6667,0.012288,157.538,0.013312,431.158,0.019456,555.39,0.060416,686.241,0.195584,699.051,0.768,754.914,2.84467,731.671,11.7402,
0.0113636,0.011264,0.0454545,0.011264,0.181818,0.011264,0.727273,0.011264,2.90909,0.011264,11.6364,0.011264,46.5455,0.011264,157.538,0.013312,455.111,0.018432,546.133,0.06144,686.241,0.195584,699.984,0.766976,754.643,2.8457,734.297,11.6982,
0.0113636,0.011264,0.0416667,0.012288,0.2,0.01024,0.666667,0.012288,2.66667,0.012288,10.6667,0.012288,46.5455,0.011264,170.667,0.012288,431.158,0.019456,546.133,0.06144,686.241,0.195584,700.92,0.765952,755.186,2.84365,734.554,11.6941,
0.0113636,0.011264,0.0454545,0.011264,0.181818,0.011264,0.727273,0.011264,2.90909,0.011264,10.6667,0.012288,46.5455,0.011264,157.538,0.013312,431.158,0.019456,546.133,0.06144,686.241,0.195584,696.266,0.771072,754.914,2.84467,734.361,11.6972,
0.0104167,0.012288,0.0416667,0.012288,0.2,0.01024,0.727273,0.011264,2.90909,0.011264,11.6364,0.011264,46.5455,0.011264,157.538,0.013312,409.6,0.02048,555.39,0.060416,682.667,0.196608,695.342,0.772096,754.643,2.8457,734.618,11.6931,
0.0104167,0.012288,0.0454545,0.011264,0.181818,0.011264,0.727273,0.011264,2.66667,0.012288,11.6364,0.011264,46.5455,0.011264,157.538,0.013312,431.158,0.019456,546.133,0.06144,682.667,0.196608,695.342,0.772096,754.914,2.84467,734.297,11.6982,
0.0113636,0.011264,0.0454545,0.011264,0.181818,0.011264,0.727273,0.011264,2.90909,0.011264,10.6667,0.012288,46.5455,0.011264,157.538,0.013312,455.111,0.018432,546.133,0.06144,686.241,0.195584,689.853,0.77824,754.371,2.84672,734.425,11.6961,
0.0104167,0.012288,0.05,0.01024,0.153846,0.013312,0.727273,0.011264,2.90909,0.011264,10.6667,0.012288,46.5455,0.011264,157.538,0.013312,455.111,0.018432,546.133,0.06144,686.241,0.195584,695.342,0.772096,752.747,2.85286,734.361,11.6972,
0.0113636,0.011264,0.0454545,0.011264,0.181818,0.011264,0.727273,0.011264,2.90909,0.011264,10.6667,0.012288,42.6667,0.012288,157.538,0.013312,431.158,0.019456,555.39,0.060416,686.241,0.195584,693.503,0.774144,753.287,2.85082,734.297,11.6982,
0.0113636,0.011264,0.0454545,0.011264,0.181818,0.011264,0.727273,0.011264,2.90909,0.011264,10.6667,0.012288,46.5455,0.011264,157.538,0.013312,431.158,0.019456,546.133,0.06144,682.667,0.196608,694.421,0.77312,754.1,2.84774,734.425,11.6961,
0.0104167,0.012288,0.0454545,0.011264,0.181818,0.011264,0.727273,0.011264,2.90909,0.011264,11.6364,0.011264,42.6667,0.012288,157.538,0.013312,431.158,0.019456,546.133,0.06144,686.241,0.195584,694.421,0.77312,755.186,2.84365,734.361,11.6972,
0.0104167,0.012288,0.0454545,0.011264,0.181818,0.011264,0.666667,0.012288,2.90909,0.011264,10.6667,0.012288,42.6667,0.012288,157.538,0.013312,431.158,0.019456,546.133,0.06144,686.241,0.195584,695.342,0.772096,754.914,2.84467,734.425,11.6961,
0.0113636,0.011264,0.0454545,0.011264,0.181818,0.011264,0.727273,0.011264,2.90909,0.011264,10.6667,0.012288,46.5455,0.011264,157.538,0.013312,431.158,0.019456,555.39,0.060416,686.241,0.195584,695.342,0.772096,754.371,2.84672,734.04,11.7023,
0.0104167,0.012288,0.0454545,0.011264,0.181818,0.011264,0.444444,0.018432,2.90909,0.011264,10.6667,0.012288,46.5455,0.011264,157.538,0.013312,431.158,0.019456,546.133,0.06144,686.241,0.195584,694.421,0.77312,753.558,2.84979,734.104,11.7012,
0.0113636,0.011264,0.0454545,0.011264,0.2,0.01024,0.666667,0.012288,2.90909,0.011264,10.6667,0.012288,39.3846,0.013312,146.286,0.014336,431.158,0.019456,537.18,0.062464,682.667,0.196608,696.266,0.771072,754.914,2.84467,733.847,11.7053,
0.0104167,0.012288,0.0454545,0.011264,0.181818,0.011264,0.666667,0.012288,2.90909,0.011264,10.6667,0.012288,46.5455,0.011264,157.538,0.013312,455.111,0.018432,546.133,0.06144,686.241,0.195584,695.342,0.772096,754.1,2.84774,733.847,11.7053,
0.0104167,0.012288,0.0454545,0.011264,0.181818,0.011264,0.666667,0.012288,2.66667,0.012288,10.6667,0.012288,46.5455,0.011264,170.667,0.012288,431.158,0.019456,546.133,0.06144,686.241,0.195584,695.342,0.772096,754.1,2.84774,734.104,11.7012,
0.0104167,0.012288,0.0454545,0.011264,0.166667,0.012288,0.727273,0.011264,2.66667,0.012288,10.6667,0.012288,42.6667,0.012288,157.538,0.013312,431.158,0.019456,555.39,0.060416,682.667,0.196608,693.503,0.774144,754.914,2.84467,734.425,11.6961,
0.0113636,0.011264,0.0454545,0.011264,0.2,0.01024,0.666667,0.012288,2.90909,0.011264,11.6364,0.011264,42.6667,0.012288,170.667,0.012288,455.111,0.018432,555.39,0.060416,686.241,0.195584,695.342,0.772096,754.914,2.84467,734.425,11.6961,
0.0113636,0.011264,0.0454545,0.011264,0.181818,0.011264,0.727273,0.011264,2.66667,0.012288,11.6364,0.011264,42.6667,0.012288,157.538,0.013312,431.158,0.019456,555.39,0.060416,682.667,0.196608,698.12,0.769024,753.829,2.84877,734.104,11.7012,
0.00961538,0.013312,0.0416667,0.012288,0.181818,0.011264,0.727273,0.011264,2.66667,0.012288,10.6667,0.012288,42.6667,0.012288,157.538,0.013312,431.158,0.019456,555.39,0.060416,686.241,0.195584,699.984,0.766976,753.829,2.84877,734.49,11.6951,
0.0104167,0.012288,0.0454545,0.011264,0.181818,0.011264,0.666667,0.012288,2.90909,0.011264,11.6364,0.011264,42.6667,0.012288,157.538,0.013312,431.158,0.019456,555.39,0.060416,686.241,0.195584,699.984,0.766976,754.371,2.84672,734.297,11.6982,
0.0104167,0.012288,0.0416667,0.012288,0.166667,0.012288,0.666667,0.012288,2.66667,0.012288,10.6667,0.012288,42.6667,0.012288,170.667,0.012288,431.158,0.019456,555.39,0.060416,686.241,0.195584,699.984,0.766976,754.643,2.8457,734.361,11.6972,
0.0113636,0.011264,0.0454545,0.011264,0.181818,0.011264,0.727273,0.011264,2.90909,0.011264,10.6667,0.012288,42.6667,0.012288,157.538,0.013312,431.158,0.019456,546.133,0.06144,689.853,0.19456,699.051,0.768,754.914,2.84467,734.554,11.6941,
0.0104167,0.012288,0.0416667,0.012288,0.181818,0.011264,0.666667,0.012288,2.90909,0.011264,11.6364,0.011264,42.6667,0.012288,157.538,0.013312,431.158,0.019456,537.18,0.062464,682.667,0.196608,695.342,0.772096,754.914,2.84467,734.297,11.6982,
0.0113636,0.011264,0.0454545,0.011264,0.181818,0.011264,0.727273,0.011264,2.90909,0.011264,11.6364,0.011264,42.6667,0.012288,157.538,0.013312,455.111,0.018432,555.39,0.060416,686.241,0.195584,694.421,0.77312,754.643,2.8457,734.425,11.6961,
0.0078125,0.016384,0.0416667,0.012288,0.166667,0.012288,0.571429,0.014336,2.66667,0.012288,10.6667,0.012288,30.1176,0.017408,146.286,0.014336,372.364,0.022528,520.127,0.064512,639.376,0.20992,695.342,0.772096,695.342,3.08838,708.138,12.1303,
0.00961538,0.013312,0.0416667,0.012288,0.181818,0.011264,0.727273,0.011264,2.66667,0.012288,10.6667,0.012288,39.3846,0.013312,157.538,0.013312,409.6,0.02048,537.18,0.062464,655.36,0.2048,699.984,0.766976,696.728,3.08224,708.497,12.1242,
0.0104167,0.012288,0.0416667,0.012288,0.181818,0.011264,0.666667,0.012288,2.66667,0.012288,10.6667,0.012288,39.3846,0.013312,157.538,0.013312,409.6,0.02048,537.18,0.062464,655.36,0.2048,699.984,0.766976,697.191,3.08019,708.617,12.1221,
0.00961538,0.013312,0.0416667,0.012288,0.181818,0.011264,0.727273,0.011264,2.90909,0.011264,10.6667,0.012288,42.6667,0.012288,157.538,0.013312,431.158,0.019456,537.18,0.062464,658.653,0.203776,699.051,0.768,696.96,3.08122,708.557,12.1231,
0.0113636,0.011264,0.0416667,0.012288,0.181818,0.011264,0.615385,0.013312,2.66667,0.012288,10.6667,0.012288,42.6667,0.012288,157.538,0.013312,409.6,0.02048,546.133,0.06144,658.653,0.203776,700.92,0.765952,697.423,3.07917,708.437,12.1252,
0.00892857,0.014336,0.0416667,0.012288,0.181818,0.011264,0.727273,0.011264,2.66667,0.012288,10.6667,0.012288,42.6667,0.012288,157.538,0.013312,431.158,0.019456,528.516,0.063488,648.871,0.206848,700.92,0.765952,696.266,3.08429,708.557,12.1231,
0.0104167,0.012288,0.0416667,0.012288,0.181818,0.011264,0.666667,0.012288,2.66667,0.012288,10.6667,0.012288,42.6667,0.012288,157.538,0.013312,431.158,0.019456,537.18,0.062464,661.98,0.202752,699.051,0.768,697.191,3.08019,708.497,12.1242,
0.0104167,0.012288,0.0454545,0.011264,0.181818,0.011264,0.727273,0.011264,2.66667,0.012288,10.6667,0.012288,39.3846,0.013312,157.538,0.013312,341.333,0.024576,546.133,0.06144,655.36,0.2048,699.984,0.766976,696.96,3.08122,708.557,12.1231,
0.0113636,0.011264,0.0416667,0.012288,0.2,0.01024,0.666667,0.012288,2.90909,0.011264,10.6667,0.012288,42.6667,0.012288,157.538,0.013312,409.6,0.02048,537.18,0.062464,661.98,0.202752,699.984,0.766976,697.888,3.07712,708.437,12.1252,
0.0104167,0.012288,0.0416667,0.012288,0.166667,0.012288,0.727273,0.011264,2.66667,0.012288,10.6667,0.012288,42.6667,0.012288,146.286,0.014336,390.095,0.021504,546.133,0.06144,661.98,0.202752,699.984,0.766976,697.191,3.08019,708.437,12.1252,
0.0113636,0.011264,0.0416667,0.012288,0.181818,0.011264,0.666667,0.012288,2.66667,0.012288,10.6667,0.012288,42.6667,0.012288,157.538,0.013312,431.158,0.019456,537.18,0.062464,661.98,0.202752,697.191,0.770048,696.497,3.08326,708.437,12.1252,
0.0104167,0.012288,0.0454545,0.011264,0.181818,0.011264,0.727273,0.011264,2.66667,0.012288,10.6667,0.012288,42.6667,0.012288,146.286,0.014336,409.6,0.02048,555.39,0.060416,658.653,0.203776,695.342,0.772096,697.191,3.08019,708.737,12.1201,
0.0104167,0.012288,0.0416667,0.012288,0.181818,0.011264,0.148148,0.055296,2.66667,0.012288,10.6667,0.012288,42.6667,0.012288,157.538,0.013312,409.6,0.02048,537.18,0.062464,658.653,0.203776,697.191,0.770048,698.12,3.0761,733.014,11.7187,
0.0104167,0.012288,0.0454545,0.011264,0.166667,0.012288,0.666667,0.012288,2.66667,0.012288,10.6667,0.012288,42.6667,0.012288,157.538,0.013312,431.158,0.019456,537.18,0.062464,661.98,0.202752,698.12,0.769024,697.888,3.07712,733.911,11.7043,
0.00961538,0.013312,0.0454545,0.011264,0.181818,0.011264,0.666667,0.012288,2.90909,0.011264,9.84615,0.013312,42.6667,0.012288,157.538,0.013312,431.158,0.019456,537.18,0.062464,658.653,0.203776,699.051,0.768,698.12,3.0761,733.911,11.7043,
0.0104167,0.012288,0.0454545,0.011264,0.181818,0.011264,0.666667,0.012288,1.88235,0.017408,10.6667,0.012288,39.3846,0.013312,157.538,0.013312,431.158,0.019456,546.133,0.06144,658.653,0.203776,695.342,0.772096,698.12,3.0761,733.847,11.7053,
0.0104167,0.012288,0.0416667,0.012288,0.181818,0.011264,0.666667,0.012288,2.90909,0.011264,11.6364,0.011264,42.6667,0.012288,157.538,0.013312,431.158,0.019456,537.18,0.062464,333.517,0.402432,699.984,0.766976,696.266,3.08429,733.719,11.7074,
0.0113636,0.011264,0.0454545,0.011264,0.181818,0.011264,0.666667,0.012288,2.90909,0.011264,10.6667,0.012288,42.6667,0.012288,157.538,0.013312,431.158,0.019456,537.18,0.062464,658.653,0.203776,699.984,0.766976,694.651,3.09146,734.104,11.7012,
0.0104167,0.012288,0.0416667,0.012288,0.181818,0.011264,0.666667,0.012288,2.90909,0.011264,10.6667,0.012288,39.3846,0.013312,146.286,0.014336,431.158,0.019456,537.18,0.062464,661.98,0.202752,695.342,0.772096,696.728,3.08224,733.847,11.7053,
0.0104167,0.012288,0.0454545,0.011264,0.166667,0.012288,0.666667,0.012288,2.90909,0.011264,10.6667,0.012288,42.6667,0.012288,157.538,0.013312,431.158,0.019456,537.18,0.062464,661.98,0.202752,696.266,0.771072,696.96,3.08122,733.847,11.7053,
0.0104167,0.012288,0.0416667,0.012288,0.181818,0.011264,0.666667,0.012288,2.66667,0.012288,10.6667,0.012288,42.6667,0.012288,157.538,0.013312,431.158,0.019456,537.18,0.062464,658.653,0.203776,698.12,0.769024,698.12,3.0761,733.847,11.7053,
0.0104167,0.012288,0.0416667,0.012288,0.181818,0.011264,0.666667,0.012288,2.66667,0.012288,10.6667,0.012288,39.3846,0.013312,146.286,0.014336,409.6,0.02048,537.18,0.062464,661.98,0.202752,698.12,0.769024,698.352,3.07507,734.297,11.6982,
0.0104167,0.012288,0.0416667,0.012288,0.181818,0.011264,0.666667,0.012288,2.66667,0.012288,9.84615,0.013312,42.6667,0.012288,157.538,0.013312,409.6,0.02048,537.18,0.062464,658.653,0.203776,700.92,0.765952,699.284,3.07098,734.168,11.7002,
0.0104167,0.012288,0.0454545,0.011264,0.181818,0.011264,0.727273,0.011264,2.90909,0.011264,10.6667,0.012288,42.6667,0.012288,157.538,0.013312,431.158,0.019456,546.133,0.06144,655.36,0.2048,699.984,0.766976,698.818,3.07302,734.233,11.6992,
0.0113636,0.011264,0.0416667,0.012288,0.181818,0.011264,0.727273,0.011264,2.66667,0.012288,9.84615,0.013312,39.3846,0.013312,146.286,0.014336,409.6,0.02048,546.133,0.06144,665.34,0.201728,700.92,0.765952,699.051,3.072,733.976,11.7033,
0.0104167,0.012288,0.0416667,0.012288,0.166667,0.012288,0.727273,0.011264,2.66667,0.012288,10.6667,0.012288,42.6667,0.012288,157.538,0.013312,431.158,0.019456,546.133,0.06144,648.871,0.206848,700.92,0.765952,729.191,2.94502,733.976,11.7033,
0.0104167,0.012288,0.0416667,0.012288,0.181818,0.011264,0.666667,0.012288,2.66667,0.012288,10.6667,0.012288,42.6667,0.012288,157.538,0.013312,431.158,0.019456,546.133,0.06144,658.653,0.203776,699.984,0.766976,754.371,2.84672,733.976,11.7033,
0.0104167,0.012288,0.0454545,0.011264,0.181818,0.011264,0.727273,0.011264,2.66667,0.012288,10.6667,0.012288,42.6667,0.012288,157.538,0.013312,431.158,0.019456,537.18,0.062464,661.98,0.202752,699.984,0.766976,754.643,2.8457,733.655,11.7084,
0.0104167,0.012288,0.0416667,0.012288,0.2,0.01024,0.666667,0.012288,2.66667,0.012288,10.6667,0.012288,42.6667,0.012288,157.538,0.013312,431.158,0.019456,546.133,0.06144,661.98,0.202752,699.051,0.768,754.914,2.84467,733.976,11.7033,
0.0104167,0.012288,0.0454545,0.011264,0.181818,0.011264,0.666667,0.012288,2.90909,0.011264,9.84615,0.013312,42.6667,0.012288,157.538,0.013312,431.158,0.019456,546.133,0.06144,652.099,0.205824,699.984,0.766976,754.914,2.84467,733.911,11.7043,
0.0104167,0.012288,0.0416667,0.012288,0.2,0.01024,0.615385,0.013312,2.66667,0.012288,10.6667,0.012288,42.6667,0.012288,157.538,0.013312,431.158,0.019456,546.133,0.06144,661.98,0.202752,699.984,0.766976,754.914,2.84467,733.783,11.7064,
0.0113636,0.011264,0.0416667,0.012288,0.181818,0.011264,0.727273,0.011264,2.90909,0.011264,10.6667,0.012288,42.6667,0.012288,157.538,0.013312,431.158,0.019456,555.39,0.060416,658.653,0.203776,699.051,0.768,754.914,2.84467,733.847,11.7053,
0.0113636,0.011264,0.0416667,0.012288,0.181818,0.011264,0.727273,0.011264,2.90909,0.011264,10.6667,0.012288,42.6667,0.012288,157.538,0.013312,431.158,0.019456,555.39,0.060416,665.34,0.201728,697.191,0.770048,754.914,2.84467,733.783,11.7064,
0.0113636,0.011264,0.0416667,0.012288,0.181818,0.011264,0.727273,0.011264,2.90909,0.011264,9.84615,0.013312,42.6667,0.012288,146.286,0.014336,431.158,0.019456,546.133,0.06144,665.34,0.201728,699.051,0.768,754.914,2.84467,733.911,11.7043,
0.0113636,0.011264,0.0454545,0.011264,0.142857,0.014336,0.727273,0.011264,2.90909,0.011264,9.84615,0.013312,42.6667,0.012288,157.538,0.013312,431.158,0.019456,555.39,0.060416,668.735,0.200704,699.984,0.766976,754.914,2.84467,734.233,11.6992,
0.0104167,0.012288,0.0454545,0.011264,0.166667,0.012288,0.666667,0.012288,2.66667,0.012288,9.84615,0.013312,42.6667,0.012288,157.538,0.013312,431.158,0.019456,546.133,0.06144,672.164,0.19968,699.051,0.768,754.914,2.84467,733.976,11.7033,
0.0104167,0.012288,0.0454545,0.011264,0.181818,0.011264,0.666667,0.012288,2.66667,0.012288,10.6667,0.012288,42.6667,0.012288,157.538,0.013312,431.158,0.019456,555.39,0.060416,668.735,0.200704,699.051,0.768,754.643,2.8457,733.655,11.7084,
0.0104167,0.012288,0.0416667,0.012288,0.166667,0.012288,0.666667,0.012288,2.66667,0.012288,10.6667,0.012288,42.6667,0.012288,157.538,0.013312,431.158,0.019456,555.39,0.060416,668.735,0.200704,699.984,0.766976,754.643,2.8457,733.655,11.7084,
0.0113636,0.011264,0.0416667,0.012288,0.181818,0.011264,0.666667,0.012288,2.66667,0.012288,10.6667,0.012288,42.6667,0.012288,146.286,0.014336,431.158,0.019456,546.133,0.06144,672.164,0.19968,699.984,0.766976,754.643,2.8457,733.719,11.7074,
0.0104167,0.012288,0.0454545,0.011264,0.181818,0.011264,0.666667,0.012288,2.66667,0.012288,10.6667,0.012288,39.3846,0.013312,146.286,0.014336,431.158,0.019456,555.39,0.060416,672.164,0.19968,699.984,0.766976,754.914,2.84467,733.655,11.7084,
0.0104167,0.012288,0.0454545,0.011264,0.181818,0.011264,0.727273,0.011264,2.66667,0.012288,10.6667,0.012288,42.6667,0.012288,157.538,0.013312,431.158,0.019456,546.133,0.06144,668.735,0.200704,699.984,0.766976,754.371,2.84672,733.911,11.7043,
0.0104167,0.012288,0.0454545,0.011264,0.166667,0.012288,0.727273,0.011264,2.66667,0.012288,10.6667,0.012288,42.6667,0.012288,128,0.016384,431.158,0.019456,555.39,0.060416,668.735,0.200704,699.051,0.768,754.371,2.84672,733.976,11.7033,
0.0113636,0.011264,0.0416667,0.012288,0.181818,0.011264,0.666667,0.012288,2.66667,0.012288,10.6667,0.012288,39.3846,0.013312,146.286,0.014336,431.158,0.019456,555.39,0.060416,672.164,0.19968,695.342,0.772096,753.558,2.84979,733.976,11.7033,
0.0113636,0.011264,0.0416667,0.012288,0.181818,0.011264,0.727273,0.011264,2.66667,0.012288,10.6667,0.012288,42.6667,0.012288,157.538,0.013312,431.158,0.019456,555.39,0.060416,672.164,0.19968,696.266,0.771072,752.747,2.85286,733.783,11.7064,
0.0113636,0.011264,0.0416667,0.012288,0.181818,0.011264,0.666667,0.012288,2.66667,0.012288,7.11111,0.018432,42.6667,0.012288,157.538,0.013312,431.158,0.019456,546.133,0.06144,672.164,0.19968,699.051,0.768,753.558,2.84979,733.462,11.7115,
0.00694444,0.018432,0.0454545,0.011264,0.181818,0.011264,0.727273,0.011264,2.66667,0.012288,10.6667,0.012288,42.6667,0.012288,128,0.016384,431.158,0.019456,546.133,0.06144,661.98,0.202752,699.984,0.766976,753.017,2.85184,733.655,11.7084,
0.0104167,0.012288,0.0416667,0.012288,0.181818,0.011264,0.666667,0.012288,2.66667,0.012288,10.6667,0.012288,39.3846,0.013312,157.538,0.013312,431.158,0.019456,537.18,0.062464,661.98,0.202752,699.051,0.768,752.747,2.85286,733.591,11.7094,
0.0104167,0.012288,0.0416667,0.012288,0.166667,0.012288,0.666667,0.012288,2.66667,0.012288,10.6667,0.012288,42.6667,0.012288,146.286,0.014336,409.6,0.02048,504.123,0.06656,655.36,0.2048,699.984,0.766976,753.558,2.84979,733.719,11.7074,
0.0104167,0.012288,0.0416667,0.012288,0.181818,0.011264,0.666667,0.012288,2.66667,0.012288,10.6667,0.012288,42.6667,0.012288,157.538,0.013312,409.6,0.02048,546.133,0.06144,661.98,0.202752,699.051,0.768,753.829,2.84877,733.591,11.7094,
0.0104167,0.012288,0.0416667,0.012288,0.166667,0.012288,0.727273,0.011264,2.90909,0.011264,10.6667,0.012288,42.6667,0.012288,146.286,0.014336,409.6,0.02048,546.133,0.06144,648.871,0.206848,699.984,0.766976,752.747,2.85286,733.334,11.7135,
0.0104167,0.012288,0.0416667,0.012288,0.181818,0.011264,0.727273,0.011264,2.90909,0.011264,9.84615,0.013312,42.6667,0.012288,146.286,0.014336,431.158,0.019456,546.133,0.06144,658.653,0.203776,697.191,0.770048,753.017,2.85184,733.655,11.7084,
0.0104167,0.012288,0.0454545,0.011264,0.181818,0.011264,0.727273,0.011264,2.90909,0.011264,9.84615,0.013312,39.3846,0.013312,146.286,0.014336,409.6,0.02048,546.133,0.06144,658.653,0.203776,695.342,0.772096,753.287,2.85082,733.526,11.7105,
0.0113636,0.011264,0.0454545,0.011264,0.181818,0.011264,0.666667,0.012288,2.66667,0.012288,10.6667,0.012288,42.6667,0.012288,157.538,0.013312,409.6,0.02048,537.18,0.062464,658.653,0.203776,697.191,0.770048,753.017,2.85184,733.655,11.7084,
0.0113636,0.011264,0.0416667,0.012288,0.181818,0.011264,0.666667,0.012288,2.66667,0.012288,9.84615,0.013312,42.6667,0.012288,157.538,0.013312,431.158,0.019456,537.18,0.062464,661.98,0.202752,699.984,0.766976,753.829,2.84877,733.655,11.7084,
0.0104167,0.012288,0.0416667,0.012288,0.181818,0.011264,0.727273,0.011264,2.66667,0.012288,10.6667,0.012288,39.3846,0.013312,157.538,0.013312,455.111,0.018432,537.18,0.062464,658.653,0.203776,699.984,0.766976,751.937,2.85594,733.334,11.7135,
0.0104167,0.012288,0.0454545,0.011264,0.181818,0.011264,0.727273,0.011264,2.66667,0.012288,10.6667,0.012288,42.6667,0.012288,157.538,0.013312,431.158,0.019456,546.133,0.06144,661.98,0.202752,699.984,0.766976,752.207,2.85491,733.526,11.7105,
0.0113636,0.011264,0.0416667,0.012288,0.2,0.01024,0.615385,0.013312,2.66667,0.012288,10.6667,0.012288,42.6667,0.012288,146.286,0.014336,409.6,0.02048,537.18,0.062464,661.98,0.202752,699.984,0.766976,753.017,2.85184,733.142,11.7166,
0.0113636,0.011264,0.0416667,0.012288,0.181818,0.011264,0.727273,0.011264,2.90909,0.011264,9.84615,0.013312,42.6667,0.012288,157.538,0.013312,431.158,0.019456,537.18,0.062464,655.36,0.2048,699.051,0.768,752.477,2.85389,733.078,11.7176,
0.0104167,0.012288,0.0416667,0.012288,0.2,0.01024,0.727273,0.011264,2.66667,0.012288,10.6667,0.012288,42.6667,0.012288,146.286,0.014336,431.158,0.019456,537.18,0.062464,658.653,0.203776,698.12,0.769024,753.017,2.85184,732.95,11.7197,
0.0104167,0.012288,0.0454545,0.011264,0.181818,0.011264,0.666667,0.012288,2.90909,0.011264,10.6667,0.012288,39.3846,0.013312,157.538,0.013312,409.6,0.02048,546.133,0.06144,658.653,0.203776,694.421,0.77312,753.017,2.85184,733.462,11.7115,
0.0104167,0.012288,0.0416667,0.012288,0.2,0.01024,0.615385,0.013312,2.90909,0.011264,10.6667,0.012288,42.6667,0.012288,146.286,0.014336,431.158,0.019456,489.075,0.068608,661.98,0.202752,697.191,0.770048,753.017,2.85184,733.911,11.7043,
0.0104167,0.012288,0.0454545,0.011264,0.181818,0.011264,0.666667,0.012288,2.90909,0.011264,10.6667,0.012288,42.6667,0.012288,157.538,0.013312,455.111,0.018432,537.18,0.062464,658.653,0.203776,699.051,0.768,752.477,2.85389,734.297,11.6982,
0.0104167,0.012288,0.0416667,0.012288,0.181818,0.011264,0.666667,0.012288,2.90909,0.011264,11.6364,0.011264,42.6667,0.012288,146.286,0.014336,409.6,0.02048,528.516,0.063488,658.653,0.203776,699.984,0.766976,753.017,2.85184,734.233,11.6992,
0.00961538,0.013312,0.0416667,0.012288,0.181818,0.011264,0.666667,0.012288,2.90909,0.011264,10.6667,0.012288,42.6667,0.012288,146.286,0.014336,431.158,0.019456,537.18,0.062464,658.653,0.203776,699.984,0.766976,752.477,2.85389,734.233,11.6992,
0.0104167,0.012288,0.0416667,0.012288,0.181818,0.011264,0.666667,0.012288,2.90909,0.011264,10.6667,0.012288,39.3846,0.013312,157.538,0.013312,409.6,0.02048,537.18,0.062464,661.98,0.202752,700.92,0.765952,753.558,2.84979,734.168,11.7002,
0.0104167,0.012288,0.0454545,0.011264,0.166667,0.012288,0.727273,0.011264,2.90909,0.011264,10.6667,0.012288,42.6667,0.012288,146.286,0.014336,431.158,0.019456,537.18,0.062464,658.653,0.203776,699.984,0.766976,753.017,2.85184,734.04,11.7023,
0.0104167,0.012288,0.0416667,0.012288,0.181818,0.011264,0.666667,0.012288,2.66667,0.012288,10.6667,0.012288,39.3846,0.013312,157.538,0.013312,431.158,0.019456,537.18,0.062464,661.98,0.202752,698.12,0.769024,751.398,2.85798,733.719,11.7074,
0.0104167,0.012288,0.0454545,0.011264,0.181818,0.011264,0.666667,0.012288,2.66667,0.012288,9.84615,0.013312,42.6667,0.012288,157.538,0.013312,431.158,0.019456,546.133,0.06144,658.653,0.203776,696.266,0.771072,752.747,2.85286,733.783,11.7064,
0.0104167,0.012288,0.0416667,0.012288,0.181818,0.011264,0.666667,0.012288,2.90909,0.011264,10.6667,0.012288,42.6667,0.012288,157.538,0.013312,409.6,0.02048,537.18,0.062464,658.653,0.203776,698.12,0.769024,753.017,2.85184,733.655,11.7084,
0.0104167,0.012288,0.0454545,0.011264,0.166667,0.012288,0.727273,0.011264,2.90909,0.011264,9.84615,0.013312,42.6667,0.012288,157.538,0.013312,409.6,0.02048,546.133,0.06144,661.98,0.202752,699.984,0.766976,752.747,2.85286,733.976,11.7033,
0.0104167,0.012288,0.0416667,0.012288,0.181818,0.011264,0.666667,0.012288,2.90909,0.011264,10.6667,0.012288,42.6667,0.012288,146.286,0.014336,431.158,0.019456,546.133,0.06144,661.98,0.202752,699.984,0.766976,753.287,2.85082,733.847,11.7053,
0.0104167,0.012288,0.0416667,0.012288,0.181818,0.011264,0.615385,0.013312,2.90909,0.011264,10.6667,0.012288,42.6667,0.012288,146.286,0.014336,431.158,0.019456,537.18,0.062464,658.653,0.203776,699.984,0.766976,752.747,2.85286,733.911,11.7043,
0.0113636,0.011264,0.0416667,0.012288,0.181818,0.011264,0.666667,0.012288,2.90909,0.011264,10.6667,0.012288,42.6667,0.012288,157.538,0.013312,431.158,0.019456,528.516,0.063488,661.98,0.202752,699.984,0.766976,752.747,2.85286,734.04,11.7023,
0.0104167,0.012288,0.0454545,0.011264,0.181818,0.011264,0.666667,0.012288,2.66667,0.012288,10.6667,0.012288,39.3846,0.013312,146.286,0.014336,431.158,0.019456,546.133,0.06144,658.653,0.203776,699.984,0.766976,752.747,2.85286,733.911,11.7043,
0.0113636,0.011264,0.0416667,0.012288,0.181818,0.011264,0.666667,0.012288,2.66667,0.012288,11.6364,0.011264,39.3846,0.013312,146.286,0.014336,409.6,0.02048,537.18,0.062464,658.653,0.203776,698.12,0.769024,752.747,2.85286,733.847,11.7053,
0.0104167,0.012288,0.0454545,0.011264,0.181818,0.011264,0.666667,0.012288,2.90909,0.011264,10.6667,0.012288,42.6667,0.012288,157.538,0.013312,303.407,0.027648,555.39,0.060416,658.653,0.203776,693.503,0.774144,752.747,2.85286,733.847,11.7053,
0.0104167,0.012288,0.0416667,0.012288,0.181818,0.011264,0.666667,0.012288,2.90909,0.011264,10.6667,0.012288,39.3846,0.013312,136.533,0.01536,431.158,0.019456,537.18,0.062464,658.653,0.203776,696.266,0.771072,753.017,2.85184,733.783,11.7064,
0.0113636,0.011264,0.0416667,0.012288,0.181818,0.011264,0.666667,0.012288,2.66667,0.012288,10.6667,0.012288,42.6667,0.012288,146.286,0.014336,409.6,0.02048,537.18,0.062464,658.653,0.203776,699.051,0.768,752.477,2.85389,733.847,11.7053,
0.0113636,0.011264,0.0454545,0.011264,0.2,0.01024,0.666667,0.012288,2.66667,0.012288,10.6667,0.012288,42.6667,0.012288,157.538,0.013312,409.6,0.02048,537.18,0.062464,661.98,0.202752,699.984,0.766976,753.017,2.85184,733.847,11.7053,
0.0104167,0.012288,0.0416667,0.012288,0.181818,0.011264,0.727273,0.011264,2.90909,0.011264,10.6667,0.012288,42.6667,0.012288,146.286,0.014336,431.158,0.019456,537.18,0.062464,655.36,0.2048,699.051,0.768,752.747,2.85286,733.911,11.7043,
0.0113636,0.011264,0.0416667,0.012288,0.181818,0.011264,0.727273,0.011264,2.66667,0.012288,10.6667,0.012288,42.6667,0.012288,146.286,0.014336,431.158,0.019456,546.133,0.06144,655.36,0.2048,699.051,0.768,752.207,2.85491,733.911,11.7043,
0.0104167,0.012288,0.0416667,0.012288,0.181818,0.011264,0.727273,0.011264,2.66667,0.012288,10.6667,0.012288,42.6667,0.012288,146.286,0.014336,431.158,0.019456,546.133,0.06144,658.653,0.203776,699.984,0.766976,753.287,2.85082,733.911,11.7043,
0.0113636,0.011264,0.0416667,0.012288,0.181818,0.011264,0.727273,0.011264,2.66667,0.012288,10.6667,0.012288,39.3846,0.013312,146.286,0.014336,431.158,0.019456,546.133,0.06144,658.653,0.203776,697.191,0.770048,753.558,2.84979,733.783,11.7064,
0.0104167,0.012288,0.0416667,0.012288,0.166667,0.012288,0.666667,0.012288,2.66667,0.012288,10.6667,0.012288,42.6667,0.012288,157.538,0.013312,431.158,0.019456,528.516,0.063488,658.653,0.203776,696.266,0.771072,752.747,2.85286,733.911,11.7043,
0.0104167,0.012288,0.0416667,0.012288,0.181818,0.011264,0.666667,0.012288,2.66667,0.012288,10.6667,0.012288,39.3846,0.013312,16.5161,0.126976,431.158,0.019456,537.18,0.062464,661.98,0.202752,700.92,0.765952,753.287,2.85082,733.976,11.7033,
0.0104167,0.012288,0.0416667,0.012288,0.166667,0.012288,0.666667,0.012288,2.90909,0.011264,10.6667,0.012288,42.6667,0.012288,157.538,0.013312,431.158,0.019456,537.18,0.062464,661.98,0.202752,700.92,0.765952,752.747,2.85286,733.911,11.7043,
0.0113636,0.011264,0.0416667,0.012288,0.181818,0.011264,0.666667,0.012288,2.90909,0.011264,10.6667,0.012288,42.6667,0.012288,157.538,0.013312,409.6,0.02048,537.18,0.062464,658.653,0.203776,699.984,0.766976,753.017,2.85184,734.04,11.7023,
0.0104167,0.012288,0.0454545,0.011264,0.181818,0.011264,0.666667,0.012288,2.66667,0.012288,9.84615,0.013312,42.6667,0.012288,170.667,0.012288,409.6,0.02048,546.133,0.06144,658.653,0.203776,699.051,0.768,752.747,2.85286,733.976,11.7033,
0.0104167,0.012288,0.0416667,0.012288,0.2,0.01024,0.666667,0.012288,2.66667,0.012288,10.6667,0.012288,42.6667,0.012288,157.538,0.013312,431.158,0.019456,546.133,0.06144,658.653,0.203776,699.984,0.766976,753.287,2.85082,733.719,11.7074,
0.0104167,0.012288,0.0454545,0.011264,0.181818,0.011264,0.666667,0.012288,2.90909,0.011264,10.6667,0.012288,42.6667,0.012288,157.538,0.013312,431.158,0.019456,537.18,0.062464,658.653,0.203776,699.051,0.768,752.747,2.85286,733.783,11.7064,
0.0104167,0.012288,0.0416667,0.012288,0.181818,0.011264,0.727273,0.011264,2.66667,0.012288,10.6667,0.012288,39.3846,0.013312,157.538,0.013312,431.158,0.019456,546.133,0.06144,658.653,0.203776,696.266,0.771072,752.477,2.85389,734.04,11.7023,
0.0113636,0.011264,0.0454545,0.011264,0.166667,0.012288,0.727273,0.011264,2.66667,0.012288,10.6667,0.012288,39.3846,0.013312,157.538,0.013312,431.158,0.019456,546.133,0.06144,658.653,0.203776,694.421,0.77312,752.747,2.85286,733.847,11.7053,
0.0113636,0.011264,0.0454545,0.011264,0.181818,0.011264,0.727273,0.011264,2.66667,0.012288,10.6667,0.012288,39.3846,0.013312,157.538,0.013312,455.111,0.018432,537.18,0.062464,658.653,0.203776,698.12,0.769024,753.829,2.84877,733.783,11.7064,
0.0104167,0.012288,0.0454545,0.011264,0.181818,0.011264,0.727273,0.011264,2.66667,0.012288,10.6667,0.012288,39.3846,0.013312,157.538,0.013312,431.158,0.019456,537.18,0.062464,658.653,0.203776,699.051,0.768,753.558,2.84979,733.591,11.7094,
0.0104167,0.012288,0.0454545,0.011264,0.181818,0.011264,0.666667,0.012288,2.66667,0.012288,10.6667,0.012288,42.6667,0.012288,146.286,0.014336,431.158,0.019456,537.18,0.062464,658.653,0.203776,699.051,0.768,752.747,2.85286,733.911,11.7043,
0.0104167,0.012288,0.0454545,0.011264,0.181818,0.011264,0.727273,0.011264,2.66667,0.012288,9.84615,0.013312,39.3846,0.013312,146.286,0.014336,431.158,0.019456,546.133,0.06144,658.653,0.203776,699.984,0.766976,752.207,2.85491,733.847,11.7053,
0.0104167,0.012288,0.0416667,0.012288,0.181818,0.011264,0.666667,0.012288,2.66667,0.012288,9.84615,0.013312,42.6667,0.012288,157.538,0.013312,409.6,0.02048,546.133,0.06144,658.653,0.203776,699.051,0.768,753.287,2.85082,733.911,11.7043,
0.0104167,0.012288,0.0454545,0.011264,0.166667,0.012288,0.727273,0.011264,2.66667,0.012288,10.6667,0.012288,42.6667,0.012288,157.538,0.013312,431.158,0.019456,546.133,0.06144,658.653,0.203776,699.984,0.766976,752.477,2.85389,733.783,11.7064,
0.00961538,0.013312,0.0416667,0.012288,0.181818,0.011264,0.727273,0.011264,2.90909,0.011264,10.6667,0.012288,39.3846,0.013312,157.538,0.013312,431.158,0.019456,546.133,0.06144,648.871,0.206848,699.051,0.768,753.287,2.85082,734.04,11.7023,
0.0104167,0.012288,0.0454545,0.011264,0.181818,0.011264,0.727273,0.011264,2.90909,0.011264,9.84615,0.013312,42.6667,0.012288,146.286,0.014336,431.158,0.019456,546.133,0.06144,658.653,0.203776,696.266,0.771072,753.017,2.85184,733.911,11.7043,
0.00892857,0.014336,0.0384615,0.013312,0.166667,0.012288,0.727273,0.011264,2.46154,0.013312,9.84615,0.013312,39.3846,0.013312,136.533,0.01536,409.6,0.02048,537.18,0.062464,648.871,0.206848,695.342,0.772096,695.804,3.08634,728.747,11.7873,
0.00961538,0.013312,0.0416667,0.012288,0.181818,0.011264,0.727273,0.011264,2.66667,0.012288,10.6667,0.012288,42.6667,0.012288,157.538,0.013312,390.095,0.021504,537.18,0.062464,661.98,0.202752,699.984,0.766976,697.655,3.07814,729.254,11.7791,
0.0104167,0.012288,0.0454545,0.011264,0.181818,0.011264,0.727273,0.011264,2.66667,0.012288,9.84615,0.013312,42.6667,0.012288,146.286,0.014336,409.6,0.02048,537.18,0.062464,645.675,0.207872,699.051,0.768,698.585,3.07405,729.127,11.7811,
0.00961538,0.013312,0.0454545,0.011264,0.166667,0.012288,0.727273,0.011264,2.66667,0.012288,10.6667,0.012288,42.6667,0.012288,157.538,0.013312,455.111,0.018432,546.133,0.06144,661.98,0.202752,699.051,0.768,671.734,3.19693,729.127,11.7811,
0.0113636,0.011264,0.0454545,0.011264,0.181818,0.011264,0.727273,0.011264,2.66667,0.012288,10.6667,0.012288,2.82873,0.185344,157.538,0.013312,455.111,0.018432,546.133,0.06144,661.98,0.202752,699.051,0.768,697.423,3.07917,729.127,11.7811,
0.0104167,0.012288,0.0416667,0.012288,0.166667,0.012288,0.727273,0.011264,2.66667,0.012288,10.6667,0.012288,36.5714,0.014336,157.538,0.013312,431.158,0.019456,546.133,0.06144,665.34,0.201728,699.984,0.766976,696.728,3.08224,729.191,11.7801,
0.0113636,0.011264,0.0416667,0.012288,0.181818,0.011264,0.666667,0.012288,2.90909,0.011264,10.6667,0.012288,39.3846,0.013312,157.538,0.013312,409.6,0.02048,537.18,0.062464,661.98,0.202752,699.051,0.768,697.888,3.07712,729.191,11.7801,
0.0104167,0.012288,0.0416667,0.012288,0.181818,0.011264,0.727273,0.011264,2.66667,0.012288,9.84615,0.013312,42.6667,0.012288,157.538,0.013312,431.158,0.019456,555.39,0.060416,665.34,0.201728,698.12,0.769024,697.888,3.07712,729.064,11.7821,
0.0113636,0.011264,0.0416667,0.012288,0.181818,0.011264,0.666667,0.012288,2,0.016384,10.6667,0.012288,42.6667,0.012288,157.538,0.013312,431.158,0.019456,546.133,0.06144,661.98,0.202752,694.421,0.77312,698.352,3.07507,729.064,11.7821,
0.0113636,0.011264,0.0454545,0.011264,0.181818,0.011264,0.727273,0.011264,2.66667,0.012288,9.84615,0.013312,42.6667,0.012288,157.538,0.013312,390.095,0.021504,546.133,0.06144,665.34,0.201728,697.191,0.770048,697.191,3.08019,728.874,11.7852,
0.0104167,0.012288,0.0416667,0.012288,0.181818,0.011264,0.727273,0.011264,2.66667,0.012288,9.84615,0.013312,39.3846,0.013312,157.538,0.013312,431.158,0.019456,537.18,0.062464,665.34,0.201728,699.984,0.766976,697.655,3.07814,728.937,11.7842,
0.0104167,0.012288,0.0454545,0.011264,0.166667,0.012288,0.727273,0.011264,2.66667,0.012288,10.6667,0.012288,42.6667,0.012288,157.538,0.013312,431.158,0.019456,555.39,0.060416,661.98,0.202752,699.984,0.766976,697.655,3.07814,728.874,11.7852,
0.0113636,0.011264,0.0416667,0.012288,0.181818,0.011264,0.666667,0.012288,2.90909,0.011264,9.84615,0.013312,39.3846,0.013312,146.286,0.014336,431.158,0.019456,546.133,0.06144,665.34,0.201728,696.266,0.771072,698.12,3.0761,728.874,11.7852,
0.0113636,0.011264,0.0416667,0.012288,0.181818,0.011264,0.727273,0.011264,2.90909,0.011264,10.6667,0.012288,39.3846,0.013312,157.538,0.013312,431.158,0.019456,555.39,0.060416,665.34,0.201728,699.984,0.766976,697.888,3.07712,728.81,11.7862,
0.0104167,0.012288,0.0416667,0.012288,0.2,0.01024,0.727273,0.011264,2.66667,0.012288,9.84615,0.013312,39.3846,0.013312,157.538,0.013312,409.6,0.02048,546.133,0.06144,668.735,0.200704,699.984,0.766976,697.888,3.07712,728.178,11.7965,
0.0104167,0.012288,0.0454545,0.011264,0.181818,0.011264,0.727273,0.011264,2.66667,0.012288,10.6667,0.012288,42.6667,0.012288,157.538,0.013312,431.158,0.019456,555.39,0.060416,665.34,0.201728,699.051,0.768,697.655,3.07814,731.097,11.7494,
0.0104167,0.012288,0.0454545,0.011264,0.181818,0.011264,0.727273,0.011264,2.66667,0.012288,10.6667,0.012288,42.6667,0.012288,157.538,0.013312,431.158,0.019456,537.18,0.062464,668.735,0.200704,699.984,0.766976,697.888,3.07712,733.847,11.7053,
0.0104167,0.012288,0.0416667,0.012288,0.166667,0.012288,0.666667,0.012288,2.90909,0.011264,10.6667,0.012288,42.6667,0.012288,157.538,0.013312,431.158,0.019456,546.133,0.06144,665.34,0.201728,700.92,0.765952,698.12,3.0761,733.911,11.7043,
0.0113636,0.011264,0.0454545,0.011264,0.181818,0.011264,0.666667,0.012288,2.66667,0.012288,10.6667,0.012288,39.3846,0.013312,157.538,0.013312,431.158,0.019456,546.133,0.06144,665.34,0.201728,699.051,0.768,697.888,3.07712,734.04,11.7023,
0.0104167,0.012288,0.0454545,0.011264,0.166667,0.012288,0.727273,0.011264,2.90909,0.011264,10.6667,0.012288,42.6667,0.012288,157.538,0.013312,431.158,0.019456,555.39,0.060416,661.98,0.202752,698.12,0.769024,697.888,3.07712,734.04,11.7023,
0.0113636,0.011264,0.0416667,0.012288,0.166667,0.012288,0.666667,0.012288,2.66667,0.012288,10.6667,0.012288,42.6667,0.012288,157.538,0.013312,431.158,0.019456,546.133,0.06144,665.34,0.201728,698.12,0.769024,697.888,3.07712,733.911,11.7043,
0.0104167,0.012288,0.0454545,0.011264,0.181818,0.011264,0.727273,0.011264,2.90909,0.011264,10.6667,0.012288,42.6667,0.012288,146.286,0.014336,431.158,0.019456,546.133,0.06144,668.735,0.200704,699.051,0.768,697.888,3.07712,733.783,11.7064,
0.00595238,0.021504,0.0454545,0.011264,0.2,0.01024,0.666667,0.012288,2.90909,0.011264,11.6364,0.011264,42.6667,0.012288,157.538,0.013312,431.158,0.019456,546.133,0.06144,665.34,0.201728,699.051,0.768,697.655,3.07814,733.719,11.7074,
0.00961538,0.013312,0.05,0.01024,0.181818,0.011264,0.727273,0.011264,2.66667,0.012288,10.6667,0.012288,42.6667,0.012288,146.286,0.014336,431.158,0.019456,546.133,0.06144,661.98,0.202752,684.449,0.784384,698.12,3.0761,733.783,11.7064,
0.0113636,0.011264,0.0454545,0.011264,0.181818,0.011264,0.666667,0.012288,2.66667,0.012288,10.6667,0.012288,39.3846,0.013312,157.538,0.013312,431.158,0.019456,546.133,0.06144,665.34,0.201728,691.673,0.776192,696.497,3.08326,733.976,11.7033,
0.0104167,0.012288,0.0416667,0.012288,0.181818,0.011264,0.727273,0.011264,2.90909,0.011264,10.6667,0.012288,42.6667,0.012288,157.538,0.013312,431.158,0.019456,537.18,0.062464,668.735,0.200704,699.051,0.768,697.888,3.07712,734.104,11.7012,
0.0113636,0.011264,0.0416667,0.012288,0.166667,0.012288,0.666667,0.012288,2.66667,0.012288,11.6364,0.011264,42.6667,0.012288,146.286,0.014336,431.158,0.019456,546.133,0.06144,668.735,0.200704,699.984,0.766976,697.655,3.07814,733.783,11.7064,
0.0104167,0.012288,0.0454545,0.011264,0.181818,0.011264,0.727273,0.011264,2.66667,0.012288,10.6667,0.012288,42.6667,0.012288,157.538,0.013312,431.158,0.019456,555.39,0.060416,661.98,0.202752,699.984,0.766976,697.888,3.07712,733.462,11.7115,
0.0113636,0.011264,0.0416667,0.012288,0.166667,0.012288,0.727273,0.011264,2.66667,0.012288,10.6667,0.012288,39.3846,0.013312,157.538,0.013312,431.158,0.019456,546.133,0.06144,665.34,0.201728,696.266,0.771072,698.352,3.07507,733.911,11.7043,
0.0104167,0.012288,0.0454545,0.011264,0.166667,0.012288,0.727273,0.011264,2.66667,0.012288,10.6667,0.012288,39.3846,0.013312,146.286,0.014336,431.158,0.019456,546.133,0.06144,665.34,0.201728,698.12,0.769024,697.888,3.07712,733.847,11.7053,
0.0104167,0.012288,0.0416667,0.012288,0.181818,0.011264,0.727273,0.011264,2.90909,0.011264,10.6667,0.012288,42.6667,0.012288,157.538,0.013312,431.158,0.019456,537.18,0.062464,665.34,0.201728,700.92,0.765952,697.655,3.07814,734.04,11.7023,
0.0104167,0.012288,0.0454545,0.011264,0.181818,0.011264,0.8,0.01024,2.90909,0.011264,11.6364,0.011264,39.3846,0.013312,146.286,0.014336,431.158,0.019456,546.133,0.06144,665.34,0.201728,699.984,0.766976,697.423,3.07917,734.04,11.7023,
0.0104167,0.012288,0.0454545,0.011264,0.2,0.01024,0.666667,0.012288,2.66667,0.012288,10.6667,0.012288,42.6667,0.012288,146.286,0.014336,431.158,0.019456,537.18,0.062464,668.735,0.200704,699.984,0.766976,697.423,3.07917,733.976,11.7033,
0.0113636,0.011264,0.0416667,0.012288,0.166667,0.012288,0.727273,0.011264,2.66667,0.012288,10.6667,0.012288,42.6667,0.012288,146.286,0.014336,431.158,0.019456,546.133,0.06144,668.735,0.200704,699.051,0.768,740.52,2.89997,734.04,11.7023,
0.0104167,0.012288,0.0416667,0.012288,0.142857,0.014336,0.727273,0.011264,2.66667,0.012288,10.6667,0.012288,42.6667,0.012288,157.538,0.013312,327.68,0.0256,546.133,0.06144,668.735,0.200704,699.051,0.768,753.829,2.84877,734.04,11.7023,
0.0104167,0.012288,0.0416667,0.012288,0.125,0.016384,0.727273,0.011264,2.90909,0.011264,10.6667,0.012288,42.6667,0.012288,146.286,0.014336,431.158,0.019456,546.133,0.06144,665.34,0.201728,699.984,0.766976,753.558,2.84979,733.847,11.7053,
0.0104167,0.012288,0.0454545,0.011264,0.181818,0.011264,0.666667,0.012288,2.66667,0.012288,11.6364,0.011264,42.6667,0.012288,157.538,0.013312,356.174,0.023552,546.133,0.06144,665.34,0.201728,700.92,0.765952,753.287,2.85082,733.783,11.7064,
0.0104167,0.012288,0.0454545,0.011264,0.166667,0.012288,0.727273,0.011264,2.66667,0.012288,9.14286,0.014336,42.6667,0.012288,157.538,0.013312,409.6,0.02048,546.133,0.06144,668.735,0.200704,700.92,0.765952,753.287,2.85082,733.976,11.7033,
0.0104167,0.012288,0.0454545,0.011264,0.181818,0.011264,0.666667,0.012288,2.46154,0.013312,10.6667,0.012288,42.6667,0.012288,157.538,0.013312,431.158,0.019456,546.133,0.06144,665.34,0.201728,699.984,0.766976,752.747,2.85286,733.847,11.7053,
0.0104167,0.012288,0.0454545,0.011264,0.181818,0.011264,0.727273,0.011264,2.90909,0.011264,10.6667,0.012288,42.6667,0.012288,146.286,0.014336,122.269,0.068608,555.39,0.060416,665.34,0.201728,697.191,0.770048,751.129,2.85901,733.719,11.7074,
0.0113636,0.011264,0.0416667,0.012288,0.181818,0.011264,0.727273,0.011264,2.66667,0.012288,10.6667,0.012288,39.3846,0.013312,146.286,0.014336,390.095,0.021504,546.133,0.06144,665.34,0.201728,698.12,0.769024,753.558,2.84979,733.847,11.7053,
0.0104167,0.012288,0.0416667,0.012288,0.181818,0.011264,0.727273,0.011264,2.66667,0.012288,10.6667,0.012288,28.4444,0.018432,146.286,0.014336,431.158,0.019456,546.133,0.06144,665.34,0.201728,699.984,0.766976,753.287,2.85082,733.783,11.7064,
0.0113636,0.011264,0.0416667,0.012288,0.2,0.01024,0.666667,0.012288,2.66667,0.012288,11.6364,0.011264,42.6667,0.012288,157.538,0.013312,431.158,0.019456,546.133,0.06144,665.34,0.201728,699.051,0.768,753.017,2.85184,733.462,11.7115,
0.0104167,0.012288,0.0454545,0.011264,0.181818,0.011264,0.727273,0.011264,2.66667,0.012288,11.6364,0.011264,42.6667,0.012288,146.286,0.014336,431.158,0.019456,546.133,0.06144,665.34,0.201728,699.984,0.766976,753.017,2.85184,733.847,11.7053,
0.0104167,0.012288,0.0454545,0.011264,0.2,0.01024,0.727273,0.011264,2.66667,0.012288,11.6364,0.011264,39.3846,0.013312,157.538,0.013312,431.158,0.019456,546.133,0.06144,665.34,0.201728,699.051,0.768,753.287,2.85082,733.398,11.7125,
0.00961538,0.013312,0.0454545,0.011264,0.181818,0.011264,0.727273,0.011264,2.66667,0.012288,11.6364,0.011264,39.3846,0.013312,157.538,0.013312,409.6,0.02048,546.133,0.06144,665.34,0.201728,699.984,0.766976,753.287,2.85082,733.526,11.7105,
0.0104167,0.012288,0.0416667,0.012288,0.181818,0.011264,0.727273,0.011264,2.66667,0.012288,11.6364,0.011264,42.6667,0.012288,157.538,0.013312,455.111,0.018432,546.133,0.06144,668.735,0.200704,699.051,0.768,752.747,2.85286,733.398,11.7125,
0.0104167,0.012288,0.0416667,0.012288,0.181818,0.011264,0.727273,0.011264,2.66667,0.012288,10.6667,0.012288,42.6667,0.012288,146.286,0.014336,431.158,0.019456,546.133,0.06144,675.629,0.198656,699.051,0.768,753.017,2.85184,733.591,11.7094,
0.0104167,0.012288,0.0454545,0.011264,0.181818,0.011264,0.666667,0.012288,2.66667,0.012288,10.6667,0.012288,42.6667,0.012288,146.286,0.014336,431.158,0.019456,546.133,0.06144,679.13,0.197632,696.266,0.771072,753.287,2.85082,733.142,11.7166,
0.0104167,0.012288,0.0454545,0.011264,0.166667,0.012288,0.727273,0.011264,2.46154,0.013312,10.6667,0.012288,42.6667,0.012288,136.533,0.01536,431.158,0.019456,546.133,0.06144,672.164,0.19968,698.12,0.769024,753.017,2.85184,733.462,11.7115,
0.0113636,0.011264,0.0416667,0.012288,0.181818,0.011264,0.727273,0.011264,2.66667,0.012288,10.6667,0.012288,39.3846,0.013312,146.286,0.014336,431.158,0.019456,537.18,0.062464,675.629,0.198656,699.984,0.766976,753.558,2.84979,732.822,11.7217,
0.0104167,0.012288,0.0454545,0.011264,0.166667,0.012288,0.727273,0.011264,2.90909,0.011264,10.6667,0.012288,42.6667,0.012288,146.286,0.014336,431.158,0.019456,555.39,0.060416,675.629,0.198656,699.984,0.766976,753.287,2.85082,732.438,11.7279,
0.0104167,0.012288,0.0416667,0.012288,0.166667,0.012288,0.666667,0.012288,2.66667,0.012288,10.6667,0.012288,42.6667,0.012288,157.538,0.013312,431.158,0.019456,537.18,0.062464,675.629,0.198656,699.984,0.766976,753.017,2.85184,733.142,11.7166,
0.0104167,0.012288,0.0416667,0.012288,0.166667,0.012288,0.727273,0.011264,2.66667,0.012288,10.6667,0.012288,42.6667,0.012288,146.286,0.014336,455.111,0.018432,546.133,0.06144,668.735,0.200704,699.984,0.766976,753.017,2.85184,733.526,11.7105,
0.0104167,0.012288,0.0416667,0.012288,0.181818,0.011264,0.666667,0.012288,1.88235,0.017408,10.6667,0.012288,42.6667,0.012288,157.538,0.013312,455.111,0.018432,546.133,0.06144,675.629,0.198656,700.92,0.765952,752.477,2.85389,733.719,11.7074,
0.0104167,0.012288,0.0454545,0.011264,0.181818,0.011264,0.727273,0.011264,2.66667,0.012288,10.6667,0.012288,46.5455,0.011264,146.286,0.014336,455.111,0.018432,546.133,0.06144,679.13,0.197632,699.984,0.766976,753.287,2.85082,733.719,11.7074,
0.0113636,0.011264,0.0416667,0.012288,0.166667,0.012288,0.666667,0.012288,2.66667,0.012288,10.6667,0.012288,42.6667,0.012288,146.286,0.014336,431.158,0.019456,537.18,0.062464,679.13,0.197632,699.984,0.766976,753.017,2.85184,733.719,11.7074,
0.0104167,0.012288,0.0454545,0.011264,0.181818,0.011264,0.666667,0.012288,2.66667,0.012288,10.6667,0.012288,42.6667,0.012288,146.286,0.014336,455.111,0.018432,537.18,0.062464,675.629,0.198656,699.051,0.768,752.747,2.85286,733.719,11.7074,
0.0104167,0.012288,0.0416667,0.012288,0.2,0.01024,0.666667,0.012288,2.66667,0.012288,10.6667,0.012288,42.6667,0.012288,146.286,0.014336,455.111,0.018432,537.18,0.062464,675.629,0.198656,698.12,0.769024,753.287,2.85082,733.655,11.7084,
0.0104167,0.012288,0.0416667,0.012288,0.181818,0.011264,0.727273,0.011264,2.66667,0.012288,10.6667,0.012288,42.6667,0.012288,157.538,0.013312,455.111,0.018432,546.133,0.06144,675.629,0.198656,696.266,0.771072,753.287,2.85082,733.014,11.7187,
0.0113636,0.011264,0.0416667,0.012288,0.181818,0.011264,0.666667,0.012288,2.66667,0.012288,10.6667,0.012288,42.6667,0.012288,157.538,0.013312,455.111,0.018432,546.133,0.06144,672.164,0.19968,699.984,0.766976,753.017,2.85184,732.95,11.7197,
0.0104167,0.012288,0.0454545,0.011264,0.181818,0.011264,0.666667,0.012288,2.90909,0.011264,11.6364,0.011264,42.6667,0.012288,146.286,0.014336,431.158,0.019456,555.39,0.060416,665.34,0.201728,699.984,0.766976,754.1,2.84774,733.847,11.7053,
0.0104167,0.012288,0.0416667,0.012288,0.181818,0.011264,0.666667,0.012288,2.90909,0.011264,10.6667,0.012288,42.6667,0.012288,157.538,0.013312,431.158,0.019456,546.133,0.06144,665.34,0.201728,699.051,0.768,753.558,2.84979,734.425,11.6961,
0.0104167,0.012288,0.0454545,0.011264,0.166667,0.012288,0.727273,0.011264,2.66667,0.012288,10.6667,0.012288,42.6667,0.012288,157.538,0.013312,455.111,0.018432,546.133,0.06144,665.34,0.201728,699.051,0.768,753.017,2.85184,734.233,11.6992,
0.0104167,0.012288,0.0454545,0.011264,0.2,0.01024,0.727273,0.011264,2.66667,0.012288,10.6667,0.012288,39.3846,0.013312,157.538,0.013312,431.158,0.019456,537.18,0.062464,665.34,0.201728,699.051,0.768,753.017,2.85184,734.233,11.6992,
0.0113636,0.011264,0.0454545,0.011264,0.181818,0.011264,0.727273,0.011264,2.66667,0.012288,10.6667,0.012288,42.6667,0.012288,146.286,0.014336,431.158,0.019456,546.133,0.06144,668.735,0.200704,699.984,0.766976,752.477,2.85389,734.297,11.6982,
0.0113636,0.011264,0.0416667,0.012288,0.2,0.01024,0.666667,0.012288,2.66667,0.012288,10.6667,0.012288,42.6667,0.012288,146.286,0.014336,315.077,0.026624,546.133,0.06144,665.34,0.201728,699.984,0.766976,753.287,2.85082,734.425,11.6961,
0.0104167,0.012288,0.0454545,0.011264,0.181818,0.011264,0.727273,0.011264,2.66667,0.012288,10.6667,0.012288,42.6667,0.012288,146.286,0.014336,409.6,0.02048,555.39,0.060416,661.98,0.202752,699.984,0.766976,752.747,2.85286,734.361,11.6972,
0.0104167,0.012288,0.0454545,0.011264,0.181818,0.011264,0.727273,0.011264,2.46154,0.013312,10.6667,0.012288,42.6667,0.012288,157.538,0.013312,455.111,0.018432,546.133,0.06144,665.34,0.201728,699.984,0.766976,752.207,2.85491,734.233,11.6992,
0.0104167,0.012288,0.0416667,0.012288,0.181818,0.011264,0.727273,0.011264,2.66667,0.012288,10.6667,0.012288,42.6667,0.012288,157.538,0.013312,431.158,0.019456,546.133,0.06144,665.34,0.201728,698.12,0.769024,752.477,2.85389,733.976,11.7033,
0.0104167,0.012288,0.0416667,0.012288,0.2,0.01024,0.666667,0.012288,2.66667,0.012288,10.6667,0.012288,42.6667,0.012288,157.538,0.013312,431.158,0.019456,546.133,0.06144,665.34,0.201728,696.266,0.771072,752.207,2.85491,733.783,11.7064,
0.0113636,0.011264,0.0454545,0.011264,0.181818,0.011264,0.571429,0.014336,2.66667,0.012288,9.84615,0.013312,42.6667,0.012288,146.286,0.014336,431.158,0.019456,555.39,0.060416,668.735,0.200704,699.984,0.766976,753.017,2.85184,734.04,11.7023,
0.0104167,0.012288,0.0416667,0.012288,0.181818,0.011264,0.727273,0.011264,2.66667,0.012288,10.6667,0.012288,42.6667,0.012288,146.286,0.014336,455.111,0.018432,537.18,0.062464,665.34,0.201728,699.984,0.766976,753.558,2.84979,733.783,11.7064,
0.0104167,0.012288,0.0454545,0.011264,0.181818,0.011264,0.727273,0.011264,2.66667,0.012288,10.6667,0.012288,42.6667,0.012288,157.538,0.013312,455.111,0.018432,546.133,0.06144,665.34,0.201728,699.051,0.768,753.558,2.84979,733.976,11.7033,
0.0113636,0.011264,0.0416667,0.012288,0.2,0.01024,0.666667,0.012288,2.66667,0.012288,10.6667,0.012288,42.6667,0.012288,146.286,0.014336,455.111,0.018432,546.133,0.06144,665.34,0.201728,699.051,0.768,753.017,2.85184,733.976,11.7033,
0.0104167,0.012288,0.0454545,0.011264,0.181818,0.011264,0.727273,0.011264,2.90909,0.011264,10.6667,0.012288,39.3846,0.013312,157.538,0.013312,455.111,0.018432,555.39,0.060416,665.34,0.201728,697.191,0.770048,753.017,2.85184,734.104,11.7012,
0.0104167,0.012288,0.0416667,0.012288,0.181818,0.011264,0.727273,0.011264,2.66667,0.012288,10.6667,0.012288,39.3846,0.013312,157.538,0.013312,455.111,0.018432,546.133,0.06144,665.34,0.201728,699.984,0.766976,753.287,2.85082,733.911,11.7043,
0.0104167,0.012288,0.0454545,0.011264,0.181818,0.011264,0.727273,0.011264,2.66667,0.012288,10.6667,0.012288,42.6667,0.012288,146.286,0.014336,455.111,0.018432,546.133,0.06144,665.34,0.201728,699.984,0.766976,753.017,2.85184,733.847,11.7053,
0.0113636,0.011264,0.0416667,0.012288,0.181818,0.011264,0.666667,0.012288,2.90909,0.011264,10.6667,0.012288,42.6667,0.012288,146.286,0.014336,431.158,0.019456,546.133,0.06144,665.34,0.201728,698.12,0.769024,753.287,2.85082,733.719,11.7074,
0.0104167,0.012288,0.0454545,0.011264,0.181818,0.011264,0.727273,0.011264,2.66667,0.012288,10.6667,0.012288,42.6667,0.012288,157.538,0.013312,431.158,0.019456,555.39,0.060416,665.34,0.201728,697.191,0.770048,753.287,2.85082,733.976,11.7033,
0.0104167,0.012288,0.0416667,0.012288,0.181818,0.011264,0.727273,0.011264,2.66667,0.012288,10.6667,0.012288,42.6667,0.012288,146.286,0.014336,431.158,0.019456,546.133,0.06144,665.34,0.201728,698.12,0.769024,753.017,2.85184,733.847,11.7053,
0.0104167,0.012288,0.0454545,0.011264,0.181818,0.011264,0.727273,0.011264,2.66667,0.012288,10.6667,0.012288,39.3846,0.013312,146.286,0.014336,431.158,0.019456,555.39,0.060416,665.34,0.201728,699.984,0.766976,753.017,2.85184,733.911,11.7043,
0.0113636,0.011264,0.0416667,0.012288,0.181818,0.011264,0.666667,0.012288,2.66667,0.012288,10.6667,0.012288,39.3846,0.013312,157.538,0.013312,431.158,0.019456,546.133,0.06144,665.34,0.201728,699.051,0.768,752.747,2.85286,733.719,11.7074,
0.0113636,0.011264,0.0454545,0.011264,0.166667,0.012288,0.727273,0.011264,2.90909,0.011264,8.53333,0.01536,42.6667,0.012288,157.538,0.013312,431.158,0.019456,546.133,0.06144,661.98,0.202752,699.051,0.768,753.287,2.85082,734.104,11.7012,
0.0113636,0.011264,0.0416667,0.012288,0.181818,0.011264,0.727273,0.011264,2.66667,0.012288,10.6667,0.012288,39.3846,0.013312,157.538,0.013312,431.158,0.019456,546.133,0.06144,665.34,0.201728,697.191,0.770048,753.017,2.85184,733.783,11.7064,
0.0104167,0.012288,0.0454545,0.011264,0.181818,0.011264,0.727273,0.011264,2.66667,0.012288,10.6667,0.012288,39.3846,0.013312,157.538,0.013312,431.158,0.019456,546.133,0.06144,668.735,0.200704,696.266,0.771072,753.287,2.85082,734.04,11.7023,
0.0113636,0.011264,0.0416667,0.012288,0.181818,0.011264,0.727273,0.011264,2.46154,0.013312,11.6364,0.011264,39.3846,0.013312,146.286,0.014336,431.158,0.019456,546.133,0.06144,668.735,0.200704,697.191,0.770048,753.017,2.85184,733.847,11.7053,
0.0104167,0.012288,0.0454545,0.011264,0.181818,0.011264,0.727273,0.011264,2.66667,0.012288,11.6364,0.011264,39.3846,0.013312,146.286,0.014336,455.111,0.018432,555.39,0.060416,661.98,0.202752,699.984,0.766976,753.017,2.85184,733.911,11.7043,
0.0113636,0.011264,0.0416667,0.012288,0.2,0.01024,0.727273,0.011264,2.66667,0.012288,11.6364,0.011264,42.6667,0.012288,146.286,0.014336,455.111,0.018432,546.133,0.06144,665.34,0.201728,699.051,0.768,752.747,2.85286,733.976,11.7033,
0.0104167,0.012288,0.0454545,0.011264,0.166667,0.012288,0.727273,0.011264,2.66667,0.012288,11.6364,0.011264,42.6667,0.012288,146.286,0.014336,455.111,0.018432,555.39,0.060416,668.735,0.200704,699.984,0.766976,753.558,2.84979,733.783,11.7064,
0.0104167,0.012288,0.0416667,0.012288,0.181818,0.011264,0.666667,0.012288,2.66667,0.012288,11.6364,0.011264,39.3846,0.013312,157.538,0.013312,431.158,0.019456,546.133,0.06144,665.34,0.201728,699.984,0.766976,753.829,2.84877,733.976,11.7033,
0.0104167,0.012288,0.0416667,0.012288,0.181818,0.011264,0.666667,0.012288,2.90909,0.011264,11.6364,0.011264,39.3846,0.013312,157.538,0.013312,455.111,0.018432,546.133,0.06144,665.34,0.201728,699.984,0.766976,752.747,2.85286,734.04,11.7023,
0.0104167,0.012288,0.0416667,0.012288,0.181818,0.011264,0.666667,0.012288,2.66667,0.012288,11.6364,0.011264,42.6667,0.012288,146.286,0.014336,431.158,0.019456,537.18,0.062464,668.735,0.200704,699.984,0.766976,752.747,2.85286,733.847,11.7053,
0.0104167,0.012288,0.0416667,0.012288,0.166667,0.012288,0.727273,0.011264,2.66667,0.012288,11.6364,0.011264,42.6667,0.012288,157.538,0.013312,431.158,0.019456,546.133,0.06144,661.98,0.202752,700.92,0.765952,753.017,2.85184,733.526,11.7105,
0.0104167,0.012288,0.0454545,0.011264,0.181818,0.011264,0.571429,0.014336,2.66667,0.012288,11.6364,0.011264,42.6667,0.012288,157.538,0.013312,431.158,0.019456,546.133,0.06144,668.735,0.200704,700.92,0.765952,753.017,2.85184,733.976,11.7033,
0.0104167,0.012288,0.0454545,0.011264,0.181818,0.011264,0.727273,0.011264,2.66667,0.012288,11.6364,0.011264,39.3846,0.013312,146.286,0.014336,455.111,0.018432,546.133,0.06144,665.34,0.201728,699.051,0.768,753.017,2.85184,734.04,11.7023,
0.0113636,0.011264,0.0454545,0.011264,0.181818,0.011264,0.727273,0.011264,2.66667,0.012288,11.6364,0.011264,42.6667,0.012288,157.538,0.013312,455.111,0.018432,546.133,0.06144,665.34,0.201728,696.266,0.771072,751.667,2.85696,733.911,11.7043,
0.0104167,0.012288,0.0454545,0.011264,0.181818,0.011264,0.666667,0.012288,2.66667,0.012288,11.6364,0.011264,42.6667,0.012288,157.538,0.013312,431.158,0.019456,555.39,0.060416,665.34,0.201728,699.051,0.768,753.017,2.85184,733.911,11.7043,
0.0104167,0.012288,0.0416667,0.012288,0.181818,0.011264,0.727273,0.011264,2.66667,0.012288,11.6364,0.011264,39.3846,0.013312,157.538,0.013312,431.158,0.019456,546.133,0.06144,668.735,0.200704,699.984,0.766976,753.287,2.85082,733.911,11.7043,
0.0104167,0.012288,0.0416667,0.012288,0.181818,0.011264,0.666667,0.012288,1.88235,0.017408,11.6364,0.011264,39.3846,0.013312,157.538,0.013312,455.111,0.018432,555.39,0.060416,665.34,0.201728,699.984,0.766976,753.017,2.85184,733.783,11.7064,
0.00892857,0.014336,0.0357143,0.014336,0.181818,0.011264,0.666667,0.012288,2.46154,0.013312,9.84615,0.013312,39.3846,0.013312,136.533,0.01536,409.6,0.02048,504.123,0.06656,639.376,0.20992,689.853,0.77824,696.266,3.08429,700.218,12.2675,
0.00961538,0.013312,0.0416667,0.012288,0.166667,0.012288,0.727273,0.011264,2.90909,0.011264,9.84615,0.013312,42.6667,0.012288,146.286,0.014336,431.158,0.019456,537.18,0.062464,658.653,0.203776,698.12,0.769024,697.423,3.07917,700.452,12.2634,
0.0113636,0.011264,0.0416667,0.012288,0.181818,0.011264,0.666667,0.012288,2.66667,0.012288,10.6667,0.012288,39.3846,0.013312,157.538,0.013312,431.158,0.019456,537.18,0.062464,661.98,0.202752,699.984,0.766976,698.585,3.07405,700.744,12.2583,
0.0104167,0.012288,0.0416667,0.012288,0.166667,0.012288,0.727273,0.011264,2.28571,0.014336,9.84615,0.013312,42.6667,0.012288,157.538,0.013312,431.158,0.019456,546.133,0.06144,655.36,0.2048,701.858,0.764928,699.051,3.072,700.861,12.2563,
0.0113636,0.011264,0.0416667,0.012288,0.181818,0.011264,0.727273,0.011264,2.46154,0.013312,10.6667,0.012288,42.6667,0.012288,146.286,0.014336,431.158,0.019456,537.18,0.062464,658.653,0.203776,700.92,0.765952,698.352,3.07507,700.744,12.2583,
0.00961538,0.013312,0.0454545,0.011264,0.181818,0.011264,0.666667,0.012288,2.66667,0.012288,10.6667,0.012288,42.6667,0.012288,146.286,0.014336,431.158,0.019456,537.18,0.062464,658.653,0.203776,699.051,0.768,696.96,3.08122,700.861,12.2563,
0.0104167,0.012288,0.0454545,0.011264,0.181818,0.011264,0.666667,0.012288,2.66667,0.012288,10.6667,0.012288,39.3846,0.013312,146.286,0.014336,431.158,0.019456,546.133,0.06144,661.98,0.202752,696.266,0.771072,697.423,3.07917,700.452,12.2634,
0.0113636,0.011264,0.0454545,0.011264,0.181818,0.011264,0.666667,0.012288,2.90909,0.011264,10.6667,0.012288,42.6667,0.012288,146.286,0.014336,431.158,0.019456,537.18,0.062464,658.653,0.203776,693.503,0.774144,698.585,3.07405,700.803,12.2573,
0.0113636,0.011264,0.0384615,0.013312,0.181818,0.011264,0.727273,0.011264,2.66667,0.012288,10.6667,0.012288,39.3846,0.013312,146.286,0.014336,455.111,0.018432,537.18,0.062464,658.653,0.203776,694.421,0.77312,697.888,3.07712,700.686,12.2593,
0.0113636,0.011264,0.0416667,0.012288,0.166667,0.012288,0.727273,0.011264,2.66667,0.012288,10.6667,0.012288,42.6667,0.012288,146.286,0.014336,431.158,0.019456,546.133,0.06144,661.98,0.202752,697.191,0.770048,696.96,3.08122,704.392,12.1948,
0.0104167,0.012288,0.0454545,0.011264,0.181818,0.011264,0.666667,0.012288,2.66667,0.012288,10.6667,0.012288,42.6667,0.012288,157.538,0.013312,431.158,0.019456,537.18,0.062464,665.34,0.201728,699.984,0.766976,697.655,3.07814,733.719,11.7074,
0.00961538,0.013312,0.0454545,0.011264,0.181818,0.011264,0.727273,0.011264,2.66667,0.012288,11.6364,0.011264,42.6667,0.012288,146.286,0.014336,431.158,0.019456,537.18,0.062464,665.34,0.201728,696.266,0.771072,698.12,3.0761,733.655,11.7084,
0.0104167,0.012288,0.0416667,0.012288,0.181818,0.011264,0.666667,0.012288,2.66667,0.012288,10.6667,0.012288,39.3846,0.013312,146.286,0.014336,431.158,0.019456,537.18,0.062464,668.735,0.200704,695.342,0.772096,697.191,3.08019,733.655,11.7084,
0.0104167,0.012288,0.0454545,0.011264,0.181818,0.011264,0.727273,0.011264,2.66667,0.012288,11.6364,0.011264,42.6667,0.012288,146.286,0.014336,431.158,0.019456,546.133,0.06144,668.735,0.200704,697.191,0.770048,697.423,3.07917,734.04,11.7023,
0.0104167,0.012288,0.0416667,0.012288,0.181818,0.011264,0.727273,0.011264,2.66667,0.012288,10.6667,0.012288,42.6667,0.012288,146.286,0.014336,431.158,0.019456,546.133,0.06144,665.34,0.201728,696.266,0.771072,697.888,3.07712,733.847,11.7053,
0.0104167,0.012288,0.0454545,0.011264,0.2,0.01024,0.8,0.01024,2.66667,0.012288,10.6667,0.012288,39.3846,0.013312,146.286,0.014336,431.158,0.019456,537.18,0.062464,668.735,0.200704,691.673,0.776192,698.12,3.0761,733.911,11.7043,
0.0104167,0.012288,0.0454545,0.011264,0.181818,0.011264,0.727273,0.011264,2.90909,0.011264,10.6667,0.012288,39.3846,0.013312,146.286,0.014336,431.158,0.019456,546.133,0.06144,665.34,0.201728,692.587,0.775168,697.655,3.07814,733.976,11.7033,
0.0104167,0.012288,0.0416667,0.012288,0.166667,0.012288,0.727273,0.011264,2.66667,0.012288,9.84615,0.013312,39.3846,0.013312,146.286,0.014336,431.158,0.019456,537.18,0.062464,672.164,0.19968,697.191,0.770048,697.423,3.07917,733.976,11.7033,
0.0113636,0.011264,0.0416667,0.012288,0.181818,0.011264,0.727273,0.011264,2.66667,0.012288,10.6667,0.012288,39.3846,0.013312,157.538,0.013312,455.111,0.018432,520.127,0.064512,668.735,0.200704,697.191,0.770048,697.191,3.08019,733.719,11.7074,
0.0104167,0.012288,0.0454545,0.011264,0.181818,0.011264,0.727273,0.011264,2.66667,0.012288,11.6364,0.011264,39.3846,0.013312,157.538,0.013312,455.111,0.018432,537.18,0.062464,661.98,0.202752,697.191,0.770048,697.423,3.07917,733.976,11.7033,
0.0113636,0.011264,0.0454545,0.011264,0.181818,0.011264,0.666667,0.012288,2.66667,0.012288,10.6667,0.012288,39.3846,0.013312,157.538,0.013312,455.111,0.018432,528.516,0.063488,665.34,0.201728,698.12,0.769024,697.423,3.07917,733.591,11.7094,
0.0104167,0.012288,0.0454545,0.011264,0.166667,0.012288,0.727273,0.011264,2.90909,0.011264,10.6667,0.012288,39.3846,0.013312,157.538,0.013312,455.111,0.018432,537.18,0.062464,665.34,0.201728,698.12,0.769024,698.352,3.07507,733.783,11.7064,
0.0104167,0.012288,0.0416667,0.012288,0.181818,0.011264,0.666667,0.012288,2.66667,0.012288,11.6364,0.011264,42.6667,0.012288,157.538,0.013312,431.158,0.019456,537.18,0.062464,665.34,0.201728,696.266,0.771072,698.12,3.0761,733.783,11.7064,
0.0104167,0.012288,0.0454545,0.011264,0.166667,0.012288,0.727273,0.011264,2.66667,0.012288,11.6364,0.011264,39.3846,0.013312,157.538,0.013312,431.158,0.019456,537.18,0.062464,668.735,0.200704,697.191,0.770048,697.423,3.07917,733.847,11.7053,
0.0113636,0.011264,0.0454545,0.011264,0.181818,0.011264,0.666667,0.012288,2.66667,0.012288,10.6667,0.012288,42.6667,0.012288,157.538,0.013312,431.158,0.019456,546.133,0.06144,668.735,0.200704,697.191,0.770048,698.585,3.07405,733.976,11.7033,
0.0104167,0.012288,0.0454545,0.011264,0.166667,0.012288,0.727273,0.011264,2.66667,0.012288,11.6364,0.011264,42.6667,0.012288,157.538,0.013312,431.158,0.019456,546.133,0.06144,661.98,0.202752,697.191,0.770048,698.352,3.07507,733.976,11.7033,
0.0104167,0.012288,0.0454545,0.011264,0.181818,0.011264,0.666667,0.012288,2.66667,0.012288,10.6667,0.012288,39.3846,0.013312,157.538,0.013312,455.111,0.018432,537.18,0.062464,661.98,0.202752,697.191,0.770048,697.423,3.07917,733.911,11.7043,
0.0104167,0.012288,0.0454545,0.011264,0.181818,0.011264,0.727273,0.011264,2.66667,0.012288,10.6667,0.012288,42.6667,0.012288,157.538,0.013312,431.158,0.019456,546.133,0.06144,668.735,0.200704,697.191,0.770048,697.191,3.08019,733.911,11.7043,
0.0113636,0.011264,0.0416667,0.012288,0.181818,0.011264,0.666667,0.012288,2.90909,0.011264,10.6667,0.012288,42.6667,0.012288,157.538,0.013312,431.158,0.019456,528.516,0.063488,661.98,0.202752,696.266,0.771072,698.585,3.07405,733.847,11.7053,
0.0104167,0.012288,0.0454545,0.011264,0.166667,0.012288,0.727273,0.011264,2.66667,0.012288,10.6667,0.012288,42.6667,0.012288,157.538,0.013312,431.158,0.019456,537.18,0.062464,661.98,0.202752,696.266,0.771072,697.423,3.07917,734.168,11.7002,
0.0104167,0.012288,0.0416667,0.012288,0.181818,0.011264,0.727273,0.011264,2.66667,0.012288,11.6364,0.011264,42.6667,0.012288,146.286,0.014336,431.158,0.019456,546.133,0.06144,668.735,0.200704,697.191,0.770048,696.96,3.08122,734.104,11.7012,
0.00543478,0.023552,0.0454545,0.011264,0.166667,0.012288,0.727273,0.011264,2.66667,0.012288,11.6364,0.011264,42.6667,0.012288,146.286,0.014336,455.111,0.018432,546.133,0.06144,668.735,0.200704,697.191,0.770048,696.96,3.08122,733.847,11.7053,
0.0113636,0.011264,0.0454545,0.011264,0.181818,0.011264,0.727273,0.011264,2.90909,0.011264,10.6667,0.012288,42.6667,0.012288,146.286,0.014336,431.158,0.019456,537.18,0.062464,668.735,0.200704,697.191,0.770048,696.266,3.08429,733.783,11.7064,
0.0104167,0.012288,0.0454545,0.011264,0.117647,0.017408,0.666667,0.012288,2.66667,0.012288,10.6667,0.012288,42.6667,0.012288,146.286,0.014336,455.111,0.018432,546.133,0.06144,665.34,0.201728,697.191,0.770048,696.96,3.08122,734.04,11.7023,
0.0104167,0.012288,0.0277778,0.018432,0.153846,0.013312,0.666667,0.012288,2.66667,0.012288,10.6667,0.012288,42.6667,0.012288,146.286,0.014336,431.158,0.019456,546.133,0.06144,668.735,0.200704,697.191,0.770048,697.888,3.07712,733.847,11.7053,
0.0104167,0.012288,0.0454545,0.011264,0.181818,0.011264,0.727273,0.011264,2.66667,0.012288,10.6667,0.012288,42.6667,0.012288,146.286,0.014336,455.111,0.018432,537.18,0.062464,665.34,0.201728,697.191,0.770048,698.12,3.0761,733.847,11.7053,
0.0104167,0.012288,0.0416667,0.012288,0.181818,0.011264,0.727273,0.011264,2.66667,0.012288,10.6667,0.012288,42.6667,0.012288,146.286,0.014336,431.158,0.019456,546.133,0.06144,665.34,0.201728,697.191,0.770048,698.12,3.0761,733.719,11.7074,
0.0113636,0.011264,0.0454545,0.011264,0.166667,0.012288,0.666667,0.012288,2.66667,0.012288,10.6667,0.012288,42.6667,0.012288,146.286,0.014336,431.158,0.019456,546.133,0.06144,661.98,0.202752,697.191,0.770048,697.888,3.07712,733.719,11.7074,
0.0104167,0.012288,0.0454545,0.011264,0.181818,0.011264,0.727273,0.011264,2.66667,0.012288,11.6364,0.011264,42.6667,0.012288,146.286,0.014336,431.158,0.019456,537.18,0.062464,661.98,0.202752,695.342,0.772096,697.888,3.07712,733.783,11.7064,
0.0104167,0.012288,0.0416667,0.012288,0.181818,0.011264,0.666667,0.012288,2.66667,0.012288,10.6667,0.012288,42.6667,0.012288,102.4,0.02048,455.111,0.018432,546.133,0.06144,665.34,0.201728,696.266,0.771072,697.191,3.08019,733.847,11.7053,
0.0104167,0.012288,0.0416667,0.012288,0.2,0.01024,0.727273,0.011264,2.66667,0.012288,10.6667,0.012288,32,0.016384,157.538,0.013312,431.158,0.019456,546.133,0.06144,668.735,0.200704,693.503,0.774144,750.591,2.86106,733.911,11.7043,
0.0104167,0.012288,0.0416667,0.012288,0.181818,0.011264,0.727273,0.011264,2.66667,0.012288,10.6667,0.012288,42.6667,0.012288,146.286,0.014336,431.158,0.019456,537.18,0.062464,672.164,0.19968,694.421,0.77312,753.017,2.85184,733.976,11.7033,
0.0113636,0.011264,0.0416667,0.012288,0.181818,0.011264,0.727273,0.011264,2.90909,0.011264,10.6667,0.012288,42.6667,0.012288,146.286,0.014336,431.158,0.019456,546.133,0.06144,672.164,0.19968,691.673,0.776192,752.747,2.85286,733.783,11.7064,
0.0104167,0.012288,0.0454545,0.011264,0.166667,0.012288,0.727273,0.011264,2.90909,0.011264,10.6667,0.012288,42.6667,0.012288,146.286,0.014336,431.158,0.019456,546.133,0.06144,665.34,0.201728,692.587,0.775168,753.829,2.84877,733.976,11.7033,
0.0113636,0.011264,0.0416667,0.012288,0.181818,0.011264,0.615385,0.013312,2.66667,0.012288,10.6667,0.012288,42.6667,0.012288,146.286,0.014336,431.158,0.019456,537.18,0.062464,668.735,0.200704,694.421,0.77312,754.371,2.84672,733.655,11.7084,
0.0113636,0.011264,0.0454545,0.011264,0.181818,0.011264,0.727273,0.011264,2.90909,0.011264,10.6667,0.012288,39.3846,0.013312,146.286,0.014336,431.158,0.019456,546.133,0.06144,661.98,0.202752,696.266,0.771072,754.371,2.84672,733.783,11.7064,
0.0104167,0.012288,0.0416667,0.012288,0.181818,0.011264,0.727273,0.011264,2.66667,0.012288,10.6667,0.012288,42.6667,0.012288,146.286,0.014336,455.111,0.018432,537.18,0.062464,658.653,0.203776,695.342,0.772096,754.914,2.84467,733.719,11.7074,
0.00961538,0.013312,0.0416667,0.012288,0.181818,0.011264,0.666667,0.012288,1.77778,0.018432,10.6667,0.012288,42.6667,0.012288,157.538,0.013312,455.111,0.018432,546.133,0.06144,658.653,0.203776,695.342,0.772096,754.371,2.84672,733.847,11.7053,
0.0113636,0.011264,0.0416667,0.012288,0.181818,0.011264,0.666667,0.012288,2.66667,0.012288,10.6667,0.012288,42.6667,0.012288,146.286,0.014336,431.158,0.019456,537.18,0.062464,642.51,0.208896,695.342,0.772096,754.371,2.84672,734.04,11.7023,
0.0104167,0.012288,0.0454545,0.011264,0.181818,0.011264,0.666667,0.012288,2.66667,0.012288,10.6667,0.012288,42.6667,0.012288,146.286,0.014336,431.158,0.019456,555.39,0.060416,665.34,0.201728,696.266,0.771072,754.643,2.8457,733.847,11.7053,
0.00961538,0.013312,0.0454545,0.011264,0.2,0.01024,0.727273,0.011264,2.66667,0.012288,10.6667,0.012288,42.6667,0.012288,157.538,0.013312,431.158,0.019456,537.18,0.062464,668.735,0.200704,696.266,0.771072,754.371,2.84672,733.591,11.7094,
0.0104167,0.012288,0.0416667,0.012288,0.181818,0.011264,0.727273,0.011264,2.66667,0.012288,10.6667,0.012288,39.3846,0.013312,146.286,0.014336,431.158,0.019456,537.18,0.062464,668.735,0.200704,695.342,0.772096,754.1,2.84774,733.334,11.7135,
0.0113636,0.011264,0.0454545,0.011264,0.181818,0.011264,0.727273,0.011264,2.66667,0.012288,10.6667,0.012288,42.6667,0.012288,146.286,0.014336,431.158,0.019456,528.516,0.063488,668.735,0.200704,692.587,0.775168,754.643,2.8457,733.526,11.7105,
0.0104167,0.012288,0.0454545,0.011264,0.181818,0.011264,0.727273,0.011264,2.66667,0.012288,10.6667,0.012288,42.6667,0.012288,146.286,0.014336,455.111,0.018432,546.133,0.06144,668.735,0.200704,698.12,0.769024,754.371,2.84672,733.526,11.7105,
0.0104167,0.012288,0.0416667,0.012288,0.181818,0.011264,0.666667,0.012288,2.46154,0.013312,10.6667,0.012288,42.6667,0.012288,157.538,0.013312,455.111,0.018432,546.133,0.06144,668.735,0.200704,699.984,0.766976,752.207,2.85491,733.591,11.7094,
0.0104167,0.012288,0.0416667,0.012288,0.2,0.01024,0.727273,0.011264,2.66667,0.012288,10.6667,0.012288,42.6667,0.012288,146.286,0.014336,431.158,0.019456,546.133,0.06144,665.34,0.201728,699.984,0.766976,754.643,2.8457,733.591,11.7094,
0.0104167,0.012288,0.0416667,0.012288,0.181818,0.011264,0.727273,0.011264,2.66667,0.012288,10.6667,0.012288,42.6667,0.012288,146.286,0.014336,431.158,0.019456,537.18,0.062464,661.98,0.202752,700.92,0.765952,754.1,2.84774,733.719,11.7074,
0.0104167,0.012288,0.0454545,0.011264,0.181818,0.011264,0.666667,0.012288,2.90909,0.011264,10.6667,0.012288,39.3846,0.013312,146.286,0.014336,431.158,0.019456,537.18,0.062464,668.735,0.200704,700.92,0.765952,754.643,2.8457,733.719,11.7074,
0.0104167,0.012288,0.0416667,0.012288,0.181818,0.011264,0.666667,0.012288,2.66667,0.012288,10.6667,0.012288,39.3846,0.013312,146.286,0.014336,431.158,0.019456,537.18,0.062464,672.164,0.19968,699.984,0.766976,754.914,2.84467,733.591,11.7094,
0.0104167,0.012288,0.0454545,0.011264,0.166667,0.012288,0.727273,0.011264,2.46154,0.013312,10.6667,0.012288,42.6667,0.012288,146.286,0.014336,431.158,0.019456,546.133,0.06144,668.735,0.200704,699.984,0.766976,754.371,2.84672,733.398,11.7125,
0.0113636,0.011264,0.0416667,0.012288,0.181818,0.011264,0.666667,0.012288,2.66667,0.012288,10.6667,0.012288,42.6667,0.012288,157.538,0.013312,431.158,0.019456,528.516,0.063488,672.164,0.19968,699.984,0.766976,755.186,2.84365,733.27,11.7146,
0.0104167,0.012288,0.0454545,0.011264,0.181818,0.011264,0.666667,0.012288,2.66667,0.012288,10.6667,0.012288,42.6667,0.012288,136.533,0.01536,431.158,0.019456,546.133,0.06144,672.164,0.19968,699.984,0.766976,754.371,2.84672,733.206,11.7156,
0.0113636,0.011264,0.0416667,0.012288,0.181818,0.011264,0.727273,0.011264,2.66667,0.012288,11.6364,0.011264,42.6667,0.012288,157.538,0.013312,455.111,0.018432,537.18,0.062464,672.164,0.19968,699.984,0.766976,754.643,2.8457,733.526,11.7105,
0.0104167,0.012288,0.0416667,0.012288,0.181818,0.011264,0.727273,0.011264,2.66667,0.012288,10.6667,0.012288,42.6667,0.012288,146.286,0.014336,431.158,0.019456,528.516,0.063488,672.164,0.19968,700.92,0.765952,754.643,2.8457,734.104,11.7012,
0.0113636,0.011264,0.0416667,0.012288,0.181818,0.011264,0.666667,0.012288,2.66667,0.012288,10.6667,0.012288,39.3846,0.013312,146.286,0.014336,431.158,0.019456,528.516,0.063488,672.164,0.19968,699.984,0.766976,754.914,2.84467,734.297,11.6982,
0.0104167,0.012288,0.0416667,0.012288,0.181818,0.011264,0.727273,0.011264,2.66667,0.012288,10.6667,0.012288,39.3846,0.013312,146.286,0.014336,455.111,0.018432,537.18,0.062464,668.735,0.200704,699.051,0.768,753.829,2.84877,734.233,11.6992,
0.0113636,0.011264,0.0416667,0.012288,0.181818,0.011264,0.666667,0.012288,2.66667,0.012288,10.6667,0.012288,39.3846,0.013312,157.538,0.013312,431.158,0.019456,537.18,0.062464,672.164,0.19968,699.051,0.768,752.747,2.85286,734.233,11.6992,
0.0104167,0.012288,0.0416667,0.012288,0.181818,0.011264,0.727273,0.011264,2.66667,0.012288,10.6667,0.012288,42.6667,0.012288,146.286,0.014336,431.158,0.019456,546.133,0.06144,672.164,0.19968,699.984,0.766976,752.747,2.85286,733.847,11.7053,
0.0113636,0.011264,0.0454545,0.011264,0.181818,0.011264,0.727273,0.011264,2.66667,0.012288,10.6667,0.012288,42.6667,0.012288,146.286,0.014336,431.158,0.019456,537.18,0.062464,672.164,0.19968,699.984,0.766976,753.017,2.85184,733.719,11.7074,
0.0104167,0.012288,0.0454545,0.011264,0.181818,0.011264,0.666667,0.012288,2.66667,0.012288,11.6364,0.011264,42.6667,0.012288,157.538,0.013312,431.158,0.019456,546.133,0.06144,668.735,0.200704,699.051,0.768,752.747,2.85286,733.847,11.7053,
0.0113636,0.011264,0.0416667,0.012288,0.181818,0.011264,0.666667,0.012288,2.66667,0.012288,11.6364,0.011264,39.3846,0.013312,146.286,0.014336,431.158,0.019456,537.18,0.062464,672.164,0.19968,699.984,0.766976,753.287,2.85082,733.911,11.7043,
0.0113636,0.011264,0.0416667,0.012288,0.166667,0.012288,0.615385,0.013312,2.66667,0.012288,10.6667,0.012288,39.3846,0.013312,146.286,0.014336,431.158,0.019456,537.18,0.062464,672.164,0.19968,699.984,0.766976,753.558,2.84979,733.783,11.7064,
0.0113636,0.011264,0.0416667,0.012288,0.181818,0.011264,0.666667,0.012288,2.66667,0.012288,10.6667,0.012288,39.3846,0.013312,146.286,0.014336,431.158,0.019456,546.133,0.06144,668.735,0.200704,700.92,0.765952,752.747,2.85286,733.911,11.7043,
0.0104167,0.012288,0.0454545,0.011264,0.166667,0.012288,0.727273,0.011264,2.66667,0.012288,8.53333,0.01536,42.6667,0.012288,146.286,0.014336,431.158,0.019456,555.39,0.060416,672.164,0.19968,699.051,0.768,753.017,2.85184,733.976,11.7033,
0.0113636,0.011264,0.0454545,0.011264,0.181818,0.011264,0.727273,0.011264,2.46154,0.013312,10.6667,0.012288,42.6667,0.012288,146.286,0.014336,431.158,0.019456,546.133,0.06144,672.164,0.19968,699.051,0.768,753.287,2.85082,733.847,11.7053,
0.0113636,0.011264,0.0454545,0.011264,0.181818,0.011264,0.727273,0.011264,2.66667,0.012288,10.6667,0.012288,39.3846,0.013312,146.286,0.014336,431.158,0.019456,546.133,0.06144,672.164,0.19968,699.984,0.766976,753.017,2.85184,734.04,11.7023,
0.0078125,0.016384,0.0416667,0.012288,0.181818,0.011264,0.727273,0.011264,2.46154,0.013312,11.6364,0.011264,39.3846,0.013312,157.538,0.013312,431.158,0.019456,546.133,0.06144,672.164,0.19968,700.92,0.765952,754.1,2.84774,733.911,11.7043,
0.0104167,0.012288,0.0454545,0.011264,0.166667,0.012288,0.727273,0.011264,2.66667,0.012288,11.6364,0.011264,42.6667,0.012288,157.538,0.013312,431.158,0.019456,537.18,0.062464,665.34,0.201728,699.984,0.766976,753.558,2.84979,733.847,11.7053,
0.0104167,0.012288,0.0416667,0.012288,0.181818,0.011264,0.727273,0.011264,2.66667,0.012288,10.6667,0.012288,42.6667,0.012288,157.538,0.013312,455.111,0.018432,555.39,0.060416,672.164,0.19968,699.984,0.766976,753.017,2.85184,733.976,11.7033,
0.0104167,0.012288,0.0454545,0.011264,0.181818,0.011264,0.727273,0.011264,2.66667,0.012288,10.6667,0.012288,42.6667,0.012288,157.538,0.013312,431.158,0.019456,564.966,0.059392,668.735,0.200704,699.984,0.766976,753.287,2.85082,733.783,11.7064,
0.0104167,0.012288,0.00196078,0.26112,0.117647,0.017408,0.727273,0.011264,2.66667,0.012288,11.6364,0.011264,39.3846,0.013312,157.538,0.013312,431.158,0.019456,555.39,0.060416,672.164,0.19968,699.051,0.768,753.558,2.84979,733.719,11.7074,
0.0104167,0.012288,0.0384615,0.013312,0.181818,0.011264,0.727273,0.011264,2.90909,0.011264,10.6667,0.012288,42.6667,0.012288,157.538,0.013312,431.158,0.019456,564.966,0.059392,672.164,0.19968,699.984,0.766976,753.017,2.85184,734.04,11.7023,
0.0113636,0.011264,0.0416667,0.012288,0.181818,0.011264,0.727273,0.011264,2.66667,0.012288,10.6667,0.012288,42.6667,0.012288,157.538,0.013312,431.158,0.019456,546.133,0.06144,668.735,0.200704,699.984,0.766976,753.558,2.84979,734.104,11.7012,
0.0104167,0.012288,0.0416667,0.012288,0.181818,0.011264,0.727273,0.011264,2.46154,0.013312,10.6667,0.012288,42.6667,0.012288,146.286,0.014336,431.158,0.019456,555.39,0.060416,672.164,0.19968,699.984,0.766976,753.287,2.85082,733.847,11.7053,
0.0104167,0.012288,0.0416667,0.012288,0.181818,0.011264,0.666667,0.012288,2.66667,0.012288,10.6667,0.012288,42.6667,0.012288,146.286,0.014336,431.158,0.019456,555.39,0.060416,672.164,0.19968,699.051,0.768,753.287,2.85082,734.04,11.7023,
0.0104167,0.012288,0.0416667,0.012288,0.181818,0.011264,0.666667,0.012288,2.66667,0.012288,10.6667,0.012288,42.6667,0.012288,146.286,0.014336,431.158,0.019456,546.133,0.06144,668.735,0.200704,699.984,0.766976,753.017,2.85184,734.04,11.7023,
0.0113636,0.011264,0.0416667,0.012288,0.181818,0.011264,0.666667,0.012288,2.66667,0.012288,10.6667,0.012288,39.3846,0.013312,157.538,0.013312,431.158,0.019456,546.133,0.06144,672.164,0.19968,699.984,0.766976,753.017,2.85184,733.847,11.7053,
0.0104167,0.012288,0.0454545,0.011264,0.181818,0.011264,0.666667,0.012288,2.90909,0.011264,10.6667,0.012288,42.6667,0.012288,157.538,0.013312,431.158,0.019456,555.39,0.060416,672.164,0.19968,699.984,0.766976,753.829,2.84877,733.526,11.7105,
0.0113636,0.011264,0.0416667,0.012288,0.166667,0.012288,0.571429,0.014336,2.66667,0.012288,10.6667,0.012288,39.3846,0.013312,157.538,0.013312,431.158,0.019456,555.39,0.060416,672.164,0.19968,699.984,0.766976,753.829,2.84877,733.911,11.7043,
0.0104167,0.012288,0.0416667,0.012288,0.166667,0.012288,0.727273,0.011264,2.90909,0.011264,10.6667,0.012288,42.6667,0.012288,146.286,0.014336,409.6,0.02048,555.39,0.060416,672.164,0.19968,699.984,0.766976,752.747,2.85286,733.847,11.7053,
0.00961538,0.013312,0.0416667,0.012288,0.181818,0.011264,0.666667,0.012288,2.90909,0.011264,11.6364,0.011264,42.6667,0.012288,157.538,0.013312,431.158,0.019456,564.966,0.059392,668.735,0.200704,699.051,0.768,753.287,2.85082,733.911,11.7043,
0.0104167,0.012288,0.0454545,0.011264,0.181818,0.011264,0.666667,0.012288,2.66667,0.012288,10.6667,0.012288,42.6667,0.012288,146.286,0.014336,431.158,0.019456,546.133,0.06144,672.164,0.19968,699.984,0.766976,753.287,2.85082,733.911,11.7043,
0.0113636,0.011264,0.0416667,0.012288,0.181818,0.011264,0.666667,0.012288,2.46154,0.013312,10.6667,0.012288,39.3846,0.013312,146.286,0.014336,431.158,0.019456,555.39,0.060416,672.164,0.19968,699.984,0.766976,753.287,2.85082,733.847,11.7053,
0.0104167,0.012288,0.0454545,0.011264,0.181818,0.011264,0.727273,0.011264,2.66667,0.012288,10.6667,0.012288,42.6667,0.012288,146.286,0.014336,431.158,0.019456,555.39,0.060416,672.164,0.19968,699.051,0.768,753.829,2.84877,733.078,11.7176,
0.0104167,0.012288,0.0416667,0.012288,0.181818,0.011264,0.666667,0.012288,2.90909,0.011264,10.6667,0.012288,39.3846,0.013312,146.286,0.014336,431.158,0.019456,555.39,0.060416,672.164,0.19968,699.984,0.766976,753.829,2.84877,733.976,11.7033,
0.0104167,0.012288,0.0454545,0.011264,0.181818,0.011264,0.727273,0.011264,2.66667,0.012288,10.6667,0.012288,42.6667,0.012288,146.286,0.014336,455.111,0.018432,555.39,0.060416,672.164,0.19968,699.984,0.766976,753.287,2.85082,733.847,11.7053,
0.0113636,0.011264,0.0416667,0.012288,0.2,0.01024,0.666667,0.012288,2.66667,0.012288,10.6667,0.012288,39.3846,0.013312,157.538,0.013312,431.158,0.019456,555.39,0.060416,672.164,0.19968,700.92,0.765952,753.558,2.84979,732.758,11.7228,
0.0104167,0.012288,0.0454545,0.011264,0.181818,0.011264,0.666667,0.012288,2.66667,0.012288,11.6364,0.011264,46.5455,0.011264,157.538,0.013312,431.158,0.019456,546.133,0.06144,672.164,0.19968,699.984,0.766976,753.017,2.85184,733.847,11.7053,
0.0113636,0.011264,0.0416667,0.012288,0.181818,0.011264,0.666667,0.012288,2.66667,0.012288,10.6667,0.012288,42.6667,0.012288,157.538,0.013312,409.6,0.02048,546.133,0.06144,672.164,0.19968,699.984,0.766976,753.017,2.85184,733.911,11.7043,
0.0104167,0.012288,0.0416667,0.012288,0.181818,0.011264,0.727273,0.011264,2.46154,0.013312,9.84615,0.013312,39.3846,0.013312,146.286,0.014336,431.158,0.019456,555.39,0.060416,672.164,0.19968,699.984,0.766976,752.477,2.85389,733.655,11.7084,
0.00892857,0.014336,0.0416667,0.012288,0.181818,0.011264,0.666667,0.012288,2.90909,0.011264,10.6667,0.012288,39.3846,0.013312,157.538,0.013312,431.158,0.019456,564.966,0.059392,665.34,0.201728,685.344,0.78336,696.266,3.08429,719.805,11.9337,
0.0104167,0.012288,0.0454545,0.011264,0.2,0.01024,0.8,0.01024,2.90909,0.011264,11.6364,0.011264,42.6667,0.012288,157.538,0.013312,481.882,0.017408,585.143,0.057344,679.13,0.197632,695.342,0.772096,697.423,3.07917,720.299,11.9255,
0.0113636,0.011264,0.0454545,0.011264,0.2,0.01024,0.727273,0.011264,2.90909,0.011264,11.6364,0.011264,46.5455,0.011264,170.667,0.012288,455.111,0.018432,564.966,0.059392,689.853,0.19456,694.421,0.77312,697.655,3.07814,720.238,11.9265,
0.0104167,0.012288,0.05,0.01024,0.2,0.01024,0.727273,0.011264,2.90909,0.011264,11.6364,0.011264,42.6667,0.012288,157.538,0.013312,455.111,0.018432,564.966,0.059392,682.667,0.196608,694.421,0.77312,697.191,3.08019,720.299,11.9255,
0.0125,0.01024,0.0454545,0.011264,0.181818,0.011264,0.727273,0.011264,2.90909,0.011264,11.6364,0.011264,46.5455,0.011264,157.538,0.013312,481.882,0.017408,574.877,0.058368,682.667,0.196608,695.342,0.772096,697.655,3.07814,719.805,11.9337,
0.0104167,0.012288,0.0454545,0.011264,0.181818,0.011264,0.8,0.01024,2.90909,0.011264,11.6364,0.011264,46.5455,0.011264,170.667,0.012288,455.111,0.018432,585.143,0.057344,665.34,0.201728,696.266,0.771072,696.266,3.08429,720.176,11.9276,
0.0125,0.01024,0.05,0.01024,0.2,0.01024,0.8,0.01024,2.90909,0.011264,11.6364,0.011264,42.6667,0.012288,170.667,0.012288,455.111,0.018432,574.877,0.058368,679.13,0.197632,694.421,0.77312,697.888,3.07712,720.052,11.9296,
0.0113636,0.011264,0.0454545,0.011264,0.2,0.01024,0.727273,0.011264,3.2,0.01024,11.6364,0.011264,42.6667,0.012288,170.667,0.012288,481.882,0.017408,574.877,0.058368,682.667,0.196608,695.342,0.772096,698.352,3.07507,720.052,11.9296,
0.0113636,0.011264,0.0454545,0.011264,0.2,0.01024,0.727273,0.011264,2.90909,0.011264,11.6364,0.011264,46.5455,0.011264,157.538,0.013312,455.111,0.018432,574.877,0.058368,686.241,0.195584,695.342,0.772096,697.655,3.07814,720.114,11.9286,
0.0113636,0.011264,0.0454545,0.011264,0.2,0.01024,0.8,0.01024,2.90909,0.011264,11.6364,0.011264,46.5455,0.011264,170.667,0.012288,481.882,0.017408,574.877,0.058368,682.667,0.196608,696.266,0.771072,697.423,3.07917,720.176,11.9276,
0.0113636,0.011264,0.0454545,0.011264,0.2,0.01024,0.8,0.01024,2.90909,0.011264,11.6364,0.011264,42.6667,0.012288,157.538,0.013312,481.882,0.017408,574.877,0.058368,682.667,0.196608,695.342,0.772096,697.888,3.07712,720.052,11.9296,
0.0113636,0.011264,0.0454545,0.011264,0.2,0.01024,0.727273,0.011264,2.90909,0.011264,11.6364,0.011264,46.5455,0.011264,157.538,0.013312,455.111,0.018432,585.143,0.057344,682.667,0.196608,696.266,0.771072,697.191,3.08019,720.299,11.9255,
0.0113636,0.011264,0.0454545,0.011264,0.2,0.01024,0.727273,0.011264,2.90909,0.011264,11.6364,0.011264,46.5455,0.011264,157.538,0.013312,455.111,0.018432,564.966,0.059392,682.667,0.196608,696.266,0.771072,715.996,2.9993,720.176,11.9276,
0.0113636,0.011264,0.0454545,0.011264,0.181818,0.011264,0.727273,0.011264,2.90909,0.011264,11.6364,0.011264,46.5455,0.011264,170.667,0.012288,481.882,0.017408,574.877,0.058368,686.241,0.195584,697.191,0.770048,719.929,2.98291,720.114,11.9286,
0.0113636,0.011264,0.0454545,0.011264,0.2,0.01024,0.727273,0.011264,2.90909,0.011264,11.6364,0.011264,46.5455,0.011264,157.538,0.013312,481.882,0.017408,574.877,0.058368,682.667,0.196608,699.051,0.768,720.176,2.98189,720.114,11.9286,
0.0104167,0.012288,0.0454545,0.011264,0.2,0.01024,0.8,0.01024,2.90909,0.011264,11.6364,0.011264,42.6667,0.012288,157.538,0.013312,481.882,0.017408,574.877,0.058368,639.376,0.20992,696.266,0.771072,720.176,2.98189,720.176,11.9276,
0.0113636,0.011264,0.0454545,0.011264,0.2,0.01024,0.8,0.01024,2.90909,0.011264,10.6667,0.012288,46.5455,0.011264,170.667,0.012288,455.111,0.018432,574.877,0.058368,682.667,0.196608,699.984,0.766976,720.176,2.98189,730.97,11.7514,
0.0113636,0.011264,0.05,0.01024,0.2,0.01024,0.727273,0.011264,2.28571,0.014336,11.6364,0.011264,46.5455,0.011264,170.667,0.012288,481.882,0.017408,564.966,0.059392,686.241,0.195584,697.191,0.770048,720.423,2.98086,733.783,11.7064,
0.0113636,0.011264,0.0454545,0.011264,0.2,0.01024,0.8,0.01024,2.90909,0.011264,11.6364,0.011264,46.5455,0.011264,93.0909,0.022528,455.111,0.018432,585.143,0.057344,682.667,0.196608,697.191,0.770048,720.919,2.97882,733.976,11.7033,
0.0113636,0.011264,0.0454545,0.011264,0.181818,0.011264,0.8,0.01024,2.90909,0.011264,10.6667,0.012288,42.6667,0.012288,157.538,0.013312,481.882,0.017408,574.877,0.058368,682.667,0.196608,678.251,0.791552,720.671,2.97984,733.847,11.7053,
0.0125,0.01024,0.05,0.01024,0.181818,0.011264,0.5,0.016384,2.90909,0.011264,11.6364,0.011264,46.5455,0.011264,157.538,0.013312,455.111,0.018432,585.143,0.057344,682.667,0.196608,688.042,0.780288,719.929,2.98291,733.462,11.7115,
0.0113636,0.011264,0.05,0.01024,0.2,0.01024,0.727273,0.011264,2.90909,0.011264,11.6364,0.011264,46.5455,0.011264,136.533,0.01536,481.882,0.017408,585.143,0.057344,682.667,0.196608,695.342,0.772096,720.176,2.98189,733.847,11.7053,
0.0125,0.01024,0.0454545,0.011264,0.2,0.01024,0.8,0.01024,2.90909,0.011264,11.6364,0.011264,42.6667,0.012288,157.538,0.013312,481.882,0.017408,574.877,0.058368,686.241,0.195584,695.342,0.772096,720.176,2.98189,733.847,11.7053,
0.0113636,0.011264,0.05,0.01024,0.2,0.01024,0.8,0.01024,2.90909,0.011264,11.6364,0.011264,46.5455,0.011264,157.538,0.013312,481.882,0.017408,585.143,0.057344,682.667,0.196608,695.342,0.772096,720.671,2.97984,734.04,11.7023,
0.0113636,0.011264,0.0454545,0.011264,0.2,0.01024,0.727273,0.011264,2.90909,0.011264,11.6364,0.011264,13.4737,0.038912,170.667,0.012288,481.882,0.017408,585.143,0.057344,686.241,0.195584,695.342,0.772096,720.919,2.97882,733.783,11.7064,
0.0113636,0.011264,0.0454545,0.011264,0.181818,0.011264,0.727273,0.011264,2.90909,0.011264,11.6364,0.011264,46.5455,0.011264,157.538,0.013312,455.111,0.018432,574.877,0.058368,686.241,0.195584,696.266,0.771072,719.929,2.98291,733.847,11.7053,
0.0113636,0.011264,0.05,0.01024,0.2,0.01024,0.727273,0.011264,2.90909,0.011264,11.6364,0.011264,42.6667,0.012288,170.667,0.012288,455.111,0.018432,574.877,0.058368,598.502,0.224256,695.342,0.772096,719.929,2.98291,734.104,11.7012,
0.0113636,0.011264,0.0454545,0.011264,0.2,0.01024,0.8,0.01024,2.90909,0.011264,11.6364,0.011264,46.5455,0.011264,120.471,0.017408,481.882,0.017408,564.966,0.059392,682.667,0.196608,695.342,0.772096,720.176,2.98189,733.783,11.7064,
0.0125,0.01024,0.0454545,0.011264,0.2,0.01024,0.666667,0.012288,2.90909,0.011264,11.6364,0.011264,42.6667,0.012288,157.538,0.013312,481.882,0.017408,564.966,0.059392,686.241,0.195584,695.342,0.772096,719.929,2.98291,733.911,11.7043,
0.0113636,0.011264,0.05,0.01024,0.181818,0.011264,0.727273,0.011264,2.90909,0.011264,10.6667,0.012288,46.5455,0.011264,170.667,0.012288,455.111,0.018432,564.966,0.059392,668.735,0.200704,695.342,0.772096,720.176,2.98189,734.04,11.7023,
0.0125,0.01024,0.0454545,0.011264,0.2,0.01024,0.727273,0.011264,2.90909,0.011264,11.6364,0.011264,46.5455,0.011264,157.538,0.013312,481.882,0.017408,574.877,0.058368,686.241,0.195584,696.266,0.771072,720.176,2.98189,733.847,11.7053,
0.0113636,0.011264,0.0454545,0.011264,0.2,0.01024,0.8,0.01024,2.90909,0.011264,11.6364,0.011264,32,0.016384,170.667,0.012288,481.882,0.017408,574.877,0.058368,679.13,0.197632,689.853,0.77824,719.929,2.98291,733.976,11.7033,
0.0113636,0.011264,0.0454545,0.011264,0.181818,0.011264,0.727273,0.011264,2.90909,0.011264,10.6667,0.012288,42.6667,0.012288,157.538,0.013312,481.882,0.017408,574.877,0.058368,682.667,0.196608,695.342,0.772096,718.941,2.98701,734.04,11.7023,
0.0125,0.01024,0.05,0.01024,0.2,0.01024,0.727273,0.011264,2.90909,0.011264,11.6364,0.011264,46.5455,0.011264,157.538,0.013312,455.111,0.018432,574.877,0.058368,682.667,0.196608,694.421,0.77312,717.957,2.9911,734.104,11.7012,
0.0125,0.01024,0.0454545,0.011264,0.153846,0.013312,0.727273,0.011264,2.90909,0.011264,11.6364,0.011264,46.5455,0.011264,157.538,0.013312,455.111,0.018432,574.877,0.058368,682.667,0.196608,698.12,0.769024,719.682,2.98394,733.976,11.7033,
0.0113636,0.011264,0.0454545,0.011264,0.2,0.01024,0.727273,0.011264,2.90909,0.011264,11.6364,0.011264,42.6667,0.012288,102.4,0.02048,481.882,0.017408,574.877,0.058368,682.667,0.196608,699.984,0.766976,720.423,2.98086,734.297,11.6982,
0.0113636,0.011264,0.0454545,0.011264,0.2,0.01024,0.727273,0.011264,2.66667,0.012288,11.6364,0.011264,42.6667,0.012288,146.286,0.014336,481.882,0.017408,574.877,0.058368,682.667,0.196608,699.051,0.768,720.176,2.98189,734.233,11.6992,
0.0113636,0.011264,0.05,0.01024,0.2,0.01024,0.8,0.01024,2.90909,0.011264,11.6364,0.011264,46.5455,0.011264,157.538,0.013312,455.111,0.018432,585.143,0.057344,682.667,0.196608,699.984,0.766976,720.176,2.98189,733.976,11.7033,
0.0125,0.01024,0.0454545,0.011264,0.2,0.01024,0.727273,0.011264,2.90909,0.011264,11.6364,0.011264,42.6667,0.012288,157.538,0.013312,481.882,0.017408,574.877,0.058368,686.241,0.195584,698.12,0.769024,719.929,2.98291,733.911,11.7043,
0.0113636,0.011264,0.0454545,0.011264,0.2,0.01024,0.727273,0.011264,2.90909,0.011264,11.6364,0.011264,46.5455,0.011264,170.667,0.012288,481.882,0.017408,574.877,0.058368,682.667,0.196608,695.342,0.772096,719.682,2.98394,733.976,11.7033,
0.0113636,0.011264,0.0454545,0.011264,0.2,0.01024,0.727273,0.011264,2.90909,0.011264,11.6364,0.011264,42.6667,0.012288,157.538,0.013312,455.111,0.018432,574.877,0.058368,682.667,0.196608,695.342,0.772096,720.176,2.98189,734.297,11.6982,
0.0113636,0.011264,0.05,0.01024,0.2,0.01024,0.727273,0.011264,2.90909,0.011264,11.6364,0.011264,46.5455,0.011264,157.538,0.013312,481.882,0.017408,574.877,0.058368,686.241,0.195584,695.342,0.772096,719.929,2.98291,734.168,11.7002,
0.0113636,0.011264,0.0454545,0.011264,0.181818,0.011264,0.727273,0.011264,2.90909,0.011264,11.6364,0.011264,42.6667,0.012288,170.667,0.012288,481.882,0.017408,574.877,0.058368,686.241,0.195584,695.342,0.772096,718.941,2.98701,733.976,11.7033,
0.0113636,0.011264,0.05,0.01024,0.181818,0.011264,0.727273,0.011264,2.90909,0.011264,11.6364,0.011264,46.5455,0.011264,157.538,0.013312,481.882,0.017408,574.877,0.058368,679.13,0.197632,695.342,0.772096,718.941,2.98701,734.104,11.7012,
0.0125,0.01024,0.0454545,0.011264,0.2,0.01024,0.727273,0.011264,2.13333,0.01536,11.6364,0.011264,46.5455,0.011264,170.667,0.012288,455.111,0.018432,574.877,0.058368,686.241,0.195584,695.342,0.772096,718.941,2.98701,733.655,11.7084,
0.0113636,0.011264,0.0454545,0.011264,0.2,0.01024,0.8,0.01024,2.90909,0.011264,10.6667,0.012288,46.5455,0.011264,157.538,0.013312,481.882,0.017408,564.966,0.059392,686.241,0.195584,695.342,0.772096,721.166,2.97779,734.04,11.7023,
0.0125,0.01024,0.0454545,0.011264,0.2,0.01024,0.8,0.01024,2.90909,0.011264,11.6364,0.011264,42.6667,0.012288,170.667,0.012288,481.882,0.017408,564.966,0.059392,686.241,0.195584,695.342,0.772096,720.919,2.97882,734.233,11.6992,
0.0104167,0.012288,0.05,0.01024,0.2,0.01024,0.727273,0.011264,2.90909,0.011264,10.6667,0.012288,42.6667,0.012288,157.538,0.013312,481.882,0.017408,564.966,0.059392,689.853,0.19456,695.342,0.772096,719.929,2.98291,734.297,11.6982,
0.0125,0.01024,0.0454545,0.011264,0.2,0.01024,0.727273,0.011264,2.90909,0.011264,11.6364,0.011264,42.6667,0.012288,157.538,0.013312,481.882,0.017408,528.516,0.063488,697.191,0.192512,694.421,0.77312,720.423,2.98086,734.233,11.6992,
0.0113636,0.011264,0.0454545,0.011264,0.181818,0.011264,0.727273,0.011264,2.90909,0.011264,11.6364,0.011264,46.5455,0.011264,170.667,0.012288,481.882,0.017408,574.877,0.058368,697.191,0.192512,697.191,0.770048,719.929,2.98291,733.783,11.7064,
0.0125,0.01024,0.0454545,0.011264,0.2,0.01024,0.727273,0.011264,2.90909,0.011264,11.6364,0.011264,42.6667,0.012288,157.538,0.013312,455.111,0.018432,564.966,0.059392,693.503,0.193536,695.342,0.772096,720.919,2.97882,733.655,11.7084,
0.0104167,0.012288,0.05,0.01024,0.181818,0.011264,0.727273,0.011264,2.90909,0.011264,10.6667,0.012288,28.4444,0.018432,157.538,0.013312,481.882,0.017408,555.39,0.060416,697.191,0.192512,694.421,0.77312,720.919,2.97882,733.911,11.7043,
0.0125,0.01024,0.0454545,0.011264,0.2,0.01024,0.727273,0.011264,2.90909,0.011264,11.6364,0.011264,42.6667,0.012288,157.538,0.013312,481.882,0.017408,564.966,0.059392,697.191,0.192512,694.421,0.77312,720.176,2.98189,733.719,11.7074,
0.0113636,0.011264,0.0454545,0.011264,0.181818,0.011264,0.8,0.01024,2.90909,0.011264,11.6364,0.011264,39.3846,0.013312,157.538,0.013312,455.111,0.018432,564.966,0.059392,697.191,0.192512,691.673,0.776192,720.176,2.98189,733.783,11.7064,
0.0113636,0.011264,0.0454545,0.011264,0.2,0.01024,0.727273,0.011264,2.90909,0.011264,11.6364,0.011264,42.6667,0.012288,170.667,0.012288,455.111,0.018432,574.877,0.058368,697.191,0.192512,696.266,0.771072,718.203,2.99008,733.719,11.7074,
0.0113636,0.011264,0.05,0.01024,0.2,0.01024,0.727273,0.011264,2.90909,0.011264,11.6364,0.011264,46.5455,0.011264,157.538,0.013312,481.882,0.017408,574.877,0.058368,697.191,0.192512,699.051,0.768,719.929,2.98291,733.655,11.7084,
0.0113636,0.011264,0.0454545,0.011264,0.2,0.01024,0.727273,0.011264,2.90909,0.011264,11.6364,0.011264,42.6667,0.012288,170.667,0.012288,481.882,0.017408,574.877,0.058368,693.503,0.193536,700.92,0.765952,720.919,2.97882,733.783,11.7064,
0.0113636,0.011264,0.0454545,0.011264,0.181818,0.011264,0.727273,0.011264,2.90909,0.011264,11.6364,0.011264,42.6667,0.012288,157.538,0.013312,481.882,0.017408,585.143,0.057344,697.191,0.192512,700.92,0.765952,720.919,2.97882,733.783,11.7064,
0.0125,0.01024,0.0454545,0.011264,0.2,0.01024,0.727273,0.011264,2.90909,0.011264,11.6364,0.011264,46.5455,0.011264,170.667,0.012288,481.882,0.017408,574.877,0.058368,697.191,0.192512,699.984,0.766976,719.929,2.98291,733.591,11.7094,
0.0113636,0.011264,0.0454545,0.011264,0.181818,0.011264,0.8,0.01024,2.90909,0.011264,10.6667,0.012288,46.5455,0.011264,170.667,0.012288,455.111,0.018432,574.877,0.058368,693.503,0.193536,697.191,0.770048,720.176,2.98189,733.591,11.7094,
0.0125,0.01024,0.0454545,0.011264,0.2,0.01024,0.727273,0.011264,2.90909,0.011264,11.6364,0.011264,42.6667,0.012288,113.778,0.018432,455.111,0.018432,574.877,0.058368,689.853,0.19456,694.421,0.77312,720.176,2.98189,733.719,11.7074,
0.0113636,0.011264,0.05,0.01024,0.2,0.01024,0.727273,0.011264,3.2,0.01024,11.6364,0.011264,42.6667,0.012288,157.538,0.013312,455.111,0.018432,585.143,0.057344,682.667,0.196608,694.421,0.77312,720.919,2.97882,733.783,11.7064,
0.0113636,0.011264,0.0454545,0.011264,0.2,0.01024,0.727273,0.011264,3.2,0.01024,11.6364,0.011264,46.5455,0.011264,170.667,0.012288,481.882,0.017408,585.143,0.057344,682.667,0.196608,694.421,0.77312,720.671,2.97984,733.719,11.7074,
0.0113636,0.011264,0.0454545,0.011264,0.2,0.01024,0.8,0.01024,3.2,0.01024,11.6364,0.011264,42.6667,0.012288,157.538,0.013312,481.882,0.017408,574.877,0.058368,682.667,0.196608,695.342,0.772096,720.423,2.98086,733.783,11.7064,
0.0125,0.01024,0.05,0.01024,0.2,0.01024,0.727273,0.011264,2.90909,0.011264,11.6364,0.011264,46.5455,0.011264,157.538,0.013312,481.882,0.017408,574.877,0.058368,686.241,0.195584,695.342,0.772096,720.423,2.98086,733.591,11.7094,
0.0113636,0.011264,0.0454545,0.011264,0.2,0.01024,0.727273,0.011264,2.90909,0.011264,10.6667,0.012288,46.5455,0.011264,157.538,0.013312,481.882,0.017408,585.143,0.057344,682.667,0.196608,695.342,0.772096,720.423,2.98086,733.591,11.7094,
0.0125,0.01024,0.0454545,0.011264,0.2,0.01024,0.727273,0.011264,2.90909,0.011264,10.6667,0.012288,36.5714,0.014336,170.667,0.012288,481.882,0.017408,574.877,0.058368,682.667,0.196608,696.266,0.771072,720.176,2.98189,733.655,11.7084,
0.0113636,0.011264,0.05,0.01024,0.2,0.01024,0.8,0.01024,2.90909,0.011264,11.6364,0.011264,42.6667,0.012288,157.538,0.013312,481.882,0.017408,574.877,0.058368,686.241,0.195584,695.342,0.772096,720.423,2.98086,733.462,11.7115,
0.0113636,0.011264,0.0454545,0.011264,0.2,0.01024,0.727273,0.011264,2.90909,0.011264,11.6364,0.011264,46.5455,0.011264,157.538,0.013312,481.882,0.017408,585.143,0.057344,665.34,0.201728,695.342,0.772096,720.176,2.98189,733.719,11.7074,
0.0113636,0.011264,0.05,0.01024,0.181818,0.011264,0.571429,0.014336,3.2,0.01024,10.6667,0.012288,46.5455,0.011264,170.667,0.012288,481.882,0.017408,585.143,0.057344,682.667,0.196608,696.266,0.771072,720.176,2.98189,733.591,11.7094,
0.0113636,0.011264,0.05,0.01024,0.2,0.01024,0.727273,0.011264,2.90909,0.011264,11.6364,0.011264,46.5455,0.011264,157.538,0.013312,481.882,0.017408,574.877,0.058368,686.241,0.195584,695.342,0.772096,719.929,2.98291,733.334,11.7135,
0.0113636,0.011264,0.0454545,0.011264,0.181818,0.011264,0.615385,0.013312,2.90909,0.011264,10.6667,0.012288,42.6667,0.012288,97.5238,0.021504,481.882,0.017408,574.877,0.058368,682.667,0.196608,695.342,0.772096,720.176,2.98189,733.014,11.7187,
0.0113636,0.011264,0.0454545,0.011264,0.2,0.01024,0.727273,0.011264,2.90909,0.011264,11.6364,0.011264,46.5455,0.011264,170.667,0.012288,455.111,0.018432,585.143,0.057344,686.241,0.195584,696.266,0.771072,721.414,2.97677,732.95,11.7197,
0.0113636,0.011264,0.0454545,0.011264,0.2,0.01024,0.727273,0.011264,2.90909,0.011264,11.6364,0.011264,46.5455,0.011264,157.538,0.013312,481.882,0.017408,574.877,0.058368,682.667,0.196608,695.342,0.772096,720.423,2.98086,734.104,11.7012,
0.0125,0.01024,0.0454545,0.011264,0.222222,0.009216,0.8,0.01024,2.90909,0.011264,10.6667,0.012288,42.6667,0.012288,170.667,0.012288,481.882,0.017408,574.877,0.058368,682.667,0.196608,694.421,0.77312,720.423,2.98086,734.233,11.6992,
0.0113636,0.011264,0.0454545,0.011264,0.181818,0.011264,0.8,0.01024,2.90909,0.011264,11.6364,0.011264,46.5455,0.011264,157.538,0.013312,512,0.016384,574.877,0.058368,682.667,0.196608,697.191,0.770048,720.423,2.98086,734.425,11.6961,
0.0113636,0.011264,0.0416667,0.012288,0.2,0.01024,0.727273,0.011264,2.90909,0.011264,11.6364,0.011264,46.5455,0.011264,170.667,0.012288,481.882,0.017408,574.877,0.058368,686.241,0.195584,700.92,0.765952,719.929,2.98291,734.297,11.6982,
0.0113636,0.011264,0.05,0.01024,0.2,0.01024,0.8,0.01024,2.90909,0.011264,11.6364,0.011264,46.5455,0.011264,157.538,0.013312,481.882,0.017408,574.877,0.058368,682.667,0.196608,699.984,0.766976,720.176,2.98189,734.168,11.7002,
0.0125,0.01024,0.0454545,0.011264,0.2,0.01024,0.727273,0.011264,2.90909,0.011264,10.6667,0.012288,46.5455,0.011264,170.667,0.012288,481.882,0.017408,574.877,0.058368,686.241,0.195584,698.12,0.769024,720.423,2.98086,733.911,11.7043,
0.0113636,0.011264,0.0454545,0.011264,0.181818,0.011264,0.8,0.01024,2.90909,0.011264,11.6364,0.011264,46.5455,0.011264,170.667,0.012288,512,0.016384,574.877,0.058368,682.667,0.196608,699.984,0.766976,733.783,2.92659,733.719,11.7074,
0.0113636,0.011264,0.0454545,0.011264,0.2,0.01024,0.727273,0.011264,2.90909,0.011264,11.6364,0.011264,42.6667,0.012288,170.667,0.012288,481.882,0.017408,585.143,0.057344,686.241,0.195584,696.266,0.771072,753.558,2.84979,733.911,11.7043,
0.0113636,0.011264,0.05,0.01024,0.181818,0.011264,0.727273,0.011264,2.90909,0.011264,11.6364,0.011264,42.6667,0.012288,170.667,0.012288,481.882,0.017408,574.877,0.058368,682.667,0.196608,695.342,0.772096,753.287,2.85082,734.04,11.7023,
0.0113636,0.011264,0.0454545,0.011264,0.2,0.01024,0.727273,0.011264,2.90909,0.011264,11.6364,0.011264,46.5455,0.011264,157.538,0.013312,481.882,0.017408,574.877,0.058368,686.241,0.195584,694.421,0.77312,753.287,2.85082,733.911,11.7043,
0.0104167,0.012288,0.05,0.01024,0.2,0.01024,0.8,0.01024,2.90909,0.011264,11.6364,0.011264,39.3846,0.013312,170.667,0.012288,481.882,0.017408,574.877,0.058368,682.667,0.196608,694.421,0.77312,754.1,2.84774,733.911,11.7043,
0.0125,0.01024,0.0454545,0.011264,0.2,0.01024,0.727273,0.011264,2.90909,0.011264,11.6364,0.011264,46.5455,0.011264,170.667,0.012288,512,0.016384,564.966,0.059392,686.241,0.195584,694.421,0.77312,753.558,2.84979,733.783,11.7064,
0.0113636,0.011264,0.0454545,0.011264,0.2,0.01024,0.727273,0.011264,2.90909,0.011264,11.6364,0.011264,46.5455,0.011264,157.538,0.013312,481.882,0.017408,585.143,0.057344,686.241,0.195584,694.421,0.77312,753.017,2.85184,734.04,11.7023,
0.0113636,0.011264,0.0454545,0.011264,0.2,0.01024,0.727273,0.011264,2.90909,0.011264,11.6364,0.011264,30.1176,0.017408,157.538,0.013312,481.882,0.017408,574.877,0.058368,686.241,0.195584,694.421,0.77312,752.747,2.85286,733.976,11.7033,
0.0113636,0.011264,0.0454545,0.011264,0.166667,0.012288,0.727273,0.011264,2.90909,0.011264,11.6364,0.011264,46.5455,0.011264,170.667,0.012288,481.882,0.017408,564.966,0.059392,686.241,0.195584,694.421,0.77312,753.558,2.84979,734.168,11.7002,
0.0125,0.01024,0.0454545,0.011264,0.2,0.01024,0.727273,0.011264,2.90909,0.011264,11.6364,0.011264,46.5455,0.011264,170.667,0.012288,481.882,0.017408,574.877,0.058368,686.241,0.195584,695.342,0.772096,753.558,2.84979,734.04,11.7023,
0.0104167,0.012288,0.05,0.01024,0.2,0.01024,0.727273,0.011264,2.90909,0.011264,10.6667,0.012288,42.6667,0.012288,170.667,0.012288,481.882,0.017408,574.877,0.058368,686.241,0.195584,694.421,0.77312,754.1,2.84774,734.104,11.7012,
0.0113636,0.011264,0.0454545,0.011264,0.181818,0.011264,0.727273,0.011264,2.90909,0.011264,11.6364,0.011264,46.5455,0.011264,170.667,0.012288,481.882,0.017408,574.877,0.058368,686.241,0.195584,695.342,0.772096,753.829,2.84877,733.783,11.7064,
0.0113636,0.011264,0.05,0.01024,0.2,0.01024,0.727273,0.011264,2.90909,0.011264,10.6667,0.012288,42.6667,0.012288,157.538,0.013312,481.882,0.017408,574.877,0.058368,682.667,0.196608,695.342,0.772096,752.747,2.85286,733.976,11.7033,
0.0125,0.01024,0.0454545,0.011264,0.2,0.01024,0.727273,0.011264,2.13333,0.01536,11.6364,0.011264,42.6667,0.012288,170.667,0.012288,481.882,0.017408,574.877,0.058368,686.241,0.195584,695.342,0.772096,753.558,2.84979,733.911,11.7043,
0.0113636,0.011264,0.0454545,0.011264,0.2,0.01024,0.727273,0.011264,2.90909,0.011264,11.6364,0.011264,46.5455,0.011264,157.538,0.013312,481.882,0.017408,585.143,0.057344,682.667,0.196608,696.266,0.771072,752.747,2.85286,733.334,11.7135,
0.0104167,0.012288,0.0454545,0.011264,0.2,0.01024,0.727273,0.011264,2.90909,0.011264,11.6364,0.011264,46.5455,0.011264,170.667,0.012288,481.882,0.017408,585.143,0.057344,686.241,0.195584,695.342,0.772096,754.1,2.84774,733.911,11.7043,
0.0113636,0.011264,0.05,0.01024,0.181818,0.011264,0.8,0.01024,2.90909,0.011264,10.6667,0.012288,42.6667,0.012288,157.538,0.013312,481.882,0.017408,585.143,0.057344,686.241,0.195584,696.266,0.771072,753.829,2.84877,734.104,11.7012,
0.0125,0.01024,0.0454545,0.011264,0.2,0.01024,0.666667,0.012288,2.90909,0.011264,11.6364,0.011264,46.5455,0.011264,170.667,0.012288,481.882,0.017408,574.877,0.058368,682.667,0.196608,698.12,0.769024,753.287,2.85082,733.783,11.7064,
0.0125,0.01024,0.0454545,0.011264,0.2,0.01024,0.8,0.01024,2.90909,0.011264,11.6364,0.011264,42.6667,0.012288,157.538,0.013312,512,0.016384,585.143,0.057344,686.241,0.195584,699.984,0.766976,753.017,2.85184,733.911,11.7043,
0.0113636,0.011264,0.0454545,0.011264,0.2,0.01024,0.727273,0.011264,2.90909,0.011264,11.6364,0.011264,46.5455,0.011264,170.667,0.012288,481.882,0.017408,564.966,0.059392,668.735,0.200704,699.984,0.766976,753.287,2.85082,733.976,11.7033,
0.0104167,0.012288,0.0454545,0.011264,0.181818,0.011264,0.727273,0.011264,2.90909,0.011264,11.6364,0.011264,42.6667,0.012288,170.667,0.012288,512,0.016384,574.877,0.058368,679.13,0.197632,699.984,0.766976,753.287,2.85082,733.976,11.7033,
0.00833333,0.01536,0.0185185,0.027648,0.181818,0.011264,0.615385,0.013312,0.888889,0.036864,9.84615,0.013312,24.381,0.021504,136.533,0.01536,390.095,0.021504,528.516,0.063488,642.51,0.208896,696.266,0.771072,695.573,3.08736,714.228,12.0269,
0.0104167,0.012288,0.0384615,0.013312,0.181818,0.011264,0.666667,0.012288,1.10345,0.029696,9.84615,0.013312,39.3846,0.013312,102.4,0.02048,431.158,0.019456,546.133,0.06144,655.36,0.2048,699.984,0.766976,696.497,3.08326,714.471,12.0228,
0.00735294,0.017408,0.0416667,0.012288,0.166667,0.012288,0.666667,0.012288,2.46154,0.013312,10.6667,0.012288,42.6667,0.012288,146.286,0.014336,409.6,0.02048,537.18,0.062464,658.653,0.203776,699.984,0.766976,696.728,3.08224,714.471,12.0228,
0.0104167,0.012288,0.0416667,0.012288,0.166667,0.012288,0.666667,0.012288,1.3913,0.023552,10.6667,0.012288,42.6667,0.012288,146.286,0.014336,431.158,0.019456,537.18,0.062464,661.98,0.202752,699.051,0.768,696.728,3.08224,714.471,12.0228,
0.0113636,0.011264,0.0416667,0.012288,0.181818,0.011264,0.666667,0.012288,1.45455,0.022528,10.6667,0.012288,42.6667,0.012288,146.286,0.014336,431.158,0.019456,528.516,0.063488,658.653,0.203776,693.503,0.774144,697.423,3.07917,714.593,12.0207,
0.0113636,0.011264,0.0454545,0.011264,0.181818,0.011264,0.666667,0.012288,2.66667,0.012288,10.6667,0.012288,42.6667,0.012288,146.286,0.014336,431.158,0.019456,537.18,0.062464,661.98,0.202752,690.762,0.777216,695.804,3.08634,714.289,12.0259,
0.0113636,0.011264,0.0416667,0.012288,0.2,0.01024,0.666667,0.012288,2.66667,0.012288,9.84615,0.013312,42.6667,0.012288,157.538,0.013312,409.6,0.02048,537.18,0.062464,661.98,0.202752,696.266,0.771072,697.423,3.07917,714.289,12.0259,
0.0104167,0.012288,0.0454545,0.011264,0.181818,0.011264,0.666667,0.012288,2.66667,0.012288,9.84615,0.013312,42.6667,0.012288,146.286,0.014336,431.158,0.019456,546.133,0.06144,658.653,0.203776,698.12,0.769024,696.497,3.08326,714.532,12.0218,
0.0104167,0.012288,0.0384615,0.013312,0.181818,0.011264,0.666667,0.012288,2.66667,0.012288,10.6667,0.012288,42.6667,0.012288,157.538,0.013312,431.158,0.019456,537.18,0.062464,665.34,0.201728,699.051,0.768,696.96,3.08122,714.046,12.03,
0.0104167,0.012288,0.0416667,0.012288,0.181818,0.011264,0.666667,0.012288,2.66667,0.012288,10.6667,0.012288,42.6667,0.012288,146.286,0.014336,409.6,0.02048,537.18,0.062464,672.164,0.19968,699.984,0.766976,697.423,3.07917,713.256,12.0433,
0.0104167,0.012288,0.0416667,0.012288,0.181818,0.011264,0.727273,0.011264,2.66667,0.012288,10.6667,0.012288,39.3846,0.013312,146.286,0.014336,431.158,0.019456,546.133,0.06144,668.735,0.200704,698.12,0.769024,698.12,3.0761,713.317,12.0422,
0.0104167,0.012288,0.0454545,0.011264,0.166667,0.012288,0.727273,0.011264,2.66667,0.012288,9.84615,0.013312,42.6667,0.012288,146.286,0.014336,431.158,0.019456,537.18,0.062464,668.735,0.200704,698.12,0.769024,697.655,3.07814,714.106,12.0289,
0.0113636,0.011264,0.0454545,0.011264,0.181818,0.011264,0.666667,0.012288,2.66667,0.012288,10.6667,0.012288,42.6667,0.012288,157.538,0.013312,431.158,0.019456,546.133,0.06144,661.98,0.202752,694.421,0.77312,704.215,3.04947,730.97,11.7514,
0.0104167,0.012288,0.0454545,0.011264,0.166667,0.012288,0.727273,0.011264,2.66667,0.012288,10.6667,0.012288,42.6667,0.012288,157.538,0.013312,431.158,0.019456,546.133,0.06144,661.98,0.202752,694.421,0.77312,722.907,2.97062,733.719,11.7074,
0.0113636,0.011264,0.0357143,0.014336,0.181818,0.011264,0.727273,0.011264,2.66667,0.012288,9.84615,0.013312,39.3846,0.013312,157.538,0.013312,431.158,0.019456,537.18,0.062464,658.653,0.203776,698.12,0.769024,723.655,2.96755,733.591,11.7094,
0.0104167,0.012288,0.0454545,0.011264,0.166667,0.012288,0.727273,0.011264,2.46154,0.013312,9.84615,0.013312,42.6667,0.012288,146.286,0.014336,431.158,0.019456,537.18,0.062464,661.98,0.202752,695.342,0.772096,723.156,2.9696,733.526,11.7105,
0.0113636,0.011264,0.0416667,0.012288,0.181818,0.011264,0.666667,0.012288,2.66667,0.012288,10.6667,0.012288,39.3846,0.013312,157.538,0.013312,431.158,0.019456,537.18,0.062464,658.653,0.203776,699.051,0.768,721.911,2.97472,733.847,11.7053,
0.0104167,0.012288,0.0416667,0.012288,0.181818,0.011264,0.666667,0.012288,2.66667,0.012288,10.6667,0.012288,39.3846,0.013312,157.538,0.013312,431.158,0.019456,546.133,0.06144,658.653,0.203776,699.051,0.768,721.663,2.97574,733.783,11.7064,
0.0113636,0.011264,0.0416667,0.012288,0.181818,0.011264,0.666667,0.012288,2.66667,0.012288,10.6667,0.012288,39.3846,0.013312,157.538,0.013312,409.6,0.02048,546.133,0.06144,661.98,0.202752,699.984,0.766976,722.907,2.97062,733.783,11.7064,
0.0104167,0.012288,0.0454545,0.011264,0.166667,0.012288,0.727273,0.011264,2.90909,0.011264,11.6364,0.011264,39.3846,0.013312,157.538,0.013312,431.158,0.019456,546.133,0.06144,658.653,0.203776,700.92,0.765952,722.657,2.97165,733.783,11.7064,
0.0113636,0.011264,0.0454545,0.011264,0.181818,0.011264,0.666667,0.012288,1.52381,0.021504,9.84615,0.013312,39.3846,0.013312,146.286,0.014336,431.158,0.019456,537.18,0.062464,658.653,0.203776,697.191,0.770048,723.905,2.96653,733.142,11.7166,
0.0113636,0.011264,0.0454545,0.011264,0.181818,0.011264,0.727273,0.011264,2.46154,0.013312,9.84615,0.013312,42.6667,0.012288,146.286,0.014336,431.158,0.019456,546.133,0.06144,658.653,0.203776,696.266,0.771072,723.655,2.96755,733.142,11.7166,
0.0113636,0.011264,0.0416667,0.012288,0.2,0.01024,0.666667,0.012288,2.90909,0.011264,10.6667,0.012288,39.3846,0.013312,157.538,0.013312,431.158,0.019456,546.133,0.06144,661.98,0.202752,697.191,0.770048,723.905,2.96653,733.142,11.7166,
0.0104167,0.012288,0.0454545,0.011264,0.181818,0.011264,0.727273,0.011264,2.66667,0.012288,10.6667,0.012288,39.3846,0.013312,146.286,0.014336,431.158,0.019456,546.133,0.06144,658.653,0.203776,699.984,0.766976,722.657,2.97165,733.719,11.7074,
0.0113636,0.011264,0.0454545,0.011264,0.2,0.01024,0.666667,0.012288,2.66667,0.012288,10.6667,0.012288,39.3846,0.013312,157.538,0.013312,409.6,0.02048,537.18,0.062464,661.98,0.202752,699.984,0.766976,721.911,2.97472,734.168,11.7002,
0.0113636,0.011264,0.0454545,0.011264,0.181818,0.011264,0.727273,0.011264,2.66667,0.012288,9.84615,0.013312,42.6667,0.012288,157.538,0.013312,431.158,0.019456,537.18,0.062464,658.653,0.203776,699.051,0.768,722.16,2.9737,734.233,11.6992,
0.0113636,0.011264,0.0416667,0.012288,0.2,0.01024,0.666667,0.012288,2.66667,0.012288,11.6364,0.011264,42.6667,0.012288,157.538,0.013312,431.158,0.019456,537.18,0.062464,665.34,0.201728,699.984,0.766976,722.409,2.97267,734.297,11.6982,
0.0104167,0.012288,0.0454545,0.011264,0.181818,0.011264,0.727273,0.011264,2.66667,0.012288,10.6667,0.012288,42.6667,0.012288,146.286,0.014336,431.158,0.019456,546.133,0.06144,658.653,0.203776,699.984,0.766976,722.16,2.9737,734.361,11.6972,
0.0104167,0.012288,0.0454545,0.011264,0.166667,0.012288,0.666667,0.012288,2.66667,0.012288,10.6667,0.012288,42.6667,0.012288,146.286,0.014336,431.158,0.019456,537.18,0.062464,658.653,0.203776,698.12,0.769024,722.16,2.9737,734.168,11.7002,
0.0104167,0.012288,0.0454545,0.011264,0.166667,0.012288,0.727273,0.011264,2.90909,0.011264,9.84615,0.013312,39.3846,0.013312,146.286,0.014336,431.158,0.019456,537.18,0.062464,661.98,0.202752,694.421,0.77312,721.911,2.97472,734.297,11.6982,
0.0113636,0.011264,0.0454545,0.011264,0.166667,0.012288,0.666667,0.012288,2.66667,0.012288,10.6667,0.012288,39.3846,0.013312,146.286,0.014336,409.6,0.02048,546.133,0.06144,661.98,0.202752,696.266,0.771072,720.671,2.97984,734.297,11.6982,
0.0104167,0.012288,0.0454545,0.011264,0.166667,0.012288,0.727273,0.011264,2.66667,0.012288,9.84615,0.013312,42.6667,0.012288,157.538,0.013312,431.158,0.019456,546.133,0.06144,658.653,0.203776,699.984,0.766976,721.911,2.97472,734.04,11.7023,
0.0113636,0.011264,0.0454545,0.011264,0.181818,0.011264,0.727273,0.011264,1.88235,0.017408,10.6667,0.012288,42.6667,0.012288,157.538,0.013312,356.174,0.023552,537.18,0.062464,661.98,0.202752,699.984,0.766976,722.409,2.97267,734.04,11.7023,
0.0104167,0.012288,0.0454545,0.011264,0.181818,0.011264,0.727273,0.011264,2.66667,0.012288,10.6667,0.012288,42.6667,0.012288,146.286,0.014336,431.158,0.019456,546.133,0.06144,661.98,0.202752,699.051,0.768,722.16,2.9737,733.911,11.7043,
0.0113636,0.011264,0.0454545,0.011264,0.0952381,0.021504,0.727273,0.011264,2.66667,0.012288,10.6667,0.012288,42.6667,0.012288,146.286,0.014336,431.158,0.019456,546.133,0.06144,661.98,0.202752,699.984,0.766976,722.409,2.97267,733.976,11.7033,
0.0104167,0.012288,0.0416667,0.012288,0.166667,0.012288,0.666667,0.012288,2.66667,0.012288,10.6667,0.012288,42.6667,0.012288,146.286,0.014336,431.158,0.019456,546.133,0.06144,658.653,0.203776,699.051,0.768,721.911,2.97472,734.104,11.7012,
0.0113636,0.011264,0.0416667,0.012288,0.2,0.01024,0.666667,0.012288,2.66667,0.012288,10.6667,0.012288,42.6667,0.012288,146.286,0.014336,409.6,0.02048,537.18,0.062464,658.653,0.203776,699.984,0.766976,722.16,2.9737,733.847,11.7053,
0.0104167,0.012288,0.0416667,0.012288,0.181818,0.011264,0.666667,0.012288,2.66667,0.012288,9.84615,0.013312,39.3846,0.013312,146.286,0.014336,431.158,0.019456,546.133,0.06144,661.98,0.202752,696.266,0.771072,722.409,2.97267,733.911,11.7043,
0.0113636,0.011264,0.0454545,0.011264,0.181818,0.011264,0.727273,0.011264,2.66667,0.012288,9.84615,0.013312,42.6667,0.012288,146.286,0.014336,431.158,0.019456,546.133,0.06144,661.98,0.202752,695.342,0.772096,722.409,2.97267,733.976,11.7033,
0.0104167,0.012288,0.0454545,0.011264,0.166667,0.012288,0.666667,0.012288,2.90909,0.011264,10.6667,0.012288,39.3846,0.013312,157.538,0.013312,431.158,0.019456,546.133,0.06144,655.36,0.2048,698.12,0.769024,722.409,2.97267,733.719,11.7074,
0.0104167,0.012288,0.0238095,0.021504,0.166667,0.012288,0.666667,0.012288,2.66667,0.012288,11.6364,0.011264,39.3846,0.013312,157.538,0.013312,431.158,0.019456,546.133,0.06144,661.98,0.202752,698.12,0.769024,721.911,2.97472,734.104,11.7012,
0.0104167,0.012288,0.0416667,0.012288,0.181818,0.011264,0.666667,0.012288,2.66667,0.012288,10.6667,0.012288,39.3846,0.013312,146.286,0.014336,409.6,0.02048,546.133,0.06144,661.98,0.202752,699.984,0.766976,721.663,2.97574,733.911,11.7043,
0.0113636,0.011264,0.0416667,0.012288,0.166667,0.012288,0.666667,0.012288,2.66667,0.012288,9.84615,0.013312,42.6667,0.012288,157.538,0.013312,431.158,0.019456,546.133,0.06144,655.36,0.2048,699.984,0.766976,720.423,2.98086,733.911,11.7043,
0.0104167,0.012288,0.0454545,0.011264,0.181818,0.011264,0.666667,0.012288,2.66667,0.012288,10.6667,0.012288,42.6667,0.012288,107.789,0.019456,409.6,0.02048,546.133,0.06144,658.653,0.203776,699.984,0.766976,720.423,2.98086,733.976,11.7033,
0.0113636,0.011264,0.0416667,0.012288,0.181818,0.011264,0.666667,0.012288,2.66667,0.012288,10.6667,0.012288,42.6667,0.012288,157.538,0.013312,431.158,0.019456,555.39,0.060416,658.653,0.203776,699.984,0.766976,720.671,2.97984,733.462,11.7115,
0.0104167,0.012288,0.0416667,0.012288,0.181818,0.011264,0.727273,0.011264,2.66667,0.012288,10.6667,0.012288,42.6667,0.012288,157.538,0.013312,431.158,0.019456,546.133,0.06144,658.653,0.203776,699.984,0.766976,720.423,2.98086,733.911,11.7043,
0.0113636,0.011264,0.0454545,0.011264,0.181818,0.011264,0.666667,0.012288,2.90909,0.011264,11.6364,0.011264,39.3846,0.013312,146.286,0.014336,431.158,0.019456,555.39,0.060416,661.98,0.202752,696.266,0.771072,721.166,2.97779,733.976,11.7033,
0.0113636,0.011264,0.0454545,0.011264,0.181818,0.011264,0.666667,0.012288,2.66667,0.012288,10.6667,0.012288,42.6667,0.012288,157.538,0.013312,431.158,0.019456,555.39,0.060416,658.653,0.203776,694.421,0.77312,721.414,2.97677,733.976,11.7033,
0.0113636,0.011264,0.0454545,0.011264,0.181818,0.011264,0.666667,0.012288,2.66667,0.012288,10.6667,0.012288,42.6667,0.012288,146.286,0.014336,431.158,0.019456,555.39,0.060416,661.98,0.202752,697.191,0.770048,720.919,2.97882,733.911,11.7043,
0.0104167,0.012288,0.0454545,0.011264,0.181818,0.011264,0.727273,0.011264,2.66667,0.012288,10.6667,0.012288,42.6667,0.012288,146.286,0.014336,431.158,0.019456,555.39,0.060416,661.98,0.202752,699.051,0.768,720.919,2.97882,734.04,11.7023,
0.0113636,0.011264,0.0416667,0.012288,0.2,0.01024,0.727273,0.011264,2.46154,0.013312,10.6667,0.012288,42.6667,0.012288,146.286,0.014336,431.158,0.019456,555.39,0.060416,658.653,0.203776,697.191,0.770048,720.919,2.97882,733.847,11.7053,
0.0104167,0.012288,0.0416667,0.012288,0.181818,0.011264,0.727273,0.011264,2.66667,0.012288,9.84615,0.013312,42.6667,0.012288,146.286,0.014336,431.158,0.019456,555.39,0.060416,658.653,0.203776,699.984,0.766976,721.414,2.97677,733.719,11.7074,
0.0113636,0.011264,0.0416667,0.012288,0.2,0.01024,0.666667,0.012288,2.66667,0.012288,7.11111,0.018432,39.3846,0.013312,157.538,0.013312,431.158,0.019456,555.39,0.060416,661.98,0.202752,699.984,0.766976,721.166,2.97779,734.04,11.7023,
0.0113636,0.011264,0.0416667,0.012288,0.2,0.01024,0.727273,0.011264,2.66667,0.012288,10.6667,0.012288,42.6667,0.012288,146.286,0.014336,409.6,0.02048,546.133,0.06144,661.98,0.202752,699.984,0.766976,720.671,2.97984,733.847,11.7053,
0.0113636,0.011264,0.0416667,0.012288,0.181818,0.011264,0.727273,0.011264,2.66667,0.012288,10.6667,0.012288,42.6667,0.012288,157.538,0.013312,431.158,0.019456,555.39,0.060416,661.98,0.202752,697.191,0.770048,719.682,2.98394,733.911,11.7043,
0.00568182,0.022528,0.0454545,0.011264,0.181818,0.011264,0.727273,0.011264,2.90909,0.011264,10.6667,0.012288,39.3846,0.013312,146.286,0.014336,455.111,0.018432,546.133,0.06144,665.34,0.201728,695.342,0.772096,721.414,2.97677,733.976,11.7033,
0.0104167,0.012288,0.025,0.02048,0.181818,0.011264,0.727273,0.011264,2.66667,0.012288,10.6667,0.012288,42.6667,0.012288,146.286,0.014336,431.158,0.019456,555.39,0.060416,642.51,0.208896,695.342,0.772096,721.911,2.97472,733.783,11.7064,
0.00735294,0.017408,0.0384615,0.013312,0.166667,0.012288,0.666667,0.012288,2.90909,0.011264,10.6667,0.012288,42.6667,0.012288,146.286,0.014336,431.158,0.019456,555.39,0.060416,658.653,0.203776,699.051,0.768,723.905,2.96653,733.911,11.7043,
0.0104167,0.012288,0.0416667,0.012288,0.181818,0.011264,0.666667,0.012288,2.66667,0.012288,10.6667,0.012288,39.3846,0.013312,146.286,0.014336,431.158,0.019456,546.133,0.06144,661.98,0.202752,699.051,0.768,722.907,2.97062,733.976,11.7033,
0.0104167,0.012288,0.0454545,0.011264,0.181818,0.011264,0.727273,0.011264,2.66667,0.012288,9.84615,0.013312,42.6667,0.012288,146.286,0.014336,431.158,0.019456,555.39,0.060416,658.653,0.203776,699.984,0.766976,722.657,2.97165,733.847,11.7053,
0.0113636,0.011264,0.0416667,0.012288,0.181818,0.011264,0.666667,0.012288,2.66667,0.012288,10.6667,0.012288,42.6667,0.012288,146.286,0.014336,409.6,0.02048,546.133,0.06144,661.98,0.202752,699.984,0.766976,722.657,2.97165,733.976,11.7033,
0.0104167,0.012288,0.0454545,0.011264,0.166667,0.012288,0.666667,0.012288,2.90909,0.011264,10.6667,0.012288,42.6667,0.012288,146.286,0.014336,431.158,0.019456,546.133,0.06144,661.98,0.202752,699.051,0.768,722.907,2.97062,733.976,11.7033,
0.0113636,0.011264,0.0416667,0.012288,0.181818,0.011264,0.727273,0.011264,2.66667,0.012288,10.6667,0.012288,39.3846,0.013312,146.286,0.014336,431.158,0.019456,546.133,0.06144,665.34,0.201728,699.051,0.768,723.905,2.96653,734.04,11.7023,
0.00961538,0.013312,0.0416667,0.012288,0.181818,0.011264,0.727273,0.011264,2.66667,0.012288,9.84615,0.013312,39.3846,0.013312,146.286,0.014336,431.158,0.019456,546.133,0.06144,661.98,0.202752,699.051,0.768,723.655,2.96755,733.783,11.7064,
0.0113636,0.011264,0.0416667,0.012288,0.181818,0.011264,0.727273,0.011264,2.66667,0.012288,9.84615,0.013312,39.3846,0.013312,146.286,0.014336,431.158,0.019456,537.18,0.062464,658.653,0.203776,696.266,0.771072,722.657,2.97165,733.976,11.7033,
0.0113636,0.011264,0.0454545,0.011264,0.181818,0.011264,0.727273,0.011264,2.66667,0.012288,10.6667,0.012288,42.6667,0.012288,146.286,0.014336,455.111,0.018432,537.18,0.062464,658.653,0.203776,698.12,0.769024,723.156,2.9696,733.783,11.7064,
0.0113636,0.011264,0.0416667,0.012288,0.2,0.01024,0.666667,0.012288,2.90909,0.011264,10.6667,0.012288,39.3846,0.013312,157.538,0.013312,431.158,0.019456,546.133,0.06144,661.98,0.202752,698.12,0.769024,722.907,2.97062,733.911,11.7043,
0.0104167,0.012288,0.0416667,0.012288,0.181818,0.011264,0.727273,0.011264,2.90909,0.011264,10.6667,0.012288,39.3846,0.013312,157.538,0.013312,431.158,0.019456,546.133,0.06144,658.653,0.203776,696.266,0.771072,723.405,2.96858,733.911,11.7043,
0.0113636,0.011264,0.0454545,0.011264,0.181818,0.011264,0.666667,0.012288,2.66667,0.012288,10.6667,0.012288,39.3846,0.013312,157.538,0.013312,431.158,0.019456,546.133,0.06144,661.98,0.202752,700.92,0.765952,723.405,2.96858,733.911,11.7043,
0.0104167,0.012288,0.0454545,0.011264,0.181818,0.011264,0.666667,0.012288,2.66667,0.012288,10.6667,0.012288,42.6667,0.012288,146.286,0.014336,431.158,0.019456,546.133,0.06144,661.98,0.202752,699.051,0.768,723.156,2.9696,733.462,11.7115,
0.0113636,0.011264,0.0416667,0.012288,0.181818,0.011264,0.666667,0.012288,2.66667,0.012288,10.6667,0.012288,39.3846,0.013312,157.538,0.013312,431.158,0.019456,546.133,0.06144,668.735,0.200704,699.984,0.766976,723.156,2.9696,733.976,11.7033,
0.0104167,0.012288,0.0416667,0.012288,0.181818,0.011264,0.571429,0.014336,2.66667,0.012288,10.6667,0.012288,39.3846,0.013312,157.538,0.013312,431.158,0.019456,555.39,0.060416,672.164,0.19968,699.051,0.768,722.657,2.97165,733.976,11.7033,
0.00595238,0.021504,0.0416667,0.012288,0.181818,0.011264,0.666667,0.012288,2.46154,0.013312,10.6667,0.012288,39.3846,0.013312,157.538,0.013312,431.158,0.019456,546.133,0.06144,672.164,0.19968,695.342,0.772096,723.405,2.96858,733.847,11.7053,
0.0113636,0.011264,0.0454545,0.011264,0.181818,0.011264,0.727273,0.011264,2.66667,0.012288,10.6667,0.012288,39.3846,0.013312,146.286,0.014336,431.158,0.019456,546.133,0.06144,665.34,0.201728,695.342,0.772096,723.405,2.96858,733.783,11.7064,
0.0113636,0.011264,0.0416667,0.012288,0.2,0.01024,0.666667,0.012288,2.66667,0.012288,10.6667,0.012288,39.3846,0.013312,157.538,0.013312,409.6,0.02048,537.18,0.062464,668.735,0.200704,697.191,0.770048,723.655,2.96755,734.104,11.7012,
0.0104167,0.012288,0.0454545,0.011264,0.181818,0.011264,0.666667,0.012288,2.66667,0.012288,10.6667,0.012288,42.6667,0.012288,157.538,0.013312,431.158,0.019456,546.133,0.06144,665.34,0.201728,699.051,0.768,722.907,2.97062,733.976,11.7033,
0.0113636,0.011264,0.0416667,0.012288,0.181818,0.011264,0.666667,0.012288,2.66667,0.012288,10.6667,0.012288,42.6667,0.012288,146.286,0.014336,431.158,0.019456,537.18,0.062464,668.735,0.200704,699.051,0.768,723.405,2.96858,733.911,11.7043,
0.0104167,0.012288,0.0416667,0.012288,0.181818,0.011264,0.666667,0.012288,2.66667,0.012288,9.84615,0.013312,42.6667,0.012288,146.286,0.014336,455.111,0.018432,537.18,0.062464,668.735,0.200704,699.984,0.766976,722.907,2.97062,734.04,11.7023,
0.0113636,0.011264,0.0416667,0.012288,0.181818,0.011264,0.666667,0.012288,2.46154,0.013312,10.6667,0.012288,39.3846,0.013312,146.286,0.014336,431.158,0.019456,546.133,0.06144,668.735,0.200704,699.051,0.768,722.907,2.97062,734.04,11.7023,
0.0104167,0.012288,0.0416667,0.012288,0.181818,0.011264,0.571429,0.014336,2.66667,0.012288,10.6667,0.012288,42.6667,0.012288,146.286,0.014336,431.158,0.019456,546.133,0.06144,668.735,0.200704,699.984,0.766976,723.156,2.9696,734.04,11.7023,
0.0104167,0.012288,0.0454545,0.011264,0.181818,0.011264,0.666667,0.012288,2.66667,0.012288,10.6667,0.012288,42.6667,0.012288,146.286,0.014336,409.6,0.02048,537.18,0.062464,672.164,0.19968,696.266,0.771072,744.727,2.88358,733.911,11.7043,
0.0104167,0.012288,0.0454545,0.011264,0.125,0.016384,0.666667,0.012288,2.90909,0.011264,10.6667,0.012288,42.6667,0.012288,157.538,0.013312,431.158,0.019456,546.133,0.06144,668.735,0.200704,696.266,0.771072,753.558,2.84979,733.976,11.7033,
0.0113636,0.011264,0.0416667,0.012288,0.181818,0.011264,0.666667,0.012288,2.66667,0.012288,10.6667,0.012288,39.3846,0.013312,157.538,0.013312,409.6,0.02048,537.18,0.062464,672.164,0.19968,699.051,0.768,753.017,2.85184,733.783,11.7064,
0.0104167,0.012288,0.0454545,0.011264,0.181818,0.011264,0.666667,0.012288,2.66667,0.012288,10.6667,0.012288,39.3846,0.013312,157.538,0.013312,431.158,0.019456,546.133,0.06144,668.735,0.200704,700.92,0.765952,753.287,2.85082,733.976,11.7033,
0.0113636,0.011264,0.0416667,0.012288,0.2,0.01024,0.666667,0.012288,2.66667,0.012288,10.6667,0.012288,39.3846,0.013312,146.286,0.014336,409.6,0.02048,537.18,0.062464,665.34,0.201728,697.191,0.770048,754.1,2.84774,733.847,11.7053,
0.0104167,0.012288,0.0454545,0.011264,0.166667,0.012288,0.533333,0.01536,2.66667,0.012288,9.84615,0.013312,42.6667,0.012288,157.538,0.013312,431.158,0.019456,546.133,0.06144,668.735,0.200704,700.92,0.765952,753.558,2.84979,734.04,11.7023,
0.0113636,0.011264,0.0454545,0.011264,0.181818,0.011264,0.666667,0.012288,2.66667,0.012288,10.6667,0.012288,39.3846,0.013312,146.286,0.014336,431.158,0.019456,537.18,0.062464,668.735,0.200704,700.92,0.765952,753.287,2.85082,733.847,11.7053,
0.0104167,0.012288,0.05,0.01024,0.181818,0.011264,0.727273,0.011264,2.66667,0.012288,10.6667,0.012288,42.6667,0.012288,146.286,0.014336,431.158,0.019456,555.39,0.060416,668.735,0.200704,699.984,0.766976,752.747,2.85286,734.104,11.7012,
0.0113636,0.011264,0.0416667,0.012288,0.181818,0.011264,0.666667,0.012288,2.90909,0.011264,10.6667,0.012288,39.3846,0.013312,157.538,0.013312,409.6,0.02048,537.18,0.062464,661.98,0.202752,697.191,0.770048,751.667,2.85696,733.911,11.7043,
0.0104167,0.012288,0.0416667,0.012288,0.166667,0.012288,0.666667,0.012288,2.66667,0.012288,10.6667,0.012288,39.3846,0.013312,157.538,0.013312,409.6,0.02048,537.18,0.062464,642.51,0.208896,696.266,0.771072,753.558,2.84979,733.847,11.7053,
0.0113636,0.011264,0.0416667,0.012288,0.2,0.01024,0.666667,0.012288,2.66667,0.012288,10.6667,0.012288,42.6667,0.012288,157.538,0.013312,455.111,0.018432,537.18,0.062464,658.653,0.203776,699.051,0.768,753.287,2.85082,733.976,11.7033,
0.0078125,0.016384,0.0416667,0.012288,0.181818,0.011264,0.727273,0.011264,2.66667,0.012288,10.6667,0.012288,39.3846,0.013312,136.533,0.01536,431.158,0.019456,546.133,0.06144,658.653,0.203776,699.984,0.766976,753.017,2.85184,733.847,11.7053,
0.0113636,0.011264,0.0416667,0.012288,0.181818,0.011264,0.727273,0.011264,2.66667,0.012288,10.6667,0.012288,42.6667,0.012288,146.286,0.014336,455.111,0.018432,546.133,0.06144,661.98,0.202752,699.984,0.766976,753.287,2.85082,733.976,11.7033,
0.00390625,0.032768,0.0454545,0.011264,0.181818,0.011264,0.727273,0.011264,2.66667,0.012288,10.6667,0.012288,42.6667,0.012288,146.286,0.014336,431.158,0.019456,537.18,0.062464,661.98,0.202752,699.051,0.768,753.017,2.85184,733.014,11.7187,
0.00961538,0.013312,0.0416667,0.012288,0.181818,0.011264,0.727273,0.011264,2.90909,0.011264,10.6667,0.012288,42.6667,0.012288,146.286,0.014336,409.6,0.02048,546.133,0.06144,661.98,0.202752,699.984,0.766976,753.558,2.84979,733.976,11.7033,
0.0104167,0.012288,0.0416667,0.012288,0.181818,0.011264,0.727273,0.011264,2.66667,0.012288,10.6667,0.012288,42.6667,0.012288,146.286,0.014336,409.6,0.02048,546.133,0.06144,658.653,0.203776,699.984,0.766976,754.1,2.84774,733.847,11.7053,
0.0104167,0.012288,0.0151515,0.033792,0.2,0.01024,0.666667,0.012288,2.66667,0.012288,9.84615,0.013312,42.6667,0.012288,157.538,0.013312,409.6,0.02048,546.133,0.06144,661.98,0.202752,699.984,0.766976,753.829,2.84877,734.104,11.7012,
0.0104167,0.012288,0.0416667,0.012288,0.181818,0.011264,0.727273,0.011264,2.66667,0.012288,9.84615,0.013312,42.6667,0.012288,157.538,0.013312,409.6,0.02048,537.18,0.062464,661.98,0.202752,695.342,0.772096,753.017,2.85184,734.104,11.7012,
0.0104167,0.012288,0.0416667,0.012288,0.181818,0.011264,0.727273,0.011264,2.66667,0.012288,10.6667,0.012288,42.6667,0.012288,157.538,0.013312,409.6,0.02048,528.516,0.063488,658.653,0.203776,696.266,0.771072,753.017,2.85184,733.976,11.7033,
0.0104167,0.012288,0.0384615,0.013312,0.181818,0.011264,0.727273,0.011264,2.66667,0.012288,10.6667,0.012288,42.6667,0.012288,146.286,0.014336,431.158,0.019456,555.39,0.060416,658.653,0.203776,699.051,0.768,753.287,2.85082,733.847,11.7053,
0.00735294,0.017408,0.0416667,0.012288,0.166667,0.012288,0.666667,0.012288,2.66667,0.012288,9.84615,0.013312,39.3846,0.013312,136.533,0.01536,409.6,0.02048,546.133,0.06144,655.36,0.2048,695.342,0.772096,695.804,3.08634,702.917,12.2204,
0.00961538,0.013312,0.0454545,0.011264,0.181818,0.011264,0.8,0.01024,2.66667,0.012288,10.6667,0.012288,39.3846,0.013312,146.286,0.014336,455.111,0.018432,555.39,0.060416,675.629,0.198656,699.984,0.766976,697.655,3.07814,702.446,12.2286,
0.0113636,0.011264,0.0416667,0.012288,0.2,0.01024,0.5,0.016384,2.90909,0.011264,10.6667,0.012288,42.6667,0.012288,146.286,0.014336,455.111,0.018432,555.39,0.060416,675.629,0.198656,699.051,0.768,697.423,3.07917,702.093,12.2348,
0.0104167,0.012288,0.0454545,0.011264,0.181818,0.011264,0.727273,0.011264,2.90909,0.011264,11.6364,0.011264,42.6667,0.012288,146.286,0.014336,431.158,0.019456,555.39,0.060416,675.629,0.198656,699.051,0.768,697.888,3.07712,702.563,12.2266,
0.0113636,0.011264,0.0416667,0.012288,0.181818,0.011264,0.615385,0.013312,2.90909,0.011264,10.6667,0.012288,46.5455,0.011264,157.538,0.013312,455.111,0.018432,546.133,0.06144,675.629,0.198656,699.984,0.766976,697.888,3.07712,702.387,12.2296,
0.0104167,0.012288,0.0454545,0.011264,0.181818,0.011264,0.666667,0.012288,2.66667,0.012288,10.6667,0.012288,42.6667,0.012288,157.538,0.013312,455.111,0.018432,564.966,0.059392,679.13,0.197632,699.984,0.766976,696.728,3.08224,702.622,12.2255,
0.0104167,0.012288,0.0416667,0.012288,0.2,0.01024,0.727273,0.011264,2.66667,0.012288,10.6667,0.012288,39.3846,0.013312,157.538,0.013312,431.158,0.019456,555.39,0.060416,679.13,0.197632,699.984,0.766976,698.818,3.07302,702.387,12.2296,
0.0113636,0.011264,0.0454545,0.011264,0.181818,0.011264,0.727273,0.011264,2.90909,0.011264,11.6364,0.011264,42.6667,0.012288,146.286,0.014336,431.158,0.019456,555.39,0.060416,675.629,0.198656,700.92,0.765952,697.655,3.07814,702.563,12.2266,
0.0113636,0.011264,0.0454545,0.011264,0.2,0.01024,0.615385,0.013312,2.66667,0.012288,10.6667,0.012288,42.6667,0.012288,157.538,0.013312,455.111,0.018432,546.133,0.06144,679.13,0.197632,699.984,0.766976,697.423,3.07917,702.505,12.2276,
0.0113636,0.011264,0.0416667,0.012288,0.2,0.01024,0.727273,0.011264,2.90909,0.011264,10.6667,0.012288,46.5455,0.011264,157.538,0.013312,455.111,0.018432,555.39,0.060416,679.13,0.197632,699.051,0.768,698.12,3.0761,703.152,12.2163,
0.0104167,0.012288,0.0416667,0.012288,0.181818,0.011264,0.666667,0.012288,2.90909,0.011264,11.6364,0.011264,46.5455,0.011264,170.667,0.012288,431.158,0.019456,555.39,0.060416,679.13,0.197632,697.191,0.770048,697.655,3.07814,703.506,12.2102,
0.0113636,0.011264,0.0454545,0.011264,0.2,0.01024,0.666667,0.012288,2.90909,0.011264,10.6667,0.012288,42.6667,0.012288,146.286,0.014336,455.111,0.018432,555.39,0.060416,672.164,0.19968,696.266,0.771072,697.655,3.07814,703.388,12.2122,
0.0125,0.01024,0.0416667,0.012288,0.181818,0.011264,0.727273,0.011264,2.13333,0.01536,11.6364,0.011264,39.3846,0.013312,157.538,0.013312,455.111,0.018432,564.966,0.059392,682.667,0.196608,698.12,0.769024,698.12,3.0761,703.093,12.2173,
0.0113636,0.011264,0.05,0.01024,0.2,0.01024,0.727273,0.011264,2.90909,0.011264,11.6364,0.011264,42.6667,0.012288,146.286,0.014336,455.111,0.018432,546.133,0.06144,679.13,0.197632,699.051,0.768,697.655,3.07814,713.56,12.0381,
0.0104167,0.012288,0.0454545,0.011264,0.2,0.01024,0.727273,0.011264,2.66667,0.012288,9.84615,0.013312,42.6667,0.012288,157.538,0.013312,455.111,0.018432,555.39,0.060416,679.13,0.197632,697.191,0.770048,697.888,3.07712,733.911,11.7043,
0.0104167,0.012288,0.0454545,0.011264,0.2,0.01024,0.727273,0.011264,2.90909,0.011264,10.6667,0.012288,39.3846,0.013312,146.286,0.014336,455.111,0.018432,564.966,0.059392,679.13,0.197632,694.421,0.77312,697.655,3.07814,733.911,11.7043,
0.0104167,0.012288,0.0454545,0.011264,0.2,0.01024,0.727273,0.011264,2.90909,0.011264,10.6667,0.012288,39.3846,0.013312,157.538,0.013312,455.111,0.018432,555.39,0.060416,679.13,0.197632,699.051,0.768,698.585,3.07405,733.847,11.7053,
0.0113636,0.011264,0.0416667,0.012288,0.181818,0.011264,0.727273,0.011264,2.90909,0.011264,10.6667,0.012288,39.3846,0.013312,157.538,0.013312,455.111,0.018432,555.39,0.060416,675.629,0.198656,699.984,0.766976,698.352,3.07507,733.976,11.7033,
0.0125,0.01024,0.0454545,0.011264,0.2,0.01024,0.666667,0.012288,2.90909,0.011264,11.6364,0.011264,42.6667,0.012288,157.538,0.013312,455.111,0.018432,555.39,0.060416,682.667,0.196608,695.342,0.772096,697.655,3.07814,733.911,11.7043,
0.0104167,0.012288,0.0416667,0.012288,0.181818,0.011264,0.727273,0.011264,2.66667,0.012288,10.6667,0.012288,46.5455,0.011264,157.538,0.013312,455.111,0.018432,546.133,0.06144,675.629,0.198656,694.421,0.77312,696.96,3.08122,733.976,11.7033,
0.0104167,0.012288,0.0416667,0.012288,0.2,0.01024,0.666667,0.012288,2.66667,0.012288,10.6667,0.012288,46.5455,0.011264,157.538,0.013312,455.111,0.018432,546.133,0.06144,682.667,0.196608,699.051,0.768,697.655,3.07814,733.655,11.7084,
0.0113636,0.011264,0.05,0.01024,0.2,0.01024,0.727273,0.011264,2.66667,0.012288,10.6667,0.012288,46.5455,0.011264,170.667,0.012288,455.111,0.018432,546.133,0.06144,675.629,0.198656,699.984,0.766976,697.423,3.07917,733.976,11.7033,
0.0113636,0.011264,0.0454545,0.011264,0.2,0.01024,0.666667,0.012288,2.90909,0.011264,10.6667,0.012288,42.6667,0.012288,157.538,0.013312,455.111,0.018432,504.123,0.06656,679.13,0.197632,699.984,0.766976,697.888,3.07712,733.847,11.7053,
0.0104167,0.012288,0.0454545,0.011264,0.181818,0.011264,0.727273,0.011264,2.90909,0.011264,10.6667,0.012288,34.1333,0.01536,157.538,0.013312,455.111,0.018432,555.39,0.060416,679.13,0.197632,700.92,0.765952,697.888,3.07712,733.911,11.7043,
0.0113636,0.011264,0.0454545,0.011264,0.2,0.01024,0.727273,0.011264,2.90909,0.011264,11.6364,0.011264,42.6667,0.012288,157.538,0.013312,455.111,0.018432,546.133,0.06144,679.13,0.197632,699.051,0.768,697.888,3.07712,733.976,11.7033,
0.0113636,0.011264,0.0454545,0.011264,0.181818,0.011264,0.666667,0.012288,2.66667,0.012288,10.6667,0.012288,42.6667,0.012288,146.286,0.014336,431.158,0.019456,555.39,0.060416,682.667,0.196608,686.241,0.782336,703.742,3.05152,733.847,11.7053,
0.0104167,0.012288,0.0454545,0.011264,0.2,0.01024,0.615385,0.013312,2.66667,0.012288,10.6667,0.012288,39.3846,0.013312,157.538,0.013312,341.333,0.024576,546.133,0.06144,675.629,0.198656,694.421,0.77312,753.558,2.84979,733.847,11.7053,
0.00961538,0.013312,0.0454545,0.011264,0.181818,0.011264,0.727273,0.011264,2.90909,0.011264,9.84615,0.013312,39.3846,0.013312,146.286,0.014336,455.111,0.018432,555.39,0.060416,679.13,0.197632,699.984,0.766976,754.371,2.84672,734.104,11.7012,
0.0104167,0.012288,0.0416667,0.012288,0.2,0.01024,0.727273,0.011264,2.66667,0.012288,10.6667,0.012288,42.6667,0.012288,157.538,0.013312,455.111,0.018432,555.39,0.060416,686.241,0.195584,700.92,0.765952,753.287,2.85082,734.04,11.7023,
0.0113636,0.011264,0.0454545,0.011264,0.2,0.01024,0.727273,0.011264,2.90909,0.011264,10.6667,0.012288,42.6667,0.012288,146.286,0.014336,455.111,0.018432,546.133,0.06144,686.241,0.195584,699.984,0.766976,751.129,2.85901,733.847,11.7053,
0.0113636,0.011264,0.0416667,0.012288,0.2,0.01024,0.666667,0.012288,2.90909,0.011264,10.6667,0.012288,42.6667,0.012288,146.286,0.014336,455.111,0.018432,555.39,0.060416,689.853,0.19456,698.12,0.769024,752.207,2.85491,733.911,11.7043,
0.0104167,0.012288,0.0416667,0.012288,0.181818,0.011264,0.666667,0.012288,2.90909,0.011264,11.6364,0.011264,42.6667,0.012288,146.286,0.014336,431.158,0.019456,564.966,0.059392,689.853,0.19456,698.12,0.769024,753.017,2.85184,733.911,11.7043,
0.0104167,0.012288,0.0454545,0.011264,0.2,0.01024,0.666667,0.012288,2.66667,0.012288,10.6667,0.012288,42.6667,0.012288,157.538,0.013312,455.111,0.018432,546.133,0.06144,693.503,0.193536,698.12,0.769024,753.558,2.84979,733.911,11.7043,
0.0104167,0.012288,0.05,0.01024,0.2,0.01024,0.727273,0.011264,2.66667,0.012288,10.6667,0.012288,42.6667,0.012288,157.538,0.013312,431.158,0.019456,555.39,0.060416,689.853,0.19456,699.051,0.768,753.558,2.84979,733.783,11.7064,
0.0113636,0.011264,0.0454545,0.011264,0.166667,0.012288,0.615385,0.013312,2.66667,0.012288,10.6667,0.012288,39.3846,0.013312,157.538,0.013312,431.158,0.019456,555.39,0.060416,689.853,0.19456,699.984,0.766976,753.287,2.85082,733.911,11.7043,
0.0113636,0.011264,0.0416667,0.012288,0.181818,0.011264,0.666667,0.012288,2.90909,0.011264,10.6667,0.012288,39.3846,0.013312,102.4,0.02048,431.158,0.019456,546.133,0.06144,689.853,0.19456,699.984,0.766976,753.287,2.85082,733.911,11.7043,
0.0104167,0.012288,0.0454545,0.011264,0.2,0.01024,0.666667,0.012288,2.90909,0.011264,10.6667,0.012288,42.6667,0.012288,157.538,0.013312,455.111,0.018432,555.39,0.060416,686.241,0.195584,699.051,0.768,753.287,2.85082,733.719,11.7074,
0.0113636,0.011264,0.0416667,0.012288,0.2,0.01024,0.727273,0.011264,2.66667,0.012288,10.6667,0.012288,42.6667,0.012288,146.286,0.014336,431.158,0.019456,546.133,0.06144,686.241,0.195584,699.051,0.768,753.558,2.84979,733.847,11.7053,
0.0113636,0.011264,0.0454545,0.011264,0.2,0.01024,0.727273,0.011264,2.66667,0.012288,11.6364,0.011264,42.6667,0.012288,157.538,0.013312,431.158,0.019456,546.133,0.06144,679.13,0.197632,696.266,0.771072,754.1,2.84774,733.783,11.7064,
0.0104167,0.012288,0.0454545,0.011264,0.181818,0.011264,0.666667,0.012288,2.90909,0.011264,11.6364,0.011264,39.3846,0.013312,146.286,0.014336,455.111,0.018432,546.133,0.06144,675.629,0.198656,696.266,0.771072,753.287,2.85082,733.911,11.7043,
0.0113636,0.011264,0.0416667,0.012288,0.2,0.01024,0.727273,0.011264,2.90909,0.011264,11.6364,0.011264,42.6667,0.012288,157.538,0.013312,455.111,0.018432,546.133,0.06144,672.164,0.19968,699.984,0.766976,752.747,2.85286,733.847,11.7053,
0.0104167,0.012288,0.0454545,0.011264,0.2,0.01024,0.727273,0.011264,2.66667,0.012288,10.6667,0.012288,39.3846,0.013312,157.538,0.013312,431.158,0.019456,546.133,0.06144,675.629,0.198656,699.051,0.768,753.017,2.85184,733.847,11.7053,
0.0113636,0.011264,0.0454545,0.011264,0.2,0.01024,0.727273,0.011264,2.90909,0.011264,11.6364,0.011264,46.5455,0.011264,146.286,0.014336,431.158,0.019456,546.133,0.06144,679.13,0.197632,699.984,0.766976,753.017,2.85184,734.168,11.7002,
0.0113636,0.011264,0.0454545,0.011264,0.2,0.01024,0.727273,0.011264,2.66667,0.012288,10.6667,0.012288,42.6667,0.012288,157.538,0.013312,455.111,0.018432,537.18,0.062464,679.13,0.197632,699.984,0.766976,752.747,2.85286,733.847,11.7053,
0.0113636,0.011264,0.0454545,0.011264,0.2,0.01024,0.666667,0.012288,2.66667,0.012288,10.6667,0.012288,39.3846,0.013312,157.538,0.013312,431.158,0.019456,537.18,0.062464,679.13,0.197632,700.92,0.765952,754.371,2.84672,733.398,11.7125,
0.0104167,0.012288,0.0416667,0.012288,0.181818,0.011264,0.727273,0.011264,2.66667,0.012288,10.6667,0.012288,39.3846,0.013312,157.538,0.013312,431.158,0.019456,546.133,0.06144,679.13,0.197632,699.984,0.766976,753.558,2.84979,734.104,11.7012,
0.0104167,0.012288,0.0454545,0.011264,0.2,0.01024,0.727273,0.011264,2.66667,0.012288,10.6667,0.012288,39.3846,0.013312,157.538,0.013312,455.111,0.018432,555.39,0.060416,679.13,0.197632,699.051,0.768,753.287,2.85082,733.526,11.7105,
0.00543478,0.023552,0.0454545,0.011264,0.2,0.01024,0.666667,0.012288,2.66667,0.012288,10.6667,0.012288,46.5455,0.011264,146.286,0.014336,431.158,0.019456,555.39,0.060416,682.667,0.196608,700.92,0.765952,753.017,2.85184,733.911,11.7043,
0.0113636,0.011264,0.0454545,0.011264,0.2,0.01024,0.666667,0.012288,2.66667,0.012288,11.6364,0.011264,39.3846,0.013312,157.538,0.013312,431.158,0.019456,546.133,0.06144,679.13,0.197632,699.984,0.766976,753.017,2.85184,733.976,11.7033,
0.0104167,0.012288,0.05,0.01024,0.2,0.01024,0.166667,0.049152,2.90909,0.011264,10.6667,0.012288,36.5714,0.014336,157.538,0.013312,455.111,0.018432,546.133,0.06144,675.629,0.198656,699.984,0.766976,753.287,2.85082,733.783,11.7064,
0.0104167,0.012288,0.0416667,0.012288,0.2,0.01024,0.615385,0.013312,2.66667,0.012288,10.6667,0.012288,42.6667,0.012288,146.286,0.014336,431.158,0.019456,555.39,0.060416,679.13,0.197632,699.984,0.766976,753.829,2.84877,733.847,11.7053,
0.0104167,0.012288,0.0454545,0.011264,0.2,0.01024,0.727273,0.011264,2.90909,0.011264,9.84615,0.013312,42.6667,0.012288,157.538,0.013312,455.111,0.018432,555.39,0.060416,675.629,0.198656,699.051,0.768,753.017,2.85184,733.719,11.7074,
0.0113636,0.011264,0.0454545,0.011264,0.181818,0.011264,0.666667,0.012288,2.90909,0.011264,10.6667,0.012288,39.3846,0.013312,157.538,0.013312,431.158,0.019456,555.39,0.060416,679.13,0.197632,697.191,0.770048,753.287,2.85082,733.591,11.7094,
0.0104167,0.012288,0.0454545,0.011264,0.181818,0.011264,0.727273,0.011264,2.90909,0.011264,7.52941,0.017408,36.5714,0.014336,157.538,0.013312,455.111,0.018432,555.39,0.060416,679.13,0.197632,699.984,0.766976,753.017,2.85184,734.04,11.7023,
0.0104167,0.012288,0.0454545,0.011264,0.2,0.01024,0.727273,0.011264,2.66667,0.012288,10.6667,0.012288,42.6667,0.012288,157.538,0.013312,431.158,0.019456,555.39,0.060416,682.667,0.196608,699.984,0.766976,752.747,2.85286,733.847,11.7053,
0.0104167,0.012288,0.0416667,0.012288,0.2,0.01024,0.727273,0.011264,2.90909,0.011264,11.6364,0.011264,39.3846,0.013312,146.286,0.014336,455.111,0.018432,555.39,0.060416,679.13,0.197632,699.051,0.768,753.017,2.85184,733.911,11.7043,
0.0113636,0.011264,0.0333333,0.01536,0.2,0.01024,0.727273,0.011264,2.90909,0.011264,10.6667,0.012288,36.5714,0.014336,157.538,0.013312,455.111,0.018432,564.966,0.059392,679.13,0.197632,699.984,0.766976,753.287,2.85082,733.783,11.7064,
0.0113636,0.011264,0.0454545,0.011264,0.2,0.01024,0.727273,0.011264,2.66667,0.012288,10.6667,0.012288,39.3846,0.013312,146.286,0.014336,431.158,0.019456,555.39,0.060416,679.13,0.197632,699.984,0.766976,753.287,2.85082,733.847,11.7053,
0.0104167,0.012288,0.0454545,0.011264,0.2,0.01024,0.666667,0.012288,2.66667,0.012288,11.6364,0.011264,42.6667,0.012288,146.286,0.014336,431.158,0.019456,546.133,0.06144,682.667,0.196608,700.92,0.765952,753.558,2.84979,734.04,11.7023,
0.0104167,0.012288,0.0454545,0.011264,0.2,0.01024,0.727273,0.011264,2.66667,0.012288,11.6364,0.011264,28.4444,0.018432,157.538,0.013312,431.158,0.019456,555.39,0.060416,679.13,0.197632,699.984,0.766976,753.017,2.85184,733.783,11.7064,
0.0104167,0.012288,0.0416667,0.012288,0.2,0.01024,0.727273,0.011264,2.90909,0.011264,11.6364,0.011264,42.6667,0.012288,157.538,0.013312,431.158,0.019456,555.39,0.060416,679.13,0.197632,699.051,0.768,753.017,2.85184,734.04,11.7023,
0.0113636,0.011264,0.0454545,0.011264,0.2,0.01024,0.727273,0.011264,2.66667,0.012288,10.6667,0.012288,39.3846,0.013312,157.538,0.013312,431.158,0.019456,555.39,0.060416,679.13,0.197632,696.266,0.771072,753.829,2.84877,734.168,11.7002,
0.0113636,0.011264,0.0454545,0.011264,0.2,0.01024,0.727273,0.011264,2.90909,0.011264,11.6364,0.011264,42.6667,0.012288,157.538,0.013312,431.158,0.019456,546.133,0.06144,679.13,0.197632,697.191,0.770048,753.829,2.84877,734.297,11.6982,
0.0104167,0.012288,0.0454545,0.011264,0.2,0.01024,0.727273,0.011264,2.90909,0.011264,10.6667,0.012288,42.6667,0.012288,170.667,0.012288,431.158,0.019456,555.39,0.060416,679.13,0.197632,699.984,0.766976,753.287,2.85082,733.911,11.7043,
0.0104167,0.012288,0.0416667,0.012288,0.2,0.01024,0.727273,0.011264,2.66667,0.012288,11.6364,0.011264,36.5714,0.014336,170.667,0.012288,431.158,0.019456,555.39,0.060416,682.667,0.196608,699.984,0.766976,753.017,2.85184,733.976,11.7033,
0.0113636,0.011264,0.0454545,0.011264,0.181818,0.011264,0.727273,0.011264,2.90909,0.011264,10.6667,0.012288,42.6667,0.012288,146.286,0.014336,455.111,0.018432,555.39,0.060416,679.13,0.197632,700.92,0.765952,752.747,2.85286,733.847,11.7053,
0.0113636,0.011264,0.0454545,0.011264,0.2,0.01024,0.666667,0.012288,2.90909,0.011264,9.84615,0.013312,36.5714,0.014336,157.538,0.013312,431.158,0.019456,564.966,0.059392,682.667,0.196608,700.92,0.765952,753.017,2.85184,733.591,11.7094,
0.0104167,0.012288,0.0416667,0.012288,0.2,0.01024,0.727273,0.011264,2.90909,0.011264,11.6364,0.011264,39.3846,0.013312,146.286,0.014336,455.111,0.018432,564.966,0.059392,679.13,0.197632,699.984,0.766976,754.1,2.84774,733.719,11.7074,
0.0113636,0.011264,0.0454545,0.011264,0.2,0.01024,0.727273,0.011264,2.66667,0.012288,10.6667,0.012288,42.6667,0.012288,157.538,0.013312,431.158,0.019456,555.39,0.060416,679.13,0.197632,699.984,0.766976,753.558,2.84979,733.976,11.7033,
0.0113636,0.011264,0.0454545,0.011264,0.181818,0.011264,0.666667,0.012288,2.66667,0.012288,11.6364,0.011264,42.6667,0.012288,157.538,0.013312,431.158,0.019456,574.877,0.058368,679.13,0.197632,701.858,0.764928,752.747,2.85286,733.783,11.7064,
0.0113636,0.011264,0.0416667,0.012288,0.2,0.01024,0.666667,0.012288,2.66667,0.012288,11.6364,0.011264,42.6667,0.012288,170.667,0.012288,455.111,0.018432,564.966,0.059392,675.629,0.198656,700.92,0.765952,753.287,2.85082,733.591,11.7094,
0.0104167,0.012288,0.0454545,0.011264,0.2,0.01024,0.615385,0.013312,2.90909,0.011264,10.6667,0.012288,42.6667,0.012288,157.538,0.013312,455.111,0.018432,574.877,0.058368,682.667,0.196608,700.92,0.765952,753.287,2.85082,733.655,11.7084,
0.0113636,0.011264,0.0416667,0.012288,0.2,0.01024,0.727273,0.011264,2.66667,0.012288,10.6667,0.012288,42.6667,0.012288,136.533,0.01536,431.158,0.019456,564.966,0.059392,682.667,0.196608,700.92,0.765952,753.558,2.84979,733.783,11.7064,
0.0104167,0.012288,0.0454545,0.011264,0.181818,0.011264,0.727273,0.011264,2.66667,0.012288,11.6364,0.011264,42.6667,0.012288,157.538,0.013312,431.158,0.019456,564.966,0.059392,679.13,0.197632,699.984,0.766976,753.287,2.85082,734.04,11.7023,
0.0104167,0.012288,0.0416667,0.012288,0.2,0.01024,0.666667,0.012288,2.66667,0.012288,10.6667,0.012288,42.6667,0.012288,157.538,0.013312,455.111,0.018432,564.966,0.059392,679.13,0.197632,698.12,0.769024,753.017,2.85184,733.719,11.7074,
0.0104167,0.012288,0.0454545,0.011264,0.2,0.01024,0.666667,0.012288,2.66667,0.012288,11.6364,0.011264,39.3846,0.013312,157.538,0.013312,431.158,0.019456,574.877,0.058368,679.13,0.197632,699.051,0.768,752.747,2.85286,733.526,11.7105,
0.0113636,0.011264,0.0416667,0.012288,0.2,0.01024,0.727273,0.011264,2.66667,0.012288,10.6667,0.012288,42.6667,0.012288,157.538,0.013312,431.158,0.019456,564.966,0.059392,682.667,0.196608,699.984,0.766976,753.017,2.85184,733.911,11.7043,
0.0113636,0.011264,0.0454545,0.011264,0.153846,0.013312,0.727273,0.011264,2.66667,0.012288,10.6667,0.012288,46.5455,0.011264,157.538,0.013312,431.158,0.019456,574.877,0.058368,679.13,0.197632,699.984,0.766976,753.287,2.85082,733.591,11.7094,
0.0113636,0.011264,0.0454545,0.011264,0.2,0.01024,0.727273,0.011264,2.90909,0.011264,10.6667,0.012288,42.6667,0.012288,170.667,0.012288,431.158,0.019456,574.877,0.058368,679.13,0.197632,699.984,0.766976,753.829,2.84877,733.783,11.7064,
0.0113636,0.011264,0.0454545,0.011264,0.181818,0.011264,0.727273,0.011264,2.66667,0.012288,11.6364,0.011264,42.6667,0.012288,157.538,0.013312,455.111,0.018432,564.966,0.059392,679.13,0.197632,699.984,0.766976,753.558,2.84979,734.361,11.6972,
0.0113636,0.011264,0.0454545,0.011264,0.2,0.01024,0.666667,0.012288,2.66667,0.012288,11.6364,0.011264,42.6667,0.012288,157.538,0.013312,455.111,0.018432,574.877,0.058368,682.667,0.196608,699.984,0.766976,753.287,2.85082,733.911,11.7043,
0.0113636,0.011264,0.0454545,0.011264,0.2,0.01024,0.727273,0.011264,2.90909,0.011264,11.6364,0.011264,42.6667,0.012288,157.538,0.013312,431.158,0.019456,574.877,0.058368,679.13,0.197632,699.984,0.766976,753.287,2.85082,733.783,11.7064,
0.0113636,0.011264,0.0416667,0.012288,0.2,0.01024,0.727273,0.011264,2.66667,0.012288,10.6667,0.012288,42.6667,0.012288,157.538,0.013312,431.158,0.019456,574.877,0.058368,682.667,0.196608,699.051,0.768,753.017,2.85184,733.783,11.7064,
0.0104167,0.012288,0.0454545,0.011264,0.181818,0.011264,0.666667,0.012288,2.90909,0.011264,11.6364,0.011264,42.6667,0.012288,157.538,0.013312,455.111,0.018432,564.966,0.059392,675.629,0.198656,699.984,0.766976,753.017,2.85184,733.911,11.7043,
0.0113636,0.011264,0.0416667,0.012288,0.2,0.01024,0.666667,0.012288,2.66667,0.012288,10.6667,0.012288,42.6667,0.012288,157.538,0.013312,455.111,0.018432,574.877,0.058368,679.13,0.197632,699.984,0.766976,754.1,2.84774,733.591,11.7094,
0.0104167,0.012288,0.05,0.01024,0.2,0.01024,0.666667,0.012288,2.66667,0.012288,10.6667,0.012288,42.6667,0.012288,146.286,0.014336,455.111,0.018432,564.966,0.059392,679.13,0.197632,699.984,0.766976,753.558,2.84979,733.783,11.7064,
0.0113636,0.011264,0.0454545,0.011264,0.2,0.01024,0.666667,0.012288,2.66667,0.012288,10.6667,0.012288,42.6667,0.012288,157.538,0.013312,431.158,0.019456,564.966,0.059392,682.667,0.196608,699.984,0.766976,752.747,2.85286,733.719,11.7074,
0.0104167,0.012288,0.0454545,0.011264,0.181818,0.011264,0.727273,0.011264,2.90909,0.011264,10.6667,0.012288,42.6667,0.012288,146.286,0.014336,431.158,0.019456,585.143,0.057344,679.13,0.197632,699.984,0.766976,753.287,2.85082,733.783,11.7064,
0.0113636,0.011264,0.0416667,0.012288,0.2,0.01024,0.727273,0.011264,2.90909,0.011264,10.6667,0.012288,42.6667,0.012288,157.538,0.013312,455.111,0.018432,555.39,0.060416,679.13,0.197632,699.051,0.768,753.287,2.85082,733.847,11.7053,
0.0104167,0.012288,0.0454545,0.011264,0.2,0.01024,0.666667,0.012288,2.90909,0.011264,10.6667,0.012288,42.6667,0.012288,146.286,0.014336,431.158,0.019456,555.39,0.060416,675.629,0.198656,699.984,0.766976,753.017,2.85184,733.655,11.7084,
0.0113636,0.011264,0.0454545,0.011264,0.2,0.01024,0.727273,0.011264,2.90909,0.011264,10.6667,0.012288,42.6667,0.012288,157.538,0.013312,431.158,0.019456,555.39,0.060416,682.667,0.196608,700.92,0.765952,753.287,2.85082,733.719,11.7074,
0.0104167,0.012288,0.0454545,0.011264,0.181818,0.011264,0.8,0.01024,2.66667,0.012288,11.6364,0.011264,42.6667,0.012288,146.286,0.014336,431.158,0.019456,555.39,0.060416,679.13,0.197632,699.051,0.768,752.747,2.85286,733.783,11.7064,
0.0125,0.01024,0.0416667,0.012288,0.2,0.01024,0.727273,0.011264,2.66667,0.012288,11.6364,0.011264,39.3846,0.013312,170.667,0.012288,455.111,0.018432,555.39,0.060416,679.13,0.197632,699.051,0.768,753.287,2.85082,733.783,11.7064,
0.0113636,0.011264,0.05,0.01024,0.181818,0.011264,0.727273,0.011264,2.66667,0.012288,10.6667,0.012288,42.6667,0.012288,157.538,0.013312,431.158,0.019456,555.39,0.060416,679.13,0.197632,699.984,0.766976,753.017,2.85184,733.462,11.7115,
0.0104167,0.012288,0.0416667,0.012288,0.2,0.01024,0.666667,0.012288,2.90909,0.011264,11.6364,0.011264,42.6667,0.012288,146.286,0.014336,431.158,0.019456,555.39,0.060416,682.667,0.196608,699.984,0.766976,752.747,2.85286,733.655,11.7084,
0.0104167,0.012288,0.0454545,0.011264,0.2,0.01024,0.666667,0.012288,2.90909,0.011264,11.6364,0.011264,42.6667,0.012288,157.538,0.013312,455.111,0.018432,546.133,0.06144,675.629,0.198656,699.984,0.766976,754.371,2.84672,733.783,11.7064,
0.0113636,0.011264,0.0454545,0.011264,0.181818,0.011264,0.727273,0.011264,2.90909,0.011264,10.6667,0.012288,42.6667,0.012288,157.538,0.013312,390.095,0.021504,546.133,0.06144,682.667,0.196608,699.984,0.766976,753.558,2.84979,733.526,11.7105,
0.0113636,0.011264,0.0454545,0.011264,0.2,0.01024,0.727273,0.011264,2.90909,0.011264,11.6364,0.011264,42.6667,0.012288,146.286,0.014336,431.158,0.019456,555.39,0.060416,689.853,0.19456,695.342,0.772096,753.017,2.85184,733.591,11.7094,
0.0113636,0.011264,0.0454545,0.011264,0.2,0.01024,0.727273,0.011264,2.66667,0.012288,10.6667,0.012288,42.6667,0.012288,157.538,0.013312,431.158,0.019456,555.39,0.060416,689.853,0.19456,700.92,0.765952,752.747,2.85286,733.655,11.7084,
0.0113636,0.011264,0.0454545,0.011264,0.181818,0.011264,0.727273,0.011264,2.66667,0.012288,11.6364,0.011264,39.3846,0.013312,157.538,0.013312,431.158,0.019456,555.39,0.060416,693.503,0.193536,697.191,0.770048,753.287,2.85082,733.591,11.7094,
0.0113636,0.011264,0.0384615,0.013312,0.181818,0.011264,0.727273,0.011264,2.66667,0.012288,10.6667,0.012288,42.6667,0.012288,146.286,0.014336,390.095,0.021504,537.18,0.062464,642.51,0.208896,687.14,0.781312,696.035,3.08531,700.452,12.2634,
0.0113636,0.011264,0.0454545,0.011264,0.2,0.01024,0.727273,0.011264,2.66667,0.012288,10.6667,0.012288,39.3846,0.013312,157.538,0.013312,372.364,0.022528,537.18,0.062464,658.653,0.203776,695.342,0.772096,697.655,3.07814,700.744,12.2583,
0.0113636,0.011264,0.0454545,0.011264,0.181818,0.011264,0.727273,0.011264,2.66667,0.012288,10.6667,0.012288,42.6667,0.012288,157.538,0.013312,431.158,0.019456,546.133,0.06144,661.98,0.202752,695.342,0.772096,697.423,3.07917,700.627,12.2604,
0.0104167,0.012288,0.0454545,0.011264,0.181818,0.011264,0.727273,0.011264,2.66667,0.012288,10.6667,0.012288,39.3846,0.013312,157.538,0.013312,431.158,0.019456,537.18,0.062464,658.653,0.203776,695.342,0.772096,697.655,3.07814,700.744,12.2583,
0.0113636,0.011264,0.0454545,0.011264,0.181818,0.011264,0.727273,0.011264,2.90909,0.011264,10.6667,0.012288,39.3846,0.013312,146.286,0.014336,431.158,0.019456,537.18,0.062464,661.98,0.202752,695.342,0.772096,697.888,3.07712,700.803,12.2573,
0.0104167,0.012288,0.0454545,0.011264,0.181818,0.011264,0.727273,0.011264,2.90909,0.011264,10.6667,0.012288,42.6667,0.012288,146.286,0.014336,431.158,0.019456,528.516,0.063488,658.653,0.203776,696.266,0.771072,696.497,3.08326,700.51,12.2624,
0.0113636,0.011264,0.0454545,0.011264,0.181818,0.011264,0.727273,0.011264,2.90909,0.011264,10.6667,0.012288,42.6667,0.012288,146.286,0.014336,455.111,0.018432,537.18,0.062464,661.98,0.202752,695.342,0.772096,697.888,3.07712,723.094,11.8794,
0.0104167,0.012288,0.0454545,0.011264,0.181818,0.011264,0.727273,0.011264,2.90909,0.011264,10.6667,0.012288,42.6667,0.012288,157.538,0.013312,431.158,0.019456,546.133,0.06144,658.653,0.203776,697.191,0.770048,696.266,3.08429,733.976,11.7033,
0.0104167,0.012288,0.0416667,0.012288,0.2,0.01024,0.666667,0.012288,2.90909,0.011264,10.6667,0.012288,42.6667,0.012288,157.538,0.013312,431.158,0.019456,537.18,0.062464,661.98,0.202752,698.12,0.769024,697.423,3.07917,734.233,11.6992,
0.00735294,0.017408,0.0416667,0.012288,0.181818,0.011264,0.727273,0.011264,2.90909,0.011264,10.6667,0.012288,42.6667,0.012288,157.538,0.013312,455.111,0.018432,537.18,0.062464,658.653,0.203776,699.984,0.766976,698.585,3.07405,733.847,11.7053,
0.0104167,0.012288,0.0416667,0.012288,0.2,0.01024,0.666667,0.012288,2.66667,0.012288,11.6364,0.011264,42.6667,0.012288,157.538,0.013312,431.158,0.019456,528.516,0.063488,661.98,0.202752,699.051,0.768,698.352,3.07507,733.783,11.7064,
0.0104167,0.012288,0.0454545,0.011264,0.181818,0.011264,0.727273,0.011264,2.66667,0.012288,10.6667,0.012288,42.6667,0.012288,146.286,0.014336,431.158,0.019456,546.133,0.06144,658.653,0.203776,698.12,0.769024,697.423,3.07917,733.783,11.7064,
0.0113636,0.011264,0.0416667,0.012288,0.181818,0.011264,0.666667,0.012288,2.66667,0.012288,10.6667,0.012288,42.6667,0.012288,146.286,0.014336,409.6,0.02048,537.18,0.062464,661.98,0.202752,695.342,0.772096,697.655,3.07814,733.847,11.7053,
0.0113636,0.011264,0.0454545,0.011264,0.181818,0.011264,0.727273,0.011264,2.66667,0.012288,10.6667,0.012288,42.6667,0.012288,146.286,0.014336,455.111,0.018432,537.18,0.062464,661.98,0.202752,695.342,0.772096,697.423,3.07917,734.04,11.7023,
0.0113636,0.011264,0.0454545,0.011264,0.2,0.01024,0.666667,0.012288,2.90909,0.011264,10.6667,0.012288,42.6667,0.012288,157.538,0.013312,431.158,0.019456,537.18,0.062464,665.34,0.201728,694.421,0.77312,698.12,3.0761,734.361,11.6972,
0.0104167,0.012288,0.0333333,0.01536,0.181818,0.011264,0.727273,0.011264,2.90909,0.011264,11.6364,0.011264,42.6667,0.012288,157.538,0.013312,455.111,0.018432,546.133,0.06144,658.653,0.203776,693.503,0.774144,698.352,3.07507,734.297,11.6982,
0.0113636,0.011264,0.0454545,0.011264,0.2,0.01024,0.727273,0.011264,2.66667,0.012288,10.6667,0.012288,42.6667,0.012288,157.538,0.013312,431.158,0.019456,537.18,0.062464,668.735,0.200704,694.421,0.77312,697.423,3.07917,734.297,11.6982,
0.0104167,0.012288,0.0454545,0.011264,0.181818,0.011264,0.727273,0.011264,2.66667,0.012288,10.6667,0.012288,42.6667,0.012288,146.286,0.014336,431.158,0.019456,537.18,0.062464,668.735,0.200704,696.266,0.771072,697.888,3.07712,734.425,11.6961,
0.0113636,0.011264,0.0454545,0.011264,0.181818,0.011264,0.727273,0.011264,2.66667,0.012288,8.53333,0.01536,42.6667,0.012288,146.286,0.014336,455.111,0.018432,537.18,0.062464,672.164,0.19968,694.421,0.77312,697.655,3.07814,734.233,11.6992,
0.0104167,0.012288,0.0454545,0.011264,0.166667,0.012288,0.666667,0.012288,2.90909,0.011264,10.6667,0.012288,42.6667,0.012288,157.538,0.013312,431.158,0.019456,546.133,0.06144,668.735,0.200704,694.421,0.77312,697.655,3.07814,734.233,11.6992,
0.0104167,0.012288,0.0454545,0.011264,0.2,0.01024,0.666667,0.012288,2.90909,0.011264,10.6667,0.012288,46.5455,0.011264,157.538,0.013312,431.158,0.019456,537.18,0.062464,672.164,0.19968,696.266,0.771072,697.888,3.07712,734.168,11.7002,
0.0104167,0.012288,0.0454545,0.011264,0.133333,0.01536,0.727273,0.011264,2.90909,0.011264,10.6667,0.012288,46.5455,0.011264,157.538,0.013312,431.158,0.019456,546.133,0.06144,672.164,0.19968,695.342,0.772096,697.423,3.07917,734.49,11.6951,
0.0113636,0.011264,0.0454545,0.011264,0.2,0.01024,0.666667,0.012288,2.90909,0.011264,10.6667,0.012288,42.6667,0.012288,157.538,0.013312,431.158,0.019456,546.133,0.06144,672.164,0.19968,696.266,0.771072,697.655,3.07814,734.297,11.6982,
0.0104167,0.012288,0.0454545,0.011264,0.181818,0.011264,0.727273,0.011264,2.66667,0.012288,10.6667,0.012288,42.6667,0.012288,146.286,0.014336,431.158,0.019456,546.133,0.06144,665.34,0.201728,695.342,0.772096,697.423,3.07917,734.361,11.6972,
0.0113636,0.011264,0.0454545,0.011264,0.2,0.01024,0.666667,0.012288,2.66667,0.012288,10.6667,0.012288,42.6667,0.012288,146.286,0.014336,409.6,0.02048,537.18,0.062464,661.98,0.202752,695.342,0.772096,697.655,3.07814,734.49,11.6951,
0.0104167,0.012288,0.05,0.01024,0.181818,0.011264,0.727273,0.011264,2.66667,0.012288,10.6667,0.012288,42.6667,0.012288,128,0.016384,431.158,0.019456,546.133,0.06144,658.653,0.203776,696.266,0.771072,697.655,3.07814,734.233,11.6992,
0.0113636,0.011264,0.0416667,0.012288,0.2,0.01024,0.727273,0.011264,2.66667,0.012288,11.6364,0.011264,39.3846,0.013312,146.286,0.014336,431.158,0.019456,537.18,0.062464,661.98,0.202752,696.266,0.771072,697.655,3.07814,734.425,11.6961,
0.0104167,0.012288,0.0454545,0.011264,0.2,0.01024,0.727273,0.011264,2.66667,0.012288,10.6667,0.012288,42.6667,0.012288,146.286,0.014336,455.111,0.018432,546.133,0.06144,661.98,0.202752,699.051,0.768,697.655,3.07814,734.361,11.6972,
0.0113636,0.011264,0.0454545,0.011264,0.2,0.01024,0.666667,0.012288,2.90909,0.011264,10.6667,0.012288,39.3846,0.013312,157.538,0.013312,455.111,0.018432,546.133,0.06144,658.653,0.203776,700.92,0.765952,697.888,3.07712,734.49,11.6951,
0.0113636,0.011264,0.0454545,0.011264,0.181818,0.011264,0.727273,0.011264,2.90909,0.011264,10.6667,0.012288,42.6667,0.012288,157.538,0.013312,431.158,0.019456,537.18,0.062464,661.98,0.202752,699.984,0.766976,698.352,3.07507,734.297,11.6982,
0.0104167,0.012288,0.0454545,0.011264,0.2,0.01024,0.666667,0.012288,2.90909,0.011264,10.6667,0.012288,42.6667,0.012288,146.286,0.014336,409.6,0.02048,546.133,0.06144,661.98,0.202752,699.984,0.766976,698.352,3.07507,734.361,11.6972,
0.0104167,0.012288,0.0454545,0.011264,0.181818,0.011264,0.727273,0.011264,2.90909,0.011264,10.6667,0.012288,42.6667,0.012288,146.286,0.014336,431.158,0.019456,537.18,0.062464,661.98,0.202752,699.984,0.766976,697.888,3.07712,734.361,11.6972,
0.0113636,0.011264,0.0454545,0.011264,0.181818,0.011264,0.727273,0.011264,2.66667,0.012288,10.6667,0.012288,42.6667,0.012288,157.538,0.013312,409.6,0.02048,546.133,0.06144,658.653,0.203776,697.191,0.770048,697.655,3.07814,734.425,11.6961,
0.0113636,0.011264,0.0454545,0.011264,0.181818,0.011264,0.727273,0.011264,2.90909,0.011264,10.6667,0.012288,42.6667,0.012288,157.538,0.013312,431.158,0.019456,489.075,0.068608,661.98,0.202752,695.342,0.772096,697.423,3.07917,734.297,11.6982,
0.0104167,0.012288,0.0416667,0.012288,0.153846,0.013312,0.666667,0.012288,2.90909,0.011264,11.6364,0.011264,39.3846,0.013312,157.538,0.013312,431.158,0.019456,537.18,0.062464,661.98,0.202752,694.421,0.77312,697.888,3.07712,734.297,11.6982,
0.0104167,0.012288,0.0454545,0.011264,0.181818,0.011264,0.571429,0.014336,2.90909,0.011264,10.6667,0.012288,42.6667,0.012288,146.286,0.014336,431.158,0.019456,546.133,0.06144,658.653,0.203776,696.266,0.771072,698.12,3.0761,734.361,11.6972,
0.0104167,0.012288,0.0416667,0.012288,0.2,0.01024,0.615385,0.013312,2.66667,0.012288,10.6667,0.012288,42.6667,0.012288,146.286,0.014336,431.158,0.019456,528.516,0.063488,661.98,0.202752,694.421,0.77312,697.888,3.07712,734.425,11.6961,
0.00961538,0.013312,0.0454545,0.011264,0.181818,0.011264,0.727273,0.011264,2.66667,0.012288,10.6667,0.012288,42.6667,0.012288,146.286,0.014336,431.158,0.019456,537.18,0.062464,661.98,0.202752,695.342,0.772096,697.888,3.07712,734.554,11.6941,
0.00833333,0.01536,0.0454545,0.011264,0.181818,0.011264,0.727273,0.011264,2.66667,0.012288,10.6667,0.012288,39.3846,0.013312,146.286,0.014336,409.6,0.02048,546.133,0.06144,658.653,0.203776,694.421,0.77312,697.655,3.07814,734.297,11.6982,
0.0104167,0.012288,0.0454545,0.011264,0.181818,0.011264,0.666667,0.012288,2.90909,0.011264,10.6667,0.012288,42.6667,0.012288,157.538,0.013312,431.158,0.019456,537.18,0.062464,661.98,0.202752,695.342,0.772096,697.888,3.07712,734.425,11.6961,
0.0113636,0.011264,0.0416667,0.012288,0.181818,0.011264,0.727273,0.011264,2.66667,0.012288,11.6364,0.011264,42.6667,0.012288,157.538,0.013312,455.111,0.018432,537.18,0.062464,658.653,0.203776,695.342,0.772096,697.888,3.07712,734.425,11.6961,
0.0104167,0.012288,0.0454545,0.011264,0.181818,0.011264,0.727273,0.011264,2.90909,0.011264,10.6667,0.012288,42.6667,0.012288,157.538,0.013312,431.158,0.019456,555.39,0.060416,658.653,0.203776,695.342,0.772096,698.12,3.0761,734.361,11.6972,
0.0113636,0.011264,0.0416667,0.012288,0.2,0.01024,0.666667,0.012288,2.66667,0.012288,10.6667,0.012288,42.6667,0.012288,146.286,0.014336,431.158,0.019456,546.133,0.06144,661.98,0.202752,694.421,0.77312,697.423,3.07917,734.361,11.6972,
0.0113636,0.011264,0.0454545,0.011264,0.181818,0.011264,0.727273,0.011264,2.66667,0.012288,10.6667,0.012288,42.6667,0.012288,146.286,0.014336,431.158,0.019456,546.133,0.06144,661.98,0.202752,696.266,0.771072,697.423,3.07917,734.297,11.6982,
0.0113636,0.011264,0.0416667,0.012288,0.181818,0.011264,0.615385,0.013312,2.90909,0.011264,10.6667,0.012288,42.6667,0.012288,146.286,0.014336,409.6,0.02048,537.18,0.062464,661.98,0.202752,696.266,0.771072,698.352,3.07507,734.361,11.6972,
0.0113636,0.011264,0.0454545,0.011264,0.181818,0.011264,0.727273,0.011264,2.90909,0.011264,10.6667,0.012288,42.6667,0.012288,146.286,0.014336,431.158,0.019456,481.882,0.069632,665.34,0.201728,696.266,0.771072,697.888,3.07712,734.297,11.6982,
0.0113636,0.011264,0.0416667,0.012288,0.2,0.01024,0.727273,0.011264,2.90909,0.011264,10.6667,0.012288,42.6667,0.012288,157.538,0.013312,455.111,0.018432,546.133,0.06144,665.34,0.201728,696.266,0.771072,698.352,3.07507,734.49,11.6951,
0.0113636,0.011264,0.05,0.01024,0.181818,0.011264,0.727273,0.011264,2.90909,0.011264,10.6667,0.012288,42.6667,0.012288,157.538,0.013312,431.158,0.019456,546.133,0.06144,658.653,0.203776,698.12,0.769024,697.888,3.07712,734.425,11.6961,
0.0113636,0.011264,0.0416667,0.012288,0.181818,0.011264,0.666667,0.012288,2.66667,0.012288,11.6364,0.011264,39.3846,0.013312,146.286,0.014336,455.111,0.018432,555.39,0.060416,661.98,0.202752,699.984,0.766976,698.12,3.0761,734.297,11.6982,
0.0113636,0.011264,0.05,0.01024,0.181818,0.011264,0.666667,0.012288,2.66667,0.012288,10.6667,0.012288,36.5714,0.014336,157.538,0.013312,409.6,0.02048,546.133,0.06144,661.98,0.202752,700.92,0.765952,697.888,3.07712,734.425,11.6961,
0.0113636,0.011264,0.0416667,0.012288,0.181818,0.011264,0.666667,0.012288,2.90909,0.011264,10.6667,0.012288,39.3846,0.013312,157.538,0.013312,431.158,0.019456,555.39,0.060416,661.98,0.202752,699.051,0.768,697.655,3.07814,734.361,11.6972,
0.0104167,0.012288,0.05,0.01024,0.181818,0.011264,0.727273,0.011264,2.90909,0.011264,10.6667,0.012288,42.6667,0.012288,146.286,0.014336,409.6,0.02048,555.39,0.060416,658.653,0.203776,699.984,0.766976,698.352,3.07507,734.425,11.6961,
0.0113636,0.011264,0.0416667,0.012288,0.2,0.01024,0.666667,0.012288,0.666667,0.049152,10.6667,0.012288,42.6667,0.012288,157.538,0.013312,431.158,0.019456,555.39,0.060416,661.98,0.202752,698.12,0.769024,697.888,3.07712,734.425,11.6961,
0.0113636,0.011264,0.0454545,0.011264,0.2,0.01024,0.727273,0.011264,2.66667,0.012288,10.6667,0.012288,42.6667,0.012288,157.538,0.013312,431.158,0.019456,546.133,0.06144,661.98,0.202752,695.342,0.772096,697.888,3.07712,734.361,11.6972,
0.0113636,0.011264,0.0454545,0.011264,0.2,0.01024,0.727273,0.011264,2.90909,0.011264,10.6667,0.012288,42.6667,0.012288,146.286,0.014336,431.158,0.019456,555.39,0.060416,661.98,0.202752,694.421,0.77312,696.96,3.08122,734.425,11.6961,
0.00625,0.02048,0.0454545,0.011264,0.181818,0.011264,0.727273,0.011264,2.90909,0.011264,10.6667,0.012288,42.6667,0.012288,146.286,0.014336,455.111,0.018432,555.39,0.060416,665.34,0.201728,696.266,0.771072,697.655,3.07814,734.361,11.6972,
0.0113636,0.011264,0.0454545,0.011264,0.2,0.01024,0.666667,0.012288,2.90909,0.011264,10.6667,0.012288,42.6667,0.012288,157.538,0.013312,431.158,0.019456,555.39,0.060416,661.98,0.202752,695.342,0.772096,720.176,2.98189,734.49,11.6951,
0.0113636,0.011264,0.0454545,0.011264,0.181818,0.011264,0.727273,0.011264,2.66667,0.012288,10.6667,0.012288,42.6667,0.012288,157.538,0.013312,409.6,0.02048,555.39,0.060416,661.98,0.202752,696.266,0.771072,753.558,2.84979,734.297,11.6982,
0.0104167,0.012288,0.0454545,0.011264,0.2,0.01024,0.727273,0.011264,2.90909,0.011264,10.6667,0.012288,42.6667,0.012288,146.286,0.014336,431.158,0.019456,555.39,0.060416,658.653,0.203776,695.342,0.772096,753.017,2.85184,734.49,11.6951,
0.0113636,0.011264,0.0454545,0.011264,0.181818,0.011264,0.727273,0.011264,2.66667,0.012288,10.6667,0.012288,42.6667,0.012288,157.538,0.013312,431.158,0.019456,555.39,0.060416,661.98,0.202752,695.342,0.772096,753.287,2.85082,734.425,11.6961,
0.0113636,0.011264,0.0416667,0.012288,0.2,0.01024,0.666667,0.012288,2.66667,0.012288,11.6364,0.011264,42.6667,0.012288,157.538,0.013312,431.158,0.019456,555.39,0.060416,665.34,0.201728,695.342,0.772096,753.287,2.85082,734.425,11.6961,
0.0113636,0.011264,0.0454545,0.011264,0.181818,0.011264,0.727273,0.011264,2.90909,0.011264,11.6364,0.011264,42.6667,0.012288,157.538,0.013312,455.111,0.018432,555.39,0.060416,658.653,0.203776,696.266,0.771072,753.287,2.85082,734.361,11.6972,
0.0113636,0.011264,0.0416667,0.012288,0.2,0.01024,0.727273,0.011264,2.90909,0.011264,10.6667,0.012288,42.6667,0.012288,146.286,0.014336,431.158,0.019456,555.39,0.060416,661.98,0.202752,694.421,0.77312,754.371,2.84672,734.361,11.6972,
0.0104167,0.012288,0.03125,0.016384,0.2,0.01024,0.666667,0.012288,2.90909,0.011264,10.6667,0.012288,42.6667,0.012288,157.538,0.013312,431.158,0.019456,555.39,0.060416,658.653,0.203776,696.266,0.771072,753.829,2.84877,734.297,11.6982,
0.0113636,0.011264,0.0416667,0.012288,0.2,0.01024,0.666667,0.012288,2.66667,0.012288,10.6667,0.012288,42.6667,0.012288,157.538,0.013312,431.158,0.019456,555.39,0.060416,661.98,0.202752,696.266,0.771072,753.017,2.85184,734.361,11.6972,
0.0113636,0.011264,0.0416667,0.012288,0.2,0.01024,0.727273,0.011264,2.66667,0.012288,11.6364,0.011264,42.6667,0.012288,146.286,0.014336,431.158,0.019456,546.133,0.06144,661.98,0.202752,695.342,0.772096,753.017,2.85184,734.554,11.6941,
0.0113636,0.011264,0.0416667,0.012288,0.2,0.01024,0.727273,0.011264,2.66667,0.012288,11.6364,0.011264,42.6667,0.012288,157.538,0.013312,431.158,0.019456,546.133,0.06144,658.653,0.203776,696.266,0.771072,753.287,2.85082,734.297,11.6982,
0.0113636,0.011264,0.0454545,0.011264,0.181818,0.011264,0.727273,0.011264,2.66667,0.012288,10.6667,0.012288,42.6667,0.012288,157.538,0.013312,431.158,0.019456,546.133,0.06144,661.98,0.202752,697.191,0.770048,753.017,2.85184,734.425,11.6961,
0.0113636,0.011264,0.0454545,0.011264,0.181818,0.011264,0.727273,0.011264,2.66667,0.012288,10.6667,0.012288,42.6667,0.012288,157.538,0.013312,409.6,0.02048,537.18,0.062464,661.98,0.202752,699.051,0.768,753.558,2.84979,734.297,11.6982,
0.0104167,0.012288,0.0454545,0.011264,0.181818,0.011264,0.727273,0.011264,2.90909,0.011264,10.6667,0.012288,42.6667,0.012288,146.286,0.014336,431.158,0.019456,537.18,0.062464,661.98,0.202752,699.984,0.766976,753.558,2.84979,734.233,11.6992,
0.0113636,0.011264,0.0454545,0.011264,0.181818,0.011264,0.666667,0.012288,2.90909,0.011264,10.6667,0.012288,42.6667,0.012288,157.538,0.013312,431.158,0.019456,546.133,0.06144,642.51,0.208896,699.984,0.766976,753.017,2.85184,734.425,11.6961,
0.0113636,0.011264,0.0454545,0.011264,0.181818,0.011264,0.571429,0.014336,2.66667,0.012288,10.6667,0.012288,46.5455,0.011264,157.538,0.013312,431.158,0.019456,555.39,0.060416,661.98,0.202752,700.92,0.765952,753.017,2.85184,734.425,11.6961,
0.0113636,0.011264,0.0416667,0.012288,0.181818,0.011264,0.666667,0.012288,2.66667,0.012288,10.6667,0.012288,42.6667,0.012288,157.538,0.013312,431.158,0.019456,537.18,0.062464,661.98,0.202752,699.984,0.766976,753.017,2.85184,734.233,11.6992,
0.0104167,0.012288,0.0454545,0.011264,0.181818,0.011264,0.727273,0.011264,2.90909,0.011264,10.6667,0.012288,42.6667,0.012288,157.538,0.013312,431.158,0.019456,546.133,0.06144,661.98,0.202752,698.12,0.769024,753.829,2.84877,734.425,11.6961,
0.0113636,0.011264,0.0416667,0.012288,0.181818,0.011264,0.727273,0.011264,2.66667,0.012288,10.6667,0.012288,42.6667,0.012288,157.538,0.013312,431.158,0.019456,414.785,0.080896,661.98,0.202752,696.266,0.771072,753.017,2.85184,734.49,11.6951,
0.0113636,0.011264,0.0454545,0.011264,0.181818,0.011264,0.727273,0.011264,2.66667,0.012288,10.6667,0.012288,42.6667,0.012288,157.538,0.013312,455.111,0.018432,546.133,0.06144,658.653,0.203776,695.342,0.772096,753.287,2.85082,734.361,11.6972,
0.0104167,0.012288,0.0416667,0.012288,0.2,0.01024,0.666667,0.012288,2.66667,0.012288,10.6667,0.012288,39.3846,0.013312,146.286,0.014336,455.111,0.018432,537.18,0.062464,661.98,0.202752,695.342,0.772096,753.287,2.85082,734.297,11.6982,
0.0104167,0.012288,0.0454545,0.011264,0.181818,0.011264,0.727273,0.011264,2.66667,0.012288,10.6667,0.012288,42.6667,0.012288,157.538,0.013312,431.158,0.019456,537.18,0.062464,661.98,0.202752,695.342,0.772096,752.747,2.85286,734.49,11.6951,
0.0113636,0.011264,0.0416667,0.012288,0.125,0.016384,0.666667,0.012288,2.66667,0.012288,10.6667,0.012288,39.3846,0.013312,157.538,0.013312,431.158,0.019456,546.133,0.06144,658.653,0.203776,694.421,0.77312,752.747,2.85286,734.49,11.6951,
0.0104167,0.012288,0.0454545,0.011264,0.181818,0.011264,0.666667,0.012288,2.66667,0.012288,10.6667,0.012288,42.6667,0.012288,157.538,0.013312,431.158,0.019456,537.18,0.062464,661.98,0.202752,696.266,0.771072,753.829,2.84877,734.233,11.6992,
0.0104167,0.012288,0.0416667,0.012288,0.181818,0.011264,0.727273,0.011264,2.66667,0.012288,10.6667,0.012288,42.6667,0.012288,146.286,0.014336,431.158,0.019456,537.18,0.062464,668.735,0.200704,696.266,0.771072,753.829,2.84877,734.361,11.6972,
0.0104167,0.012288,0.0454545,0.011264,0.181818,0.011264,0.8,0.01024,2.90909,0.011264,10.6667,0.012288,42.6667,0.012288,146.286,0.014336,431.158,0.019456,546.133,0.06144,668.735,0.200704,696.266,0.771072,753.017,2.85184,734.425,11.6961,
0.0104167,0.012288,0.0454545,0.011264,0.181818,0.011264,0.727273,0.011264,2.66667,0.012288,10.6667,0.012288,42.6667,0.012288,157.538,0.013312,455.111,0.018432,537.18,0.062464,668.735,0.200704,695.342,0.772096,753.558,2.84979,734.425,11.6961,
0.0104167,0.012288,0.0454545,0.011264,0.181818,0.011264,0.727273,0.011264,2.90909,0.011264,10.6667,0.012288,42.6667,0.012288,157.538,0.013312,431.158,0.019456,537.18,0.062464,668.735,0.200704,696.266,0.771072,753.287,2.85082,734.297,11.6982,
0.0113636,0.011264,0.0454545,0.011264,0.2,0.01024,0.727273,0.011264,2.66667,0.012288,10.6667,0.012288,42.6667,0.012288,157.538,0.013312,409.6,0.02048,537.18,0.062464,672.164,0.19968,696.266,0.771072,753.287,2.85082,734.49,11.6951,
0.0113636,0.011264,0.0454545,0.011264,0.2,0.01024,0.727273,0.011264,2.66667,0.012288,9.84615,0.013312,42.6667,0.012288,146.286,0.014336,431.158,0.019456,546.133,0.06144,668.735,0.200704,696.266,0.771072,753.287,2.85082,734.297,11.6982,
0.0113636,0.011264,0.0416667,0.012288,0.2,0.01024,0.727273,0.011264,2.66667,0.012288,10.6667,0.012288,42.6667,0.012288,157.538,0.013312,431.158,0.019456,537.18,0.062464,672.164,0.19968,695.342,0.772096,753.287,2.85082,734.425,11.6961,
0.0113636,0.011264,0.0454545,0.011264,0.181818,0.011264,0.727273,0.011264,2.66667,0.012288,8,0.016384,42.6667,0.012288,146.286,0.014336,431.158,0.019456,546.133,0.06144,672.164,0.19968,696.266,0.771072,753.287,2.85082,734.361,11.6972,
0.0113636,0.011264,0.0454545,0.011264,0.181818,0.011264,0.666667,0.012288,2.90909,0.011264,10.6667,0.012288,42.6667,0.012288,146.286,0.014336,431.158,0.019456,537.18,0.062464,672.164,0.19968,698.12,0.769024,753.558,2.84979,734.49,11.6951,
0.0113636,0.011264,0.0416667,0.012288,0.181818,0.011264,0.727273,0.011264,2.90909,0.011264,10.6667,0.012288,42.6667,0.012288,157.538,0.013312,455.111,0.018432,546.133,0.06144,668.735,0.200704,700.92,0.765952,753.017,2.85184,734.297,11.6982,
0.0113636,0.011264,0.0416667,0.012288,0.2,0.01024,0.666667,0.012288,2.66667,0.012288,11.6364,0.011264,42.6667,0.012288,157.538,0.013312,431.158,0.019456,537.18,0.062464,675.629,0.198656,699.984,0.766976,753.829,2.84877,734.297,11.6982,
0.0104167,0.012288,0.0416667,0.012288,0.181818,0.011264,0.727273,0.011264,2.66667,0.012288,10.6667,0.012288,42.6667,0.012288,157.538,0.013312,431.158,0.019456,537.18,0.062464,668.735,0.200704,699.051,0.768,753.829,2.84877,734.297,11.6982,
0.0113636,0.011264,0.0454545,0.011264,0.181818,0.011264,0.727273,0.011264,2.90909,0.011264,10.6667,0.012288,39.3846,0.013312,146.286,0.014336,431.158,0.019456,537.18,0.062464,668.735,0.200704,699.984,0.766976,753.017,2.85184,734.233,11.6992,
0.0104167,0.012288,0.0333333,0.01536,0.181818,0.011264,0.666667,0.012288,2.66667,0.012288,10.6667,0.012288,42.6667,0.012288,157.538,0.013312,409.6,0.02048,537.18,0.062464,668.735,0.200704,699.984,0.766976,753.017,2.85184,734.361,11.6972,
0.0113636,0.011264,0.0416667,0.012288,0.181818,0.011264,0.727273,0.011264,2.90909,0.011264,10.6667,0.012288,42.6667,0.012288,157.538,0.013312,431.158,0.019456,546.133,0.06144,668.735,0.200704,696.266,0.771072,753.287,2.85082,734.425,11.6961,
0.0113636,0.011264,0.0454545,0.011264,0.181818,0.011264,0.727273,0.011264,2.90909,0.011264,10.6667,0.012288,42.6667,0.012288,146.286,0.014336,431.158,0.019456,537.18,0.062464,668.735,0.200704,694.421,0.77312,752.747,2.85286,734.297,11.6982,
0.0113636,0.011264,0.0454545,0.011264,0.2,0.01024,0.727273,0.011264,2.90909,0.011264,10.6667,0.012288,42.6667,0.012288,157.538,0.013312,431.158,0.019456,537.18,0.062464,668.735,0.200704,696.266,0.771072,753.829,2.84877,734.618,11.6931,
0.0113636,0.011264,0.0454545,0.011264,0.181818,0.011264,0.727273,0.011264,2.66667,0.012288,10.6667,0.012288,39.3846,0.013312,157.538,0.013312,409.6,0.02048,537.18,0.062464,668.735,0.200704,697.191,0.770048,753.829,2.84877,734.554,11.6941,
0.0113636,0.011264,0.0454545,0.011264,0.2,0.01024,0.727273,0.011264,2.66667,0.012288,10.6667,0.012288,39.3846,0.013312,157.538,0.013312,431.158,0.019456,537.18,0.062464,661.98,0.202752,696.266,0.771072,753.017,2.85184,734.425,11.6961,
0.0113636,0.011264,0.0454545,0.011264,0.181818,0.011264,0.666667,0.012288,2.66667,0.012288,10.6667,0.012288,42.6667,0.012288,146.286,0.014336,455.111,0.018432,546.133,0.06144,658.653,0.203776,695.342,0.772096,753.558,2.84979,734.361,11.6972,
