bandwidth_0,time_0,bandwidth_1,time_1,bandwidth_2,time_2,bandwidth_3,time_3,bandwidth_4,time_4,bandwidth_5,time_5,bandwidth_6,time_6,bandwidth_7,time_7,bandwidth_8,time_8,bandwidth_9,time_9,bandwidth_10,time_10,bandwidth_11,time_11,bandwidth_12,time_12,bandwidth_13,time_13,
,,,,,,0.727273,0.011264,2.90909,0.011264,11.6364,0.011264,42.6667,0.012288,128,0.016384,256,0.032768,303.407,0.110592,367.148,0.365568,504.123,1.06496,509.76,4.21274,335.585,25.5969,
,,,,,,0.727273,0.011264,2.90909,0.011264,10.6667,0.012288,42.6667,0.012288,128,0.016384,256,0.032768,306.243,0.109568,367.148,0.365568,505.581,1.06189,509.76,4.21274,335.652,25.5918,
,,,,,,0.8,0.01024,2.90909,0.011264,11.6364,0.011264,39.3846,0.013312,120.471,0.017408,256,0.032768,303.407,0.110592,368.18,0.364544,505.581,1.06189,510.132,4.20966,335.585,25.5969,
,,,,,,0.727273,0.011264,2.90909,0.011264,11.6364,0.011264,39.3846,0.013312,113.778,0.018432,256,0.032768,312.076,0.10752,368.18,0.364544,505.581,1.06189,509.884,4.21171,335.598,25.5959,
,,,,,,0.727273,0.011264,2.90909,0.011264,11.6364,0.011264,39.3846,0.013312,128,0.016384,256,0.032768,309.132,0.108544,368.18,0.364544,505.581,1.06189,510.38,4.20762,397.621,21.6033,
,,,,,,0.727273,0.011264,2.90909,0.011264,11.6364,0.011264,42.6667,0.012288,128,0.016384,256,0.032768,309.132,0.108544,368.18,0.364544,506.07,1.06086,510.008,4.21069,509.76,16.8509,
,,,,,,0.727273,0.011264,2.90909,0.011264,11.6364,0.011264,42.6667,0.012288,128,0.016384,248.242,0.033792,306.243,0.109568,368.18,0.364544,506.07,1.06086,510.38,4.20762,509.822,16.8489,
,,,,,,0.727273,0.011264,2.66667,0.012288,10.6667,0.012288,39.3846,0.013312,128,0.016384,248.242,0.033792,312.076,0.10752,369.217,0.36352,505.581,1.06189,510.256,4.20864,509.853,16.8479,
,,,,,,0.727273,0.011264,2.66667,0.012288,11.6364,0.011264,39.3846,0.013312,128,0.016384,256,0.032768,309.132,0.108544,369.217,0.36352,506.558,1.05984,510.256,4.20864,509.822,16.8489,
,,,,,,0.727273,0.011264,2.66667,0.012288,11.6364,0.011264,39.3846,0.013312,128,0.016384,256,0.032768,312.076,0.10752,368.18,0.364544,505.581,1.06189,510.256,4.20864,509.884,16.8468,
,,,,,,0.727273,0.011264,2.90909,0.011264,11.6364,0.011264,39.3846,0.013312,120.471,0.017408,248.242,0.033792,318.136,0.105472,368.18,0.364544,506.07,1.06086,510.256,4.20864,509.605,16.8561,
,,,,,,0.727273,0.011264,2.90909,0.011264,10.6667,0.012288,39.3846,0.013312,128,0.016384,256,0.032768,315.077,0.106496,369.217,0.36352,506.07,1.06086,510.504,4.20659,509.853,16.8479,
,,,,,,0.8,0.01024,2.90909,0.011264,11.6364,0.011264,39.3846,0.013312,128,0.016384,256,0.032768,318.136,0.105472,369.217,0.36352,505.581,1.06189,510.38,4.20762,509.853,16.8479,
,,,,,,0.727273,0.011264,2.90909,0.011264,11.6364,0.011264,39.3846,0.013312,120.471,0.017408,248.242,0.033792,315.077,0.106496,367.148,0.365568,505.581,1.06189,510.38,4.20762,509.76,16.8509,
,,,,,,0.727273,0.011264,2.66667,0.012288,11.6364,0.011264,39.3846,0.013312,128,0.016384,248.242,0.033792,318.136,0.105472,368.18,0.364544,506.07,1.06086,509.884,4.21171,509.76,16.8509,
,,,,,,0.727273,0.011264,2.90909,0.011264,10.6667,0.012288,42.6667,0.012288,128,0.016384,221.405,0.037888,318.136,0.105472,368.18,0.364544,506.07,1.06086,509.512,4.21478,509.76,16.8509,
,,,,,,0.727273,0.011264,2.90909,0.011264,11.6364,0.011264,39.3846,0.013312,128,0.016384,256,0.032768,318.136,0.105472,368.18,0.364544,505.581,1.06189,509.512,4.21478,509.574,16.8571,
,,,,,,0.8,0.01024,2.90909,0.011264,11.6364,0.011264,42.6667,0.012288,128,0.016384,248.242,0.033792,315.077,0.106496,369.217,0.36352,506.558,1.05984,510.008,4.21069,509.791,16.8499,
,,,,,,0.727273,0.011264,2.90909,0.011264,11.6364,0.011264,39.3846,0.013312,128,0.016384,227.556,0.036864,315.077,0.106496,368.18,0.364544,506.07,1.06086,510.256,4.20864,509.698,16.853,
,,,,,,0.727273,0.011264,2.66667,0.012288,11.6364,0.011264,39.3846,0.013312,128,0.016384,256,0.032768,318.136,0.105472,369.217,0.36352,506.558,1.05984,510.256,4.20864,509.791,16.8499,
,,,,,,0.727273,0.011264,2.90909,0.011264,11.6364,0.011264,39.3846,0.013312,128,0.016384,248.242,0.033792,315.077,0.106496,368.18,0.364544,506.07,1.06086,510.256,4.20864,509.76,16.8509,
,,,,,,0.727273,0.011264,2.90909,0.011264,10.6667,0.012288,42.6667,0.012288,128,0.016384,256,0.032768,318.136,0.105472,368.18,0.364544,506.07,1.06086,510.629,4.20557,509.76,16.8509,
,,,,,,0.727273,0.011264,2.90909,0.011264,11.6364,0.011264,39.3846,0.013312,128,0.016384,256,0.032768,318.136,0.105472,368.18,0.364544,506.07,1.06086,510.38,4.20762,509.791,16.8499,
,,,,,,0.727273,0.011264,2.90909,0.011264,11.6364,0.011264,39.3846,0.013312,128,0.016384,248.242,0.033792,318.136,0.105472,368.18,0.364544,505.581,1.06189,510.504,4.20659,509.481,16.8602,
,,,,,,0.8,0.01024,2.90909,0.011264,11.6364,0.011264,42.6667,0.012288,128,0.016384,256,0.032768,318.136,0.105472,368.18,0.364544,505.581,1.06189,510.132,4.20966,509.481,16.8602,
,,,,,,0.727273,0.011264,2.90909,0.011264,11.6364,0.011264,39.3846,0.013312,120.471,0.017408,221.405,0.037888,318.136,0.105472,368.18,0.364544,505.581,1.06189,510.132,4.20966,509.512,16.8591,
,,,,,,0.727273,0.011264,2.90909,0.011264,11.6364,0.011264,42.6667,0.012288,128,0.016384,248.242,0.033792,318.136,0.105472,369.217,0.36352,506.07,1.06086,510.132,4.20966,509.079,16.8735,
,,,,,,0.727273,0.011264,2.90909,0.011264,10.6667,0.012288,42.6667,0.012288,120.471,0.017408,248.242,0.033792,315.077,0.106496,368.18,0.364544,506.07,1.06086,510.132,4.20966,508.956,16.8776,
,,,,,,0.8,0.01024,2.90909,0.011264,11.6364,0.011264,39.3846,0.013312,128,0.016384,248.242,0.033792,318.136,0.105472,369.217,0.36352,506.07,1.06086,509.512,4.21478,509.141,16.8714,
,,,,,,0.727273,0.011264,2.90909,0.011264,11.6364,0.011264,39.3846,0.013312,120.471,0.017408,248.242,0.033792,315.077,0.106496,369.217,0.36352,505.581,1.06189,509.141,4.21786,509.327,16.8653,
,,,,,,0.727273,0.011264,2.28571,0.014336,11.6364,0.011264,39.3846,0.013312,128,0.016384,248.242,0.033792,315.077,0.106496,367.148,0.365568,506.07,1.06086,510.008,4.21069,509.234,16.8684,
,,,,,,0.666667,0.012288,2.90909,0.011264,11.6364,0.011264,42.6667,0.012288,128,0.016384,256,0.032768,318.136,0.105472,367.148,0.365568,506.07,1.06086,510.504,4.20659,509.296,16.8663,
,,,,,,0.727273,0.011264,2.90909,0.011264,11.6364,0.011264,42.6667,0.012288,128,0.016384,256,0.032768,321.255,0.104448,369.217,0.36352,506.07,1.06086,510.504,4.20659,509.172,16.8704,
,,,,,,0.727273,0.011264,2.90909,0.011264,11.6364,0.011264,39.3846,0.013312,128,0.016384,256,0.032768,315.077,0.106496,367.148,0.365568,506.07,1.06086,510.256,4.20864,509.11,16.8724,
,,,,,,0.727273,0.011264,2.66667,0.012288,11.6364,0.011264,42.6667,0.012288,120.471,0.017408,248.242,0.033792,318.136,0.105472,369.217,0.36352,506.07,1.06086,510.256,4.20864,508.987,16.8765,
,,,,,,0.727273,0.011264,2.66667,0.012288,11.6364,0.011264,39.3846,0.013312,128,0.016384,256,0.032768,315.077,0.106496,367.148,0.365568,506.07,1.06086,510.256,4.20864,509.265,16.8673,
,,,,,,0.727273,0.011264,2.90909,0.011264,11.6364,0.011264,39.3846,0.013312,128,0.016384,248.242,0.033792,315.077,0.106496,368.18,0.364544,505.581,1.06189,510.256,4.20864,509.11,16.8724,
,,,,,,0.727273,0.011264,2.90909,0.011264,11.6364,0.011264,42.6667,0.012288,128,0.016384,248.242,0.033792,315.077,0.106496,369.217,0.36352,506.07,1.06086,509.884,4.21171,509.234,16.8684,
,,,,,,0.8,0.01024,2.66667,0.012288,11.6364,0.011264,42.6667,0.012288,128,0.016384,256,0.032768,315.077,0.106496,369.217,0.36352,506.07,1.06086,508.77,4.22093,509.203,16.8694,
,,,,,,0.727273,0.011264,2.90909,0.011264,11.6364,0.011264,42.6667,0.012288,128,0.016384,248.242,0.033792,312.076,0.10752,369.217,0.36352,506.07,1.06086,508.4,4.224,509.203,16.8694,
,,,,,,0.8,0.01024,2.90909,0.011264,10.6667,0.012288,42.6667,0.012288,128,0.016384,248.242,0.033792,312.076,0.10752,368.18,0.364544,506.07,1.06086,509.017,4.21888,509.11,16.8724,
,,,,,,0.727273,0.011264,2.90909,0.011264,10.6667,0.012288,39.3846,0.013312,128,0.016384,256,0.032768,315.077,0.106496,369.217,0.36352,505.581,1.06189,508.031,4.22707,509.048,16.8745,
,,,,,,0.727273,0.011264,2.66667,0.012288,11.6364,0.011264,39.3846,0.013312,107.789,0.019456,256,0.032768,148.945,0.22528,369.217,0.36352,505.581,1.06189,508.031,4.22707,509.234,16.8684,
,,,,,,0.8,0.01024,2.90909,0.011264,11.6364,0.011264,39.3846,0.013312,128,0.016384,248.242,0.033792,303.407,0.110592,368.18,0.364544,506.07,1.06086,508.77,4.22093,509.327,16.8653,
,,,,,,0.727273,0.011264,2.90909,0.011264,11.6364,0.011264,39.3846,0.013312,128,0.016384,240.941,0.034816,309.132,0.108544,368.18,0.364544,506.07,1.06086,508.77,4.22093,509.141,16.8714,
,,,,,,0.8,0.01024,2.90909,0.011264,11.6364,0.011264,39.3846,0.013312,128,0.016384,248.242,0.033792,309.132,0.108544,368.18,0.364544,506.07,1.06086,508.894,4.2199,509.357,16.8643,
,,,,,,0.727273,0.011264,2.90909,0.011264,11.6364,0.011264,42.6667,0.012288,128,0.016384,256,0.032768,309.132,0.108544,368.18,0.364544,506.07,1.06086,508.524,4.22298,509.141,16.8714,
,,,,,,0.727273,0.011264,2.66667,0.012288,11.6364,0.011264,39.3846,0.013312,120.471,0.017408,256,0.032768,312.076,0.10752,368.18,0.364544,506.558,1.05984,508.277,4.22502,509.419,16.8622,
,,,,,,0.8,0.01024,2.90909,0.011264,11.6364,0.011264,39.3846,0.013312,128,0.016384,256,0.032768,315.077,0.106496,368.18,0.364544,506.07,1.06086,508.4,4.224,509.543,16.8581,
,,,,,,0.727273,0.011264,2.90909,0.011264,11.6364,0.011264,42.6667,0.012288,128,0.016384,248.242,0.033792,312.076,0.10752,368.18,0.364544,506.07,1.06086,508.277,4.22502,509.605,16.8561,
,,,,,,0.727273,0.011264,2.90909,0.011264,11.6364,0.011264,42.6667,0.012288,128,0.016384,256,0.032768,312.076,0.10752,368.18,0.364544,506.07,1.06086,508.031,4.22707,509.667,16.854,
,,,,,,0.727273,0.011264,2.90909,0.011264,11.6364,0.011264,39.3846,0.013312,128,0.016384,256,0.032768,312.076,0.10752,368.18,0.364544,506.07,1.06086,508.647,4.22195,509.76,16.8509,
,,,,,,0.8,0.01024,2.90909,0.011264,11.6364,0.011264,39.3846,0.013312,128,0.016384,256,0.032768,312.076,0.10752,369.217,0.36352,506.07,1.06086,509.017,4.21888,509.729,16.852,
,,,,,,0.8,0.01024,3.2,0.01024,11.6364,0.011264,42.6667,0.012288,128,0.016384,256,0.032768,312.076,0.10752,369.217,0.36352,506.07,1.06086,509.141,4.21786,509.791,16.8499,
,,,,,,0.727273,0.011264,2.90909,0.011264,10.6667,0.012288,39.3846,0.013312,128,0.016384,256,0.032768,312.076,0.10752,368.18,0.364544,505.581,1.06189,509.141,4.21786,509.729,16.852,
,,,,,,0.727273,0.011264,2.90909,0.011264,10.6667,0.012288,39.3846,0.013312,128,0.016384,256,0.032768,312.076,0.10752,368.18,0.364544,506.07,1.06086,509.017,4.21888,509.76,16.8509,
,,,,,,0.8,0.01024,2.90909,0.011264,11.6364,0.011264,39.3846,0.013312,128,0.016384,221.405,0.037888,312.076,0.10752,368.18,0.364544,506.07,1.06086,508.277,4.22502,509.667,16.854,
,,,,,,0.727273,0.011264,2.90909,0.011264,11.6364,0.011264,39.3846,0.013312,128,0.016384,256,0.032768,312.076,0.10752,368.18,0.364544,504.123,1.06496,508.4,4.224,509.729,16.852,
,,,,,,0.727273,0.011264,2.90909,0.011264,11.6364,0.011264,39.3846,0.013312,128,0.016384,248.242,0.033792,312.076,0.10752,369.217,0.36352,505.581,1.06189,508.647,4.22195,509.884,16.8468,
,,,,,,0.727273,0.011264,2.90909,0.011264,11.6364,0.011264,42.6667,0.012288,128,0.016384,256,0.032768,315.077,0.106496,368.18,0.364544,506.07,1.06086,508.4,4.224,509.76,16.8509,
,,,,,,0.8,0.01024,2.90909,0.011264,11.6364,0.011264,42.6667,0.012288,128,0.016384,256,0.032768,315.077,0.106496,368.18,0.364544,505.094,1.06291,508.77,4.22093,509.791,16.8499,
,,,,,,0.727273,0.011264,3.2,0.01024,10.6667,0.012288,39.3846,0.013312,128,0.016384,256,0.032768,312.076,0.10752,368.18,0.364544,505.581,1.06189,508.894,4.2199,509.76,16.8509,
,,,,,,0.727273,0.011264,2.90909,0.011264,11.6364,0.011264,42.6667,0.012288,128,0.016384,234.057,0.03584,309.132,0.108544,368.18,0.364544,506.07,1.06086,508.77,4.22093,509.76,16.8509,
,,,,,,0.8,0.01024,2.90909,0.011264,10.6667,0.012288,39.3846,0.013312,128,0.016384,256,0.032768,315.077,0.106496,369.217,0.36352,505.581,1.06189,508.4,4.224,509.698,16.853,
,,,,,,0.727273,0.011264,2.90909,0.011264,11.6364,0.011264,39.3846,0.013312,128,0.016384,248.242,0.033792,312.076,0.10752,368.18,0.364544,506.07,1.06086,509.512,4.21478,509.76,16.8509,
,,,,,,0.727273,0.011264,2.90909,0.011264,11.6364,0.011264,39.3846,0.013312,128,0.016384,256,0.032768,312.076,0.10752,368.18,0.364544,506.558,1.05984,509.388,4.21581,509.791,16.8499,
,,,,,,0.727273,0.011264,2.90909,0.011264,11.6364,0.011264,42.6667,0.012288,128,0.016384,256,0.032768,312.076,0.10752,368.18,0.364544,506.07,1.06086,509.512,4.21478,509.605,16.8561,
,,,,,,0.533333,0.01536,2.66667,0.012288,11.6364,0.011264,42.6667,0.012288,128,0.016384,256,0.032768,315.077,0.106496,368.18,0.364544,506.07,1.06086,509.388,4.21581,509.791,16.8499,
,,,,,,0.8,0.01024,2.66667,0.012288,11.6364,0.011264,42.6667,0.012288,128,0.016384,248.242,0.033792,315.077,0.106496,368.18,0.364544,506.07,1.06086,509.884,4.21171,509.698,16.853,
,,,,,,0.727273,0.011264,2.90909,0.011264,11.6364,0.011264,42.6667,0.012288,128,0.016384,248.242,0.033792,312.076,0.10752,369.217,0.36352,505.581,1.06189,510.132,4.20966,509.605,16.8561,
,,,,,,0.727273,0.011264,2.90909,0.011264,11.6364,0.011264,39.3846,0.013312,128,0.016384,256,0.032768,315.077,0.106496,368.18,0.364544,506.07,1.06086,510.132,4.20966,509.636,16.855,
,,,,,,0.727273,0.011264,2.90909,0.011264,11.6364,0.011264,39.3846,0.013312,128,0.016384,248.242,0.033792,312.076,0.10752,369.217,0.36352,505.581,1.06189,510.132,4.20966,509.76,16.8509,
,,,,,,0.727273,0.011264,2.90909,0.011264,10.6667,0.012288,39.3846,0.013312,128,0.016384,256,0.032768,309.132,0.108544,369.217,0.36352,506.558,1.05984,510.504,4.20659,509.729,16.852,
,,,,,,0.727273,0.011264,2.90909,0.011264,11.6364,0.011264,39.3846,0.013312,120.471,0.017408,256,0.032768,312.076,0.10752,369.217,0.36352,506.558,1.05984,510.132,4.20966,509.729,16.852,
,,,,,,0.8,0.01024,2.90909,0.011264,11.6364,0.011264,39.3846,0.013312,128,0.016384,256,0.032768,312.076,0.10752,369.217,0.36352,506.07,1.06086,510.38,4.20762,509.76,16.8509,
,,,,,,0.666667,0.012288,2.90909,0.011264,11.6364,0.011264,42.6667,0.012288,128,0.016384,256,0.032768,312.076,0.10752,368.18,0.364544,506.558,1.05984,510.38,4.20762,509.605,16.8561,
,,,,,,0.727273,0.011264,2.90909,0.011264,11.6364,0.011264,39.3846,0.013312,128,0.016384,248.242,0.033792,315.077,0.106496,368.18,0.364544,506.07,1.06086,510.38,4.20762,509.76,16.8509,
,,,,,,0.727273,0.011264,2.90909,0.011264,11.6364,0.011264,39.3846,0.013312,128,0.016384,248.242,0.033792,315.077,0.106496,367.148,0.365568,506.558,1.05984,510.504,4.20659,509.605,16.8561,
,,,,,,0.8,0.01024,2.90909,0.011264,11.6364,0.011264,42.6667,0.012288,128,0.016384,256,0.032768,312.076,0.10752,368.18,0.364544,506.558,1.05984,510.256,4.20864,509.45,16.8612,
,,,,,,0.727273,0.011264,2.90909,0.011264,11.6364,0.011264,42.6667,0.012288,128,0.016384,256,0.032768,312.076,0.10752,368.18,0.364544,506.07,1.06086,510.38,4.20762,509.667,16.854,
,,,,,,0.727273,0.011264,2.66667,0.012288,11.6364,0.011264,39.3846,0.013312,128,0.016384,256,0.032768,312.076,0.10752,367.148,0.365568,506.558,1.05984,510.256,4.20864,509.853,16.8479,
,,,,,,0.727273,0.011264,2.90909,0.011264,11.6364,0.011264,39.3846,0.013312,120.471,0.017408,248.242,0.033792,312.076,0.10752,369.217,0.36352,506.07,1.06086,510.132,4.20966,509.853,16.8479,
,,,,,,0.8,0.01024,2.66667,0.012288,11.6364,0.011264,39.3846,0.013312,128,0.016384,256,0.032768,315.077,0.106496,369.217,0.36352,506.07,1.06086,510.132,4.20966,509.76,16.8509,
,,,,,,0.727273,0.011264,2.90909,0.011264,11.6364,0.011264,39.3846,0.013312,128,0.016384,256,0.032768,312.076,0.10752,368.18,0.364544,506.07,1.06086,510.256,4.20864,509.574,16.8571,
,,,,,,0.727273,0.011264,2.90909,0.011264,11.6364,0.011264,42.6667,0.012288,128,0.016384,256,0.032768,312.076,0.10752,367.148,0.365568,505.581,1.06189,510.256,4.20864,509.729,16.852,
,,,,,,0.727273,0.011264,2.90909,0.011264,10.6667,0.012288,39.3846,0.013312,128,0.016384,256,0.032768,312.076,0.10752,368.18,0.364544,506.07,1.06086,510.38,4.20762,509.791,16.8499,
,,,,,,0.727273,0.011264,2.66667,0.012288,11.6364,0.011264,39.3846,0.013312,128,0.016384,256,0.032768,315.077,0.106496,366.123,0.366592,506.07,1.06086,510.256,4.20864,509.729,16.852,
,,,,,,0.727273,0.011264,2.90909,0.011264,10.6667,0.012288,42.6667,0.012288,128,0.016384,256,0.032768,312.076,0.10752,369.217,0.36352,505.581,1.06189,510.132,4.20966,509.667,16.854,
,,,,,,0.727273,0.011264,2.66667,0.012288,11.6364,0.011264,42.6667,0.012288,128,0.016384,256,0.032768,312.076,0.10752,369.217,0.36352,506.558,1.05984,510.132,4.20966,509.636,16.855,
,,,,,,0.666667,0.012288,2.90909,0.011264,11.6364,0.011264,39.3846,0.013312,128,0.016384,256,0.032768,312.076,0.10752,368.18,0.364544,506.07,1.06086,509.388,4.21581,509.76,16.8509,
,,,,,,0.727273,0.011264,2.90909,0.011264,11.6364,0.011264,42.6667,0.012288,128,0.016384,256,0.032768,312.076,0.10752,368.18,0.364544,505.581,1.06189,509.388,4.21581,509.853,16.8479,
,,,,,,0.727273,0.011264,2.90909,0.011264,11.6364,0.011264,39.3846,0.013312,128,0.016384,248.242,0.033792,312.076,0.10752,368.18,0.364544,505.581,1.06189,509.76,4.21274,509.822,16.8489,
,,,,,,0.727273,0.011264,2.90909,0.011264,10.6667,0.012288,39.3846,0.013312,120.471,0.017408,248.242,0.033792,312.076,0.10752,369.217,0.36352,506.07,1.06086,510.132,4.20966,509.76,16.8509,
,,,,,,0.727273,0.011264,2.90909,0.011264,11.6364,0.011264,42.6667,0.012288,128,0.016384,248.242,0.033792,312.076,0.10752,368.18,0.364544,506.558,1.05984,510.256,4.20864,509.791,16.8499,
,,,,,,0.8,0.01024,2.90909,0.011264,11.6364,0.011264,42.6667,0.012288,128,0.016384,248.242,0.033792,312.076,0.10752,369.217,0.36352,506.07,1.06086,510.38,4.20762,509.822,16.8489,
,,,,,,0.727273,0.011264,2.90909,0.011264,11.6364,0.011264,39.3846,0.013312,128,0.016384,256,0.032768,312.076,0.10752,368.18,0.364544,506.07,1.06086,510.38,4.20762,509.791,16.8499,
,,,,,,0.8,0.01024,2.90909,0.011264,11.6364,0.011264,39.3846,0.013312,128,0.016384,248.242,0.033792,315.077,0.106496,368.18,0.364544,506.07,1.06086,510.256,4.20864,509.729,16.852,
,,,,,,0.727273,0.011264,2.90909,0.011264,11.6364,0.011264,42.6667,0.012288,128,0.016384,256,0.032768,309.132,0.108544,368.18,0.364544,506.07,1.06086,510.38,4.20762,509.698,16.853,
,,,,,,0.727273,0.011264,2.90909,0.011264,10.6667,0.012288,39.3846,0.013312,128,0.016384,256,0.032768,312.076,0.10752,369.217,0.36352,505.581,1.06189,510.256,4.20864,509.667,16.854,
,,,,,,0.666667,0.012288,2.90909,0.011264,11.6364,0.011264,39.3846,0.013312,120.471,0.017408,256,0.032768,312.076,0.10752,368.18,0.364544,505.581,1.06189,510.256,4.20864,509.543,16.8581,
,,,,,,0.727273,0.011264,2.66667,0.012288,10.6667,0.012288,39.3846,0.013312,128,0.016384,240.941,0.034816,303.407,0.110592,361.08,0.371712,499.798,1.07418,509.265,4.21683,335.585,25.5969,
,,,,,,0.727273,0.011264,2.66667,0.012288,11.6364,0.011264,39.3846,0.013312,120.471,0.017408,240.941,0.034816,306.243,0.109568,364.089,0.36864,502.673,1.06803,508.894,4.2199,335.464,25.6061,
,,,,,,0.727273,0.011264,2.66667,0.012288,10.6667,0.012288,39.3846,0.013312,120.471,0.017408,248.242,0.033792,303.407,0.110592,363.08,0.369664,503.155,1.06701,507.908,4.2281,335.383,25.6123,
,,,,,,0.727273,0.011264,2.66667,0.012288,10.6667,0.012288,39.3846,0.013312,128,0.016384,240.941,0.034816,306.243,0.109568,364.089,0.36864,502.192,1.06906,508.524,4.22298,335.424,25.6092,
,,,,,,0.727273,0.011264,2.66667,0.012288,11.6364,0.011264,39.3846,0.013312,120.471,0.017408,234.057,0.03584,306.243,0.109568,365.103,0.367616,503.155,1.06701,508.154,4.22605,340.765,25.2078,
,,,,,,0.727273,0.011264,2.90909,0.011264,11.6364,0.011264,39.3846,0.013312,120.471,0.017408,234.057,0.03584,303.407,0.110592,364.089,0.36864,503.639,1.06598,508.277,4.22502,509.017,16.8755,
,,,,,,0.727273,0.011264,2.66667,0.012288,10.6667,0.012288,39.3846,0.013312,120.471,0.017408,234.057,0.03584,306.243,0.109568,363.08,0.369664,501.231,1.0711,508.524,4.22298,509.388,16.8632,
,,,,,,0.727273,0.011264,2.90909,0.011264,11.6364,0.011264,39.3846,0.013312,120.471,0.017408,248.242,0.033792,306.243,0.109568,364.089,0.36864,503.155,1.06701,508.277,4.22502,509.667,16.854,
,,,,,,0.727273,0.011264,2.66667,0.012288,11.6364,0.011264,3.41333,0.1536,128,0.016384,240.941,0.034816,306.243,0.109568,363.08,0.369664,503.639,1.06598,508.524,4.22298,509.76,16.8509,
,,,,,,0.666667,0.012288,2.66667,0.012288,10.6667,0.012288,39.3846,0.013312,120.471,0.017408,221.405,0.037888,306.243,0.109568,363.08,0.369664,502.673,1.06803,508.524,4.22298,509.791,16.8499,
,,,,,,0.727273,0.011264,2.66667,0.012288,10.6667,0.012288,39.3846,0.013312,120.471,0.017408,234.057,0.03584,303.407,0.110592,364.089,0.36864,503.155,1.06701,508.4,4.224,509.605,16.8561,
,,,,,,0.727273,0.011264,2.66667,0.012288,10.6667,0.012288,39.3846,0.013312,120.471,0.017408,248.242,0.033792,306.243,0.109568,363.08,0.369664,503.155,1.06701,508.4,4.224,509.822,16.8489,
,,,,,,0.8,0.01024,2.66667,0.012288,11.6364,0.011264,39.3846,0.013312,120.471,0.017408,248.242,0.033792,303.407,0.110592,363.08,0.369664,502.673,1.06803,508.277,4.22502,509.791,16.8499,
,,,,,,0.666667,0.012288,2.66667,0.012288,10.6667,0.012288,39.3846,0.013312,120.471,0.017408,240.941,0.034816,306.243,0.109568,363.08,0.369664,504.123,1.06496,507.908,4.2281,509.822,16.8489,
,,,,,,0.727273,0.011264,2.90909,0.011264,10.6667,0.012288,39.3846,0.013312,97.5238,0.021504,240.941,0.034816,303.407,0.110592,364.089,0.36864,503.155,1.06701,508.154,4.22605,509.853,16.8479,
,,,,,,0.727273,0.011264,2.66667,0.012288,10.6667,0.012288,39.3846,0.013312,120.471,0.017408,240.941,0.034816,306.243,0.109568,363.08,0.369664,503.155,1.06701,508.524,4.22298,509.791,16.8499,
,,,,,,0.727273,0.011264,2.66667,0.012288,11.6364,0.011264,39.3846,0.013312,120.471,0.017408,248.242,0.033792,303.407,0.110592,363.08,0.369664,503.155,1.06701,508.4,4.224,509.605,16.8561,
,,,,,,0.666667,0.012288,2.90909,0.011264,10.6667,0.012288,39.3846,0.013312,120.471,0.017408,248.242,0.033792,295.207,0.113664,363.08,0.369664,503.639,1.06598,508.4,4.224,509.45,16.8612,
,,,,,,0.727273,0.011264,2.66667,0.012288,10.6667,0.012288,36.5714,0.014336,120.471,0.017408,240.941,0.034816,303.407,0.110592,364.089,0.36864,503.155,1.06701,508.524,4.22298,508.987,16.8765,
,,,,,,0.666667,0.012288,2.66667,0.012288,11.6364,0.011264,39.3846,0.013312,120.471,0.017408,248.242,0.033792,306.243,0.109568,363.08,0.369664,503.639,1.06598,508.154,4.22605,509.017,16.8755,
,,,,,,0.727273,0.011264,2.66667,0.012288,10.6667,0.012288,39.3846,0.013312,120.471,0.017408,240.941,0.034816,306.243,0.109568,363.08,0.369664,503.639,1.06598,508.524,4.22298,509.048,16.8745,
,,,,,,0.666667,0.012288,2.66667,0.012288,10.6667,0.012288,39.3846,0.013312,120.471,0.017408,240.941,0.034816,306.243,0.109568,364.089,0.36864,503.155,1.06701,508.77,4.22093,509.234,16.8684,
,,,,,,0.727273,0.011264,2.90909,0.011264,10.6667,0.012288,39.3846,0.013312,120.471,0.017408,240.941,0.034816,303.407,0.110592,363.08,0.369664,503.639,1.06598,509.141,4.21786,509.234,16.8684,
,,,,,,0.727273,0.011264,2.66667,0.012288,10.6667,0.012288,39.3846,0.013312,120.471,0.017408,248.242,0.033792,306.243,0.109568,363.08,0.369664,503.639,1.06598,509.141,4.21786,509.11,16.8724,
,,,,,,0.727273,0.011264,2.66667,0.012288,10.6667,0.012288,39.3846,0.013312,120.471,0.017408,248.242,0.033792,306.243,0.109568,363.08,0.369664,501.711,1.07008,508.524,4.22298,509.11,16.8724,
,,,,,,0.727273,0.011264,2.90909,0.011264,11.6364,0.011264,39.3846,0.013312,120.471,0.017408,240.941,0.034816,306.243,0.109568,363.08,0.369664,503.155,1.06701,508.031,4.22707,509.048,16.8745,
,,,,,,0.727273,0.011264,2.90909,0.011264,10.6667,0.012288,39.3846,0.013312,120.471,0.017408,240.941,0.034816,227.556,0.147456,363.08,0.369664,503.155,1.06701,508.524,4.22298,509.357,16.8643,
,,,,,,0.727273,0.011264,2.90909,0.011264,11.6364,0.011264,39.3846,0.013312,128,0.016384,240.941,0.034816,306.243,0.109568,363.08,0.369664,503.639,1.06598,508.894,4.2199,509.791,16.8499,
,,,,,,0.727273,0.011264,2.66667,0.012288,11.6364,0.011264,39.3846,0.013312,120.471,0.017408,240.941,0.034816,303.407,0.110592,364.089,0.36864,503.639,1.06598,509.265,4.21683,509.729,16.852,
,,,,,,0.727273,0.011264,2.66667,0.012288,10.6667,0.012288,39.3846,0.013312,120.471,0.017408,240.941,0.034816,306.243,0.109568,363.08,0.369664,503.155,1.06701,509.141,4.21786,509.636,16.855,
,,,,,,0.727273,0.011264,2.66667,0.012288,11.6364,0.011264,39.3846,0.013312,120.471,0.017408,240.941,0.034816,303.407,0.110592,363.08,0.369664,503.155,1.06701,509.388,4.21581,509.791,16.8499,
,,,,,,0.727273,0.011264,2.66667,0.012288,10.6667,0.012288,39.3846,0.013312,120.471,0.017408,248.242,0.033792,303.407,0.110592,363.08,0.369664,503.155,1.06701,509.76,4.21274,509.729,16.852,
,,,,,,0.727273,0.011264,2.90909,0.011264,10.6667,0.012288,39.3846,0.013312,128,0.016384,234.057,0.03584,306.243,0.109568,364.089,0.36864,503.155,1.06701,508.031,4.22707,509.76,16.8509,
,,,,,,0.727273,0.011264,2.66667,0.012288,10.6667,0.012288,39.3846,0.013312,120.471,0.017408,240.941,0.034816,306.243,0.109568,363.08,0.369664,502.673,1.06803,509.265,4.21683,509.76,16.8509,
,,,,,,0.727273,0.011264,2.66667,0.012288,0.695652,0.188416,39.3846,0.013312,120.471,0.017408,240.941,0.034816,303.407,0.110592,363.08,0.369664,503.639,1.06598,510.38,4.20762,509.512,16.8591,
,,,,,,0.666667,0.012288,2.90909,0.011264,9.14286,0.014336,39.3846,0.013312,120.471,0.017408,240.941,0.034816,306.243,0.109568,364.089,0.36864,503.639,1.06598,510.132,4.20966,509.636,16.855,
,,,,,,0.727273,0.011264,2.66667,0.012288,10.6667,0.012288,39.3846,0.013312,120.471,0.017408,240.941,0.034816,306.243,0.109568,363.08,0.369664,503.155,1.06701,510.008,4.21069,509.698,16.853,
,,,,,,0.727273,0.011264,2.66667,0.012288,10.6667,0.012288,39.3846,0.013312,120.471,0.017408,248.242,0.033792,306.243,0.109568,364.089,0.36864,503.155,1.06701,510.256,4.20864,509.11,16.8724,
,,,,,,0.727273,0.011264,2.66667,0.012288,10.6667,0.012288,39.3846,0.013312,120.471,0.017408,248.242,0.033792,303.407,0.110592,364.089,0.36864,503.155,1.06701,510.132,4.20966,509.11,16.8724,
,,,,,,0.727273,0.011264,2.66667,0.012288,10.6667,0.012288,39.3846,0.013312,120.471,0.017408,240.941,0.034816,306.243,0.109568,363.08,0.369664,502.673,1.06803,510.256,4.20864,509.234,16.8684,
,,,,,,0.727273,0.011264,2.90909,0.011264,10.6667,0.012288,39.3846,0.013312,128,0.016384,240.941,0.034816,303.407,0.110592,364.089,0.36864,503.155,1.06701,510.256,4.20864,509.203,16.8694,
,,,,,,0.666667,0.012288,2.90909,0.011264,10.6667,0.012288,39.3846,0.013312,120.471,0.017408,248.242,0.033792,303.407,0.110592,364.089,0.36864,502.673,1.06803,510.38,4.20762,508.987,16.8765,
,,,,,,0.727273,0.011264,2.66667,0.012288,10.6667,0.012288,39.3846,0.013312,120.471,0.017408,221.405,0.037888,303.407,0.110592,364.089,0.36864,503.155,1.06701,510.256,4.20864,508.956,16.8776,
,,,,,,0.727273,0.011264,2.66667,0.012288,10.6667,0.012288,39.3846,0.013312,120.471,0.017408,240.941,0.034816,306.243,0.109568,363.08,0.369664,503.155,1.06701,510.132,4.20966,508.801,16.8827,
,,,,,,0.727273,0.011264,2.90909,0.011264,10.6667,0.012288,39.3846,0.013312,120.471,0.017408,240.941,0.034816,306.243,0.109568,364.089,0.36864,503.155,1.06701,510.256,4.20864,509.172,16.8704,
,,,,,,0.666667,0.012288,2.90909,0.011264,10.6667,0.012288,39.3846,0.013312,120.471,0.017408,240.941,0.034816,306.243,0.109568,364.089,0.36864,503.639,1.06598,510.132,4.20966,509.45,16.8612,
,,,,,,0.727273,0.011264,2.90909,0.011264,10.6667,0.012288,39.3846,0.013312,120.471,0.017408,240.941,0.034816,303.407,0.110592,363.08,0.369664,502.673,1.06803,510.132,4.20966,509.605,16.8561,
,,,,,,0.666667,0.012288,2.66667,0.012288,10.6667,0.012288,39.3846,0.013312,120.471,0.017408,248.242,0.033792,306.243,0.109568,363.08,0.369664,503.155,1.06701,509.884,4.21171,509.543,16.8581,
,,,,,,0.727273,0.011264,2.66667,0.012288,10.6667,0.012288,39.3846,0.013312,128,0.016384,248.242,0.033792,303.407,0.110592,364.089,0.36864,502.192,1.06906,510.256,4.20864,509.76,16.8509,
,,,,,,0.666667,0.012288,2.66667,0.012288,10.6667,0.012288,39.3846,0.013312,128,0.016384,240.941,0.034816,303.407,0.110592,362.077,0.370688,503.155,1.06701,510.008,4.21069,509.698,16.853,
,,,,,,0.727273,0.011264,2.66667,0.012288,10.6667,0.012288,39.3846,0.013312,120.471,0.017408,240.941,0.034816,303.407,0.110592,363.08,0.369664,503.155,1.06701,510.132,4.20966,509.791,16.8499,
,,,,,,0.727273,0.011264,2.90909,0.011264,11.6364,0.011264,39.3846,0.013312,120.471,0.017408,240.941,0.034816,303.407,0.110592,363.08,0.369664,502.673,1.06803,510.256,4.20864,509.76,16.8509,
,,,,,,0.666667,0.012288,2.90909,0.011264,10.6667,0.012288,36.5714,0.014336,13.8378,0.151552,248.242,0.033792,306.243,0.109568,364.089,0.36864,503.155,1.06701,509.884,4.21171,509.76,16.8509,
,,,,,,0.727273,0.011264,2.66667,0.012288,10.6667,0.012288,36.5714,0.014336,113.778,0.018432,240.941,0.034816,306.243,0.109568,364.089,0.36864,503.155,1.06701,509.141,4.21786,509.76,16.8509,
,,,,,,0.727273,0.011264,2.90909,0.011264,10.6667,0.012288,36.5714,0.014336,120.471,0.017408,221.405,0.037888,306.243,0.109568,364.089,0.36864,502.673,1.06803,509.512,4.21478,509.791,16.8499,
,,,,,,0.727273,0.011264,2.66667,0.012288,8,0.016384,39.3846,0.013312,120.471,0.017408,248.242,0.033792,306.243,0.109568,364.089,0.36864,503.155,1.06701,510.008,4.21069,509.76,16.8509,
,,,,,,0.727273,0.011264,2.66667,0.012288,10.6667,0.012288,39.3846,0.013312,128,0.016384,215.579,0.038912,306.243,0.109568,363.08,0.369664,503.155,1.06701,510.132,4.20966,509.574,16.8571,
,,,,,,0.727273,0.011264,2.90909,0.011264,10.6667,0.012288,39.3846,0.013312,120.471,0.017408,240.941,0.034816,303.407,0.110592,363.08,0.369664,500.753,1.07213,510.008,4.21069,509.048,16.8745,
,,,,,,0.727273,0.011264,2.66667,0.012288,10.6667,0.012288,39.3846,0.013312,113.778,0.018432,240.941,0.034816,300.624,0.111616,364.089,0.36864,503.155,1.06701,510.132,4.20966,508.987,16.8765,
,,,,,,0.727273,0.011264,2.90909,0.011264,10.6667,0.012288,39.3846,0.013312,120.471,0.017408,240.941,0.034816,306.243,0.109568,364.089,0.36864,503.155,1.06701,510.132,4.20966,509.11,16.8724,
,,,,,,0.727273,0.011264,2.66667,0.012288,10.6667,0.012288,36.5714,0.014336,120.471,0.017408,240.941,0.034816,306.243,0.109568,363.08,0.369664,502.673,1.06803,510.008,4.21069,508.987,16.8765,
,,,,,,0.666667,0.012288,2.90909,0.011264,10.6667,0.012288,39.3846,0.013312,120.471,0.017408,240.941,0.034816,306.243,0.109568,364.089,0.36864,503.155,1.06701,510.132,4.20966,508.956,16.8776,
,,,,,,0.666667,0.012288,2.66667,0.012288,10.6667,0.012288,39.3846,0.013312,128,0.016384,240.941,0.034816,303.407,0.110592,364.089,0.36864,503.155,1.06701,510.132,4.20966,509.079,16.8735,
,,,,,,0.727273,0.011264,2.90909,0.011264,11.6364,0.011264,39.3846,0.013312,120.471,0.017408,240.941,0.034816,303.407,0.110592,363.08,0.369664,501.711,1.07008,510.008,4.21069,509.419,16.8622,
,,,,,,0.727273,0.011264,2.66667,0.012288,10.6667,0.012288,39.3846,0.013312,120.471,0.017408,240.941,0.034816,306.243,0.109568,362.077,0.370688,503.155,1.06701,510.132,4.20966,509.481,16.8602,
,,,,,,0.727273,0.011264,2.66667,0.012288,11.6364,0.011264,36.5714,0.014336,120.471,0.017408,248.242,0.033792,303.407,0.110592,363.08,0.369664,503.155,1.06701,510.132,4.20966,509.729,16.852,
,,,,,,0.727273,0.011264,2.66667,0.012288,10.6667,0.012288,36.5714,0.014336,120.471,0.017408,240.941,0.034816,306.243,0.109568,363.08,0.369664,503.155,1.06701,510.256,4.20864,509.791,16.8499,
,,,,,,0.727273,0.011264,2.66667,0.012288,10.6667,0.012288,39.3846,0.013312,120.471,0.017408,248.242,0.033792,303.407,0.110592,364.089,0.36864,503.639,1.06598,510.132,4.20966,509.636,16.855,
,,,,,,0.727273,0.011264,2.66667,0.012288,10.6667,0.012288,39.3846,0.013312,120.471,0.017408,240.941,0.034816,303.407,0.110592,364.089,0.36864,503.155,1.06701,510.38,4.20762,509.729,16.852,
,,,,,,0.666667,0.012288,2.90909,0.011264,10.6667,0.012288,39.3846,0.013312,120.471,0.017408,240.941,0.034816,303.407,0.110592,363.08,0.369664,503.639,1.06598,510.38,4.20762,509.791,16.8499,
,,,,,,0.727273,0.011264,2.66667,0.012288,11.6364,0.011264,36.5714,0.014336,120.471,0.017408,240.941,0.034816,303.407,0.110592,363.08,0.369664,503.155,1.06701,510.008,4.21069,509.822,16.8489,
,,,,,,0.666667,0.012288,2.90909,0.011264,10.6667,0.012288,36.5714,0.014336,120.471,0.017408,240.941,0.034816,303.407,0.110592,363.08,0.369664,503.155,1.06701,509.512,4.21478,509.729,16.852,
,,,,,,0.666667,0.012288,2.66667,0.012288,10.6667,0.012288,36.5714,0.014336,120.471,0.017408,240.941,0.034816,306.243,0.109568,363.08,0.369664,503.155,1.06701,509.884,4.21171,509.76,16.8509,
,,,,,,0.727273,0.011264,2.66667,0.012288,10.6667,0.012288,39.3846,0.013312,128,0.016384,248.242,0.033792,306.243,0.109568,362.077,0.370688,503.155,1.06701,509.76,4.21274,509.605,16.8561,
,,,,,,0.727273,0.011264,2.66667,0.012288,10.6667,0.012288,39.3846,0.013312,120.471,0.017408,240.941,0.034816,306.243,0.109568,363.08,0.369664,503.155,1.06701,510.132,4.20966,509.698,16.853,
,,,,,,0.727273,0.011264,2.90909,0.011264,10.6667,0.012288,39.3846,0.013312,120.471,0.017408,248.242,0.033792,306.243,0.109568,363.08,0.369664,503.639,1.06598,510.256,4.20864,509.45,16.8612,
,,,,,,0.666667,0.012288,2.66667,0.012288,10.6667,0.012288,39.3846,0.013312,120.471,0.017408,240.941,0.034816,303.407,0.110592,364.089,0.36864,501.711,1.07008,510.256,4.20864,509.296,16.8663,
,,,,,,0.727273,0.011264,2.90909,0.011264,10.6667,0.012288,39.3846,0.013312,120.471,0.017408,248.242,0.033792,303.407,0.110592,364.089,0.36864,503.155,1.06701,509.512,4.21478,509.141,16.8714,
,,,,,,0.727273,0.011264,2.90909,0.011264,10.6667,0.012288,36.5714,0.014336,120.471,0.017408,240.941,0.034816,306.243,0.109568,364.089,0.36864,502.673,1.06803,509.512,4.21478,509.11,16.8724,
,,,,,,0.666667,0.012288,2.66667,0.012288,10.6667,0.012288,42.6667,0.012288,120.471,0.017408,240.941,0.034816,303.407,0.110592,364.089,0.36864,503.155,1.06701,509.265,4.21683,509.079,16.8735,
,,,,,,0.727273,0.011264,2.66667,0.012288,10.6667,0.012288,39.3846,0.013312,120.471,0.017408,240.941,0.034816,306.243,0.109568,364.089,0.36864,503.155,1.06701,509.265,4.21683,509.11,16.8724,
,,,,,,0.727273,0.011264,2.90909,0.011264,10.6667,0.012288,39.3846,0.013312,120.471,0.017408,248.242,0.033792,303.407,0.110592,364.089,0.36864,504.123,1.06496,508.77,4.22093,509.234,16.8684,
,,,,,,0.727273,0.011264,2.66667,0.012288,10.6667,0.012288,36.5714,0.014336,120.471,0.017408,240.941,0.034816,303.407,0.110592,364.089,0.36864,505.094,1.06291,508.524,4.22298,509.172,16.8704,
,,,,,,0.727273,0.011264,2.66667,0.012288,11.6364,0.011264,36.5714,0.014336,120.471,0.017408,240.941,0.034816,306.243,0.109568,364.089,0.36864,503.639,1.06598,508.4,4.224,509.141,16.8714,
,,,,,,0.727273,0.011264,2.90909,0.011264,10.6667,0.012288,39.3846,0.013312,120.471,0.017408,240.941,0.034816,306.243,0.109568,363.08,0.369664,502.673,1.06803,508.524,4.22298,509.265,16.8673,
,,,,,,0.666667,0.012288,2.90909,0.011264,10.6667,0.012288,39.3846,0.013312,120.471,0.017408,240.941,0.034816,303.407,0.110592,363.08,0.369664,503.155,1.06701,508.4,4.224,509.172,16.8704,
,,,,,,0.727273,0.011264,2.66667,0.012288,10.6667,0.012288,39.3846,0.013312,120.471,0.017408,248.242,0.033792,303.407,0.110592,363.08,0.369664,503.155,1.06701,508.277,4.22502,509.172,16.8704,
,,,,,,0.727273,0.011264,2.90909,0.011264,10.6667,0.012288,36.5714,0.014336,120.471,0.017408,248.242,0.033792,306.243,0.109568,363.08,0.369664,503.155,1.06701,507.416,4.23219,509.11,16.8724,
,,,,,,0.8,0.01024,2.66667,0.012288,10.6667,0.012288,36.5714,0.014336,120.471,0.017408,240.941,0.034816,306.243,0.109568,363.08,0.369664,503.639,1.06598,507.908,4.2281,509.203,16.8694,
,,,,,,0.727273,0.011264,2.66667,0.012288,11.6364,0.011264,39.3846,0.013312,120.471,0.017408,240.941,0.034816,303.407,0.110592,363.08,0.369664,503.639,1.06598,507.908,4.2281,508.956,16.8776,
,,,,,,0.727273,0.011264,2.66667,0.012288,10.6667,0.012288,39.3846,0.013312,120.471,0.017408,240.941,0.034816,306.243,0.109568,364.089,0.36864,501.711,1.07008,508.4,4.224,509.172,16.8704,
,,,,,,0.666667,0.012288,2.66667,0.012288,10.6667,0.012288,39.3846,0.013312,120.471,0.017408,240.941,0.034816,306.243,0.109568,364.089,0.36864,504.123,1.06496,508.4,4.224,509.203,16.8694,
,,,,,,0.666667,0.012288,2.66667,0.012288,10.6667,0.012288,39.3846,0.013312,120.471,0.017408,248.242,0.033792,306.243,0.109568,364.089,0.36864,503.639,1.06598,508.77,4.22093,509.296,16.8663,
,,,,,,0.727273,0.011264,2.90909,0.011264,10.6667,0.012288,39.3846,0.013312,120.471,0.017408,240.941,0.034816,300.624,0.111616,364.089,0.36864,493.215,1.08851,508.894,4.2199,509.141,16.8714,
,,,,,,0.727273,0.011264,2.66667,0.012288,11.6364,0.011264,39.3846,0.013312,120.471,0.017408,248.242,0.033792,300.624,0.111616,363.08,0.369664,503.639,1.06598,508.894,4.2199,509.265,16.8673,
,,,,,,0.727273,0.011264,2.66667,0.012288,10.6667,0.012288,39.3846,0.013312,120.471,0.017408,240.941,0.034816,306.243,0.109568,363.08,0.369664,503.639,1.06598,509.017,4.21888,509.172,16.8704,
,,,,,,0.727273,0.011264,2.66667,0.012288,10.6667,0.012288,39.3846,0.013312,120.471,0.017408,240.941,0.034816,300.624,0.111616,364.089,0.36864,503.639,1.06598,508.77,4.22093,509.327,16.8653,
,,,,,,0.666667,0.012288,2.66667,0.012288,11.6364,0.011264,39.3846,0.013312,120.471,0.017408,248.242,0.033792,306.243,0.109568,363.08,0.369664,502.673,1.06803,508.524,4.22298,509.574,16.8571,
,,,,,,0.727273,0.011264,2.90909,0.011264,10.6667,0.012288,39.3846,0.013312,120.471,0.017408,248.242,0.033792,300.624,0.111616,363.08,0.369664,504.123,1.06496,508.77,4.22093,509.574,16.8571,
,,,,,,0.727273,0.011264,2.66667,0.012288,10.6667,0.012288,39.3846,0.013312,128,0.016384,240.941,0.034816,300.624,0.111616,364.089,0.36864,503.639,1.06598,508.647,4.22195,509.45,16.8612,
,,,,,,0.727273,0.011264,2.66667,0.012288,9.84615,0.013312,39.3846,0.013312,107.789,0.019456,234.057,0.03584,282.483,0.118784,481.882,0.278528,500.753,1.07213,509.265,4.21683,335.263,25.6215,
,,,,,,0.666667,0.012288,2.66667,0.012288,10.6667,0.012288,36.5714,0.014336,113.778,0.018432,227.556,0.036864,282.483,0.118784,425.558,0.315392,503.155,1.06701,510.008,4.21069,335.343,25.6154,
,,,,,,0.727273,0.011264,2.66667,0.012288,10.6667,0.012288,39.3846,0.013312,107.789,0.019456,234.057,0.03584,282.483,0.118784,483.661,0.277504,503.155,1.06701,509.76,4.21274,335.303,25.6184,
,,,,,,0.666667,0.012288,2.66667,0.012288,10.6667,0.012288,36.5714,0.014336,113.778,0.018432,204.8,0.04096,287.439,0.116736,483.661,0.277504,503.155,1.06701,509.636,4.21376,335.558,25.599,
,,,,,,0.666667,0.012288,2.66667,0.012288,10.6667,0.012288,39.3846,0.013312,107.789,0.019456,234.057,0.03584,135.405,0.247808,485.452,0.27648,503.639,1.06598,509.512,4.21478,335.719,25.5867,
,,,,,,0.666667,0.012288,2.46154,0.013312,9.84615,0.013312,39.3846,0.013312,107.789,0.019456,227.556,0.036864,275.361,0.121856,487.256,0.275456,503.155,1.06701,509.388,4.21581,335.625,25.5939,
,,,,,,0.727273,0.011264,2.46154,0.013312,10.6667,0.012288,36.5714,0.014336,113.778,0.018432,234.057,0.03584,287.439,0.116736,487.256,0.275456,503.639,1.06598,509.76,4.21274,335.638,25.5928,
,,,,,,0.727273,0.011264,2.66667,0.012288,9.84615,0.013312,39.3846,0.013312,107.789,0.019456,234.057,0.03584,287.439,0.116736,485.452,0.27648,503.155,1.06701,510.132,4.20966,335.665,25.5908,
,,,,,,0.666667,0.012288,2.46154,0.013312,9.84615,0.013312,36.5714,0.014336,113.778,0.018432,234.057,0.03584,284.939,0.11776,487.256,0.275456,503.155,1.06701,508.894,4.2199,449.719,19.1007,
,,,,,,0.666667,0.012288,2.66667,0.012288,10.6667,0.012288,36.5714,0.014336,107.789,0.019456,234.057,0.03584,282.483,0.118784,487.256,0.275456,502.192,1.06906,509.76,4.21274,509.76,16.8509,
,,,,,,0.727273,0.011264,2.90909,0.011264,10.6667,0.012288,39.3846,0.013312,107.789,0.019456,221.405,0.037888,284.939,0.11776,487.256,0.275456,503.155,1.06701,510.256,4.20864,509.853,16.8479,
,,,,,,0.666667,0.012288,2.66667,0.012288,9.84615,0.013312,36.5714,0.014336,113.778,0.018432,234.057,0.03584,284.939,0.11776,485.452,0.27648,502.673,1.06803,509.884,4.21171,509.636,16.855,
,,,,,,0.727273,0.011264,2.66667,0.012288,10.6667,0.012288,39.3846,0.013312,107.789,0.019456,234.057,0.03584,284.939,0.11776,487.256,0.275456,503.639,1.06598,510.008,4.21069,509.203,16.8694,
,,,,,,0.666667,0.012288,2.66667,0.012288,9.84615,0.013312,39.3846,0.013312,107.789,0.019456,234.057,0.03584,282.483,0.118784,487.256,0.275456,503.155,1.06701,510.132,4.20966,509.017,16.8755,
,,,,,,0.727273,0.011264,2.66667,0.012288,10.6667,0.012288,36.5714,0.014336,102.4,0.02048,227.556,0.036864,284.939,0.11776,485.452,0.27648,501.231,1.0711,509.76,4.21274,509.172,16.8704,
,,,,,,0.666667,0.012288,2.46154,0.013312,10.6667,0.012288,39.3846,0.013312,102.4,0.02048,227.556,0.036864,287.439,0.116736,481.882,0.278528,503.155,1.06701,509.141,4.21786,509.141,16.8714,
,,,,,,0.727273,0.011264,2.46154,0.013312,11.6364,0.011264,36.5714,0.014336,107.789,0.019456,227.556,0.036864,284.939,0.11776,480.117,0.279552,503.155,1.06701,508.894,4.2199,509.048,16.8745,
,,,,,,0.666667,0.012288,2.46154,0.013312,9.84615,0.013312,39.3846,0.013312,113.778,0.018432,234.057,0.03584,282.483,0.118784,480.117,0.279552,503.639,1.06598,509.017,4.21888,508.925,16.8786,
,,,,,,0.727273,0.011264,2.46154,0.013312,10.6667,0.012288,39.3846,0.013312,113.778,0.018432,227.556,0.036864,282.483,0.118784,481.882,0.278528,502.673,1.06803,508.77,4.22093,509.357,16.8643,
,,,,,,0.666667,0.012288,2.46154,0.013312,10.6667,0.012288,36.5714,0.014336,113.778,0.018432,234.057,0.03584,287.439,0.116736,473.184,0.283648,504.123,1.06496,509.141,4.21786,509.605,16.8561,
,,,,,,0.727273,0.011264,2.90909,0.011264,9.84615,0.013312,36.5714,0.014336,107.789,0.019456,234.057,0.03584,287.439,0.116736,476.625,0.2816,503.639,1.06598,509.141,4.21786,509.698,16.853,
,,,,,,0.666667,0.012288,2.66667,0.012288,9.84615,0.013312,36.5714,0.014336,113.778,0.018432,227.556,0.036864,282.483,0.118784,476.625,0.2816,504.123,1.06496,509.141,4.21786,509.76,16.8509,
,,,,,,0.727273,0.011264,2.66667,0.012288,10.6667,0.012288,39.3846,0.013312,107.789,0.019456,234.057,0.03584,282.483,0.118784,480.117,0.279552,503.639,1.06598,509.388,4.21581,509.667,16.854,
,,,,,,0.666667,0.012288,2.66667,0.012288,10.6667,0.012288,39.3846,0.013312,113.778,0.018432,234.057,0.03584,287.439,0.116736,480.117,0.279552,504.123,1.06496,509.388,4.21581,509.698,16.853,
,,,,,,0.727273,0.011264,2.66667,0.012288,10.6667,0.012288,36.5714,0.014336,113.778,0.018432,234.057,0.03584,287.439,0.116736,480.117,0.279552,503.639,1.06598,509.388,4.21581,509.729,16.852,
,,,,,,0.666667,0.012288,2.66667,0.012288,9.84615,0.013312,39.3846,0.013312,113.778,0.018432,234.057,0.03584,282.483,0.118784,480.117,0.279552,504.123,1.06496,509.388,4.21581,509.729,16.852,
,,,,,,0.727273,0.011264,2.46154,0.013312,10.6667,0.012288,39.3846,0.013312,113.778,0.018432,227.556,0.036864,280.068,0.119808,481.882,0.278528,500.753,1.07213,509.512,4.21478,509.791,16.8499,
,,,,,,0.666667,0.012288,2.66667,0.012288,10.6667,0.012288,36.5714,0.014336,113.778,0.018432,234.057,0.03584,287.439,0.116736,480.117,0.279552,502.673,1.06803,508.77,4.22093,509.667,16.854,
,,,,,,0.727273,0.011264,2.46154,0.013312,10.6667,0.012288,39.3846,0.013312,102.4,0.02048,227.556,0.036864,284.939,0.11776,478.365,0.280576,504.123,1.06496,509.017,4.21888,509.698,16.853,
,,,,,,0.666667,0.012288,2.90909,0.011264,9.84615,0.013312,36.5714,0.014336,107.789,0.019456,234.057,0.03584,287.439,0.116736,478.365,0.280576,503.639,1.06598,509.141,4.21786,509.76,16.8509,
,,,,,,0.727273,0.011264,2.66667,0.012288,9.84615,0.013312,36.5714,0.014336,97.5238,0.021504,227.556,0.036864,284.939,0.11776,480.117,0.279552,503.155,1.06701,509.388,4.21581,509.543,16.8581,
,,,,,,0.666667,0.012288,2.66667,0.012288,10.6667,0.012288,39.3846,0.013312,102.4,0.02048,234.057,0.03584,284.939,0.11776,480.117,0.279552,504.123,1.06496,509.265,4.21683,509.048,16.8745,
,,,,,,0.727273,0.011264,2.66667,0.012288,10.6667,0.012288,36.5714,0.014336,113.778,0.018432,234.057,0.03584,287.439,0.116736,480.117,0.279552,504.123,1.06496,509.265,4.21683,508.894,16.8796,
,,,,,,0.727273,0.011264,2.66667,0.012288,10.6667,0.012288,36.5714,0.014336,102.4,0.02048,234.057,0.03584,284.939,0.11776,478.365,0.280576,503.639,1.06598,509.141,4.21786,509.11,16.8724,
,,,,,,0.666667,0.012288,2.46154,0.013312,10.6667,0.012288,39.3846,0.013312,107.789,0.019456,227.556,0.036864,284.939,0.11776,480.117,0.279552,504.123,1.06496,509.017,4.21888,508.801,16.8827,
,,,,,,0.666667,0.012288,2.46154,0.013312,10.6667,0.012288,36.5714,0.014336,113.778,0.018432,227.556,0.036864,284.939,0.11776,480.117,0.279552,504.123,1.06496,509.265,4.21683,509.11,16.8724,
,,,,,,0.727273,0.011264,2.66667,0.012288,9.84615,0.013312,39.3846,0.013312,113.778,0.018432,234.057,0.03584,287.439,0.116736,480.117,0.279552,502.673,1.06803,509.017,4.21888,508.956,16.8776,
,,,,,,0.666667,0.012288,2.46154,0.013312,9.84615,0.013312,36.5714,0.014336,107.789,0.019456,234.057,0.03584,284.939,0.11776,480.117,0.279552,501.231,1.0711,509.388,4.21581,509.017,16.8755,
,,,,,,0.727273,0.011264,2.46154,0.013312,10.6667,0.012288,39.3846,0.013312,113.778,0.018432,234.057,0.03584,282.483,0.118784,481.882,0.278528,501.711,1.07008,508.4,4.224,509.296,16.8663,
,,,,,,0.727273,0.011264,2.66667,0.012288,10.6667,0.012288,39.3846,0.013312,107.789,0.019456,234.057,0.03584,287.439,0.116736,480.117,0.279552,502.192,1.06906,509.141,4.21786,509.543,16.8581,
,,,,,,0.666667,0.012288,2.66667,0.012288,10.6667,0.012288,36.5714,0.014336,113.778,0.018432,227.556,0.036864,284.939,0.11776,480.117,0.279552,500.275,1.07315,509.141,4.21786,509.636,16.855,
,,,,,,0.727273,0.011264,2.90909,0.011264,10.6667,0.012288,39.3846,0.013312,107.789,0.019456,234.057,0.03584,284.939,0.11776,478.365,0.280576,502.673,1.06803,509.141,4.21786,509.574,16.8571,
,,,,,,0.727273,0.011264,2.66667,0.012288,10.6667,0.012288,39.3846,0.013312,120.471,0.017408,227.556,0.036864,282.483,0.118784,480.117,0.279552,502.673,1.06803,509.512,4.21478,509.636,16.855,
,,,,,,0.615385,0.013312,2.66667,0.012288,10.6667,0.012288,36.5714,0.014336,113.778,0.018432,227.556,0.036864,284.939,0.11776,480.117,0.279552,503.155,1.06701,509.265,4.21683,509.698,16.853,
,,,,,,0.727273,0.011264,2.66667,0.012288,10.6667,0.012288,36.5714,0.014336,107.789,0.019456,234.057,0.03584,287.439,0.116736,480.117,0.279552,503.155,1.06701,509.265,4.21683,509.667,16.854,
,,,,,,0.666667,0.012288,2.90909,0.011264,10.6667,0.012288,39.3846,0.013312,102.4,0.02048,227.556,0.036864,282.483,0.118784,480.117,0.279552,503.639,1.06598,509.265,4.21683,509.636,16.855,
,,,,,,0.727273,0.011264,2.66667,0.012288,10.6667,0.012288,36.5714,0.014336,102.4,0.02048,234.057,0.03584,287.439,0.116736,480.117,0.279552,503.155,1.06701,509.388,4.21581,509.729,16.852,
,,,,,,0.666667,0.012288,2.66667,0.012288,10.6667,0.012288,36.5714,0.014336,113.778,0.018432,234.057,0.03584,289.982,0.115712,480.117,0.279552,503.155,1.06701,509.512,4.21478,509.605,16.8561,
,,,,,,0.727273,0.011264,2.66667,0.012288,10.6667,0.012288,39.3846,0.013312,107.789,0.019456,227.556,0.036864,287.439,0.116736,481.882,0.278528,503.639,1.06598,509.512,4.21478,509.605,16.8561,
,,,,,,0.666667,0.012288,2.66667,0.012288,10.6667,0.012288,39.3846,0.013312,113.778,0.018432,227.556,0.036864,284.939,0.11776,480.117,0.279552,503.639,1.06598,509.512,4.21478,509.296,16.8663,
,,,,,,0.727273,0.011264,2.66667,0.012288,11.6364,0.011264,36.5714,0.014336,113.778,0.018432,227.556,0.036864,284.939,0.11776,480.117,0.279552,502.673,1.06803,509.141,4.21786,508.863,16.8806,
,,,,,,0.666667,0.012288,2.66667,0.012288,10.6667,0.012288,39.3846,0.013312,107.789,0.019456,234.057,0.03584,284.939,0.11776,480.117,0.279552,502.673,1.06803,509.141,4.21786,509.017,16.8755,
,,,,,,0.666667,0.012288,2.66667,0.012288,10.6667,0.012288,36.5714,0.014336,107.789,0.019456,227.556,0.036864,289.982,0.115712,480.117,0.279552,502.192,1.06906,508.894,4.2199,509.079,16.8735,
,,,,,,0.666667,0.012288,2.90909,0.011264,10.6667,0.012288,39.3846,0.013312,113.778,0.018432,227.556,0.036864,287.439,0.116736,480.117,0.279552,497.899,1.07827,508.77,4.22093,508.77,16.8837,
,,,,,,0.666667,0.012288,2.66667,0.012288,10.6667,0.012288,36.5714,0.014336,113.778,0.018432,227.556,0.036864,282.483,0.118784,480.117,0.279552,502.673,1.06803,508.524,4.22298,509.048,16.8745,
,,,,,,0.666667,0.012288,2.66667,0.012288,10.6667,0.012288,39.3846,0.013312,107.789,0.019456,234.057,0.03584,287.439,0.116736,480.117,0.279552,502.673,1.06803,508.524,4.22298,508.77,16.8837,
,,,,,,0.666667,0.012288,2.90909,0.011264,10.6667,0.012288,39.3846,0.013312,113.778,0.018432,195.048,0.043008,284.939,0.11776,474.899,0.282624,503.155,1.06701,508.647,4.22195,508.987,16.8765,
,,,,,,0.727273,0.011264,2.66667,0.012288,10.6667,0.012288,39.3846,0.013312,107.789,0.019456,227.556,0.036864,277.695,0.120832,480.117,0.279552,502.192,1.06906,508.277,4.22502,509.357,16.8643,
,,,,,,0.727273,0.011264,2.90909,0.011264,11.6364,0.011264,39.3846,0.013312,113.778,0.018432,234.057,0.03584,284.939,0.11776,478.365,0.280576,505.094,1.06291,508.647,4.22195,509.636,16.855,
,,,,,,0.727273,0.011264,2.66667,0.012288,10.6667,0.012288,39.3846,0.013312,107.789,0.019456,234.057,0.03584,284.939,0.11776,478.365,0.280576,506.07,1.06086,508.894,4.2199,509.636,16.855,
,,,,,,0.666667,0.012288,2.66667,0.012288,10.6667,0.012288,39.3846,0.013312,107.789,0.019456,227.556,0.036864,287.439,0.116736,481.882,0.278528,505.094,1.06291,508.77,4.22093,509.636,16.855,
,,,,,,0.666667,0.012288,2.90909,0.011264,10.6667,0.012288,39.3846,0.013312,102.4,0.02048,234.057,0.03584,287.439,0.116736,478.365,0.280576,505.581,1.06189,508.524,4.22298,509.729,16.852,
,,,,,,0.727273,0.011264,2.66667,0.012288,11.6364,0.011264,36.5714,0.014336,102.4,0.02048,227.556,0.036864,282.483,0.118784,483.661,0.277504,506.07,1.06086,508.154,4.22605,509.729,16.852,
,,,,,,0.727273,0.011264,2.66667,0.012288,10.6667,0.012288,39.3846,0.013312,107.789,0.019456,227.556,0.036864,284.939,0.11776,481.882,0.278528,506.07,1.06086,508.031,4.22707,509.605,16.8561,
,,,,,,0.727273,0.011264,2.66667,0.012288,10.6667,0.012288,36.5714,0.014336,102.4,0.02048,227.556,0.036864,287.439,0.116736,480.117,0.279552,505.581,1.06189,508.277,4.22502,509.605,16.8561,
,,,,,,0.666667,0.012288,2.66667,0.012288,10.6667,0.012288,39.3846,0.013312,107.789,0.019456,234.057,0.03584,282.483,0.118784,480.117,0.279552,506.07,1.06086,508.031,4.22707,509.388,16.8632,
,,,,,,0.727273,0.011264,2.66667,0.012288,10.6667,0.012288,39.3846,0.013312,113.778,0.018432,227.556,0.036864,282.483,0.118784,481.882,0.278528,506.558,1.05984,507.908,4.2281,509.419,16.8622,
,,,,,,0.727273,0.011264,2.90909,0.011264,10.6667,0.012288,36.5714,0.014336,113.778,0.018432,234.057,0.03584,287.439,0.116736,480.117,0.279552,506.07,1.06086,508.031,4.22707,509.698,16.853,
,,,,,,0.666667,0.012288,2.66667,0.012288,10.6667,0.012288,39.3846,0.013312,102.4,0.02048,234.057,0.03584,287.439,0.116736,478.365,0.280576,506.07,1.06086,508.154,4.22605,509.357,16.8643,
,,,,,,0.727273,0.011264,2.66667,0.012288,10.6667,0.012288,39.3846,0.013312,107.789,0.019456,227.556,0.036864,284.939,0.11776,480.117,0.279552,505.581,1.06189,508.031,4.22707,508.832,16.8817,
,,,,,,0.666667,0.012288,2.66667,0.012288,10.6667,0.012288,36.5714,0.014336,107.789,0.019456,227.556,0.036864,287.439,0.116736,480.117,0.279552,505.581,1.06189,507.539,4.23117,508.709,16.8858,
,,,,,,0.666667,0.012288,2.66667,0.012288,10.6667,0.012288,36.5714,0.014336,113.778,0.018432,227.556,0.036864,284.939,0.11776,480.117,0.279552,505.094,1.06291,508.277,4.22502,509.234,16.8684,
,,,,,,0.727273,0.011264,0.5,0.065536,10.6667,0.012288,39.3846,0.013312,113.778,0.018432,234.057,0.03584,289.982,0.115712,480.117,0.279552,506.07,1.06086,508.154,4.22605,509.11,16.8724,
,,,,,,0.666667,0.012288,2.90909,0.011264,11.6364,0.011264,36.5714,0.014336,107.789,0.019456,227.556,0.036864,284.939,0.11776,480.117,0.279552,505.094,1.06291,507.785,4.22912,508.894,16.8796,
,,,,,,0.727273,0.011264,2.66667,0.012288,10.6667,0.012288,36.5714,0.014336,107.789,0.019456,234.057,0.03584,287.439,0.116736,480.117,0.279552,502.673,1.06803,508.154,4.22605,508.925,16.8786,
,,,,,,0.615385,0.013312,2.66667,0.012288,10.6667,0.012288,39.3846,0.013312,97.5238,0.021504,234.057,0.03584,287.439,0.116736,478.365,0.280576,503.639,1.06598,508.4,4.224,509.327,16.8653,
,,,,,,0.727273,0.011264,2.66667,0.012288,10.6667,0.012288,36.5714,0.014336,97.5238,0.021504,234.057,0.03584,287.439,0.116736,481.882,0.278528,502.673,1.06803,508.4,4.224,509.419,16.8622,
,,,,,,0.666667,0.012288,2.66667,0.012288,10.6667,0.012288,39.3846,0.013312,102.4,0.02048,227.556,0.036864,284.939,0.11776,478.365,0.280576,503.155,1.06701,508.277,4.22502,509.481,16.8602,
,,,,,,0.666667,0.012288,2.66667,0.012288,11.6364,0.011264,36.5714,0.014336,107.789,0.019456,234.057,0.03584,287.439,0.116736,480.117,0.279552,503.639,1.06598,508.031,4.22707,509.698,16.853,
,,,,,,0.666667,0.012288,2.66667,0.012288,10.6667,0.012288,36.5714,0.014336,97.5238,0.021504,234.057,0.03584,289.982,0.115712,481.882,0.278528,504.608,1.06394,508.4,4.224,509.698,16.853,
,,,,,,0.666667,0.012288,2.66667,0.012288,10.6667,0.012288,39.3846,0.013312,107.789,0.019456,227.556,0.036864,282.483,0.118784,478.365,0.280576,505.581,1.06189,508.647,4.22195,509.636,16.855,
,,,,,,0.615385,0.013312,2.46154,0.013312,10.6667,0.012288,39.3846,0.013312,107.789,0.019456,234.057,0.03584,287.439,0.116736,481.882,0.278528,505.094,1.06291,508.647,4.22195,509.636,16.855,
,,,,,,0.727273,0.011264,2.66667,0.012288,10.6667,0.012288,39.3846,0.013312,113.778,0.018432,234.057,0.03584,284.939,0.11776,481.882,0.278528,505.581,1.06189,508.647,4.22195,509.729,16.852,
,,,,,,0.615385,0.013312,2.66667,0.012288,10.6667,0.012288,36.5714,0.014336,120.471,0.017408,227.556,0.036864,287.439,0.116736,480.117,0.279552,505.581,1.06189,508.4,4.224,509.481,16.8602,
,,,,,,0.666667,0.012288,2.66667,0.012288,10.6667,0.012288,36.5714,0.014336,113.778,0.018432,234.057,0.03584,284.939,0.11776,480.117,0.279552,505.581,1.06189,508.77,4.22093,509.667,16.854,
,,,,,,0.666667,0.012288,2.66667,0.012288,10.6667,0.012288,36.5714,0.014336,102.4,0.02048,227.556,0.036864,287.439,0.116736,480.117,0.279552,505.581,1.06189,508.647,4.22195,509.76,16.8509,
,,,,,,0.666667,0.012288,2.66667,0.012288,9.84615,0.013312,39.3846,0.013312,102.4,0.02048,234.057,0.03584,284.939,0.11776,483.661,0.277504,506.07,1.06086,508.277,4.22502,509.636,16.855,
,,,,,,0.727273,0.011264,2.90909,0.011264,11.6364,0.011264,39.3846,0.013312,107.789,0.019456,227.556,0.036864,289.982,0.115712,481.882,0.278528,506.07,1.06086,507.662,4.23014,509.605,16.8561,
,,,,,,0.666667,0.012288,2.66667,0.012288,10.6667,0.012288,39.3846,0.013312,107.789,0.019456,234.057,0.03584,287.439,0.116736,481.882,0.278528,506.07,1.06086,508.647,4.22195,509.172,16.8704,
,,,,,,0.666667,0.012288,2.66667,0.012288,10.6667,0.012288,39.3846,0.013312,107.789,0.019456,227.556,0.036864,284.939,0.11776,480.117,0.279552,505.581,1.06189,509.017,4.21888,509.017,16.8755,
,,,,,,0.666667,0.012288,2.66667,0.012288,10.6667,0.012288,36.5714,0.014336,107.789,0.019456,234.057,0.03584,282.483,0.118784,480.117,0.279552,506.07,1.06086,508.77,4.22093,509.172,16.8704,
,,,,,,0.666667,0.012288,2.90909,0.011264,10.6667,0.012288,36.5714,0.014336,113.778,0.018432,48.7619,0.172032,287.439,0.116736,478.365,0.280576,505.581,1.06189,508.647,4.22195,509.327,16.8653,
,,,,,,0.666667,0.012288,2.90909,0.011264,10.6667,0.012288,39.3846,0.013312,107.789,0.019456,221.405,0.037888,284.939,0.11776,478.365,0.280576,505.581,1.06189,509.017,4.21888,509.079,16.8735,
,,,,,,0.666667,0.012288,2.66667,0.012288,10.6667,0.012288,39.3846,0.013312,113.778,0.018432,234.057,0.03584,277.695,0.120832,480.117,0.279552,505.581,1.06189,508.894,4.2199,508.925,16.8786,
,,,,,,0.727273,0.011264,2.66667,0.012288,10.6667,0.012288,36.5714,0.014336,107.789,0.019456,227.556,0.036864,284.939,0.11776,481.882,0.278528,505.581,1.06189,508.524,4.22298,509.265,16.8673,
,,,,,,0.666667,0.012288,2.66667,0.012288,10.6667,0.012288,36.5714,0.014336,113.778,0.018432,234.057,0.03584,284.939,0.11776,480.117,0.279552,504.123,1.06496,508.524,4.22298,509.481,16.8602,
,,,,,,0.727273,0.011264,2.66667,0.012288,10.6667,0.012288,36.5714,0.014336,113.778,0.018432,234.057,0.03584,284.939,0.11776,481.882,0.278528,505.581,1.06189,508.77,4.22093,509.698,16.853,
,,,,,,0.666667,0.012288,2.66667,0.012288,10.6667,0.012288,39.3846,0.013312,113.778,0.018432,234.057,0.03584,284.939,0.11776,478.365,0.280576,506.07,1.06086,508.031,4.22707,509.698,16.853,
,,,,,,0.727273,0.011264,2.66667,0.012288,10.6667,0.012288,36.5714,0.014336,107.789,0.019456,227.556,0.036864,284.939,0.11776,481.882,0.278528,506.07,1.06086,508.647,4.22195,509.636,16.855,
,,,,,,0.666667,0.012288,2.66667,0.012288,10.6667,0.012288,39.3846,0.013312,107.789,0.019456,227.556,0.036864,287.439,0.116736,478.365,0.280576,505.581,1.06189,508.647,4.22195,509.729,16.852,
,,,,,,0.8,0.01024,2.90909,0.011264,11.6364,0.011264,42.6667,0.012288,136.533,0.01536,273.067,0.03072,344.926,0.09728,483.661,0.277504,499.798,1.07418,509.512,4.21478,335.276,25.6205,
,,,,,,0.727273,0.011264,2.90909,0.011264,11.6364,0.011264,42.6667,0.012288,136.533,0.01536,264.258,0.031744,344.926,0.09728,382.134,0.351232,502.192,1.06906,509.76,4.21274,335.477,25.6051,
,,,,,,0.8,0.01024,2.90909,0.011264,11.6364,0.011264,42.6667,0.012288,136.533,0.01536,264.258,0.031744,341.333,0.098304,480.117,0.279552,503.155,1.06701,509.76,4.21274,335.585,25.5969,
,,,,,,0.727273,0.011264,2.90909,0.011264,11.6364,0.011264,42.6667,0.012288,136.533,0.01536,264.258,0.031744,341.333,0.098304,478.365,0.280576,503.155,1.06701,510.132,4.20966,335.638,25.5928,
,,,,,,0.8,0.01024,3.2,0.01024,11.6364,0.011264,39.3846,0.013312,146.286,0.014336,264.258,0.031744,183.061,0.183296,481.882,0.278528,504.123,1.06496,510.38,4.20762,335.611,25.5949,
,,,,,,0.8,0.01024,3.2,0.01024,11.6364,0.011264,42.6667,0.012288,113.778,0.018432,273.067,0.03072,337.814,0.099328,473.184,0.283648,503.155,1.06701,510.008,4.21069,335.544,25.6,
,,,,,,0.727273,0.011264,2.90909,0.011264,11.6364,0.011264,42.6667,0.012288,128,0.016384,273.067,0.03072,344.926,0.09728,476.625,0.2816,502.673,1.06803,510.38,4.20762,335.625,25.5939,
,,,,,,0.8,0.01024,2.90909,0.011264,12.8,0.01024,39.3846,0.013312,136.533,0.01536,273.067,0.03072,348.596,0.096256,480.117,0.279552,503.155,1.06701,510.132,4.20966,379.85,22.614,
,,,,,,0.8,0.01024,3.2,0.01024,12.8,0.01024,42.6667,0.012288,136.533,0.01536,273.067,0.03072,348.596,0.096256,476.625,0.2816,503.155,1.06701,509.636,4.21376,509.667,16.854,
,,,,,,0.8,0.01024,2.90909,0.011264,11.6364,0.011264,42.6667,0.012288,128,0.016384,273.067,0.03072,348.596,0.096256,480.117,0.279552,503.155,1.06701,509.141,4.21786,509.76,16.8509,
,,,,,,0.8,0.01024,2.90909,0.011264,11.6364,0.011264,42.6667,0.012288,136.533,0.01536,273.067,0.03072,348.596,0.096256,481.882,0.278528,503.155,1.06701,509.76,4.21274,509.574,16.8571,
,,,,,,0.727273,0.011264,3.2,0.01024,11.6364,0.011264,42.6667,0.012288,136.533,0.01536,264.258,0.031744,344.926,0.09728,480.117,0.279552,503.155,1.06701,510.132,4.20966,509.729,16.852,
,,,,,,0.8,0.01024,2.90909,0.011264,11.6364,0.011264,42.6667,0.012288,128,0.016384,273.067,0.03072,344.926,0.09728,481.882,0.278528,503.639,1.06598,510.256,4.20864,507.048,16.9411,
,,,,,,0.727273,0.011264,3.2,0.01024,11.6364,0.011264,46.5455,0.011264,136.533,0.01536,273.067,0.03072,337.814,0.099328,481.882,0.278528,503.639,1.06598,510.008,4.21069,506.65,16.9544,
,,,,,,0.8,0.01024,3.2,0.01024,12.8,0.01024,42.6667,0.012288,136.533,0.01536,264.258,0.031744,344.926,0.09728,483.661,0.277504,501.711,1.07008,510.008,4.21069,506.834,16.9482,
,,,,,,0.727273,0.011264,2.90909,0.011264,12.8,0.01024,42.6667,0.012288,136.533,0.01536,264.258,0.031744,348.596,0.096256,481.882,0.278528,502.192,1.06906,510.132,4.20966,506.803,16.9492,
,,,,,,0.8,0.01024,2.90909,0.011264,12.8,0.01024,42.6667,0.012288,136.533,0.01536,273.067,0.03072,348.596,0.096256,483.661,0.277504,501.231,1.0711,510.38,4.20762,506.711,16.9523,
,,,,,,0.727273,0.011264,3.2,0.01024,12.8,0.01024,42.6667,0.012288,136.533,0.01536,264.258,0.031744,344.926,0.09728,481.882,0.278528,504.608,1.06394,510.256,4.20864,506.773,16.9503,
,,,,,,0.8,0.01024,3.2,0.01024,11.6364,0.011264,46.5455,0.011264,136.533,0.01536,273.067,0.03072,344.926,0.09728,481.882,0.278528,504.123,1.06496,510.132,4.20966,509.574,16.8571,
,,,,,,0.8,0.01024,3.2,0.01024,11.6364,0.011264,42.6667,0.012288,128,0.016384,273.067,0.03072,344.926,0.09728,480.117,0.279552,504.123,1.06496,510.132,4.20966,509.636,16.855,
,,,,,,0.8,0.01024,2.90909,0.011264,12.8,0.01024,42.6667,0.012288,136.533,0.01536,273.067,0.03072,348.596,0.096256,480.117,0.279552,504.123,1.06496,510.256,4.20864,509.636,16.855,
,,,,,,0.727273,0.011264,2.90909,0.011264,11.6364,0.011264,46.5455,0.011264,136.533,0.01536,273.067,0.03072,344.926,0.09728,481.882,0.278528,503.155,1.06701,509.76,4.21274,509.76,16.8509,
,,,,,,0.8,0.01024,3.2,0.01024,12.8,0.01024,46.5455,0.011264,136.533,0.01536,273.067,0.03072,341.333,0.098304,483.661,0.277504,503.639,1.06598,510.256,4.20864,509.636,16.855,
,,,,,,0.8,0.01024,3.2,0.01024,12.8,0.01024,46.5455,0.011264,128,0.016384,282.483,0.029696,344.926,0.09728,481.882,0.278528,503.639,1.06598,510.256,4.20864,509.667,16.854,
,,,,,,0.8,0.01024,2.90909,0.011264,12.8,0.01024,42.6667,0.012288,136.533,0.01536,273.067,0.03072,341.333,0.098304,480.117,0.279552,503.155,1.06701,509.76,4.21274,509.698,16.853,
,,,,,,0.8,0.01024,2.90909,0.011264,11.6364,0.011264,42.6667,0.012288,136.533,0.01536,273.067,0.03072,348.596,0.096256,481.882,0.278528,503.155,1.06701,509.76,4.21274,509.667,16.854,
,,,,,,0.8,0.01024,2.90909,0.011264,11.6364,0.011264,42.6667,0.012288,136.533,0.01536,273.067,0.03072,341.333,0.098304,481.882,0.278528,504.123,1.06496,509.388,4.21581,509.605,16.8561,
,,,,,,0.8,0.01024,3.2,0.01024,12.8,0.01024,42.6667,0.012288,136.533,0.01536,282.483,0.029696,341.333,0.098304,481.882,0.278528,503.639,1.06598,509.76,4.21274,509.667,16.854,
,,,,,,0.8,0.01024,3.2,0.01024,12.8,0.01024,42.6667,0.012288,136.533,0.01536,273.067,0.03072,341.333,0.098304,481.882,0.278528,502.192,1.06906,509.884,4.21171,509.729,16.852,
,,,,,,0.727273,0.011264,3.2,0.01024,12.8,0.01024,42.6667,0.012288,128,0.016384,273.067,0.03072,344.926,0.09728,483.661,0.277504,503.639,1.06598,509.265,4.21683,509.667,16.854,
,,,,,,0.8,0.01024,2.90909,0.011264,11.6364,0.011264,42.6667,0.012288,136.533,0.01536,273.067,0.03072,348.596,0.096256,483.661,0.277504,503.639,1.06598,509.884,4.21171,509.605,16.8561,
,,,,,,0.727273,0.011264,2.90909,0.011264,11.6364,0.011264,42.6667,0.012288,128,0.016384,273.067,0.03072,348.596,0.096256,483.661,0.277504,503.639,1.06598,510.008,4.21069,509.543,16.8581,
,,,,,,0.8,0.01024,2.90909,0.011264,12.8,0.01024,42.6667,0.012288,136.533,0.01536,273.067,0.03072,344.926,0.09728,483.661,0.277504,503.639,1.06598,510.38,4.20762,509.512,16.8591,
,,,,,,0.8,0.01024,3.2,0.01024,1.6,0.08192,42.6667,0.012288,136.533,0.01536,273.067,0.03072,344.926,0.09728,483.661,0.277504,503.639,1.06598,510.132,4.20966,509.698,16.853,
,,,,,,0.8,0.01024,3.2,0.01024,11.6364,0.011264,34.1333,0.01536,136.533,0.01536,273.067,0.03072,344.926,0.09728,483.661,0.277504,503.639,1.06598,510.38,4.20762,509.45,16.8612,
,,,,,,0.727273,0.011264,3.2,0.01024,11.6364,0.011264,46.5455,0.011264,128,0.016384,273.067,0.03072,348.596,0.096256,481.882,0.278528,504.123,1.06496,510.132,4.20966,509.729,16.852,
,,,,,,0.8,0.01024,2.90909,0.011264,12.8,0.01024,42.6667,0.012288,136.533,0.01536,273.067,0.03072,348.596,0.096256,483.661,0.277504,503.155,1.06701,510.132,4.20966,509.698,16.853,
,,,,,,0.8,0.01024,2.90909,0.011264,12.8,0.01024,42.6667,0.012288,128,0.016384,273.067,0.03072,348.596,0.096256,481.882,0.278528,504.123,1.06496,510.008,4.21069,509.667,16.854,
,,,,,,0.8,0.01024,2.90909,0.011264,12.8,0.01024,42.6667,0.012288,136.533,0.01536,273.067,0.03072,344.926,0.09728,483.661,0.277504,503.639,1.06598,509.884,4.21171,509.636,16.855,
,,,,,,0.727273,0.011264,3.2,0.01024,12.8,0.01024,42.6667,0.012288,128,0.016384,273.067,0.03072,348.596,0.096256,483.661,0.277504,504.123,1.06496,510.256,4.20864,509.698,16.853,
,,,,,,0.8,0.01024,3.2,0.01024,12.8,0.01024,42.6667,0.012288,136.533,0.01536,273.067,0.03072,344.926,0.09728,483.661,0.277504,503.639,1.06598,510.256,4.20864,509.698,16.853,
,,,,,,0.727273,0.011264,3.2,0.01024,12.8,0.01024,42.6667,0.012288,136.533,0.01536,273.067,0.03072,341.333,0.098304,485.452,0.27648,501.231,1.0711,510.38,4.20762,509.729,16.852,
,,,,,,0.8,0.01024,2.90909,0.011264,12.8,0.01024,42.6667,0.012288,136.533,0.01536,273.067,0.03072,341.333,0.098304,483.661,0.277504,501.711,1.07008,510.256,4.20864,509.698,16.853,
,,,,,,0.8,0.01024,3.2,0.01024,12.8,0.01024,42.6667,0.012288,136.533,0.01536,282.483,0.029696,341.333,0.098304,483.661,0.277504,502.192,1.06906,509.884,4.21171,509.822,16.8489,
,,,,,,0.8,0.01024,3.2,0.01024,11.6364,0.011264,46.5455,0.011264,136.533,0.01536,273.067,0.03072,344.926,0.09728,485.452,0.27648,502.673,1.06803,510.132,4.20966,509.698,16.853,
,,,,,,0.727273,0.011264,2.90909,0.011264,11.6364,0.011264,42.6667,0.012288,136.533,0.01536,273.067,0.03072,344.926,0.09728,483.661,0.277504,502.673,1.06803,510.38,4.20762,509.76,16.8509,
,,,,,,0.8,0.01024,3.2,0.01024,11.6364,0.011264,42.6667,0.012288,136.533,0.01536,273.067,0.03072,344.926,0.09728,483.661,0.277504,502.673,1.06803,510.132,4.20966,509.729,16.852,
,,,,,,0.8,0.01024,3.2,0.01024,12.8,0.01024,42.6667,0.012288,136.533,0.01536,282.483,0.029696,344.926,0.09728,485.452,0.27648,503.639,1.06598,510.132,4.20966,509.791,16.8499,
,,,,,,0.8,0.01024,2.46154,0.013312,12.8,0.01024,42.6667,0.012288,136.533,0.01536,273.067,0.03072,344.926,0.09728,483.661,0.277504,503.155,1.06701,510.132,4.20966,509.698,16.853,
,,,,,,0.8,0.01024,2.90909,0.011264,12.8,0.01024,42.6667,0.012288,136.533,0.01536,273.067,0.03072,344.926,0.09728,485.452,0.27648,502.673,1.06803,510.132,4.20966,509.76,16.8509,
,,,,,,0.8,0.01024,2.90909,0.011264,11.6364,0.011264,42.6667,0.012288,136.533,0.01536,273.067,0.03072,344.926,0.09728,483.661,0.277504,502.673,1.06803,510.256,4.20864,509.667,16.854,
,,,,,,0.727273,0.011264,2.90909,0.011264,12.8,0.01024,46.5455,0.011264,136.533,0.01536,273.067,0.03072,344.926,0.09728,483.661,0.277504,503.639,1.06598,510.256,4.20864,509.698,16.853,
,,,,,,0.8,0.01024,3.2,0.01024,12.8,0.01024,42.6667,0.012288,136.533,0.01536,273.067,0.03072,344.926,0.09728,483.661,0.277504,503.155,1.06701,510.132,4.20966,509.667,16.854,
,,,,,,0.727273,0.011264,3.2,0.01024,12.8,0.01024,42.6667,0.012288,136.533,0.01536,273.067,0.03072,341.333,0.098304,483.661,0.277504,503.155,1.06701,510.008,4.21069,509.791,16.8499,
,,,,,,0.8,0.01024,2.90909,0.011264,12.8,0.01024,42.6667,0.012288,136.533,0.01536,282.483,0.029696,344.926,0.09728,483.661,0.277504,503.155,1.06701,510.256,4.20864,509.667,16.854,
,,,,,,0.8,0.01024,3.2,0.01024,11.6364,0.011264,42.6667,0.012288,136.533,0.01536,273.067,0.03072,348.596,0.096256,483.661,0.277504,502.673,1.06803,510.256,4.20864,509.543,16.8581,
,,,,,,0.8,0.01024,3.2,0.01024,12.8,0.01024,42.6667,0.012288,136.533,0.01536,234.057,0.03584,348.596,0.096256,483.661,0.277504,503.155,1.06701,510.132,4.20966,509.45,16.8612,
,,,,,,0.8,0.01024,2.90909,0.011264,12.8,0.01024,46.5455,0.011264,136.533,0.01536,273.067,0.03072,344.926,0.09728,483.661,0.277504,500.753,1.07213,510.256,4.20864,509.388,16.8632,
,,,,,,0.8,0.01024,2.90909,0.011264,11.6364,0.011264,46.5455,0.011264,136.533,0.01536,282.483,0.029696,348.596,0.096256,483.661,0.277504,502.673,1.06803,510.256,4.20864,509.327,16.8653,
,,,,,,0.8,0.01024,3.2,0.01024,12.8,0.01024,46.5455,0.011264,136.533,0.01536,282.483,0.029696,344.926,0.09728,483.661,0.277504,503.155,1.06701,510.256,4.20864,509.079,16.8735,
,,,,,,0.8,0.01024,3.2,0.01024,12.8,0.01024,46.5455,0.011264,136.533,0.01536,282.483,0.029696,344.926,0.09728,483.661,0.277504,502.192,1.06906,510.132,4.20966,509.048,16.8745,
,,,,,,0.8,0.01024,2.90909,0.011264,11.6364,0.011264,46.5455,0.011264,136.533,0.01536,282.483,0.029696,348.596,0.096256,483.661,0.277504,504.608,1.06394,510.256,4.20864,509.141,16.8714,
,,,,,,0.8,0.01024,2.90909,0.011264,12.8,0.01024,42.6667,0.012288,136.533,0.01536,273.067,0.03072,341.333,0.098304,483.661,0.277504,505.581,1.06189,510.132,4.20966,509.141,16.8714,
,,,,,,0.8,0.01024,2.90909,0.011264,12.8,0.01024,46.5455,0.011264,136.533,0.01536,273.067,0.03072,344.926,0.09728,483.661,0.277504,505.581,1.06189,510.008,4.21069,509.172,16.8704,
,,,,,,0.8,0.01024,3.2,0.01024,12.8,0.01024,42.6667,0.012288,136.533,0.01536,273.067,0.03072,344.926,0.09728,483.661,0.277504,506.07,1.06086,510.256,4.20864,509.172,16.8704,
,,,,,,0.8,0.01024,3.2,0.01024,11.6364,0.011264,42.6667,0.012288,136.533,0.01536,273.067,0.03072,348.596,0.096256,483.661,0.277504,506.07,1.06086,510.008,4.21069,509.172,16.8704,
,,,,,,0.8,0.01024,3.2,0.01024,12.8,0.01024,42.6667,0.012288,136.533,0.01536,282.483,0.029696,344.926,0.09728,483.661,0.277504,505.581,1.06189,510.132,4.20966,509.296,16.8663,
,,,,,,0.727273,0.011264,2.90909,0.011264,11.6364,0.011264,46.5455,0.011264,128,0.016384,273.067,0.03072,348.596,0.096256,483.661,0.277504,506.07,1.06086,510.256,4.20864,509.265,16.8673,
,,,,,,0.8,0.01024,3.2,0.01024,12.8,0.01024,46.5455,0.011264,136.533,0.01536,273.067,0.03072,348.596,0.096256,483.661,0.277504,505.581,1.06189,510.256,4.20864,509.265,16.8673,
,,,,,,0.8,0.01024,2.90909,0.011264,12.8,0.01024,46.5455,0.011264,128,0.016384,282.483,0.029696,348.596,0.096256,483.661,0.277504,505.581,1.06189,510.132,4.20966,509.234,16.8684,
,,,,,,0.8,0.01024,3.2,0.01024,12.8,0.01024,42.6667,0.012288,128,0.016384,282.483,0.029696,344.926,0.09728,483.661,0.277504,505.094,1.06291,509.76,4.21274,509.265,16.8673,
,,,,,,0.8,0.01024,3.2,0.01024,12.8,0.01024,42.6667,0.012288,136.533,0.01536,273.067,0.03072,344.926,0.09728,485.452,0.27648,505.581,1.06189,509.265,4.21683,509.017,16.8755,
,,,,,,0.8,0.01024,3.2,0.01024,12.8,0.01024,42.6667,0.012288,136.533,0.01536,273.067,0.03072,344.926,0.09728,483.661,0.277504,505.581,1.06189,509.388,4.21581,509.141,16.8714,
,,,,,,0.8,0.01024,2.90909,0.011264,12.8,0.01024,42.6667,0.012288,136.533,0.01536,273.067,0.03072,344.926,0.09728,485.452,0.27648,505.581,1.06189,509.884,4.21171,509.296,16.8663,
,,,,,,0.8,0.01024,3.2,0.01024,12.8,0.01024,42.6667,0.012288,136.533,0.01536,282.483,0.029696,344.926,0.09728,483.661,0.277504,505.094,1.06291,510.256,4.20864,509.141,16.8714,
,,,,,,0.8,0.01024,3.2,0.01024,12.8,0.01024,42.6667,0.012288,136.533,0.01536,282.483,0.029696,348.596,0.096256,483.661,0.277504,505.581,1.06189,510.132,4.20966,509.079,16.8735,
,,,,,,0.8,0.01024,2.90909,0.011264,12.8,0.01024,42.6667,0.012288,136.533,0.01536,273.067,0.03072,344.926,0.09728,483.661,0.277504,505.581,1.06189,510.256,4.20864,509.296,16.8663,
,,,,,,0.8,0.01024,2.90909,0.011264,12.8,0.01024,42.6667,0.012288,136.533,0.01536,273.067,0.03072,344.926,0.09728,481.882,0.278528,505.581,1.06189,510.256,4.20864,509.141,16.8714,
,,,,,,0.727273,0.011264,3.2,0.01024,12.8,0.01024,42.6667,0.012288,136.533,0.01536,282.483,0.029696,344.926,0.09728,481.882,0.278528,505.581,1.06189,510.256,4.20864,509.265,16.8673,
,,,,,,0.8,0.01024,3.2,0.01024,11.6364,0.011264,46.5455,0.011264,136.533,0.01536,273.067,0.03072,344.926,0.09728,480.117,0.279552,505.581,1.06189,510.256,4.20864,509.481,16.8602,
,,,,,,0.8,0.01024,2.90909,0.011264,11.6364,0.011264,46.5455,0.011264,136.533,0.01536,273.067,0.03072,341.333,0.098304,485.452,0.27648,504.123,1.06496,510.256,4.20864,509.636,16.855,
,,,,,,0.8,0.01024,3.2,0.01024,12.8,0.01024,42.6667,0.012288,136.533,0.01536,273.067,0.03072,348.596,0.096256,483.661,0.277504,503.639,1.06598,509.884,4.21171,509.574,16.8571,
,,,,,,0.8,0.01024,2.90909,0.011264,12.8,0.01024,3.41333,0.1536,136.533,0.01536,273.067,0.03072,344.926,0.09728,483.661,0.277504,504.123,1.06496,510.38,4.20762,509.729,16.852,
,,,,,,0.666667,0.012288,3.2,0.01024,12.8,0.01024,36.5714,0.014336,136.533,0.01536,273.067,0.03072,348.596,0.096256,483.661,0.277504,504.608,1.06394,510.132,4.20966,509.512,16.8591,
,,,,,,0.8,0.01024,3.2,0.01024,12.8,0.01024,42.6667,0.012288,136.533,0.01536,282.483,0.029696,344.926,0.09728,481.882,0.278528,505.581,1.06189,510.008,4.21069,509.574,16.8571,
,,,,,,0.727273,0.011264,2.90909,0.011264,12.8,0.01024,42.6667,0.012288,136.533,0.01536,273.067,0.03072,344.926,0.09728,483.661,0.277504,505.581,1.06189,509.388,4.21581,509.327,16.8653,
,,,,,,0.8,0.01024,2.90909,0.011264,12.8,0.01024,42.6667,0.012288,146.286,0.014336,273.067,0.03072,341.333,0.098304,483.661,0.277504,504.608,1.06394,509.76,4.21274,509.698,16.853,
,,,,,,0.8,0.01024,3.2,0.01024,12.8,0.01024,46.5455,0.011264,136.533,0.01536,273.067,0.03072,348.596,0.096256,483.661,0.277504,505.581,1.06189,509.76,4.21274,509.791,16.8499,
,,,,,,0.8,0.01024,3.2,0.01024,12.8,0.01024,42.6667,0.012288,136.533,0.01536,273.067,0.03072,344.926,0.09728,485.452,0.27648,505.094,1.06291,510.256,4.20864,509.667,16.854,
,,,,,,0.727273,0.011264,3.2,0.01024,12.8,0.01024,42.6667,0.012288,136.533,0.01536,273.067,0.03072,344.926,0.09728,483.661,0.277504,505.581,1.06189,510.132,4.20966,509.698,16.853,
,,,,,,0.8,0.01024,3.2,0.01024,12.8,0.01024,42.6667,0.012288,136.533,0.01536,273.067,0.03072,348.596,0.096256,481.882,0.278528,505.094,1.06291,510.256,4.20864,509.667,16.854,
,,,,,,0.727273,0.011264,2.90909,0.011264,12.8,0.01024,42.6667,0.012288,136.533,0.01536,273.067,0.03072,344.926,0.09728,481.882,0.278528,505.581,1.06189,510.256,4.20864,509.636,16.855,
,,,,,,0.8,0.01024,2.90909,0.011264,11.6364,0.011264,42.6667,0.012288,136.533,0.01536,282.483,0.029696,344.926,0.09728,483.661,0.277504,505.581,1.06189,510.256,4.20864,509.729,16.852,
,,,,,,0.727273,0.011264,3.2,0.01024,11.6364,0.011264,42.6667,0.012288,136.533,0.01536,282.483,0.029696,344.926,0.09728,483.661,0.277504,506.07,1.06086,510.132,4.20966,509.698,16.853,
,,,,,,0.8,0.01024,3.2,0.01024,11.6364,0.011264,46.5455,0.011264,136.533,0.01536,273.067,0.03072,348.596,0.096256,483.661,0.277504,505.581,1.06189,510.132,4.20966,509.605,16.8561,
,,,,,,0.727273,0.011264,2.90909,0.011264,11.6364,0.011264,46.5455,0.011264,128,0.016384,273.067,0.03072,348.596,0.096256,483.661,0.277504,505.581,1.06189,510.008,4.21069,509.419,16.8622,
,,,,,,0.8,0.01024,3.2,0.01024,12.8,0.01024,46.5455,0.011264,136.533,0.01536,273.067,0.03072,348.596,0.096256,483.661,0.277504,506.07,1.06086,510.132,4.20966,509.636,16.855,
,,,,,,0.8,0.01024,3.2,0.01024,11.6364,0.011264,42.6667,0.012288,128,0.016384,282.483,0.029696,344.926,0.09728,481.882,0.278528,506.07,1.06086,509.76,4.21274,509.698,16.853,
,,,,,,0.8,0.01024,3.2,0.01024,11.6364,0.011264,42.6667,0.012288,136.533,0.01536,282.483,0.029696,344.926,0.09728,483.661,0.277504,505.581,1.06189,509.884,4.21171,509.698,16.853,
,,,,,,0.8,0.01024,2.90909,0.011264,11.6364,0.011264,46.5455,0.011264,136.533,0.01536,282.483,0.029696,348.596,0.096256,485.452,0.27648,506.07,1.06086,509.884,4.21171,509.822,16.8489,
,,,,,,0.615385,0.013312,2.28571,0.014336,9.84615,0.013312,36.5714,0.014336,107.789,0.019456,227.556,0.036864,292.571,0.114688,349.525,0.384,504.608,1.06394,509.141,4.21786,335.652,25.5918,
,,,,,,0.666667,0.012288,2.46154,0.013312,9.14286,0.014336,34.1333,0.01536,113.778,0.018432,234.057,0.03584,292.571,0.114688,350.46,0.382976,505.581,1.06189,509.884,4.21171,335.652,25.5918,
,,,,,,0.615385,0.013312,2.28571,0.014336,8.53333,0.01536,36.5714,0.014336,113.778,0.018432,234.057,0.03584,289.982,0.115712,351.399,0.381952,505.094,1.06291,509.884,4.21171,335.679,25.5898,
,,,,,,0.615385,0.013312,2.46154,0.013312,9.84615,0.013312,39.3846,0.013312,113.778,0.018432,234.057,0.03584,292.571,0.114688,351.399,0.381952,505.581,1.06189,509.76,4.21274,335.679,25.5898,
,,,,,,0.666667,0.012288,2.46154,0.013312,9.14286,0.014336,34.1333,0.01536,113.778,0.018432,234.057,0.03584,292.571,0.114688,350.46,0.382976,506.07,1.06086,509.884,4.21171,335.719,25.5867,
,,,,,,0.615385,0.013312,2.66667,0.012288,9.84615,0.013312,36.5714,0.014336,113.778,0.018432,234.057,0.03584,292.571,0.114688,351.399,0.381952,506.07,1.06086,509.76,4.21274,335.679,25.5898,
,,,,,,0.666667,0.012288,2.46154,0.013312,9.14286,0.014336,36.5714,0.014336,120.471,0.017408,227.556,0.036864,289.982,0.115712,352.344,0.380928,505.581,1.06189,509.884,4.21171,335.692,25.5887,
,,,,,,0.666667,0.012288,2.66667,0.012288,9.14286,0.014336,34.1333,0.01536,120.471,0.017408,234.057,0.03584,289.982,0.115712,350.46,0.382976,505.581,1.06189,509.884,4.21171,468.742,18.3255,
,,,,,,0.666667,0.012288,2.46154,0.013312,9.84615,0.013312,36.5714,0.014336,113.778,0.018432,227.556,0.036864,289.982,0.115712,352.344,0.380928,505.581,1.06189,508.524,4.22298,509.574,16.8571,
,,,,,,0.615385,0.013312,2.90909,0.011264,7.52941,0.017408,36.5714,0.014336,113.778,0.018432,234.057,0.03584,292.571,0.114688,352.344,0.380928,505.581,1.06189,507.785,4.22912,509.698,16.853,
,,,,,,0.666667,0.012288,2.46154,0.013312,9.84615,0.013312,34.1333,0.01536,93.0909,0.022528,227.556,0.036864,289.982,0.115712,352.344,0.380928,505.581,1.06189,508.277,4.22502,509.512,16.8591,
,,,,,,0.666667,0.012288,2.46154,0.013312,9.84615,0.013312,36.5714,0.014336,113.778,0.018432,234.057,0.03584,289.982,0.115712,351.399,0.381952,505.581,1.06189,507.662,4.23014,509.729,16.852,
,,,,,,0.666667,0.012288,2.46154,0.013312,9.14286,0.014336,28.4444,0.018432,120.471,0.017408,234.057,0.03584,289.982,0.115712,352.344,0.380928,505.581,1.06189,507.908,4.2281,509.636,16.855,
,,,,,,0.444444,0.018432,2.46154,0.013312,10.6667,0.012288,34.1333,0.01536,120.471,0.017408,234.057,0.03584,292.571,0.114688,351.399,0.381952,505.094,1.06291,508.77,4.22093,509.512,16.8591,
,,,,,,0.571429,0.014336,2.28571,0.014336,10.6667,0.012288,34.1333,0.01536,120.471,0.017408,234.057,0.03584,292.571,0.114688,351.399,0.381952,505.581,1.06189,507.539,4.23117,509.265,16.8673,
,,,,,,0.533333,0.01536,2.46154,0.013312,10.6667,0.012288,36.5714,0.014336,113.778,0.018432,227.556,0.036864,289.982,0.115712,351.399,0.381952,506.07,1.06086,509.017,4.21888,509.296,16.8663,
,,,,,,0.615385,0.013312,2.46154,0.013312,9.84615,0.013312,34.1333,0.01536,113.778,0.018432,234.057,0.03584,292.571,0.114688,353.294,0.379904,506.07,1.06086,509.017,4.21888,509.327,16.8653,
,,,,,,0.666667,0.012288,2.46154,0.013312,9.84615,0.013312,36.5714,0.014336,113.778,0.018432,234.057,0.03584,289.982,0.115712,347.671,0.386048,506.07,1.06086,509.141,4.21786,509.265,16.8673,
,,,,,,0.666667,0.012288,2.28571,0.014336,10.6667,0.012288,34.1333,0.01536,120.471,0.017408,227.556,0.036864,289.982,0.115712,352.344,0.380928,505.581,1.06189,509.141,4.21786,509.234,16.8684,
,,,,,,0.666667,0.012288,2.46154,0.013312,9.84615,0.013312,30.1176,0.017408,113.778,0.018432,234.057,0.03584,289.982,0.115712,351.399,0.381952,506.07,1.06086,508.894,4.2199,509.357,16.8643,
,,,,,,0.615385,0.013312,2.46154,0.013312,9.84615,0.013312,34.1333,0.01536,113.778,0.018432,227.556,0.036864,292.571,0.114688,352.344,0.380928,505.581,1.06189,509.017,4.21888,509.265,16.8673,
,,,,,,0.615385,0.013312,2.28571,0.014336,8,0.016384,39.3846,0.013312,113.778,0.018432,227.556,0.036864,289.982,0.115712,352.344,0.380928,505.581,1.06189,508.894,4.2199,509.234,16.8684,
,,,,,,0.666667,0.012288,2.28571,0.014336,9.14286,0.014336,28.4444,0.018432,113.778,0.018432,234.057,0.03584,292.571,0.114688,350.46,0.382976,506.07,1.06086,508.77,4.22093,509.296,16.8663,
,,,,,,0.615385,0.013312,2.28571,0.014336,9.14286,0.014336,39.3846,0.013312,113.778,0.018432,227.556,0.036864,292.571,0.114688,350.46,0.382976,506.07,1.06086,508.894,4.2199,509.11,16.8724,
,,,,,,0.666667,0.012288,2.13333,0.01536,9.14286,0.014336,39.3846,0.013312,113.778,0.018432,234.057,0.03584,289.982,0.115712,351.399,0.381952,505.581,1.06189,509.017,4.21888,509.234,16.8684,
,,,,,,0.571429,0.014336,2.46154,0.013312,9.84615,0.013312,34.1333,0.01536,113.778,0.018432,227.556,0.036864,292.571,0.114688,351.399,0.381952,505.581,1.06189,508.647,4.22195,509.265,16.8673,
,,,,,,0.666667,0.012288,2.46154,0.013312,9.84615,0.013312,36.5714,0.014336,120.471,0.017408,234.057,0.03584,289.982,0.115712,352.344,0.380928,505.094,1.06291,508.4,4.224,509.296,16.8663,
,,,,,,0.666667,0.012288,2.46154,0.013312,9.84615,0.013312,36.5714,0.014336,113.778,0.018432,234.057,0.03584,289.982,0.115712,351.399,0.381952,506.07,1.06086,508.77,4.22093,509.296,16.8663,
,,,,,,0.666667,0.012288,2.46154,0.013312,9.84615,0.013312,36.5714,0.014336,113.778,0.018432,234.057,0.03584,289.982,0.115712,352.344,0.380928,505.581,1.06189,508.524,4.22298,509.357,16.8643,
,,,,,,0.666667,0.012288,2.46154,0.013312,9.14286,0.014336,30.1176,0.017408,113.778,0.018432,234.057,0.03584,292.571,0.114688,351.399,0.381952,506.558,1.05984,508.77,4.22093,509.327,16.8653,
,,,,,,0.666667,0.012288,2.46154,0.013312,10.6667,0.012288,32,0.016384,113.778,0.018432,234.057,0.03584,289.982,0.115712,352.344,0.380928,493.68,1.08749,508.647,4.22195,509.079,16.8735,
,,,,,,0.615385,0.013312,2.46154,0.013312,9.84615,0.013312,34.1333,0.01536,113.778,0.018432,227.556,0.036864,289.982,0.115712,350.46,0.382976,506.07,1.06086,508.031,4.22707,509.203,16.8694,
,,,,,,0.615385,0.013312,2.66667,0.012288,9.84615,0.013312,34.1333,0.01536,113.778,0.018432,227.556,0.036864,289.982,0.115712,351.399,0.381952,506.07,1.06086,508.524,4.22298,509.327,16.8653,
,,,,,,0.666667,0.012288,2.28571,0.014336,9.84615,0.013312,36.5714,0.014336,113.778,0.018432,234.057,0.03584,292.571,0.114688,352.344,0.380928,506.07,1.06086,509.265,4.21683,509.265,16.8673,
,,,,,,0.615385,0.013312,2.66667,0.012288,9.84615,0.013312,34.1333,0.01536,120.471,0.017408,234.057,0.03584,289.982,0.115712,352.344,0.380928,505.581,1.06189,509.265,4.21683,508.987,16.8765,
,,,,,,0.615385,0.013312,2.46154,0.013312,9.14286,0.014336,36.5714,0.014336,120.471,0.017408,234.057,0.03584,289.982,0.115712,352.344,0.380928,505.581,1.06189,509.512,4.21478,509.203,16.8694,
,,,,,,0.615385,0.013312,2.66667,0.012288,9.84615,0.013312,32,0.016384,113.778,0.018432,234.057,0.03584,292.571,0.114688,351.399,0.381952,505.581,1.06189,509.512,4.21478,509.203,16.8694,
,,,,,,0.571429,0.014336,2.46154,0.013312,9.14286,0.014336,36.5714,0.014336,113.778,0.018432,234.057,0.03584,289.982,0.115712,352.344,0.380928,506.07,1.06086,509.76,4.21274,508.956,16.8776,
,,,,,,0.615385,0.013312,2.46154,0.013312,9.84615,0.013312,30.1176,0.017408,113.778,0.018432,234.057,0.03584,292.571,0.114688,351.399,0.381952,506.07,1.06086,509.884,4.21171,509.141,16.8714,
,,,,,,0.615385,0.013312,2.66667,0.012288,9.14286,0.014336,36.5714,0.014336,113.778,0.018432,234.057,0.03584,289.982,0.115712,351.399,0.381952,506.07,1.06086,510.008,4.21069,509.048,16.8745,
,,,,,,0.666667,0.012288,2.46154,0.013312,8.53333,0.01536,36.5714,0.014336,113.778,0.018432,234.057,0.03584,289.982,0.115712,352.344,0.380928,505.581,1.06189,510.132,4.20966,509.048,16.8745,
,,,,,,0.571429,0.014336,2.46154,0.013312,9.14286,0.014336,39.3846,0.013312,120.471,0.017408,234.057,0.03584,292.571,0.114688,351.399,0.381952,505.581,1.06189,509.884,4.21171,509.45,16.8612,
,,,,,,0.615385,0.013312,2.46154,0.013312,9.14286,0.014336,36.5714,0.014336,120.471,0.017408,234.057,0.03584,289.982,0.115712,351.399,0.381952,506.07,1.06086,510.256,4.20864,509.698,16.853,
,,,,,,0.615385,0.013312,2.46154,0.013312,9.14286,0.014336,34.1333,0.01536,120.471,0.017408,234.057,0.03584,292.571,0.114688,351.399,0.381952,506.07,1.06086,510.132,4.20966,509.574,16.8571,
,,,,,,0.666667,0.012288,2.28571,0.014336,9.84615,0.013312,34.1333,0.01536,120.471,0.017408,234.057,0.03584,292.571,0.114688,351.399,0.381952,506.07,1.06086,510.256,4.20864,509.574,16.8571,
,,,,,,0.615385,0.013312,2.28571,0.014336,9.14286,0.014336,34.1333,0.01536,120.471,0.017408,234.057,0.03584,292.571,0.114688,350.46,0.382976,506.07,1.06086,510.132,4.20966,509.636,16.855,
,,,,,,0.666667,0.012288,2.28571,0.014336,9.14286,0.014336,36.5714,0.014336,97.5238,0.021504,234.057,0.03584,289.982,0.115712,353.294,0.379904,505.094,1.06291,510.256,4.20864,509.636,16.855,
,,,,,,0.666667,0.012288,2.46154,0.013312,9.84615,0.013312,34.1333,0.01536,113.778,0.018432,234.057,0.03584,292.571,0.114688,352.344,0.380928,506.07,1.06086,510.132,4.20966,509.76,16.8509,
,,,,,,0.666667,0.012288,2.46154,0.013312,9.84615,0.013312,32,0.016384,113.778,0.018432,234.057,0.03584,289.982,0.115712,351.399,0.381952,505.581,1.06189,510.256,4.20864,509.667,16.854,
,,,,,,0.615385,0.013312,2.46154,0.013312,9.84615,0.013312,32,0.016384,113.778,0.018432,227.556,0.036864,292.571,0.114688,351.399,0.381952,506.07,1.06086,510.256,4.20864,509.636,16.855,
,,,,,,0.666667,0.012288,2.46154,0.013312,9.84615,0.013312,32,0.016384,113.778,0.018432,234.057,0.03584,289.982,0.115712,352.344,0.380928,506.07,1.06086,510.132,4.20966,509.636,16.855,
,,,,,,0.666667,0.012288,2.46154,0.013312,8.53333,0.01536,34.1333,0.01536,113.778,0.018432,234.057,0.03584,292.571,0.114688,351.399,0.381952,506.07,1.06086,510.132,4.20966,509.729,16.852,
,,,,,,0.615385,0.013312,2.46154,0.013312,9.84615,0.013312,32,0.016384,113.778,0.018432,227.556,0.036864,292.571,0.114688,350.46,0.382976,506.07,1.06086,510.256,4.20864,509.605,16.8561,
,,,,,,0.615385,0.013312,2.66667,0.012288,9.84615,0.013312,36.5714,0.014336,113.778,0.018432,234.057,0.03584,287.439,0.116736,351.399,0.381952,506.07,1.06086,509.388,4.21581,509.512,16.8591,
,,,,,,0.666667,0.012288,2.28571,0.014336,9.84615,0.013312,34.1333,0.01536,120.471,0.017408,227.556,0.036864,292.571,0.114688,351.399,0.381952,506.07,1.06086,510.38,4.20762,509.512,16.8591,
,,,,,,0.615385,0.013312,2.66667,0.012288,7.11111,0.018432,34.1333,0.01536,113.778,0.018432,227.556,0.036864,289.982,0.115712,351.399,0.381952,506.07,1.06086,510.008,4.21069,509.605,16.8561,
,,,,,,0.571429,0.014336,2.46154,0.013312,9.84615,0.013312,32,0.016384,113.778,0.018432,195.048,0.043008,292.571,0.114688,351.399,0.381952,505.581,1.06189,510.256,4.20864,509.543,16.8581,
,,,,,,0.615385,0.013312,2.46154,0.013312,9.84615,0.013312,34.1333,0.01536,113.778,0.018432,234.057,0.03584,289.982,0.115712,351.399,0.381952,503.639,1.06598,510.256,4.20864,509.574,16.8571,
,,,,,,0.666667,0.012288,2.46154,0.013312,9.14286,0.014336,34.1333,0.01536,107.789,0.019456,227.556,0.036864,292.571,0.114688,352.344,0.380928,506.07,1.06086,510.256,4.20864,509.605,16.8561,
,,,,,,0.615385,0.013312,2.28571,0.014336,8.53333,0.01536,32,0.016384,113.778,0.018432,210.051,0.039936,292.571,0.114688,351.399,0.381952,505.581,1.06189,510.38,4.20762,509.605,16.8561,
,,,,,,0.666667,0.012288,2.28571,0.014336,8.53333,0.01536,32,0.016384,113.778,0.018432,227.556,0.036864,289.982,0.115712,353.294,0.379904,506.07,1.06086,510.132,4.20966,509.574,16.8571,
,,,,,,0.615385,0.013312,2.46154,0.013312,8.53333,0.01536,36.5714,0.014336,120.471,0.017408,234.057,0.03584,289.982,0.115712,351.399,0.381952,505.581,1.06189,510.132,4.20966,509.481,16.8602,
,,,,,,0.666667,0.012288,2.46154,0.013312,9.14286,0.014336,30.1176,0.017408,113.778,0.018432,227.556,0.036864,289.982,0.115712,352.344,0.380928,505.581,1.06189,510.256,4.20864,509.481,16.8602,
,,,,,,0.615385,0.013312,2.46154,0.013312,9.84615,0.013312,34.1333,0.01536,120.471,0.017408,234.057,0.03584,292.571,0.114688,350.46,0.382976,506.07,1.06086,510.132,4.20966,509.605,16.8561,
,,,,,,0.666667,0.012288,2.66667,0.012288,9.14286,0.014336,36.5714,0.014336,113.778,0.018432,234.057,0.03584,289.982,0.115712,353.294,0.379904,506.07,1.06086,510.008,4.21069,509.605,16.8561,
,,,,,,0.615385,0.013312,2.28571,0.014336,9.14286,0.014336,32,0.016384,113.778,0.018432,234.057,0.03584,289.982,0.115712,352.344,0.380928,506.07,1.06086,509.388,4.21581,509.636,16.855,
,,,,,,0.666667,0.012288,2.28571,0.014336,9.84615,0.013312,34.1333,0.01536,113.778,0.018432,234.057,0.03584,292.571,0.114688,353.294,0.379904,505.581,1.06189,509.512,4.21478,509.605,16.8561,
,,,,,,0.615385,0.013312,2.28571,0.014336,9.84615,0.013312,36.5714,0.014336,120.471,0.017408,227.556,0.036864,292.571,0.114688,352.344,0.380928,505.581,1.06189,509.76,4.21274,509.574,16.8571,
,,,,,,0.615385,0.013312,2.13333,0.01536,8.53333,0.01536,36.5714,0.014336,120.471,0.017408,234.057,0.03584,289.982,0.115712,352.344,0.380928,505.581,1.06189,510.132,4.20966,509.667,16.854,
,,,,,,0.615385,0.013312,1.88235,0.017408,9.84615,0.013312,34.1333,0.01536,120.471,0.017408,227.556,0.036864,292.571,0.114688,350.46,0.382976,505.581,1.06189,510.256,4.20864,509.636,16.855,
,,,,,,0.615385,0.013312,2.66667,0.012288,10.6667,0.012288,36.5714,0.014336,120.471,0.017408,234.057,0.03584,289.982,0.115712,352.344,0.380928,505.094,1.06291,510.256,4.20864,509.667,16.854,
,,,,,,0.666667,0.012288,2.46154,0.013312,10.6667,0.012288,36.5714,0.014336,113.778,0.018432,227.556,0.036864,292.571,0.114688,352.344,0.380928,505.581,1.06189,510.132,4.20966,509.76,16.8509,
,,,,,,0.666667,0.012288,2.28571,0.014336,9.84615,0.013312,39.3846,0.013312,113.778,0.018432,234.057,0.03584,289.982,0.115712,352.344,0.380928,506.07,1.06086,509.884,4.21171,509.698,16.853,
,,,,,,0.615385,0.013312,2.46154,0.013312,9.84615,0.013312,36.5714,0.014336,113.778,0.018432,227.556,0.036864,289.982,0.115712,351.399,0.381952,505.581,1.06189,510.256,4.20864,509.667,16.854,
,,,,,,0.615385,0.013312,2.46154,0.013312,10.6667,0.012288,36.5714,0.014336,120.471,0.017408,234.057,0.03584,289.982,0.115712,353.294,0.379904,505.581,1.06189,510.38,4.20762,509.667,16.854,
,,,,,,0.615385,0.013312,2.66667,0.012288,10.6667,0.012288,34.1333,0.01536,113.778,0.018432,234.057,0.03584,289.982,0.115712,352.344,0.380928,505.581,1.06189,510.132,4.20966,509.667,16.854,
,,,,,,0.615385,0.013312,2.46154,0.013312,10.6667,0.012288,36.5714,0.014336,120.471,0.017408,234.057,0.03584,289.982,0.115712,352.344,0.380928,505.581,1.06189,510.256,4.20864,509.729,16.852,
,,,,,,0.615385,0.013312,2.66667,0.012288,9.84615,0.013312,36.5714,0.014336,113.778,0.018432,234.057,0.03584,292.571,0.114688,351.399,0.381952,505.581,1.06189,510.132,4.20966,509.636,16.855,
,,,,,,0.615385,0.013312,2.46154,0.013312,9.14286,0.014336,32,0.016384,113.778,0.018432,227.556,0.036864,292.571,0.114688,352.344,0.380928,505.581,1.06189,510.132,4.20966,509.76,16.8509,
,,,,,,0.571429,0.014336,2.66667,0.012288,9.14286,0.014336,32,0.016384,113.778,0.018432,234.057,0.03584,289.982,0.115712,350.46,0.382976,505.581,1.06189,510.132,4.20966,509.636,16.855,
,,,,,,0.615385,0.013312,2.46154,0.013312,9.14286,0.014336,32,0.016384,113.778,0.018432,227.556,0.036864,292.571,0.114688,351.399,0.381952,506.07,1.06086,510.256,4.20864,509.667,16.854,
,,,,,,0.615385,0.013312,2.66667,0.012288,9.14286,0.014336,32,0.016384,113.778,0.018432,234.057,0.03584,289.982,0.115712,352.344,0.380928,506.558,1.05984,510.008,4.21069,509.791,16.8499,
,,,,,,0.615385,0.013312,2.46154,0.013312,8.53333,0.01536,34.1333,0.01536,113.778,0.018432,227.556,0.036864,289.982,0.115712,352.344,0.380928,506.07,1.06086,510.256,4.20864,509.698,16.853,
,,,,,,0.666667,0.012288,2.46154,0.013312,9.14286,0.014336,34.1333,0.01536,120.471,0.017408,227.556,0.036864,292.571,0.114688,351.399,0.381952,505.581,1.06189,509.884,4.21171,509.667,16.854,
,,,,,,0.666667,0.012288,2.28571,0.014336,8.53333,0.01536,34.1333,0.01536,113.778,0.018432,234.057,0.03584,289.982,0.115712,352.344,0.380928,505.581,1.06189,509.512,4.21478,509.76,16.8509,
,,,,,,0.615385,0.013312,2.66667,0.012288,9.84615,0.013312,34.1333,0.01536,113.778,0.018432,234.057,0.03584,292.571,0.114688,351.399,0.381952,506.07,1.06086,509.512,4.21478,509.667,16.854,
,,,,,,0.615385,0.013312,2.46154,0.013312,9.14286,0.014336,36.5714,0.014336,113.778,0.018432,234.057,0.03584,289.982,0.115712,352.344,0.380928,505.581,1.06189,509.265,4.21683,509.76,16.8509,
,,,,,,0.571429,0.014336,2.46154,0.013312,10.6667,0.012288,36.5714,0.014336,113.778,0.018432,234.057,0.03584,292.571,0.114688,351.399,0.381952,505.581,1.06189,508.524,4.22298,509.636,16.855,
,,,,,,0.727273,0.011264,2.28571,0.014336,9.14286,0.014336,36.5714,0.014336,120.471,0.017408,227.556,0.036864,289.982,0.115712,352.344,0.380928,505.581,1.06189,509.017,4.21888,509.667,16.854,
,,,,,,0.615385,0.013312,2.46154,0.013312,9.14286,0.014336,39.3846,0.013312,113.778,0.018432,234.057,0.03584,292.571,0.114688,353.294,0.379904,506.07,1.06086,509.265,4.21683,509.667,16.854,
,,,,,,0.666667,0.012288,2.46154,0.013312,9.84615,0.013312,36.5714,0.014336,113.778,0.018432,234.057,0.03584,289.982,0.115712,351.399,0.381952,505.581,1.06189,509.512,4.21478,509.76,16.8509,
,,,,,,0.666667,0.012288,2.46154,0.013312,9.84615,0.013312,34.1333,0.01536,113.778,0.018432,234.057,0.03584,292.571,0.114688,351.399,0.381952,506.558,1.05984,509.141,4.21786,509.729,16.852,
,,,,,,0.615385,0.013312,2.46154,0.013312,9.14286,0.014336,36.5714,0.014336,113.778,0.018432,234.057,0.03584,292.571,0.114688,353.294,0.379904,506.07,1.06086,509.265,4.21683,509.791,16.8499,
,,,,,,0.666667,0.012288,2.46154,0.013312,8.53333,0.01536,34.1333,0.01536,113.778,0.018432,227.556,0.036864,289.982,0.115712,350.46,0.382976,506.07,1.06086,509.265,4.21683,509.729,16.852,
,,,,,,0.666667,0.012288,2.46154,0.013312,9.84615,0.013312,36.5714,0.014336,120.471,0.017408,234.057,0.03584,292.571,0.114688,353.294,0.379904,506.07,1.06086,509.017,4.21888,509.636,16.855,
,,,,,,0.615385,0.013312,2.46154,0.013312,10.6667,0.012288,34.1333,0.01536,120.471,0.017408,234.057,0.03584,292.571,0.114688,351.399,0.381952,505.094,1.06291,509.141,4.21786,509.388,16.8632,
,,,,,,0.615385,0.013312,2.46154,0.013312,9.84615,0.013312,30.1176,0.017408,113.778,0.018432,227.556,0.036864,292.571,0.114688,352.344,0.380928,505.581,1.06189,509.388,4.21581,509.203,16.8694,
,,,,,,0.666667,0.012288,2.46154,0.013312,9.14286,0.014336,34.1333,0.01536,120.471,0.017408,227.556,0.036864,289.982,0.115712,351.399,0.381952,505.581,1.06189,509.512,4.21478,509.357,16.8643,
,,,,,,0.666667,0.012288,2.28571,0.014336,9.84615,0.013312,36.5714,0.014336,113.778,0.018432,234.057,0.03584,289.982,0.115712,352.344,0.380928,506.07,1.06086,509.141,4.21786,508.987,16.8765,
,,,,,,0.615385,0.013312,2.46154,0.013312,8.53333,0.01536,36.5714,0.014336,113.778,0.018432,227.556,0.036864,292.571,0.114688,351.399,0.381952,506.07,1.06086,509.512,4.21478,508.832,16.8817,
,,,,,,0.727273,0.011264,2.66667,0.012288,10.6667,0.012288,39.3846,0.013312,113.778,0.018432,227.556,0.036864,292.571,0.114688,397.188,0.33792,504.608,1.06394,509.636,4.21376,335.223,25.6246,
,,,,,,0.666667,0.012288,2.66667,0.012288,10.6667,0.012288,36.5714,0.014336,113.778,0.018432,234.057,0.03584,154.566,0.217088,397.188,0.33792,505.581,1.06189,510.008,4.21069,335.263,25.6215,
,,,,,,0.666667,0.012288,2.90909,0.011264,10.6667,0.012288,39.3846,0.013312,120.471,0.017408,234.057,0.03584,289.982,0.115712,397.188,0.33792,505.094,1.06291,510.008,4.21069,335.424,25.6092,
,,,,,,0.727273,0.011264,2.66667,0.012288,10.6667,0.012288,36.5714,0.014336,113.778,0.018432,234.057,0.03584,292.571,0.114688,395.988,0.338944,506.07,1.06086,510.008,4.21069,409.16,20.994,
,,,,,,0.666667,0.012288,2.66667,0.012288,10.6667,0.012288,39.3846,0.013312,113.778,0.018432,227.556,0.036864,289.982,0.115712,398.395,0.336896,505.581,1.06189,510.132,4.20966,490.189,17.5237,
,,,,,,0.666667,0.012288,2.66667,0.012288,10.6667,0.012288,36.5714,0.014336,113.778,0.018432,234.057,0.03584,289.982,0.115712,397.188,0.33792,506.07,1.06086,510.132,4.20966,490.275,17.5206,
,,,,,,0.666667,0.012288,2.66667,0.012288,11.6364,0.011264,39.3846,0.013312,113.778,0.018432,221.405,0.037888,292.571,0.114688,398.395,0.336896,506.07,1.06086,509.017,4.21888,490.247,17.5217,
,,,,,,0.666667,0.012288,2.66667,0.012288,10.6667,0.012288,36.5714,0.014336,120.471,0.017408,234.057,0.03584,292.571,0.114688,397.188,0.33792,505.581,1.06189,508.894,4.2199,490.189,17.5237,
,,,,,,0.727273,0.011264,2.90909,0.011264,10.6667,0.012288,36.5714,0.014336,113.778,0.018432,234.057,0.03584,292.571,0.114688,397.188,0.33792,505.581,1.06189,508.894,4.2199,490.189,17.5237,
,,,,,,0.666667,0.012288,2.66667,0.012288,10.6667,0.012288,39.3846,0.013312,120.471,0.017408,234.057,0.03584,289.982,0.115712,397.188,0.33792,506.07,1.06086,508.4,4.224,490.218,17.5227,
,,,,,,0.666667,0.012288,2.46154,0.013312,11.6364,0.011264,36.5714,0.014336,120.471,0.017408,227.556,0.036864,289.982,0.115712,397.188,0.33792,503.639,1.06598,508.77,4.22093,490.189,17.5237,
,,,,,,0.666667,0.012288,2.66667,0.012288,10.6667,0.012288,39.3846,0.013312,113.778,0.018432,227.556,0.036864,289.982,0.115712,395.988,0.338944,504.608,1.06394,509.265,4.21683,490.275,17.5206,
,,,,,,0.727273,0.011264,2.66667,0.012288,10.6667,0.012288,36.5714,0.014336,120.471,0.017408,227.556,0.036864,292.571,0.114688,397.188,0.33792,505.094,1.06291,509.265,4.21683,490.075,17.5278,
,,,,,,0.666667,0.012288,2.66667,0.012288,10.6667,0.012288,39.3846,0.013312,113.778,0.018432,227.556,0.036864,289.982,0.115712,397.188,0.33792,503.639,1.06598,509.388,4.21581,489.874,17.535,
,,,,,,0.727273,0.011264,2.66667,0.012288,10.6667,0.012288,36.5714,0.014336,120.471,0.017408,227.556,0.036864,292.571,0.114688,395.988,0.338944,502.673,1.06803,509.512,4.21478,491.482,17.4776,
,,,,,,0.666667,0.012288,2.66667,0.012288,10.6667,0.012288,36.5714,0.014336,113.778,0.018432,234.057,0.03584,289.982,0.115712,397.188,0.33792,504.123,1.06496,509.388,4.21581,507.447,16.9277,
,,,,,,0.727273,0.011264,2.66667,0.012288,10.6667,0.012288,36.5714,0.014336,113.778,0.018432,234.057,0.03584,292.571,0.114688,397.188,0.33792,503.639,1.06598,509.512,4.21478,506.314,16.9656,
,,,,,,0.666667,0.012288,2.66667,0.012288,10.6667,0.012288,39.3846,0.013312,120.471,0.017408,227.556,0.036864,289.982,0.115712,397.188,0.33792,504.608,1.06394,509.265,4.21683,506.283,16.9667,
,,,,,,0.727273,0.011264,2.66667,0.012288,10.6667,0.012288,36.5714,0.014336,113.778,0.018432,234.057,0.03584,289.982,0.115712,398.395,0.336896,504.608,1.06394,509.388,4.21581,506.1,16.9728,
,,,,,,0.666667,0.012288,2.90909,0.011264,10.6667,0.012288,36.5714,0.014336,113.778,0.018432,227.556,0.036864,289.982,0.115712,398.395,0.336896,504.608,1.06394,509.388,4.21581,506.314,16.9656,
,,,,,,0.666667,0.012288,2.66667,0.012288,9.84615,0.013312,36.5714,0.014336,113.778,0.018432,227.556,0.036864,292.571,0.114688,397.188,0.33792,503.155,1.06701,509.512,4.21478,506.161,16.9708,
,,,,,,0.666667,0.012288,2.90909,0.011264,10.6667,0.012288,39.3846,0.013312,113.778,0.018432,227.556,0.036864,289.982,0.115712,397.188,0.33792,504.123,1.06496,509.265,4.21683,508.062,16.9073,
,,,,,,0.666667,0.012288,2.66667,0.012288,10.6667,0.012288,36.5714,0.014336,120.471,0.017408,234.057,0.03584,289.982,0.115712,395.988,0.338944,504.123,1.06496,509.636,4.21376,509.141,16.8714,
,,,,,,0.666667,0.012288,2.66667,0.012288,9.84615,0.013312,39.3846,0.013312,113.778,0.018432,227.556,0.036864,292.571,0.114688,397.188,0.33792,504.608,1.06394,508.647,4.22195,509.11,16.8724,
,,,,,,0.727273,0.011264,2.66667,0.012288,10.6667,0.012288,39.3846,0.013312,120.471,0.017408,234.057,0.03584,289.982,0.115712,397.188,0.33792,504.608,1.06394,508.647,4.22195,509.141,16.8714,
,,,,,,0.666667,0.012288,2.66667,0.012288,10.6667,0.012288,36.5714,0.014336,120.471,0.017408,234.057,0.03584,292.571,0.114688,395.988,0.338944,504.608,1.06394,508.894,4.2199,509.265,16.8673,
,,,,,,0.727273,0.011264,2.66667,0.012288,10.6667,0.012288,36.5714,0.014336,113.778,0.018432,234.057,0.03584,289.982,0.115712,397.188,0.33792,504.123,1.06496,508.647,4.22195,509.265,16.8673,
,,,,,,0.666667,0.012288,2.66667,0.012288,10.6667,0.012288,39.3846,0.013312,120.471,0.017408,234.057,0.03584,289.982,0.115712,397.188,0.33792,504.123,1.06496,508.647,4.22195,509.234,16.8684,
,,,,,,0.727273,0.011264,2.66667,0.012288,10.6667,0.012288,39.3846,0.013312,120.471,0.017408,227.556,0.036864,289.982,0.115712,395.988,0.338944,504.608,1.06394,508.77,4.22093,508.956,16.8776,
,,,,,,0.666667,0.012288,2.66667,0.012288,10.6667,0.012288,36.5714,0.014336,113.778,0.018432,227.556,0.036864,292.571,0.114688,397.188,0.33792,505.094,1.06291,508.154,4.22605,508.925,16.8786,
,,,,,,0.666667,0.012288,2.66667,0.012288,10.6667,0.012288,36.5714,0.014336,113.778,0.018432,221.405,0.037888,289.982,0.115712,397.188,0.33792,504.123,1.06496,508.894,4.2199,509.203,16.8694,
,,,,,,0.727273,0.011264,2.66667,0.012288,10.6667,0.012288,39.3846,0.013312,113.778,0.018432,234.057,0.03584,292.571,0.114688,155.115,0.86528,504.608,1.06394,509.388,4.21581,509.388,16.8632,
,,,,,,0.666667,0.012288,2.66667,0.012288,10.6667,0.012288,36.5714,0.014336,120.471,0.017408,234.057,0.03584,289.982,0.115712,385.506,0.34816,503.639,1.06598,509.017,4.21888,509.203,16.8694,
,,,,,,0.727273,0.011264,2.66667,0.012288,10.6667,0.012288,39.3846,0.013312,113.778,0.018432,227.556,0.036864,284.939,0.11776,398.395,0.336896,504.123,1.06496,509.265,4.21683,509.079,16.8735,
,,,,,,0.666667,0.012288,2.66667,0.012288,10.6667,0.012288,34.1333,0.01536,120.471,0.017408,234.057,0.03584,289.982,0.115712,397.188,0.33792,504.123,1.06496,509.512,4.21478,509.203,16.8694,
,,,,,,0.666667,0.012288,2.90909,0.011264,10.6667,0.012288,36.5714,0.014336,113.778,0.018432,234.057,0.03584,289.982,0.115712,397.188,0.33792,504.608,1.06394,510.008,4.21069,508.987,16.8765,
,,,,,,0.727273,0.011264,2.66667,0.012288,10.6667,0.012288,36.5714,0.014336,120.471,0.017408,240.941,0.034816,289.982,0.115712,397.188,0.33792,504.123,1.06496,510.256,4.20864,509.45,16.8612,
,,,,,,0.666667,0.012288,2.66667,0.012288,10.6667,0.012288,39.3846,0.013312,113.778,0.018432,234.057,0.03584,289.982,0.115712,397.188,0.33792,504.123,1.06496,510.256,4.20864,509.327,16.8653,
,,,,,,0.727273,0.011264,2.66667,0.012288,10.6667,0.012288,36.5714,0.014336,113.778,0.018432,234.057,0.03584,289.982,0.115712,395.988,0.338944,503.639,1.06598,510.38,4.20762,509.419,16.8622,
,,,,,,0.666667,0.012288,2.66667,0.012288,10.6667,0.012288,36.5714,0.014336,120.471,0.017408,234.057,0.03584,292.571,0.114688,397.188,0.33792,504.123,1.06496,510.38,4.20762,509.729,16.852,
,,,,,,0.727273,0.011264,2.66667,0.012288,10.6667,0.012288,36.5714,0.014336,113.778,0.018432,234.057,0.03584,292.571,0.114688,397.188,0.33792,504.608,1.06394,510.132,4.20966,509.636,16.855,
,,,,,,0.666667,0.012288,2.90909,0.011264,10.6667,0.012288,39.3846,0.013312,113.778,0.018432,234.057,0.03584,284.939,0.11776,397.188,0.33792,504.123,1.06496,510.132,4.20966,509.698,16.853,
,,,,,,0.727273,0.011264,2.66667,0.012288,10.6667,0.012288,39.3846,0.013312,120.471,0.017408,227.556,0.036864,292.571,0.114688,397.188,0.33792,504.608,1.06394,510.132,4.20966,509.45,16.8612,
,,,,,,0.727273,0.011264,2.66667,0.012288,10.6667,0.012288,36.5714,0.014336,113.778,0.018432,234.057,0.03584,289.982,0.115712,397.188,0.33792,504.123,1.06496,510.008,4.21069,509.543,16.8581,
,,,,,,0.666667,0.012288,2.66667,0.012288,10.6667,0.012288,36.5714,0.014336,113.778,0.018432,227.556,0.036864,289.982,0.115712,395.988,0.338944,504.123,1.06496,510.256,4.20864,509.512,16.8591,
,,,,,,0.727273,0.011264,2.66667,0.012288,10.6667,0.012288,39.3846,0.013312,120.471,0.017408,234.057,0.03584,289.982,0.115712,397.188,0.33792,504.608,1.06394,510.132,4.20966,509.729,16.852,
,,,,,,0.666667,0.012288,2.46154,0.013312,10.6667,0.012288,39.3846,0.013312,113.778,0.018432,234.057,0.03584,292.571,0.114688,398.395,0.336896,503.639,1.06598,510.256,4.20864,509.574,16.8571,
,,,,,,0.666667,0.012288,2.66667,0.012288,10.6667,0.012288,39.3846,0.013312,102.4,0.02048,227.556,0.036864,289.982,0.115712,393.61,0.340992,504.123,1.06496,510.008,4.21069,509.698,16.853,
,,,,,,0.727273,0.011264,2.66667,0.012288,10.6667,0.012288,39.3846,0.013312,113.778,0.018432,234.057,0.03584,292.571,0.114688,395.988,0.338944,504.608,1.06394,510.256,4.20864,509.636,16.855,
,,,,,,0.727273,0.011264,2.90909,0.011264,10.6667,0.012288,36.5714,0.014336,113.778,0.018432,234.057,0.03584,292.571,0.114688,397.188,0.33792,502.192,1.06906,510.132,4.20966,509.76,16.8509,
,,,,,,0.727273,0.011264,2.66667,0.012288,10.6667,0.012288,36.5714,0.014336,113.778,0.018432,234.057,0.03584,289.982,0.115712,397.188,0.33792,501.711,1.07008,510.256,4.20864,509.698,16.853,
,,,,,,0.727273,0.011264,2.66667,0.012288,10.6667,0.012288,39.3846,0.013312,120.471,0.017408,234.057,0.03584,292.571,0.114688,395.988,0.338944,503.639,1.06598,510.256,4.20864,509.698,16.853,
,,,,,,0.666667,0.012288,2.66667,0.012288,10.6667,0.012288,39.3846,0.013312,113.778,0.018432,234.057,0.03584,292.571,0.114688,397.188,0.33792,504.123,1.06496,510.38,4.20762,509.76,16.8509,
,,,,,,0.666667,0.012288,2.66667,0.012288,10.6667,0.012288,39.3846,0.013312,113.778,0.018432,234.057,0.03584,292.571,0.114688,395.988,0.338944,504.123,1.06496,510.256,4.20864,509.636,16.855,
,,,,,,0.666667,0.012288,2.46154,0.013312,10.6667,0.012288,39.3846,0.013312,113.778,0.018432,227.556,0.036864,289.982,0.115712,397.188,0.33792,504.608,1.06394,510.008,4.21069,509.636,16.855,
,,,,,,0.727273,0.011264,2.66667,0.012288,9.84615,0.013312,36.5714,0.014336,120.471,0.017408,234.057,0.03584,292.571,0.114688,397.188,0.33792,503.639,1.06598,510.132,4.20966,509.543,16.8581,
,,,,,,0.666667,0.012288,2.66667,0.012288,10.6667,0.012288,36.5714,0.014336,113.778,0.018432,221.405,0.037888,289.982,0.115712,395.988,0.338944,503.155,1.06701,510.38,4.20762,509.729,16.852,
,,,,,,0.666667,0.012288,2.90909,0.011264,10.6667,0.012288,36.5714,0.014336,113.778,0.018432,234.057,0.03584,289.982,0.115712,395.988,0.338944,500.753,1.07213,510.256,4.20864,509.667,16.854,
,,,,,,0.666667,0.012288,2.66667,0.012288,10.6667,0.012288,36.5714,0.014336,113.778,0.018432,234.057,0.03584,292.571,0.114688,395.988,0.338944,504.123,1.06496,510.132,4.20966,509.729,16.852,
,,,,,,0.666667,0.012288,2.66667,0.012288,10.6667,0.012288,39.3846,0.013312,120.471,0.017408,234.057,0.03584,289.982,0.115712,395.988,0.338944,504.123,1.06496,510.256,4.20864,509.791,16.8499,
,,,,,,0.727273,0.011264,2.66667,0.012288,10.6667,0.012288,39.3846,0.013312,113.778,0.018432,234.057,0.03584,289.982,0.115712,397.188,0.33792,504.608,1.06394,510.256,4.20864,509.791,16.8499,
,,,,,,0.727273,0.011264,2.66667,0.012288,10.6667,0.012288,39.3846,0.013312,120.471,0.017408,234.057,0.03584,292.571,0.114688,397.188,0.33792,504.123,1.06496,510.38,4.20762,509.853,16.8479,
,,,,,,0.727273,0.011264,2.66667,0.012288,10.6667,0.012288,36.5714,0.014336,120.471,0.017408,234.057,0.03584,289.982,0.115712,397.188,0.33792,502.673,1.06803,510.132,4.20966,509.853,16.8479,
,,,,,,0.666667,0.012288,2.90909,0.011264,10.6667,0.012288,39.3846,0.013312,113.778,0.018432,227.556,0.036864,289.982,0.115712,397.188,0.33792,502.673,1.06803,510.38,4.20762,509.698,16.853,
,,,,,,0.666667,0.012288,2.66667,0.012288,10.6667,0.012288,36.5714,0.014336,120.471,0.017408,240.941,0.034816,292.571,0.114688,397.188,0.33792,502.192,1.06906,510.256,4.20864,509.698,16.853,
,,,,,,0.615385,0.013312,2.66667,0.012288,10.6667,0.012288,36.5714,0.014336,113.778,0.018432,234.057,0.03584,289.982,0.115712,397.188,0.33792,503.155,1.06701,510.256,4.20864,509.729,16.852,
,,,,,,0.727273,0.011264,2.66667,0.012288,10.6667,0.012288,36.5714,0.014336,120.471,0.017408,234.057,0.03584,289.982,0.115712,397.188,0.33792,502.673,1.06803,510.132,4.20966,509.636,16.855,
,,,,,,0.666667,0.012288,2.66667,0.012288,9.14286,0.014336,39.3846,0.013312,120.471,0.017408,227.556,0.036864,292.571,0.114688,397.188,0.33792,503.639,1.06598,510.132,4.20966,509.853,16.8479,
,,,,,,0.727273,0.011264,2.90909,0.011264,10.6667,0.012288,36.5714,0.014336,113.778,0.018432,234.057,0.03584,289.982,0.115712,397.188,0.33792,503.639,1.06598,510.008,4.21069,509.822,16.8489,
,,,,,,0.666667,0.012288,2.66667,0.012288,10.6667,0.012288,39.3846,0.013312,120.471,0.017408,234.057,0.03584,289.982,0.115712,397.188,0.33792,504.123,1.06496,510.38,4.20762,509.791,16.8499,
,,,,,,0.727273,0.011264,2.66667,0.012288,10.6667,0.012288,39.3846,0.013312,113.778,0.018432,234.057,0.03584,289.982,0.115712,395.988,0.338944,502.673,1.06803,510.132,4.20966,509.698,16.853,
,,,,,,0.666667,0.012288,2.46154,0.013312,10.6667,0.012288,36.5714,0.014336,113.778,0.018432,234.057,0.03584,292.571,0.114688,395.988,0.338944,503.639,1.06598,510.38,4.20762,509.357,16.8643,
,,,,,,0.727273,0.011264,2.90909,0.011264,10.6667,0.012288,36.5714,0.014336,113.778,0.018432,227.556,0.036864,292.571,0.114688,395.988,0.338944,502.673,1.06803,510.38,4.20762,509.512,16.8591,
,,,,,,0.666667,0.012288,2.66667,0.012288,10.6667,0.012288,36.5714,0.014336,113.778,0.018432,234.057,0.03584,289.982,0.115712,397.188,0.33792,503.155,1.06701,510.132,4.20966,509.729,16.852,
,,,,,,0.727273,0.011264,2.66667,0.012288,10.6667,0.012288,39.3846,0.013312,120.471,0.017408,234.057,0.03584,292.571,0.114688,398.395,0.336896,502.673,1.06803,510.256,4.20864,509.698,16.853,
,,,,,,0.666667,0.012288,2.66667,0.012288,11.6364,0.011264,36.5714,0.014336,113.778,0.018432,227.556,0.036864,292.571,0.114688,397.188,0.33792,504.123,1.06496,510.38,4.20762,509.76,16.8509,
,,,,,,0.727273,0.011264,2.66667,0.012288,10.6667,0.012288,39.3846,0.013312,120.471,0.017408,234.057,0.03584,289.982,0.115712,397.188,0.33792,503.155,1.06701,510.38,4.20762,509.667,16.854,
,,,,,,0.666667,0.012288,2.90909,0.011264,10.6667,0.012288,39.3846,0.013312,120.471,0.017408,227.556,0.036864,292.571,0.114688,397.188,0.33792,503.639,1.06598,510.256,4.20864,509.76,16.8509,
,,,,,,0.666667,0.012288,2.66667,0.012288,10.6667,0.012288,36.5714,0.014336,120.471,0.017408,234.057,0.03584,287.439,0.116736,398.395,0.336896,503.155,1.06701,510.256,4.20864,509.636,16.855,
,,,,,,0.727273,0.011264,2.66667,0.012288,10.6667,0.012288,39.3846,0.013312,113.778,0.018432,234.057,0.03584,289.982,0.115712,397.188,0.33792,503.639,1.06598,510.256,4.20864,509.698,16.853,
,,,,,,0.666667,0.012288,2.66667,0.012288,11.6364,0.011264,36.5714,0.014336,120.471,0.017408,227.556,0.036864,289.982,0.115712,397.188,0.33792,503.155,1.06701,510.256,4.20864,509.636,16.855,
,,,,,,0.666667,0.012288,2.90909,0.011264,9.84615,0.013312,39.3846,0.013312,120.471,0.017408,234.057,0.03584,292.571,0.114688,397.188,0.33792,503.639,1.06598,509.512,4.21478,509.698,16.853,
,,,,,,0.727273,0.011264,2.66667,0.012288,10.6667,0.012288,36.5714,0.014336,113.778,0.018432,234.057,0.03584,289.982,0.115712,397.188,0.33792,503.155,1.06701,509.636,4.21376,509.791,16.8499,
,,,,,,0.666667,0.012288,2.66667,0.012288,10.6667,0.012288,39.3846,0.013312,120.471,0.017408,234.057,0.03584,289.982,0.115712,395.988,0.338944,503.155,1.06701,509.636,4.21376,509.822,16.8489,
,,,,,,0.727273,0.011264,2.90909,0.011264,11.6364,0.011264,36.5714,0.014336,113.778,0.018432,234.057,0.03584,292.571,0.114688,398.395,0.336896,503.639,1.06598,509.265,4.21683,509.791,16.8499,
,,,,,,0.666667,0.012288,2.66667,0.012288,10.6667,0.012288,39.3846,0.013312,120.471,0.017408,234.057,0.03584,289.982,0.115712,397.188,0.33792,504.123,1.06496,508.894,4.2199,509.729,16.852,
,,,,,,0.727273,0.011264,2.66667,0.012288,10.6667,0.012288,36.5714,0.014336,113.778,0.018432,234.057,0.03584,292.571,0.114688,397.188,0.33792,501.231,1.0711,509.265,4.21683,509.76,16.8509,
,,,,,,0.666667,0.012288,2.66667,0.012288,10.6667,0.012288,39.3846,0.013312,113.778,0.018432,227.556,0.036864,292.571,0.114688,398.395,0.336896,503.155,1.06701,509.265,4.21683,509.729,16.852,
,,,,,,0.666667,0.012288,2.66667,0.012288,10.6667,0.012288,36.5714,0.014336,120.471,0.017408,234.057,0.03584,289.982,0.115712,397.188,0.33792,503.155,1.06701,509.512,4.21478,509.636,16.855,
,,,,,,0.666667,0.012288,2.90909,0.011264,10.6667,0.012288,39.3846,0.013312,113.778,0.018432,234.057,0.03584,289.982,0.115712,397.188,0.33792,503.639,1.06598,509.265,4.21683,509.574,16.8571,
,,,,,,0.666667,0.012288,2.66667,0.012288,10.6667,0.012288,36.5714,0.014336,120.471,0.017408,234.057,0.03584,289.982,0.115712,397.188,0.33792,503.155,1.06701,509.388,4.21581,509.791,16.8499,
,,,,,,0.666667,0.012288,2.66667,0.012288,10.6667,0.012288,39.3846,0.013312,113.778,0.018432,234.057,0.03584,289.982,0.115712,397.188,0.33792,503.155,1.06701,509.512,4.21478,509.853,16.8479,
,,,,,,0.666667,0.012288,2.66667,0.012288,10.6667,0.012288,36.5714,0.014336,113.778,0.018432,234.057,0.03584,289.982,0.115712,398.395,0.336896,504.123,1.06496,509.636,4.21376,509.419,16.8622,
,,,,,,0.727273,0.011264,2.66667,0.012288,9.84615,0.013312,39.3846,0.013312,113.778,0.018432,227.556,0.036864,292.571,0.114688,395.988,0.338944,503.639,1.06598,509.388,4.21581,509.357,16.8643,
,,,,,,0.666667,0.012288,2.46154,0.013312,10.6667,0.012288,36.5714,0.014336,120.471,0.017408,234.057,0.03584,292.571,0.114688,397.188,0.33792,503.155,1.06701,509.512,4.21478,509.419,16.8622,
,,,,,,0.666667,0.012288,2.66667,0.012288,10.6667,0.012288,39.3846,0.013312,113.778,0.018432,234.057,0.03584,289.982,0.115712,397.188,0.33792,502.673,1.06803,509.636,4.21376,509.574,16.8571,
,,,,,,0.727273,0.011264,2.66667,0.012288,10.6667,0.012288,39.3846,0.013312,120.471,0.017408,227.556,0.036864,289.982,0.115712,397.188,0.33792,502.673,1.06803,509.141,4.21786,509.234,16.8684,
,,,,,,0.666667,0.012288,2.66667,0.012288,10.6667,0.012288,39.3846,0.013312,113.778,0.018432,234.057,0.03584,289.982,0.115712,397.188,0.33792,503.155,1.06701,509.141,4.21786,509.11,16.8724,
,,,,,,0.727273,0.011264,2.66667,0.012288,10.6667,0.012288,36.5714,0.014336,120.471,0.017408,234.057,0.03584,292.571,0.114688,397.188,0.33792,503.639,1.06598,508.77,4.22093,509.11,16.8724,
,,,,,,0.666667,0.012288,2.66667,0.012288,10.6667,0.012288,39.3846,0.013312,113.778,0.018432,227.556,0.036864,292.571,0.114688,397.188,0.33792,503.155,1.06701,508.4,4.224,509.234,16.8684,
,,,,,,0.666667,0.012288,2.66667,0.012288,9.84615,0.013312,39.3846,0.013312,120.471,0.017408,234.057,0.03584,295.207,0.113664,356.174,0.376832,504.123,1.06496,509.76,4.21274,335.504,25.6031,
,,,,,,0.666667,0.012288,2.66667,0.012288,10.6667,0.012288,36.5714,0.014336,113.778,0.018432,234.057,0.03584,297.891,0.11264,357.144,0.375808,505.581,1.06189,510.008,4.21069,335.625,25.5939,
,,,,,,0.666667,0.012288,2.66667,0.012288,10.6667,0.012288,39.3846,0.013312,120.471,0.017408,240.941,0.034816,297.891,0.11264,359.101,0.37376,506.07,1.06086,510.256,4.20864,335.558,25.599,
,,,,,,0.666667,0.012288,2.66667,0.012288,10.6667,0.012288,36.5714,0.014336,113.778,0.018432,240.941,0.034816,295.207,0.113664,359.101,0.37376,505.581,1.06189,510.132,4.20966,335.383,25.6123,
,,,,,,0.666667,0.012288,2.66667,0.012288,9.84615,0.013312,39.3846,0.013312,120.471,0.017408,240.941,0.034816,297.891,0.11264,358.12,0.374784,505.094,1.06291,510.132,4.20966,335.37,25.6133,
,,,,,,0.666667,0.012288,2.66667,0.012288,10.6667,0.012288,36.5714,0.014336,113.778,0.018432,234.057,0.03584,258.016,0.130048,358.12,0.374784,506.07,1.06086,510.008,4.21069,445.019,19.3024,
,,,,,,0.666667,0.012288,2.66667,0.012288,9.84615,0.013312,39.3846,0.013312,120.471,0.017408,234.057,0.03584,297.891,0.11264,358.12,0.374784,506.07,1.06086,510.132,4.20966,509.203,16.8694,
,,,,,,0.666667,0.012288,2.66667,0.012288,10.6667,0.012288,39.3846,0.013312,120.471,0.017408,240.941,0.034816,295.207,0.113664,358.12,0.374784,506.07,1.06086,510.008,4.21069,509.388,16.8632,
,,,,,,0.727273,0.011264,2.46154,0.013312,10.6667,0.012288,36.5714,0.014336,113.778,0.018432,234.057,0.03584,297.891,0.11264,358.12,0.374784,506.07,1.06086,510.008,4.21069,509.605,16.8561,
,,,,,,0.666667,0.012288,2.46154,0.013312,9.84615,0.013312,36.5714,0.014336,120.471,0.017408,234.057,0.03584,297.891,0.11264,357.144,0.375808,505.581,1.06189,510.132,4.20966,509.791,16.8499,
,,,,,,0.666667,0.012288,2.66667,0.012288,10.6667,0.012288,39.3846,0.013312,113.778,0.018432,234.057,0.03584,297.891,0.11264,359.101,0.37376,505.581,1.06189,510.38,4.20762,509.884,16.8468,
,,,,,,0.666667,0.012288,2.46154,0.013312,10.6667,0.012288,39.3846,0.013312,113.778,0.018432,234.057,0.03584,295.207,0.113664,358.12,0.374784,505.094,1.06291,510.256,4.20864,509.698,16.853,
,,,,,,0.666667,0.012288,2.46154,0.013312,10.6667,0.012288,39.3846,0.013312,120.471,0.017408,240.941,0.034816,297.891,0.11264,358.12,0.374784,505.581,1.06189,510.132,4.20966,509.853,16.8479,
,,,,,,0.666667,0.012288,2.66667,0.012288,10.6667,0.012288,39.3846,0.013312,113.778,0.018432,240.941,0.034816,295.207,0.113664,358.12,0.374784,505.581,1.06189,510.256,4.20864,509.698,16.853,
,,,,,,0.727273,0.011264,2.66667,0.012288,10.6667,0.012288,36.5714,0.014336,113.778,0.018432,240.941,0.034816,297.891,0.11264,358.12,0.374784,506.07,1.06086,510.256,4.20864,509.574,16.8571,
,,,,,,0.666667,0.012288,2.66667,0.012288,10.6667,0.012288,36.5714,0.014336,120.471,0.017408,234.057,0.03584,297.891,0.11264,358.12,0.374784,506.07,1.06086,510.38,4.20762,509.698,16.853,
,,,,,,0.666667,0.012288,2.66667,0.012288,10.6667,0.012288,36.5714,0.014336,113.778,0.018432,240.941,0.034816,297.891,0.11264,358.12,0.374784,506.07,1.06086,510.132,4.20966,509.605,16.8561,
,,,,,,0.666667,0.012288,2.46154,0.013312,10.6667,0.012288,39.3846,0.013312,113.778,0.018432,240.941,0.034816,295.207,0.113664,358.12,0.374784,505.094,1.06291,510.008,4.21069,509.822,16.8489,
,,,,,,0.727273,0.011264,2.46154,0.013312,10.6667,0.012288,39.3846,0.013312,120.471,0.017408,234.057,0.03584,297.891,0.11264,358.12,0.374784,506.07,1.06086,510.38,4.20762,509.76,16.8509,
,,,,,,0.666667,0.012288,2.46154,0.013312,10.6667,0.012288,39.3846,0.013312,120.471,0.017408,240.941,0.034816,295.207,0.113664,358.12,0.374784,506.07,1.06086,510.132,4.20966,509.265,16.8673,
,,,,,,0.727273,0.011264,2.66667,0.012288,10.6667,0.012288,36.5714,0.014336,113.778,0.018432,234.057,0.03584,297.891,0.11264,358.12,0.374784,506.07,1.06086,510.008,4.21069,508.956,16.8776,
,,,,,,0.666667,0.012288,2.90909,0.011264,10.6667,0.012288,39.3846,0.013312,120.471,0.017408,234.057,0.03584,297.891,0.11264,359.101,0.37376,505.094,1.06291,510.256,4.20864,509.048,16.8745,
,,,,,,0.666667,0.012288,2.66667,0.012288,10.6667,0.012288,36.5714,0.014336,113.778,0.018432,240.941,0.034816,297.891,0.11264,358.12,0.374784,505.581,1.06189,510.256,4.20864,509.357,16.8643,
,,,,,,0.666667,0.012288,2.66667,0.012288,10.6667,0.012288,39.3846,0.013312,120.471,0.017408,234.057,0.03584,297.891,0.11264,358.12,0.374784,505.581,1.06189,510.256,4.20864,509.11,16.8724,
,,,,,,0.727273,0.011264,2.66667,0.012288,10.6667,0.012288,36.5714,0.014336,120.471,0.017408,234.057,0.03584,297.891,0.11264,358.12,0.374784,505.581,1.06189,510.256,4.20864,509.203,16.8694,
,,,,,,0.666667,0.012288,2.66667,0.012288,10.6667,0.012288,39.3846,0.013312,113.778,0.018432,240.941,0.034816,297.891,0.11264,358.12,0.374784,505.581,1.06189,510.38,4.20762,509.234,16.8684,
,,,,,,0.666667,0.012288,2.66667,0.012288,10.6667,0.012288,36.5714,0.014336,113.778,0.018432,234.057,0.03584,295.207,0.113664,358.12,0.374784,505.581,1.06189,510.132,4.20966,509.388,16.8632,
,,,,,,0.666667,0.012288,2.66667,0.012288,10.6667,0.012288,39.3846,0.013312,120.471,0.017408,240.941,0.034816,297.891,0.11264,358.12,0.374784,506.07,1.06086,510.256,4.20864,509.605,16.8561,
,,,,,,0.727273,0.011264,2.66667,0.012288,10.6667,0.012288,39.3846,0.013312,113.778,0.018432,234.057,0.03584,297.891,0.11264,358.12,0.374784,506.07,1.06086,510.256,4.20864,509.853,16.8479,
,,,,,,0.666667,0.012288,2.66667,0.012288,10.6667,0.012288,36.5714,0.014336,120.471,0.017408,234.057,0.03584,295.207,0.113664,359.101,0.37376,505.581,1.06189,510.256,4.20864,509.791,16.8499,
,,,,,,0.727273,0.011264,2.66667,0.012288,10.6667,0.012288,36.5714,0.014336,120.471,0.017408,240.941,0.034816,297.891,0.11264,358.12,0.374784,506.07,1.06086,510.132,4.20966,509.729,16.852,
,,,,,,0.666667,0.012288,2.66667,0.012288,11.6364,0.011264,39.3846,0.013312,113.778,0.018432,240.941,0.034816,297.891,0.11264,358.12,0.374784,506.07,1.06086,510.504,4.20659,509.791,16.8499,
,,,,,,0.666667,0.012288,2.66667,0.012288,10.6667,0.012288,36.5714,0.014336,113.778,0.018432,234.057,0.03584,297.891,0.11264,358.12,0.374784,506.07,1.06086,510.256,4.20864,509.729,16.852,
,,,,,,0.666667,0.012288,2.66667,0.012288,10.6667,0.012288,36.5714,0.014336,113.778,0.018432,240.941,0.034816,297.891,0.11264,357.144,0.375808,506.558,1.05984,510.132,4.20966,509.667,16.854,
,,,,,,0.727273,0.011264,2.66667,0.012288,10.6667,0.012288,39.3846,0.013312,113.778,0.018432,234.057,0.03584,297.891,0.11264,359.101,0.37376,506.07,1.06086,510.256,4.20864,509.543,16.8581,
,,,,,,0.666667,0.012288,2.66667,0.012288,10.6667,0.012288,39.3846,0.013312,120.471,0.017408,234.057,0.03584,297.891,0.11264,359.101,0.37376,506.07,1.06086,510.132,4.20966,509.574,16.8571,
,,,,,,0.666667,0.012288,2.66667,0.012288,10.6667,0.012288,36.5714,0.014336,120.471,0.017408,234.057,0.03584,297.891,0.11264,358.12,0.374784,506.07,1.06086,510.256,4.20864,509.481,16.8602,
,,,,,,0.666667,0.012288,2.66667,0.012288,10.6667,0.012288,36.5714,0.014336,113.778,0.018432,234.057,0.03584,297.891,0.11264,359.101,0.37376,506.07,1.06086,509.884,4.21171,509.698,16.853,
,,,,,,0.727273,0.011264,2.66667,0.012288,10.6667,0.012288,36.5714,0.014336,113.778,0.018432,240.941,0.034816,297.891,0.11264,357.144,0.375808,506.07,1.06086,510.132,4.20966,509.357,16.8643,
,,,,,,0.666667,0.012288,2.90909,0.011264,10.6667,0.012288,39.3846,0.013312,120.471,0.017408,240.941,0.034816,297.891,0.11264,358.12,0.374784,506.07,1.06086,510.256,4.20864,509.141,16.8714,
,,,,,,0.727273,0.011264,2.66667,0.012288,10.6667,0.012288,39.3846,0.013312,120.471,0.017408,240.941,0.034816,297.891,0.11264,358.12,0.374784,505.581,1.06189,510.38,4.20762,509.079,16.8735,
,,,,,,0.666667,0.012288,2.66667,0.012288,10.6667,0.012288,39.3846,0.013312,120.471,0.017408,240.941,0.034816,297.891,0.11264,357.144,0.375808,506.07,1.06086,510.38,4.20762,509.141,16.8714,
,,,,,,0.727273,0.011264,2.90909,0.011264,10.6667,0.012288,39.3846,0.013312,113.778,0.018432,240.941,0.034816,295.207,0.113664,358.12,0.374784,506.07,1.06086,510.256,4.20864,509.11,16.8724,
,,,,,,0.666667,0.012288,2.66667,0.012288,10.6667,0.012288,36.5714,0.014336,120.471,0.017408,240.941,0.034816,297.891,0.11264,358.12,0.374784,506.07,1.06086,510.132,4.20966,509.265,16.8673,
,,,,,,0.727273,0.011264,2.66667,0.012288,10.6667,0.012288,36.5714,0.014336,113.778,0.018432,234.057,0.03584,297.891,0.11264,358.12,0.374784,506.07,1.06086,510.256,4.20864,509.265,16.8673,
,,,,,,0.666667,0.012288,2.66667,0.012288,10.6667,0.012288,39.3846,0.013312,120.471,0.017408,234.057,0.03584,295.207,0.113664,358.12,0.374784,505.581,1.06189,510.256,4.20864,509.327,16.8653,
,,,,,,0.666667,0.012288,2.90909,0.011264,10.6667,0.012288,36.5714,0.014336,113.778,0.018432,240.941,0.034816,297.891,0.11264,359.101,0.37376,506.558,1.05984,510.256,4.20864,509.512,16.8591,
,,,,,,0.666667,0.012288,2.66667,0.012288,10.6667,0.012288,39.3846,0.013312,120.471,0.017408,234.057,0.03584,297.891,0.11264,358.12,0.374784,506.07,1.06086,510.504,4.20659,509.698,16.853,
,,,,,,0.666667,0.012288,2.66667,0.012288,10.6667,0.012288,39.3846,0.013312,120.471,0.017408,240.941,0.034816,297.891,0.11264,358.12,0.374784,506.07,1.06086,510.38,4.20762,509.729,16.852,
,,,,,,0.666667,0.012288,2.66667,0.012288,9.84615,0.013312,39.3846,0.013312,113.778,0.018432,234.057,0.03584,297.891,0.11264,358.12,0.374784,506.07,1.06086,510.38,4.20762,509.729,16.852,
,,,,,,0.666667,0.012288,2.66667,0.012288,11.6364,0.011264,39.3846,0.013312,120.471,0.017408,234.057,0.03584,295.207,0.113664,359.101,0.37376,505.581,1.06189,510.38,4.20762,509.729,16.852,
,,,,,,0.666667,0.012288,2.90909,0.011264,9.84615,0.013312,36.5714,0.014336,113.778,0.018432,234.057,0.03584,295.207,0.113664,358.12,0.374784,506.07,1.06086,510.256,4.20864,509.76,16.8509,
,,,,,,0.666667,0.012288,2.66667,0.012288,10.6667,0.012288,39.3846,0.013312,113.778,0.018432,234.057,0.03584,297.891,0.11264,358.12,0.374784,505.581,1.06189,510.38,4.20762,509.729,16.852,
,,,,,,0.666667,0.012288,2.66667,0.012288,10.6667,0.012288,36.5714,0.014336,120.471,0.017408,240.941,0.034816,295.207,0.113664,358.12,0.374784,505.581,1.06189,510.38,4.20762,509.574,16.8571,
,,,,,,0.666667,0.012288,2.66667,0.012288,10.6667,0.012288,36.5714,0.014336,120.471,0.017408,234.057,0.03584,297.891,0.11264,358.12,0.374784,506.07,1.06086,510.38,4.20762,509.512,16.8591,
,,,,,,0.666667,0.012288,2.66667,0.012288,9.84615,0.013312,39.3846,0.013312,113.778,0.018432,234.057,0.03584,295.207,0.113664,358.12,0.374784,506.07,1.06086,510.38,4.20762,509.667,16.854,
,,,,,,0.727273,0.011264,2.66667,0.012288,10.6667,0.012288,36.5714,0.014336,120.471,0.017408,215.579,0.038912,297.891,0.11264,357.144,0.375808,506.07,1.06086,510.256,4.20864,509.543,16.8581,
,,,,,,0.666667,0.012288,2.66667,0.012288,10.6667,0.012288,39.3846,0.013312,120.471,0.017408,240.941,0.034816,295.207,0.113664,358.12,0.374784,504.123,1.06496,510.256,4.20864,509.388,16.8632,
,,,,,,0.666667,0.012288,2.66667,0.012288,10.6667,0.012288,36.5714,0.014336,113.778,0.018432,240.941,0.034816,295.207,0.113664,358.12,0.374784,506.07,1.06086,510.38,4.20762,508.987,16.8765,
,,,,,,0.727273,0.011264,2.90909,0.011264,9.84615,0.013312,36.5714,0.014336,113.778,0.018432,234.057,0.03584,295.207,0.113664,358.12,0.374784,506.07,1.06086,510.132,4.20966,508.863,16.8806,
,,,,,,0.666667,0.012288,2.66667,0.012288,10.6667,0.012288,39.3846,0.013312,97.5238,0.021504,240.941,0.034816,295.207,0.113664,358.12,0.374784,506.07,1.06086,509.141,4.21786,509.388,16.8632,
,,,,,,0.470588,0.017408,2.66667,0.012288,10.6667,0.012288,36.5714,0.014336,120.471,0.017408,234.057,0.03584,295.207,0.113664,358.12,0.374784,506.07,1.06086,509.388,4.21581,509.265,16.8673,
,,,,,,0.727273,0.011264,2.66667,0.012288,10.6667,0.012288,36.5714,0.014336,113.778,0.018432,240.941,0.034816,295.207,0.113664,359.101,0.37376,506.07,1.06086,510.132,4.20966,509.234,16.8684,
,,,,,,0.666667,0.012288,2.66667,0.012288,10.6667,0.012288,36.5714,0.014336,120.471,0.017408,234.057,0.03584,297.891,0.11264,358.12,0.374784,506.07,1.06086,510.38,4.20762,509.141,16.8714,
,,,,,,0.666667,0.012288,2.66667,0.012288,10.6667,0.012288,39.3846,0.013312,113.778,0.018432,240.941,0.034816,295.207,0.113664,359.101,0.37376,506.07,1.06086,508.031,4.22707,509.327,16.8653,
,,,,,,0.666667,0.012288,2.90909,0.011264,10.6667,0.012288,39.3846,0.013312,120.471,0.017408,234.057,0.03584,297.891,0.11264,358.12,0.374784,505.581,1.06189,509.265,4.21683,509.543,16.8581,
,,,,,,0.666667,0.012288,2.46154,0.013312,10.6667,0.012288,39.3846,0.013312,113.778,0.018432,234.057,0.03584,297.891,0.11264,358.12,0.374784,505.581,1.06189,510.132,4.20966,509.729,16.852,
,,,,,,0.666667,0.012288,2.66667,0.012288,10.6667,0.012288,39.3846,0.013312,113.778,0.018432,240.941,0.034816,297.891,0.11264,358.12,0.374784,505.094,1.06291,510.38,4.20762,509.729,16.852,
,,,,,,0.666667,0.012288,2.66667,0.012288,10.6667,0.012288,36.5714,0.014336,120.471,0.017408,240.941,0.034816,295.207,0.113664,358.12,0.374784,506.07,1.06086,510.256,4.20864,509.667,16.854,
,,,,,,0.666667,0.012288,2.66667,0.012288,10.6667,0.012288,39.3846,0.013312,113.778,0.018432,234.057,0.03584,297.891,0.11264,358.12,0.374784,506.07,1.06086,510.132,4.20966,509.76,16.8509,
,,,,,,0.727273,0.011264,2.66667,0.012288,10.6667,0.012288,39.3846,0.013312,120.471,0.017408,240.941,0.034816,295.207,0.113664,357.144,0.375808,506.07,1.06086,510.008,4.21069,509.667,16.854,
,,,,,,0.666667,0.012288,2.66667,0.012288,10.6667,0.012288,39.3846,0.013312,120.471,0.017408,240.941,0.034816,295.207,0.113664,359.101,0.37376,506.07,1.06086,510.504,4.20659,509.636,16.855,
,,,,,,0.727273,0.011264,2.90909,0.011264,10.6667,0.012288,36.5714,0.014336,120.471,0.017408,240.941,0.034816,297.891,0.11264,358.12,0.374784,506.558,1.05984,510.256,4.20864,509.574,16.8571,
,,,,,,0.666667,0.012288,2.66667,0.012288,10.6667,0.012288,36.5714,0.014336,113.778,0.018432,240.941,0.034816,295.207,0.113664,357.144,0.375808,505.581,1.06189,510.256,4.20864,509.574,16.8571,
,,,,,,0.666667,0.012288,2.28571,0.014336,10.6667,0.012288,36.5714,0.014336,120.471,0.017408,234.057,0.03584,295.207,0.113664,358.12,0.374784,505.581,1.06189,510.008,4.21069,509.605,16.8561,
,,,,,,0.666667,0.012288,2.66667,0.012288,10.6667,0.012288,39.3846,0.013312,113.778,0.018432,240.941,0.034816,297.891,0.11264,358.12,0.374784,505.581,1.06189,510.256,4.20864,509.574,16.8571,
,,,,,,0.727273,0.011264,2.66667,0.012288,10.6667,0.012288,36.5714,0.014336,120.471,0.017408,240.941,0.034816,295.207,0.113664,358.12,0.374784,505.581,1.06189,510.132,4.20966,509.203,16.8694,
,,,,,,0.666667,0.012288,2.66667,0.012288,10.6667,0.012288,39.3846,0.013312,120.471,0.017408,234.057,0.03584,295.207,0.113664,358.12,0.374784,504.608,1.06394,510.008,4.21069,509.048,16.8745,
,,,,,,0.727273,0.011264,2.66667,0.012288,10.6667,0.012288,36.5714,0.014336,120.471,0.017408,240.941,0.034816,295.207,0.113664,357.144,0.375808,504.608,1.06394,510.256,4.20864,508.863,16.8806,
,,,,,,0.666667,0.012288,2.66667,0.012288,9.84615,0.013312,39.3846,0.013312,120.471,0.017408,234.057,0.03584,295.207,0.113664,358.12,0.374784,504.123,1.06496,510.38,4.20762,509.079,16.8735,
,,,,,,0.666667,0.012288,2.66667,0.012288,11.6364,0.011264,39.3846,0.013312,113.778,0.018432,234.057,0.03584,295.207,0.113664,359.101,0.37376,503.639,1.06598,510.256,4.20864,509.172,16.8704,
,,,,,,0.666667,0.012288,2.66667,0.012288,10.6667,0.012288,36.5714,0.014336,120.471,0.017408,234.057,0.03584,297.891,0.11264,358.12,0.374784,503.155,1.06701,510.38,4.20762,509.172,16.8704,
,,,,,,0.666667,0.012288,2.66667,0.012288,10.6667,0.012288,36.5714,0.014336,113.778,0.018432,240.941,0.034816,297.891,0.11264,359.101,0.37376,503.639,1.06598,510.38,4.20762,509.141,16.8714,
,,,,,,0.727273,0.011264,2.66667,0.012288,10.6667,0.012288,39.3846,0.013312,113.778,0.018432,234.057,0.03584,295.207,0.113664,358.12,0.374784,505.094,1.06291,510.38,4.20762,509.172,16.8704,
,,,,,,0.666667,0.012288,2.66667,0.012288,10.6667,0.012288,36.5714,0.014336,113.778,0.018432,240.941,0.034816,295.207,0.113664,357.144,0.375808,505.094,1.06291,510.132,4.20966,509.388,16.8632,
,,,,,,0.615385,0.013312,2.66667,0.012288,10.6667,0.012288,39.3846,0.013312,113.778,0.018432,234.057,0.03584,297.891,0.11264,358.12,0.374784,505.581,1.06189,510.256,4.20864,509.543,16.8581,
,,,,,,0.666667,0.012288,2.66667,0.012288,10.6667,0.012288,39.3846,0.013312,113.778,0.018432,240.941,0.034816,295.207,0.113664,359.101,0.37376,506.07,1.06086,510.256,4.20864,509.667,16.854,
,,,,,,0.666667,0.012288,2.66667,0.012288,10.6667,0.012288,36.5714,0.014336,113.778,0.018432,240.941,0.034816,297.891,0.11264,359.101,0.37376,506.07,1.06086,510.132,4.20966,509.667,16.854,
,,,,,,0.727273,0.011264,2.66667,0.012288,9.84615,0.013312,36.5714,0.014336,120.471,0.017408,234.057,0.03584,295.207,0.113664,358.12,0.374784,505.581,1.06189,510.38,4.20762,509.729,16.852,
,,,,,,0.666667,0.012288,2.66667,0.012288,10.6667,0.012288,39.3846,0.013312,113.778,0.018432,234.057,0.03584,297.891,0.11264,357.144,0.375808,505.581,1.06189,510.132,4.20966,509.729,16.852,
,,,,,,0.615385,0.013312,2.66667,0.012288,10.6667,0.012288,36.5714,0.014336,113.778,0.018432,240.941,0.034816,297.891,0.11264,357.144,0.375808,506.07,1.06086,510.38,4.20762,509.667,16.854,
,,,,,,0.666667,0.012288,2.66667,0.012288,10.6667,0.012288,39.3846,0.013312,120.471,0.017408,240.941,0.034816,295.207,0.113664,358.12,0.374784,505.094,1.06291,510.256,4.20864,509.419,16.8622,
,,,,,,0.727273,0.011264,2.66667,0.012288,10.6667,0.012288,39.3846,0.013312,113.778,0.018432,240.941,0.034816,297.891,0.11264,358.12,0.374784,505.581,1.06189,510.256,4.20864,509.327,16.8653,
,,,,,,0.615385,0.013312,2.66667,0.012288,10.6667,0.012288,36.5714,0.014336,113.778,0.018432,240.941,0.034816,295.207,0.113664,358.12,0.374784,506.07,1.06086,510.008,4.21069,509.543,16.8581,
,,,,,,0.666667,0.012288,2.66667,0.012288,10.6667,0.012288,36.5714,0.014336,113.778,0.018432,240.941,0.034816,295.207,0.113664,359.101,0.37376,505.581,1.06189,510.504,4.20659,509.543,16.8581,
,,,,,,0.615385,0.013312,2.90909,0.011264,10.6667,0.012288,32,0.016384,120.471,0.017408,240.941,0.034816,297.891,0.11264,358.12,0.374784,506.07,1.06086,510.008,4.21069,509.234,16.8684,
,,,,,,0.666667,0.012288,2.66667,0.012288,10.6667,0.012288,36.5714,0.014336,113.778,0.018432,234.057,0.03584,297.891,0.11264,358.12,0.374784,505.581,1.06189,510.256,4.20864,509.11,16.8724,
,,,,,,0.666667,0.012288,2.66667,0.012288,10.6667,0.012288,39.3846,0.013312,120.471,0.017408,240.941,0.034816,297.891,0.11264,358.12,0.374784,505.581,1.06189,510.132,4.20966,508.832,16.8817,
,,,,,,0.666667,0.012288,2.66667,0.012288,10.6667,0.012288,39.3846,0.013312,113.778,0.018432,240.941,0.034816,297.891,0.11264,358.12,0.374784,506.07,1.06086,510.38,4.20762,509.172,16.8704,
,,,,,,0.666667,0.012288,2.66667,0.012288,10.6667,0.012288,36.5714,0.014336,113.778,0.018432,240.941,0.034816,295.207,0.113664,358.12,0.374784,505.581,1.06189,510.38,4.20762,509.357,16.8643,
,,,,,,0.727273,0.011264,2.66667,0.012288,10.6667,0.012288,39.3846,0.013312,97.5238,0.021504,234.057,0.03584,289.982,0.115712,432.581,0.310272,503.639,1.06598,508.277,4.22502,335.504,25.6031,
,,,,,,0.666667,0.012288,2.66667,0.012288,10.6667,0.012288,36.5714,0.014336,113.778,0.018432,227.556,0.036864,289.982,0.115712,434.013,0.309248,505.094,1.06291,508.277,4.22502,335.316,25.6174,
,,,,,,0.727273,0.011264,2.66667,0.012288,9.14286,0.014336,39.3846,0.013312,113.778,0.018432,227.556,0.036864,289.982,0.115712,436.907,0.3072,505.581,1.06189,508.4,4.224,335.357,25.6143,
,,,,,,0.666667,0.012288,2.66667,0.012288,10.6667,0.012288,36.5714,0.014336,113.778,0.018432,234.057,0.03584,289.982,0.115712,435.455,0.308224,505.094,1.06291,508.4,4.224,335.437,25.6082,
,,,,,,0.727273,0.011264,2.66667,0.012288,10.6667,0.012288,36.5714,0.014336,120.471,0.017408,234.057,0.03584,289.982,0.115712,436.907,0.3072,505.581,1.06189,508.154,4.22605,344.955,24.9016,
,,,,,,0.666667,0.012288,2.66667,0.012288,10.6667,0.012288,39.3846,0.013312,120.471,0.017408,227.556,0.036864,292.571,0.114688,436.907,0.3072,506.07,1.06086,508.524,4.22298,509.141,16.8714,
,,,,,,0.727273,0.011264,2.66667,0.012288,10.6667,0.012288,39.3846,0.013312,120.471,0.017408,234.057,0.03584,292.571,0.114688,436.907,0.3072,505.094,1.06291,508.524,4.22298,509.388,16.8632,
,,,,,,0.666667,0.012288,2.66667,0.012288,9.84615,0.013312,39.3846,0.013312,113.778,0.018432,234.057,0.03584,292.571,0.114688,435.455,0.308224,506.07,1.06086,508.4,4.224,507.202,16.9359,
,,,,,,0.727273,0.011264,2.66667,0.012288,11.6364,0.011264,36.5714,0.014336,120.471,0.017408,234.057,0.03584,287.439,0.116736,436.907,0.3072,505.581,1.06189,508.647,4.22195,506.222,16.9687,
,,,,,,0.666667,0.012288,2.46154,0.013312,10.6667,0.012288,36.5714,0.014336,113.778,0.018432,234.057,0.03584,289.982,0.115712,435.455,0.308224,506.07,1.06086,508.154,4.22605,506.344,16.9646,
,,,,,,0.727273,0.011264,2.66667,0.012288,10.6667,0.012288,36.5714,0.014336,113.778,0.018432,227.556,0.036864,292.571,0.114688,436.907,0.3072,505.581,1.06189,507.539,4.23117,506.497,16.9595,
,,,,,,0.666667,0.012288,2.66667,0.012288,9.84615,0.013312,39.3846,0.013312,113.778,0.018432,234.057,0.03584,289.982,0.115712,435.455,0.308224,505.581,1.06189,508.277,4.22502,506.222,16.9687,
,,,,,,0.666667,0.012288,2.66667,0.012288,10.6667,0.012288,36.5714,0.014336,120.471,0.017408,234.057,0.03584,289.982,0.115712,435.455,0.308224,505.581,1.06189,508.4,4.224,506.222,16.9687,
,,,,,,0.666667,0.012288,2.66667,0.012288,10.6667,0.012288,39.3846,0.013312,113.778,0.018432,234.057,0.03584,292.571,0.114688,435.455,0.308224,505.094,1.06291,508.647,4.22195,508.339,16.898,
,,,,,,0.666667,0.012288,2.66667,0.012288,10.6667,0.012288,36.5714,0.014336,120.471,0.017408,234.057,0.03584,289.982,0.115712,435.455,0.308224,505.094,1.06291,508.154,4.22605,509.048,16.8745,
,,,,,,0.666667,0.012288,2.66667,0.012288,10.6667,0.012288,39.3846,0.013312,113.778,0.018432,234.057,0.03584,292.571,0.114688,436.907,0.3072,504.608,1.06394,508.277,4.22502,509.203,16.8694,
,,,,,,0.727273,0.011264,2.66667,0.012288,10.6667,0.012288,39.3846,0.013312,120.471,0.017408,234.057,0.03584,292.571,0.114688,436.907,0.3072,504.608,1.06394,508.4,4.224,509.203,16.8694,
,,,,,,0.666667,0.012288,2.66667,0.012288,9.84615,0.013312,36.5714,0.014336,113.778,0.018432,234.057,0.03584,264.258,0.126976,435.455,0.308224,505.094,1.06291,507.662,4.23014,509.203,16.8694,
,,,,,,0.111111,0.073728,2.66667,0.012288,11.6364,0.011264,36.5714,0.014336,113.778,0.018432,227.556,0.036864,292.571,0.114688,436.907,0.3072,505.094,1.06291,508.031,4.22707,509.296,16.8663,
,,,,,,0.666667,0.012288,2.46154,0.013312,10.6667,0.012288,36.5714,0.014336,113.778,0.018432,227.556,0.036864,292.571,0.114688,435.455,0.308224,505.581,1.06189,508.277,4.22502,509.203,16.8694,
,,,,,,0.666667,0.012288,2.66667,0.012288,10.6667,0.012288,39.3846,0.013312,120.471,0.017408,234.057,0.03584,289.982,0.115712,435.455,0.308224,505.094,1.06291,508.524,4.22298,508.987,16.8765,
,,,,,,0.666667,0.012288,2.66667,0.012288,10.6667,0.012288,39.3846,0.013312,120.471,0.017408,234.057,0.03584,292.571,0.114688,434.013,0.309248,505.581,1.06189,508.277,4.22502,509.234,16.8684,
,,,,,,0.727273,0.011264,2.66667,0.012288,10.6667,0.012288,36.5714,0.014336,113.778,0.018432,227.556,0.036864,292.571,0.114688,434.013,0.309248,505.094,1.06291,508.647,4.22195,509.512,16.8591,
,,,,,,0.727273,0.011264,2.66667,0.012288,10.6667,0.012288,39.3846,0.013312,113.778,0.018432,240.941,0.034816,292.571,0.114688,434.013,0.309248,505.581,1.06189,508.4,4.224,509.636,16.855,
,,,,,,0.666667,0.012288,2.66667,0.012288,10.6667,0.012288,39.3846,0.013312,120.471,0.017408,234.057,0.03584,292.571,0.114688,436.907,0.3072,505.581,1.06189,508.277,4.22502,509.667,16.854,
,,,,,,0.666667,0.012288,2.66667,0.012288,10.6667,0.012288,36.5714,0.014336,113.778,0.018432,234.057,0.03584,292.571,0.114688,436.907,0.3072,505.581,1.06189,508.277,4.22502,509.698,16.853,
,,,,,,0.666667,0.012288,2.90909,0.011264,10.6667,0.012288,36.5714,0.014336,120.471,0.017408,234.057,0.03584,289.982,0.115712,435.455,0.308224,505.581,1.06189,508.524,4.22298,509.45,16.8612,
,,,,,,0.727273,0.011264,2.66667,0.012288,10.6667,0.012288,39.3846,0.013312,113.778,0.018432,215.579,0.038912,289.982,0.115712,435.455,0.308224,505.581,1.06189,508.647,4.22195,509.388,16.8632,
,,,,,,0.727273,0.011264,2.66667,0.012288,10.6667,0.012288,36.5714,0.014336,113.778,0.018432,234.057,0.03584,289.982,0.115712,435.455,0.308224,505.094,1.06291,508.894,4.2199,509.605,16.8561,
,,,,,,0.666667,0.012288,2.66667,0.012288,10.6667,0.012288,39.3846,0.013312,120.471,0.017408,234.057,0.03584,289.982,0.115712,435.455,0.308224,504.608,1.06394,508.894,4.2199,509.667,16.854,
,,,,,,0.727273,0.011264,2.66667,0.012288,10.6667,0.012288,36.5714,0.014336,113.778,0.018432,234.057,0.03584,292.571,0.114688,436.907,0.3072,504.608,1.06394,509.017,4.21888,509.481,16.8602,
,,,,,,0.666667,0.012288,2.66667,0.012288,9.84615,0.013312,39.3846,0.013312,113.778,0.018432,227.556,0.036864,289.982,0.115712,435.455,0.308224,505.581,1.06189,508.77,4.22093,509.574,16.8571,
,,,,,,0.666667,0.012288,2.66667,0.012288,10.6667,0.012288,36.5714,0.014336,120.471,0.017408,234.057,0.03584,292.571,0.114688,438.368,0.306176,506.07,1.06086,508.894,4.2199,509.481,16.8602,
,,,,,,0.666667,0.012288,2.66667,0.012288,10.6667,0.012288,39.3846,0.013312,113.778,0.018432,234.057,0.03584,292.571,0.114688,435.455,0.308224,505.094,1.06291,508.77,4.22093,509.574,16.8571,
,,,,,,0.727273,0.011264,2.90909,0.011264,11.6364,0.011264,36.5714,0.014336,113.778,0.018432,234.057,0.03584,292.571,0.114688,435.455,0.308224,503.639,1.06598,508.894,4.2199,509.481,16.8602,
,,,,,,0.666667,0.012288,2.66667,0.012288,10.6667,0.012288,36.5714,0.014336,120.471,0.017408,234.057,0.03584,292.571,0.114688,435.455,0.308224,503.155,1.06701,508.647,4.22195,509.481,16.8602,
,,,,,,0.727273,0.011264,2.66667,0.012288,10.6667,0.012288,36.5714,0.014336,102.4,0.02048,227.556,0.036864,292.571,0.114688,436.907,0.3072,504.608,1.06394,509.017,4.21888,509.636,16.855,
,,,,,,0.666667,0.012288,2.90909,0.011264,10.6667,0.012288,36.5714,0.014336,120.471,0.017408,240.941,0.034816,292.571,0.114688,435.455,0.308224,506.558,1.05984,509.017,4.21888,509.605,16.8561,
,,,,,,0.727273,0.011264,2.66667,0.012288,10.6667,0.012288,39.3846,0.013312,113.778,0.018432,234.057,0.03584,292.571,0.114688,435.455,0.308224,505.581,1.06189,509.017,4.21888,509.636,16.855,
,,,,,,0.727273,0.011264,2.90909,0.011264,10.6667,0.012288,39.3846,0.013312,113.778,0.018432,234.057,0.03584,292.571,0.114688,436.907,0.3072,506.07,1.06086,508.77,4.22093,509.698,16.853,
,,,,,,0.666667,0.012288,2.66667,0.012288,10.6667,0.012288,36.5714,0.014336,120.471,0.017408,234.057,0.03584,292.571,0.114688,435.455,0.308224,505.581,1.06189,509.265,4.21683,509.574,16.8571,
,,,,,,0.727273,0.011264,2.66667,0.012288,10.6667,0.012288,39.3846,0.013312,113.778,0.018432,234.057,0.03584,292.571,0.114688,435.455,0.308224,505.094,1.06291,509.141,4.21786,509.636,16.855,
,,,,,,0.727273,0.011264,2.66667,0.012288,10.6667,0.012288,32,0.016384,113.778,0.018432,234.057,0.03584,289.982,0.115712,436.907,0.3072,506.07,1.06086,509.141,4.21786,509.636,16.855,
,,,,,,0.666667,0.012288,2.90909,0.011264,10.6667,0.012288,39.3846,0.013312,113.778,0.018432,234.057,0.03584,289.982,0.115712,436.907,0.3072,506.558,1.05984,509.141,4.21786,509.698,16.853,
,,,,,,0.666667,0.012288,2.66667,0.012288,10.6667,0.012288,39.3846,0.013312,113.778,0.018432,234.057,0.03584,292.571,0.114688,438.368,0.306176,506.07,1.06086,509.141,4.21786,509.419,16.8622,
,,,,,,0.727273,0.011264,2.66667,0.012288,10.6667,0.012288,36.5714,0.014336,120.471,0.017408,234.057,0.03584,289.982,0.115712,436.907,0.3072,506.07,1.06086,509.141,4.21786,509.481,16.8602,
,,,,,,0.666667,0.012288,2.66667,0.012288,10.6667,0.012288,36.5714,0.014336,113.778,0.018432,234.057,0.03584,289.982,0.115712,435.455,0.308224,505.581,1.06189,508.894,4.2199,509.636,16.855,
,,,,,,0.727273,0.011264,2.46154,0.013312,10.6667,0.012288,39.3846,0.013312,113.778,0.018432,227.556,0.036864,292.571,0.114688,435.455,0.308224,506.07,1.06086,509.265,4.21683,509.698,16.853,
,,,,,,0.666667,0.012288,2.66667,0.012288,8.53333,0.01536,36.5714,0.014336,120.471,0.017408,234.057,0.03584,289.982,0.115712,436.907,0.3072,505.581,1.06189,508.894,4.2199,509.574,16.8571,
,,,,,,0.666667,0.012288,2.66667,0.012288,10.6667,0.012288,36.5714,0.014336,113.778,0.018432,215.579,0.038912,289.982,0.115712,436.907,0.3072,506.07,1.06086,509.141,4.21786,509.419,16.8622,
,,,,,,0.727273,0.011264,2.66667,0.012288,10.6667,0.012288,36.5714,0.014336,120.471,0.017408,234.057,0.03584,289.982,0.115712,436.907,0.3072,506.07,1.06086,509.017,4.21888,509.45,16.8612,
,,,,,,0.666667,0.012288,2.66667,0.012288,10.6667,0.012288,39.3846,0.013312,120.471,0.017408,227.556,0.036864,289.982,0.115712,436.907,0.3072,505.094,1.06291,509.512,4.21478,509.481,16.8602,
,,,,,,0.727273,0.011264,2.66667,0.012288,10.6667,0.012288,39.3846,0.013312,113.778,0.018432,234.057,0.03584,292.571,0.114688,435.455,0.308224,506.07,1.06086,509.265,4.21683,509.296,16.8663,
,,,,,,0.666667,0.012288,2.66667,0.012288,10.6667,0.012288,39.3846,0.013312,113.778,0.018432,234.057,0.03584,292.571,0.114688,435.455,0.308224,505.581,1.06189,509.017,4.21888,509.636,16.855,
,,,,,,0.666667,0.012288,2.66667,0.012288,9.84615,0.013312,39.3846,0.013312,120.471,0.017408,234.057,0.03584,292.571,0.114688,436.907,0.3072,505.581,1.06189,509.265,4.21683,509.729,16.852,
,,,,,,0.727273,0.011264,2.66667,0.012288,9.84615,0.013312,36.5714,0.014336,113.778,0.018432,227.556,0.036864,289.982,0.115712,435.455,0.308224,506.07,1.06086,509.141,4.21786,509.574,16.8571,
,,,,,,0.666667,0.012288,2.66667,0.012288,10.6667,0.012288,36.5714,0.014336,120.471,0.017408,210.051,0.039936,289.982,0.115712,436.907,0.3072,506.07,1.06086,509.141,4.21786,509.667,16.854,
,,,,,,0.666667,0.012288,2.90909,0.011264,9.84615,0.013312,39.3846,0.013312,113.778,0.018432,234.057,0.03584,289.982,0.115712,436.907,0.3072,503.639,1.06598,509.141,4.21786,509.605,16.8561,
,,,,,,0.666667,0.012288,2.66667,0.012288,10.6667,0.012288,36.5714,0.014336,120.471,0.017408,227.556,0.036864,289.982,0.115712,436.907,0.3072,505.581,1.06189,509.388,4.21581,509.729,16.852,
,,,,,,0.727273,0.011264,2.66667,0.012288,10.6667,0.012288,39.3846,0.013312,113.778,0.018432,234.057,0.03584,292.571,0.114688,435.455,0.308224,506.07,1.06086,509.265,4.21683,509.698,16.853,
,,,,,,0.727273,0.011264,2.66667,0.012288,9.84615,0.013312,39.3846,0.013312,120.471,0.017408,234.057,0.03584,289.982,0.115712,435.455,0.308224,506.07,1.06086,509.141,4.21786,509.667,16.854,
,,,,,,0.666667,0.012288,2.66667,0.012288,10.6667,0.012288,36.5714,0.014336,113.778,0.018432,227.556,0.036864,292.571,0.114688,435.455,0.308224,506.07,1.06086,509.388,4.21581,509.76,16.8509,
,,,,,,0.666667,0.012288,2.66667,0.012288,10.6667,0.012288,36.5714,0.014336,120.471,0.017408,234.057,0.03584,289.982,0.115712,436.907,0.3072,506.07,1.06086,509.141,4.21786,509.574,16.8571,
,,,,,,0.666667,0.012288,2.66667,0.012288,10.6667,0.012288,39.3846,0.013312,120.471,0.017408,234.057,0.03584,292.571,0.114688,436.907,0.3072,506.07,1.06086,509.388,4.21581,509.45,16.8612,
,,,,,,0.727273,0.011264,2.66667,0.012288,10.6667,0.012288,36.5714,0.014336,113.778,0.018432,227.556,0.036864,289.982,0.115712,435.455,0.308224,505.581,1.06189,509.141,4.21786,509.605,16.8561,
,,,,,,0.666667,0.012288,2.66667,0.012288,10.6667,0.012288,39.3846,0.013312,120.471,0.017408,234.057,0.03584,292.571,0.114688,436.907,0.3072,506.07,1.06086,509.265,4.21683,509.667,16.854,
,,,,,,0.727273,0.011264,2.66667,0.012288,10.6667,0.012288,39.3846,0.013312,113.778,0.018432,234.057,0.03584,289.982,0.115712,436.907,0.3072,505.581,1.06189,508.77,4.22093,509.543,16.8581,
,,,,,,0.666667,0.012288,2.66667,0.012288,10.6667,0.012288,36.5714,0.014336,120.471,0.017408,227.556,0.036864,289.982,0.115712,435.455,0.308224,505.581,1.06189,509.017,4.21888,509.605,16.8561,
,,,,,,0.666667,0.012288,2.66667,0.012288,10.6667,0.012288,39.3846,0.013312,113.778,0.018432,234.057,0.03584,292.571,0.114688,436.907,0.3072,505.581,1.06189,508.647,4.22195,509.574,16.8571,
,,,,,,0.666667,0.012288,2.66667,0.012288,10.6667,0.012288,39.3846,0.013312,120.471,0.017408,234.057,0.03584,292.571,0.114688,435.455,0.308224,506.07,1.06086,508.894,4.2199,509.512,16.8591,
,,,,,,0.666667,0.012288,2.90909,0.011264,10.6667,0.012288,36.5714,0.014336,120.471,0.017408,227.556,0.036864,292.571,0.114688,436.907,0.3072,505.581,1.06189,508.77,4.22093,509.45,16.8612,
,,,,,,0.727273,0.011264,2.66667,0.012288,10.6667,0.012288,36.5714,0.014336,113.778,0.018432,234.057,0.03584,292.571,0.114688,436.907,0.3072,506.07,1.06086,508.77,4.22093,509.667,16.854,
,,,,,,0.666667,0.012288,2.66667,0.012288,10.6667,0.012288,39.3846,0.013312,120.471,0.017408,234.057,0.03584,292.571,0.114688,436.907,0.3072,506.558,1.05984,508.77,4.22093,509.636,16.855,
,,,,,,0.666667,0.012288,2.66667,0.012288,10.6667,0.012288,36.5714,0.014336,113.778,0.018432,234.057,0.03584,289.982,0.115712,436.907,0.3072,506.558,1.05984,508.647,4.22195,509.698,16.853,
,,,,,,0.727273,0.011264,2.46154,0.013312,10.6667,0.012288,39.3846,0.013312,113.778,0.018432,227.556,0.036864,289.982,0.115712,436.907,0.3072,506.07,1.06086,508.894,4.2199,509.791,16.8499,
,,,,,,0.666667,0.012288,2.66667,0.012288,9.84615,0.013312,36.5714,0.014336,120.471,0.017408,234.057,0.03584,292.571,0.114688,435.455,0.308224,505.581,1.06189,508.77,4.22093,509.667,16.854,
,,,,,,0.727273,0.011264,2.66667,0.012288,10.6667,0.012288,36.5714,0.014336,113.778,0.018432,234.057,0.03584,289.982,0.115712,436.907,0.3072,502.673,1.06803,508.894,4.2199,509.76,16.8509,
,,,,,,0.666667,0.012288,2.66667,0.012288,10.6667,0.012288,39.3846,0.013312,113.778,0.018432,234.057,0.03584,289.982,0.115712,435.455,0.308224,502.673,1.06803,508.647,4.22195,509.698,16.853,
,,,,,,0.727273,0.011264,2.46154,0.013312,9.84615,0.013312,36.5714,0.014336,113.778,0.018432,234.057,0.03584,292.571,0.114688,435.455,0.308224,504.123,1.06496,508.4,4.224,509.512,16.8591,
,,,,,,0.666667,0.012288,2.90909,0.011264,11.6364,0.011264,39.3846,0.013312,120.471,0.017408,227.556,0.036864,292.571,0.114688,436.907,0.3072,504.123,1.06496,508.647,4.22195,509.234,16.8684,
,,,,,,0.727273,0.011264,2.66667,0.012288,10.6667,0.012288,39.3846,0.013312,113.778,0.018432,227.556,0.036864,292.571,0.114688,435.455,0.308224,504.123,1.06496,508.647,4.22195,509.079,16.8735,
,,,,,,0.666667,0.012288,2.66667,0.012288,10.6667,0.012288,36.5714,0.014336,113.778,0.018432,234.057,0.03584,292.571,0.114688,435.455,0.308224,505.094,1.06291,508.524,4.22298,508.987,16.8765,
,,,,,,0.727273,0.011264,2.66667,0.012288,10.6667,0.012288,39.3846,0.013312,120.471,0.017408,234.057,0.03584,289.982,0.115712,436.907,0.3072,504.123,1.06496,508.77,4.22093,508.863,16.8806,
,,,,,,0.666667,0.012288,2.90909,0.011264,10.6667,0.012288,36.5714,0.014336,113.778,0.018432,234.057,0.03584,292.571,0.114688,435.455,0.308224,504.123,1.06496,508.524,4.22298,509.079,16.8735,
,,,,,,0.666667,0.012288,2.66667,0.012288,10.6667,0.012288,39.3846,0.013312,113.778,0.018432,227.556,0.036864,292.571,0.114688,435.455,0.308224,504.608,1.06394,508.647,4.22195,509.234,16.8684,
,,,,,,0.666667,0.012288,2.66667,0.012288,10.6667,0.012288,32,0.016384,120.471,0.017408,234.057,0.03584,292.571,0.114688,436.907,0.3072,505.094,1.06291,508.524,4.22298,509.234,16.8684,
,,,,,,0.727273,0.011264,2.66667,0.012288,10.6667,0.012288,36.5714,0.014336,120.471,0.017408,234.057,0.03584,289.982,0.115712,435.455,0.308224,504.608,1.06394,508.647,4.22195,509.296,16.8663,
,,,,,,0.666667,0.012288,2.66667,0.012288,10.6667,0.012288,39.3846,0.013312,113.778,0.018432,234.057,0.03584,289.982,0.115712,436.907,0.3072,504.608,1.06394,508.277,4.22502,509.296,16.8663,
,,,,,,0.666667,0.012288,2.66667,0.012288,10.6667,0.012288,39.3846,0.013312,113.778,0.018432,234.057,0.03584,289.982,0.115712,436.907,0.3072,503.639,1.06598,508.524,4.22298,509.265,16.8673,
,,,,,,0.666667,0.012288,2.90909,0.011264,10.6667,0.012288,36.5714,0.014336,113.778,0.018432,234.057,0.03584,289.982,0.115712,435.455,0.308224,501.711,1.07008,508.031,4.22707,509.265,16.8673,
,,,,,,0.727273,0.011264,2.66667,0.012288,10.6667,0.012288,39.3846,0.013312,120.471,0.017408,234.057,0.03584,289.982,0.115712,436.907,0.3072,502.192,1.06906,508.77,4.22093,509.265,16.8673,
,,,,,,0.666667,0.012288,2.66667,0.012288,10.6667,0.012288,36.5714,0.014336,113.778,0.018432,234.057,0.03584,292.571,0.114688,435.455,0.308224,503.639,1.06598,509.388,4.21581,509.388,16.8632,
,,,,,,0.727273,0.011264,2.66667,0.012288,9.84615,0.013312,36.5714,0.014336,120.471,0.017408,234.057,0.03584,289.982,0.115712,436.907,0.3072,503.639,1.06598,509.512,4.21478,509.419,16.8622,
,,,,,,0.666667,0.012288,2.66667,0.012288,10.6667,0.012288,39.3846,0.013312,113.778,0.018432,215.579,0.038912,289.982,0.115712,434.013,0.309248,503.639,1.06598,509.265,4.21683,509.234,16.8684,
,,,,,,0.727273,0.011264,2.66667,0.012288,8.53333,0.01536,36.5714,0.014336,113.778,0.018432,234.057,0.03584,289.982,0.115712,436.907,0.3072,503.639,1.06598,509.512,4.21478,509.079,16.8735,
,,,,,,0.666667,0.012288,2.66667,0.012288,10.6667,0.012288,36.5714,0.014336,113.778,0.018432,234.057,0.03584,289.982,0.115712,435.455,0.308224,503.639,1.06598,509.636,4.21376,509.388,16.8632,
,,,,,,0.666667,0.012288,2.66667,0.012288,10.6667,0.012288,36.5714,0.014336,120.471,0.017408,234.057,0.03584,292.571,0.114688,436.907,0.3072,503.639,1.06598,510.132,4.20966,509.481,16.8602,
,,,,,,0.666667,0.012288,2.66667,0.012288,10.6667,0.012288,36.5714,0.014336,113.778,0.018432,234.057,0.03584,289.982,0.115712,436.907,0.3072,503.155,1.06701,510.256,4.20864,509.574,16.8571,
,,,,,,0.727273,0.011264,2.66667,0.012288,10.6667,0.012288,39.3846,0.013312,113.778,0.018432,234.057,0.03584,289.982,0.115712,436.907,0.3072,503.155,1.06701,510.008,4.21069,509.45,16.8612,
,,,,,,0.666667,0.012288,2.90909,0.011264,10.6667,0.012288,39.3846,0.013312,120.471,0.017408,234.057,0.03584,292.571,0.114688,436.907,0.3072,503.639,1.06598,510.008,4.21069,509.729,16.852,
,,,,,,0.666667,0.012288,2.46154,0.013312,10.6667,0.012288,34.1333,0.01536,107.789,0.019456,227.556,0.036864,289.982,0.115712,363.08,0.369664,504.123,1.06496,508.4,4.224,335.638,25.5928,
,,,,,,0.615385,0.013312,2.46154,0.013312,9.84615,0.013312,36.5714,0.014336,113.778,0.018432,227.556,0.036864,289.982,0.115712,366.123,0.366592,505.581,1.06189,510.008,4.21069,335.638,25.5928,
,,,,,,0.615385,0.013312,2.46154,0.013312,10.6667,0.012288,36.5714,0.014336,113.778,0.018432,234.057,0.03584,289.982,0.115712,365.103,0.367616,505.094,1.06291,510.256,4.20864,335.692,25.5887,
,,,,,,0.615385,0.013312,2.28571,0.014336,9.84615,0.013312,34.1333,0.01536,113.778,0.018432,234.057,0.03584,289.982,0.115712,366.123,0.366592,505.581,1.06189,510.008,4.21069,335.652,25.5918,
,,,,,,0.615385,0.013312,2.46154,0.013312,10.6667,0.012288,36.5714,0.014336,113.778,0.018432,227.556,0.036864,256,0.131072,367.148,0.365568,504.608,1.06394,510.008,4.21069,335.692,25.5887,
,,,,,,0.571429,0.014336,2.28571,0.014336,9.14286,0.014336,34.1333,0.01536,113.778,0.018432,227.556,0.036864,289.982,0.115712,365.103,0.367616,505.094,1.06291,509.884,4.21171,335.625,25.5939,
,,,,,,0.666667,0.012288,2,0.016384,9.14286,0.014336,34.1333,0.01536,120.471,0.017408,227.556,0.036864,292.571,0.114688,366.123,0.366592,505.581,1.06189,510.132,4.20966,335.544,25.6,
,,,,,,0.615385,0.013312,2.28571,0.014336,8.53333,0.01536,30.1176,0.017408,113.778,0.018432,234.057,0.03584,292.571,0.114688,366.123,0.366592,505.581,1.06189,510.132,4.20966,335.679,25.5898,
,,,,,,0.615385,0.013312,2.28571,0.014336,9.84615,0.013312,32,0.016384,113.778,0.018432,227.556,0.036864,289.982,0.115712,367.148,0.365568,506.07,1.06086,510.256,4.20864,335.544,25.6,
,,,,,,0.615385,0.013312,2.46154,0.013312,9.14286,0.014336,36.5714,0.014336,113.778,0.018432,234.057,0.03584,289.982,0.115712,366.123,0.366592,506.07,1.06086,510.256,4.20864,353.056,24.3302,
,,,,,,0.615385,0.013312,2.46154,0.013312,9.14286,0.014336,34.1333,0.01536,113.778,0.018432,234.057,0.03584,292.571,0.114688,366.123,0.366592,505.581,1.06189,510.132,4.20966,509.698,16.853,
,,,,,,0.615385,0.013312,2.66667,0.012288,9.84615,0.013312,34.1333,0.01536,113.778,0.018432,240.941,0.034816,292.571,0.114688,366.123,0.366592,505.581,1.06189,510.132,4.20966,509.543,16.8581,
,,,,,,0.666667,0.012288,2.46154,0.013312,9.84615,0.013312,34.1333,0.01536,113.778,0.018432,210.051,0.039936,289.982,0.115712,367.148,0.365568,506.07,1.06086,510.008,4.21069,509.636,16.855,
,,,,,,0.615385,0.013312,2.46154,0.013312,9.14286,0.014336,34.1333,0.01536,113.778,0.018432,227.556,0.036864,292.571,0.114688,365.103,0.367616,505.581,1.06189,509.884,4.21171,507.263,16.9339,
,,,,,,0.666667,0.012288,2.46154,0.013312,10.6667,0.012288,34.1333,0.01536,113.778,0.018432,227.556,0.036864,289.982,0.115712,367.148,0.365568,506.07,1.06086,509.512,4.21478,506.987,16.9431,
,,,,,,0.666667,0.012288,2.46154,0.013312,10.6667,0.012288,34.1333,0.01536,97.5238,0.021504,234.057,0.03584,292.571,0.114688,367.148,0.365568,505.581,1.06189,510.008,4.21069,506.987,16.9431,
,,,,,,0.615385,0.013312,2.46154,0.013312,9.84615,0.013312,36.5714,0.014336,120.471,0.017408,234.057,0.03584,292.571,0.114688,366.123,0.366592,504.608,1.06394,510.132,4.20966,506.865,16.9472,
,,,,,,0.666667,0.012288,2.46154,0.013312,9.84615,0.013312,36.5714,0.014336,113.778,0.018432,234.057,0.03584,292.571,0.114688,367.148,0.365568,504.608,1.06394,510.132,4.20966,506.926,16.9452,
,,,,,,0.666667,0.012288,2.46154,0.013312,9.84615,0.013312,34.1333,0.01536,120.471,0.017408,227.556,0.036864,292.571,0.114688,366.123,0.366592,504.123,1.06496,510.008,4.21069,507.079,16.94,
,,,,,,0.666667,0.012288,2.46154,0.013312,0.731429,0.1792,36.5714,0.014336,113.778,0.018432,227.556,0.036864,289.982,0.115712,366.123,0.366592,502.673,1.06803,510.256,4.20864,509.45,16.8612,
,,,,,,0.666667,0.012288,2.46154,0.013312,7.52941,0.017408,36.5714,0.014336,113.778,0.018432,234.057,0.03584,289.982,0.115712,366.123,0.366592,502.673,1.06803,510.008,4.21069,509.481,16.8602,
,,,,,,0.666667,0.012288,2.66667,0.012288,9.14286,0.014336,36.5714,0.014336,113.778,0.018432,227.556,0.036864,292.571,0.114688,364.089,0.36864,503.639,1.06598,510.38,4.20762,509.357,16.8643,
,,,,,,0.615385,0.013312,2.28571,0.014336,9.84615,0.013312,34.1333,0.01536,113.778,0.018432,234.057,0.03584,289.982,0.115712,365.103,0.367616,503.155,1.06701,510.504,4.20659,508.832,16.8817,
,,,,,,0.571429,0.014336,2.46154,0.013312,9.14286,0.014336,30.1176,0.017408,113.778,0.018432,227.556,0.036864,292.571,0.114688,366.123,0.366592,504.123,1.06496,510.256,4.20864,508.801,16.8827,
,,,,,,0.571429,0.014336,2.28571,0.014336,9.84615,0.013312,36.5714,0.014336,120.471,0.017408,234.057,0.03584,292.571,0.114688,367.148,0.365568,505.094,1.06291,510.008,4.21069,509.265,16.8673,
,,,,,,0.571429,0.014336,2.28571,0.014336,9.84615,0.013312,34.1333,0.01536,120.471,0.017408,227.556,0.036864,289.982,0.115712,365.103,0.367616,505.581,1.06189,510.132,4.20966,509.357,16.8643,
,,,,,,0.615385,0.013312,2.46154,0.013312,10.6667,0.012288,34.1333,0.01536,113.778,0.018432,227.556,0.036864,289.982,0.115712,367.148,0.365568,505.581,1.06189,510.504,4.20659,509.327,16.8653,
,,,,,,0.615385,0.013312,2.46154,0.013312,10.6667,0.012288,34.1333,0.01536,113.778,0.018432,227.556,0.036864,292.571,0.114688,365.103,0.367616,505.094,1.06291,510.132,4.20966,509.079,16.8735,
,,,,,,0.666667,0.012288,2.28571,0.014336,9.84615,0.013312,36.5714,0.014336,113.778,0.018432,234.057,0.03584,292.571,0.114688,368.18,0.364544,506.07,1.06086,510.256,4.20864,509.079,16.8735,
,,,,,,0.615385,0.013312,2.28571,0.014336,10.6667,0.012288,34.1333,0.01536,113.778,0.018432,234.057,0.03584,289.982,0.115712,365.103,0.367616,506.07,1.06086,510.008,4.21069,509.388,16.8632,
,,,,,,0.727273,0.011264,2.46154,0.013312,10.6667,0.012288,36.5714,0.014336,113.778,0.018432,227.556,0.036864,289.982,0.115712,367.148,0.365568,505.581,1.06189,510.256,4.20864,509.265,16.8673,
,,,,,,0.615385,0.013312,2.46154,0.013312,10.6667,0.012288,36.5714,0.014336,113.778,0.018432,227.556,0.036864,292.571,0.114688,367.148,0.365568,506.07,1.06086,510.256,4.20864,509.265,16.8673,
,,,,,,0.615385,0.013312,2.46154,0.013312,9.84615,0.013312,34.1333,0.01536,113.778,0.018432,234.057,0.03584,292.571,0.114688,366.123,0.366592,505.581,1.06189,510.38,4.20762,509.327,16.8653,
,,,,,,0.666667,0.012288,2.46154,0.013312,9.84615,0.013312,36.5714,0.014336,120.471,0.017408,234.057,0.03584,292.571,0.114688,366.123,0.366592,506.07,1.06086,510.256,4.20864,509.265,16.8673,
,,,,,,0.666667,0.012288,2.46154,0.013312,10.6667,0.012288,36.5714,0.014336,113.778,0.018432,227.556,0.036864,292.571,0.114688,367.148,0.365568,505.581,1.06189,510.008,4.21069,509.141,16.8714,
,,,,,,0.615385,0.013312,2.66667,0.012288,9.84615,0.013312,36.5714,0.014336,113.778,0.018432,234.057,0.03584,292.571,0.114688,366.123,0.366592,506.07,1.06086,510.132,4.20966,509.203,16.8694,
,,,,,,0.666667,0.012288,2.66667,0.012288,9.14286,0.014336,32,0.016384,113.778,0.018432,227.556,0.036864,292.571,0.114688,367.148,0.365568,505.581,1.06189,510.256,4.20864,509.11,16.8724,
,,,,,,0.666667,0.012288,2.66667,0.012288,9.14286,0.014336,32,0.016384,113.778,0.018432,234.057,0.03584,289.982,0.115712,366.123,0.366592,505.581,1.06189,510.38,4.20762,509.172,16.8704,
,,,,,,0.615385,0.013312,2.46154,0.013312,9.14286,0.014336,32,0.016384,113.778,0.018432,234.057,0.03584,289.982,0.115712,366.123,0.366592,505.581,1.06189,510.132,4.20966,509.296,16.8663,
,,,,,,0.615385,0.013312,2.46154,0.013312,9.14286,0.014336,34.1333,0.01536,113.778,0.018432,234.057,0.03584,289.982,0.115712,363.08,0.369664,505.581,1.06189,510.132,4.20966,509.234,16.8684,
,,,,,,0.666667,0.012288,2.46154,0.013312,9.14286,0.014336,34.1333,0.01536,113.778,0.018432,227.556,0.036864,292.571,0.114688,366.123,0.366592,506.558,1.05984,510.38,4.20762,509.203,16.8694,
,,,,,,0.615385,0.013312,2.46154,0.013312,9.84615,0.013312,36.5714,0.014336,113.778,0.018432,227.556,0.036864,292.571,0.114688,366.123,0.366592,505.581,1.06189,510.132,4.20966,509.327,16.8653,
,,,,,,0.571429,0.014336,2.46154,0.013312,9.84615,0.013312,32,0.016384,113.778,0.018432,234.057,0.03584,292.571,0.114688,366.123,0.366592,505.581,1.06189,510.008,4.21069,509.203,16.8694,
,,,,,,0.615385,0.013312,2.28571,0.014336,9.14286,0.014336,34.1333,0.01536,113.778,0.018432,234.057,0.03584,289.982,0.115712,365.103,0.367616,506.07,1.06086,510.38,4.20762,508.956,16.8776,
,,,,,,0.615385,0.013312,2.13333,0.01536,9.84615,0.013312,36.5714,0.014336,102.4,0.02048,227.556,0.036864,292.571,0.114688,366.123,0.366592,505.581,1.06189,510.008,4.21069,509.079,16.8735,
,,,,,,0.615385,0.013312,2.46154,0.013312,9.84615,0.013312,34.1333,0.01536,113.778,0.018432,234.057,0.03584,292.571,0.114688,364.089,0.36864,505.581,1.06189,510.256,4.20864,509.234,16.8684,
,,,,,,0.666667,0.012288,2.66667,0.012288,9.84615,0.013312,36.5714,0.014336,113.778,0.018432,227.556,0.036864,292.571,0.114688,368.18,0.364544,505.094,1.06291,510.38,4.20762,509.172,16.8704,
,,,,,,0.615385,0.013312,2.46154,0.013312,9.84615,0.013312,34.1333,0.01536,113.778,0.018432,234.057,0.03584,292.571,0.114688,366.123,0.366592,506.07,1.06086,510.132,4.20966,509.574,16.8571,
,,,,,,0.666667,0.012288,2.46154,0.013312,9.84615,0.013312,36.5714,0.014336,113.778,0.018432,234.057,0.03584,292.571,0.114688,366.123,0.366592,505.581,1.06189,510.132,4.20966,509.822,16.8489,
,,,,,,0.615385,0.013312,2.46154,0.013312,10.6667,0.012288,36.5714,0.014336,113.778,0.018432,227.556,0.036864,292.571,0.114688,365.103,0.367616,505.581,1.06189,510.132,4.20966,509.636,16.855,
,,,,,,0.666667,0.012288,2.28571,0.014336,9.84615,0.013312,36.5714,0.014336,113.778,0.018432,227.556,0.036864,292.571,0.114688,367.148,0.365568,505.581,1.06189,510.38,4.20762,509.543,16.8581,
,,,,,,0.666667,0.012288,2.66667,0.012288,10.6667,0.012288,36.5714,0.014336,113.778,0.018432,227.556,0.036864,289.982,0.115712,365.103,0.367616,505.581,1.06189,510.132,4.20966,509.76,16.8509,
,,,,,,0.666667,0.012288,2.46154,0.013312,9.84615,0.013312,34.1333,0.01536,120.471,0.017408,234.057,0.03584,292.571,0.114688,368.18,0.364544,505.581,1.06189,510.256,4.20864,509.76,16.8509,
,,,,,,0.666667,0.012288,2.46154,0.013312,9.84615,0.013312,36.5714,0.014336,113.778,0.018432,227.556,0.036864,292.571,0.114688,366.123,0.366592,505.581,1.06189,510.38,4.20762,509.698,16.853,
,,,,,,0.727273,0.011264,2.66667,0.012288,7.11111,0.018432,34.1333,0.01536,120.471,0.017408,227.556,0.036864,292.571,0.114688,367.148,0.365568,505.581,1.06189,510.132,4.20966,509.884,16.8468,
,,,,,,0.666667,0.012288,2.66667,0.012288,6.73684,0.019456,34.1333,0.01536,113.778,0.018432,234.057,0.03584,289.982,0.115712,364.089,0.36864,506.07,1.06086,510.38,4.20762,509.698,16.853,
,,,,,,0.666667,0.012288,2.46154,0.013312,9.14286,0.014336,32,0.016384,113.778,0.018432,204.8,0.04096,292.571,0.114688,366.123,0.366592,506.07,1.06086,510.256,4.20864,509.605,16.8561,
,,,,,,0.615385,0.013312,2.66667,0.012288,9.84615,0.013312,34.1333,0.01536,113.778,0.018432,227.556,0.036864,289.982,0.115712,367.148,0.365568,504.123,1.06496,510.256,4.20864,509.698,16.853,
,,,,,,0.666667,0.012288,2.66667,0.012288,9.84615,0.013312,34.1333,0.01536,120.471,0.017408,234.057,0.03584,289.982,0.115712,367.148,0.365568,505.581,1.06189,510.008,4.21069,509.822,16.8489,
,,,,,,0.615385,0.013312,2.66667,0.012288,9.14286,0.014336,34.1333,0.01536,113.778,0.018432,234.057,0.03584,289.982,0.115712,366.123,0.366592,506.07,1.06086,510.132,4.20966,509.791,16.8499,
,,,,,,0.615385,0.013312,2.46154,0.013312,9.14286,0.014336,34.1333,0.01536,113.778,0.018432,227.556,0.036864,289.982,0.115712,366.123,0.366592,505.581,1.06189,510.256,4.20864,509.667,16.854,
,,,,,,0.615385,0.013312,2.28571,0.014336,9.14286,0.014336,36.5714,0.014336,113.778,0.018432,234.057,0.03584,292.571,0.114688,366.123,0.366592,506.07,1.06086,510.256,4.20864,509.388,16.8632,
,,,,,,0.615385,0.013312,2.28571,0.014336,9.84615,0.013312,34.1333,0.01536,113.778,0.018432,227.556,0.036864,289.982,0.115712,368.18,0.364544,506.07,1.06086,510.008,4.21069,509.791,16.8499,
,,,,,,0.571429,0.014336,2.28571,0.014336,9.84615,0.013312,34.1333,0.01536,113.778,0.018432,227.556,0.036864,292.571,0.114688,364.089,0.36864,506.07,1.06086,510.132,4.20966,509.729,16.852,
,,,,,,0.615385,0.013312,2.13333,0.01536,9.84615,0.013312,36.5714,0.014336,113.778,0.018432,234.057,0.03584,289.982,0.115712,365.103,0.367616,506.558,1.05984,509.884,4.21171,509.45,16.8612,
,,,,,,0.571429,0.014336,2.28571,0.014336,9.84615,0.013312,34.1333,0.01536,120.471,0.017408,227.556,0.036864,289.982,0.115712,366.123,0.366592,506.07,1.06086,510.256,4.20864,509.574,16.8571,
,,,,,,0.666667,0.012288,2.66667,0.012288,10.6667,0.012288,34.1333,0.01536,113.778,0.018432,227.556,0.036864,292.571,0.114688,367.148,0.365568,504.608,1.06394,510.132,4.20966,509.729,16.852,
,,,,,,0.615385,0.013312,2.66667,0.012288,10.6667,0.012288,36.5714,0.014336,113.778,0.018432,234.057,0.03584,292.571,0.114688,366.123,0.366592,505.094,1.06291,510.256,4.20864,509.76,16.8509,
,,,,,,0.615385,0.013312,2.46154,0.013312,9.84615,0.013312,36.5714,0.014336,113.778,0.018432,227.556,0.036864,289.982,0.115712,366.123,0.366592,505.581,1.06189,510.256,4.20864,509.605,16.8561,
,,,,,,0.615385,0.013312,2.66667,0.012288,9.14286,0.014336,36.5714,0.014336,113.778,0.018432,234.057,0.03584,292.571,0.114688,365.103,0.367616,506.07,1.06086,510.008,4.21069,509.481,16.8602,
,,,,,,0.666667,0.012288,2.46154,0.013312,9.84615,0.013312,34.1333,0.01536,113.778,0.018432,234.057,0.03584,292.571,0.114688,367.148,0.365568,505.581,1.06189,510.256,4.20864,509.698,16.853,
,,,,,,0.615385,0.013312,2.66667,0.012288,9.84615,0.013312,36.5714,0.014336,113.778,0.018432,227.556,0.036864,289.982,0.115712,365.103,0.367616,505.581,1.06189,510.256,4.20864,509.667,16.854,
,,,,,,0.666667,0.012288,2.46154,0.013312,9.84615,0.013312,32,0.016384,113.778,0.018432,234.057,0.03584,289.982,0.115712,366.123,0.366592,505.094,1.06291,510.132,4.20966,509.791,16.8499,
,,,,,,0.615385,0.013312,2.66667,0.012288,9.84615,0.013312,34.1333,0.01536,113.778,0.018432,234.057,0.03584,292.571,0.114688,366.123,0.366592,506.07,1.06086,510.132,4.20966,509.667,16.854,
,,,,,,0.615385,0.013312,2.28571,0.014336,9.14286,0.014336,32,0.016384,113.778,0.018432,227.556,0.036864,289.982,0.115712,365.103,0.367616,506.07,1.06086,510.132,4.20966,509.76,16.8509,
,,,,,,0.666667,0.012288,2.28571,0.014336,9.14286,0.014336,36.5714,0.014336,113.778,0.018432,227.556,0.036864,289.982,0.115712,366.123,0.366592,506.07,1.06086,510.132,4.20966,509.76,16.8509,
,,,,,,0.666667,0.012288,2.46154,0.013312,9.14286,0.014336,34.1333,0.01536,113.778,0.018432,227.556,0.036864,289.982,0.115712,367.148,0.365568,505.094,1.06291,510.38,4.20762,509.698,16.853,
,,,,,,0.615385,0.013312,2.28571,0.014336,9.14286,0.014336,30.1176,0.017408,113.778,0.018432,234.057,0.03584,292.571,0.114688,366.123,0.366592,506.07,1.06086,510.38,4.20762,509.76,16.8509,
,,,,,,0.666667,0.012288,2.46154,0.013312,9.84615,0.013312,36.5714,0.014336,120.471,0.017408,210.051,0.039936,292.571,0.114688,367.148,0.365568,506.07,1.06086,510.256,4.20864,509.698,16.853,
,,,,,,0.666667,0.012288,2.46154,0.013312,9.14286,0.014336,34.1333,0.01536,113.778,0.018432,227.556,0.036864,292.571,0.114688,365.103,0.367616,506.07,1.06086,510.38,4.20762,509.574,16.8571,
,,,,,,0.666667,0.012288,2.66667,0.012288,9.84615,0.013312,36.5714,0.014336,93.0909,0.022528,227.556,0.036864,289.982,0.115712,367.148,0.365568,506.07,1.06086,510.132,4.20966,509.636,16.855,
,,,,,,0.533333,0.01536,2.46154,0.013312,9.14286,0.014336,34.1333,0.01536,113.778,0.018432,234.057,0.03584,289.982,0.115712,367.148,0.365568,506.07,1.06086,510.132,4.20966,509.791,16.8499,
,,,,,,0.571429,0.014336,2.46154,0.013312,9.14286,0.014336,34.1333,0.01536,120.471,0.017408,227.556,0.036864,289.982,0.115712,366.123,0.366592,506.07,1.06086,510.256,4.20864,509.698,16.853,
,,,,,,0.571429,0.014336,2.66667,0.012288,9.84615,0.013312,36.5714,0.014336,113.778,0.018432,227.556,0.036864,289.982,0.115712,365.103,0.367616,505.581,1.06189,510.132,4.20966,509.419,16.8622,
,,,,,,0.615385,0.013312,2.46154,0.013312,9.84615,0.013312,36.5714,0.014336,120.471,0.017408,234.057,0.03584,292.571,0.114688,367.148,0.365568,506.07,1.06086,510.132,4.20966,509.729,16.852,
,,,,,,0.615385,0.013312,2.46154,0.013312,9.84615,0.013312,36.5714,0.014336,113.778,0.018432,234.057,0.03584,289.982,0.115712,362.077,0.370688,505.581,1.06189,510.256,4.20864,509.729,16.852,
,,,,,,0.666667,0.012288,2.46154,0.013312,9.84615,0.013312,39.3846,0.013312,113.778,0.018432,227.556,0.036864,292.571,0.114688,367.148,0.365568,506.07,1.06086,510.132,4.20966,509.605,16.8561,
,,,,,,0.615385,0.013312,2.66667,0.012288,10.6667,0.012288,32,0.016384,107.789,0.019456,227.556,0.036864,292.571,0.114688,366.123,0.366592,505.581,1.06189,509.76,4.21274,509.729,16.852,
,,,,,,0.615385,0.013312,2.28571,0.014336,9.84615,0.013312,36.5714,0.014336,113.778,0.018432,234.057,0.03584,292.571,0.114688,367.148,0.365568,506.07,1.06086,509.141,4.21786,509.543,16.8581,
,,,,,,0.615385,0.013312,2.66667,0.012288,9.84615,0.013312,32,0.016384,113.778,0.018432,234.057,0.03584,292.571,0.114688,366.123,0.366592,505.581,1.06189,509.017,4.21888,509.698,16.853,
,,,,,,0.666667,0.012288,2.46154,0.013312,10.6667,0.012288,30.1176,0.017408,113.778,0.018432,234.057,0.03584,289.982,0.115712,365.103,0.367616,505.581,1.06189,509.265,4.21683,509.729,16.852,
,,,,,,0.615385,0.013312,2.66667,0.012288,9.84615,0.013312,30.1176,0.017408,113.778,0.018432,234.057,0.03584,289.982,0.115712,366.123,0.366592,505.581,1.06189,509.512,4.21478,509.698,16.853,
,,,,,,0.615385,0.013312,2.46154,0.013312,10.6667,0.012288,32,0.016384,113.778,0.018432,234.057,0.03584,289.982,0.115712,364.089,0.36864,506.07,1.06086,509.512,4.21478,509.698,16.853,
,,,,,,0.615385,0.013312,2.28571,0.014336,9.84615,0.013312,34.1333,0.01536,113.778,0.018432,234.057,0.03584,292.571,0.114688,367.148,0.365568,505.581,1.06189,509.636,4.21376,509.791,16.8499,
,,,,,,0.666667,0.012288,2.13333,0.01536,8.53333,0.01536,32,0.016384,113.778,0.018432,234.057,0.03584,289.982,0.115712,367.148,0.365568,506.07,1.06086,509.388,4.21581,509.698,16.853,
,,,,,,0.666667,0.012288,2.13333,0.01536,9.14286,0.014336,34.1333,0.01536,113.778,0.018432,227.556,0.036864,289.982,0.115712,366.123,0.366592,505.581,1.06189,509.388,4.21581,509.729,16.852,
,,,,,,0.666667,0.012288,2.13333,0.01536,9.14286,0.014336,34.1333,0.01536,120.471,0.017408,227.556,0.036864,292.571,0.114688,367.148,0.365568,505.094,1.06291,509.512,4.21478,509.791,16.8499,
,,,,,,0.666667,0.012288,2.28571,0.014336,9.84615,0.013312,32,0.016384,113.778,0.018432,234.057,0.03584,289.982,0.115712,368.18,0.364544,505.094,1.06291,509.388,4.21581,509.667,16.854,
,,,,,,0.666667,0.012288,2.46154,0.013312,9.84615,0.013312,34.1333,0.01536,113.778,0.018432,227.556,0.036864,292.571,0.114688,366.123,0.366592,505.094,1.06291,509.636,4.21376,509.512,16.8591,
,,,,,,0.666667,0.012288,2.13333,0.01536,9.14286,0.014336,39.3846,0.013312,120.471,0.017408,42.6667,0.196608,292.571,0.114688,365.103,0.367616,504.608,1.06394,509.512,4.21478,509.574,16.8571,
,,,,,,0.8,0.01024,2.90909,0.011264,12.8,0.01024,42.6667,0.012288,136.533,0.01536,264.258,0.031744,344.926,0.09728,480.117,0.279552,504.608,1.06394,509.76,4.21274,336.54,25.5242,
,,,,,,0.8,0.01024,3.2,0.01024,12.8,0.01024,42.6667,0.012288,136.533,0.01536,282.483,0.029696,348.596,0.096256,485.452,0.27648,505.581,1.06189,510.38,4.20762,336.622,25.5181,
,,,,,,0.8,0.01024,2.90909,0.011264,12.8,0.01024,42.6667,0.012288,136.533,0.01536,264.258,0.031744,348.596,0.096256,489.075,0.274432,505.094,1.06291,510.256,4.20864,336.581,25.5212,
,,,,,,0.8,0.01024,2.90909,0.011264,11.6364,0.011264,42.6667,0.012288,128,0.016384,273.067,0.03072,348.596,0.096256,487.256,0.275456,505.581,1.06189,510.008,4.21069,336.554,25.5232,
,,,,,,0.8,0.01024,3.2,0.01024,12.8,0.01024,42.6667,0.012288,13.2129,0.15872,273.067,0.03072,344.926,0.09728,489.075,0.274432,506.07,1.06086,510.38,4.20762,336.594,25.5201,
,,,,,,0.8,0.01024,2.90909,0.011264,12.8,0.01024,42.6667,0.012288,128,0.016384,273.067,0.03072,146.942,0.228352,489.075,0.274432,505.581,1.06189,509.512,4.21478,336.581,25.5212,
,,,,,,0.8,0.01024,2.90909,0.011264,11.6364,0.011264,46.5455,0.011264,136.533,0.01536,248.242,0.033792,341.333,0.098304,487.256,0.275456,506.07,1.06086,509.265,4.21683,336.432,25.5324,
,,,,,,0.8,0.01024,3.2,0.01024,11.6364,0.011264,42.6667,0.012288,136.533,0.01536,282.483,0.029696,348.596,0.096256,489.075,0.274432,505.581,1.06189,509.265,4.21683,336.486,25.5283,
,,,,,,0.8,0.01024,3.2,0.01024,12.8,0.01024,46.5455,0.011264,146.286,0.014336,273.067,0.03072,348.596,0.096256,489.075,0.274432,505.581,1.06189,509.512,4.21478,336.554,25.5232,
,,,,,,0.727273,0.011264,3.2,0.01024,11.6364,0.011264,46.5455,0.011264,136.533,0.01536,273.067,0.03072,348.596,0.096256,487.256,0.275456,506.07,1.06086,509.636,4.21376,483.131,17.7797,
,,,,,,0.8,0.01024,2.90909,0.011264,11.6364,0.011264,46.5455,0.011264,128,0.016384,273.067,0.03072,344.926,0.09728,489.075,0.274432,506.07,1.06086,509.76,4.21274,509.791,16.8499,
,,,,,,0.8,0.01024,3.2,0.01024,11.6364,0.011264,46.5455,0.011264,136.533,0.01536,282.483,0.029696,348.596,0.096256,489.075,0.274432,505.581,1.06189,509.884,4.21171,509.822,16.8489,
,,,,,,0.8,0.01024,2.90909,0.011264,11.6364,0.011264,42.6667,0.012288,136.533,0.01536,282.483,0.029696,344.926,0.09728,489.075,0.274432,506.07,1.06086,510.38,4.20762,509.915,16.8458,
,,,,,,0.8,0.01024,3.2,0.01024,12.8,0.01024,42.6667,0.012288,136.533,0.01536,282.483,0.029696,344.926,0.09728,487.256,0.275456,505.581,1.06189,510.256,4.20864,509.791,16.8499,
,,,,,,0.8,0.01024,3.2,0.01024,11.6364,0.011264,42.6667,0.012288,136.533,0.01536,273.067,0.03072,344.926,0.09728,487.256,0.275456,506.07,1.06086,509.884,4.21171,509.853,16.8479,
,,,,,,0.8,0.01024,2.90909,0.011264,12.8,0.01024,46.5455,0.011264,136.533,0.01536,273.067,0.03072,348.596,0.096256,489.075,0.274432,506.07,1.06086,510.256,4.20864,509.76,16.8509,
,,,,,,0.8,0.01024,3.2,0.01024,12.8,0.01024,46.5455,0.011264,136.533,0.01536,273.067,0.03072,344.926,0.09728,489.075,0.274432,505.581,1.06189,510.38,4.20762,509.574,16.8571,
,,,,,,0.727273,0.011264,3.2,0.01024,12.8,0.01024,42.6667,0.012288,136.533,0.01536,273.067,0.03072,348.596,0.096256,489.075,0.274432,505.094,1.06291,510.504,4.20659,509.76,16.8509,
,,,,,,0.8,0.01024,2.90909,0.011264,12.8,0.01024,42.6667,0.012288,136.533,0.01536,273.067,0.03072,341.333,0.098304,489.075,0.274432,505.094,1.06291,510.38,4.20762,509.729,16.852,
,,,,,,0.8,0.01024,2.90909,0.011264,12.8,0.01024,42.6667,0.012288,136.533,0.01536,273.067,0.03072,344.926,0.09728,487.256,0.275456,505.581,1.06189,510.256,4.20864,509.822,16.8489,
,,,,,,0.8,0.01024,3.2,0.01024,12.8,0.01024,42.6667,0.012288,136.533,0.01536,273.067,0.03072,348.596,0.096256,487.256,0.275456,506.07,1.06086,510.504,4.20659,509.884,16.8468,
,,,,,,0.727273,0.011264,3.2,0.01024,11.6364,0.011264,42.6667,0.012288,136.533,0.01536,282.483,0.029696,341.333,0.098304,487.256,0.275456,506.558,1.05984,510.504,4.20659,509.977,16.8438,
,,,,,,0.8,0.01024,2.90909,0.011264,11.6364,0.011264,42.6667,0.012288,136.533,0.01536,273.067,0.03072,341.333,0.098304,489.075,0.274432,506.07,1.06086,510.256,4.20864,509.915,16.8458,
,,,,,,0.727273,0.011264,3.2,0.01024,11.6364,0.011264,46.5455,0.011264,136.533,0.01536,282.483,0.029696,348.596,0.096256,489.075,0.274432,506.07,1.06086,510.504,4.20659,509.791,16.8499,
,,,,,,0.8,0.01024,3.2,0.01024,11.6364,0.011264,42.6667,0.012288,128,0.016384,282.483,0.029696,344.926,0.09728,489.075,0.274432,506.07,1.06086,510.38,4.20762,509.853,16.8479,
,,,,,,0.8,0.01024,2.90909,0.011264,11.6364,0.011264,42.6667,0.012288,136.533,0.01536,273.067,0.03072,344.926,0.09728,489.075,0.274432,504.608,1.06394,510.008,4.21069,509.76,16.8509,
,,,,,,0.8,0.01024,2.90909,0.011264,12.8,0.01024,42.6667,0.012288,136.533,0.01536,273.067,0.03072,344.926,0.09728,489.075,0.274432,505.581,1.06189,510.132,4.20966,509.853,16.8479,
,,,,,,0.8,0.01024,2.90909,0.011264,11.6364,0.011264,46.5455,0.011264,136.533,0.01536,282.483,0.029696,348.596,0.096256,489.075,0.274432,505.581,1.06189,510.504,4.20659,509.946,16.8448,
,,,,,,0.8,0.01024,2.90909,0.011264,12.8,0.01024,46.5455,0.011264,136.533,0.01536,282.483,0.029696,348.596,0.096256,487.256,0.275456,505.581,1.06189,510.38,4.20762,509.822,16.8489,
,,,,,,0.8,0.01024,3.2,0.01024,11.6364,0.011264,5.81818,0.090112,136.533,0.01536,282.483,0.029696,348.596,0.096256,487.256,0.275456,506.07,1.06086,510.132,4.20966,509.915,16.8458,
,,,,,,0.8,0.01024,3.2,0.01024,12.8,0.01024,42.6667,0.012288,128,0.016384,273.067,0.03072,348.596,0.096256,489.075,0.274432,505.094,1.06291,510.256,4.20864,509.791,16.8499,
,,,,,,0.8,0.01024,3.2,0.01024,12.8,0.01024,42.6667,0.012288,136.533,0.01536,282.483,0.029696,348.596,0.096256,487.256,0.275456,506.07,1.06086,510.629,4.20557,509.946,16.8448,
,,,,,,0.8,0.01024,2.90909,0.011264,12.8,0.01024,42.6667,0.012288,136.533,0.01536,282.483,0.029696,348.596,0.096256,489.075,0.274432,506.558,1.05984,510.504,4.20659,509.636,16.855,
,,,,,,0.8,0.01024,2.90909,0.011264,12.8,0.01024,42.6667,0.012288,146.286,0.014336,273.067,0.03072,348.596,0.096256,489.075,0.274432,506.558,1.05984,510.504,4.20659,509.481,16.8602,
,,,,,,0.888889,0.009216,3.2,0.01024,12.8,0.01024,39.3846,0.013312,136.533,0.01536,273.067,0.03072,344.926,0.09728,489.075,0.274432,505.581,1.06189,510.38,4.20762,509.76,16.8509,
,,,,,,0.8,0.01024,3.2,0.01024,11.6364,0.011264,42.6667,0.012288,136.533,0.01536,273.067,0.03072,344.926,0.09728,489.075,0.274432,505.094,1.06291,510.38,4.20762,509.884,16.8468,
,,,,,,0.8,0.01024,2.90909,0.011264,11.6364,0.011264,42.6667,0.012288,136.533,0.01536,282.483,0.029696,344.926,0.09728,487.256,0.275456,505.581,1.06189,510.38,4.20762,509.791,16.8499,
,,,,,,0.8,0.01024,3.2,0.01024,11.6364,0.011264,39.3846,0.013312,136.533,0.01536,282.483,0.029696,348.596,0.096256,487.256,0.275456,505.581,1.06189,510.629,4.20557,509.698,16.853,
,,,,,,0.8,0.01024,2.90909,0.011264,12.8,0.01024,42.6667,0.012288,136.533,0.01536,282.483,0.029696,348.596,0.096256,489.075,0.274432,505.581,1.06189,510.504,4.20659,509.76,16.8509,
,,,,,,0.727273,0.011264,3.2,0.01024,11.6364,0.011264,39.3846,0.013312,136.533,0.01536,282.483,0.029696,348.596,0.096256,487.256,0.275456,506.07,1.06086,510.38,4.20762,509.853,16.8479,
,,,,,,0.8,0.01024,2.90909,0.011264,11.6364,0.011264,46.5455,0.011264,128,0.016384,273.067,0.03072,348.596,0.096256,489.075,0.274432,506.07,1.06086,510.38,4.20762,509.853,16.8479,
,,,,,,0.8,0.01024,3.2,0.01024,12.8,0.01024,46.5455,0.011264,128,0.016384,282.483,0.029696,344.926,0.09728,487.256,0.275456,506.07,1.06086,510.38,4.20762,509.915,16.8458,
,,,,,,0.8,0.01024,3.2,0.01024,12.8,0.01024,42.6667,0.012288,136.533,0.01536,282.483,0.029696,348.596,0.096256,489.075,0.274432,505.581,1.06189,510.504,4.20659,509.822,16.8489,
,,,,,,0.8,0.01024,3.2,0.01024,11.6364,0.011264,46.5455,0.011264,128,0.016384,282.483,0.029696,344.926,0.09728,489.075,0.274432,506.558,1.05984,510.504,4.20659,509.884,16.8468,
,,,,,,0.8,0.01024,2.90909,0.011264,12.8,0.01024,36.5714,0.014336,136.533,0.01536,273.067,0.03072,344.926,0.09728,489.075,0.274432,506.07,1.06086,510.132,4.20966,509.915,16.8458,
,,,,,,0.8,0.01024,3.2,0.01024,11.6364,0.011264,42.6667,0.012288,136.533,0.01536,273.067,0.03072,348.596,0.096256,487.256,0.275456,506.07,1.06086,510.38,4.20762,509.884,16.8468,
,,,,,,0.8,0.01024,3.2,0.01024,11.6364,0.011264,42.6667,0.012288,136.533,0.01536,273.067,0.03072,348.596,0.096256,487.256,0.275456,506.07,1.06086,510.504,4.20659,509.76,16.8509,
,,,,,,0.8,0.01024,3.2,0.01024,11.6364,0.011264,39.3846,0.013312,136.533,0.01536,282.483,0.029696,344.926,0.09728,487.256,0.275456,506.07,1.06086,510.256,4.20864,509.822,16.8489,
,,,,,,0.8,0.01024,3.2,0.01024,12.8,0.01024,42.6667,0.012288,136.533,0.01536,282.483,0.029696,344.926,0.09728,487.256,0.275456,506.07,1.06086,510.38,4.20762,509.884,16.8468,
,,,,,,0.8,0.01024,2.90909,0.011264,11.6364,0.011264,42.6667,0.012288,136.533,0.01536,264.258,0.031744,344.926,0.09728,487.256,0.275456,506.558,1.05984,510.38,4.20762,509.853,16.8479,
,,,,,,0.888889,0.009216,3.2,0.01024,11.6364,0.011264,46.5455,0.011264,136.533,0.01536,273.067,0.03072,344.926,0.09728,489.075,0.274432,506.07,1.06086,510.504,4.20659,509.76,16.8509,
,,,,,,0.8,0.01024,3.2,0.01024,11.6364,0.011264,42.6667,0.012288,128,0.016384,282.483,0.029696,348.596,0.096256,489.075,0.274432,506.07,1.06086,510.504,4.20659,509.853,16.8479,
,,,,,,0.8,0.01024,2.90909,0.011264,12.8,0.01024,42.6667,0.012288,136.533,0.01536,273.067,0.03072,348.596,0.096256,489.075,0.274432,505.581,1.06189,510.629,4.20557,509.853,16.8479,
,,,,,,0.8,0.01024,3.2,0.01024,12.8,0.01024,42.6667,0.012288,136.533,0.01536,273.067,0.03072,348.596,0.096256,487.256,0.275456,505.094,1.06291,510.256,4.20864,509.822,16.8489,
,,,,,,0.8,0.01024,3.2,0.01024,12.8,0.01024,34.1333,0.01536,136.533,0.01536,273.067,0.03072,344.926,0.09728,489.075,0.274432,506.07,1.06086,510.38,4.20762,509.729,16.852,
,,,,,,0.8,0.01024,3.2,0.01024,11.6364,0.011264,42.6667,0.012288,136.533,0.01536,282.483,0.029696,348.596,0.096256,487.256,0.275456,506.558,1.05984,510.38,4.20762,509.853,16.8479,
,,,,,,0.8,0.01024,2.90909,0.011264,12.8,0.01024,39.3846,0.013312,136.533,0.01536,240.941,0.034816,344.926,0.09728,487.256,0.275456,505.581,1.06189,510.504,4.20659,509.946,16.8448,
,,,,,,0.8,0.01024,3.2,0.01024,12.8,0.01024,42.6667,0.012288,136.533,0.01536,273.067,0.03072,344.926,0.09728,489.075,0.274432,502.673,1.06803,510.504,4.20659,509.853,16.8479,
,,,,,,0.8,0.01024,3.2,0.01024,11.6364,0.011264,39.3846,0.013312,128,0.016384,273.067,0.03072,344.926,0.09728,487.256,0.275456,505.581,1.06189,510.008,4.21069,509.884,16.8468,
,,,,,,0.8,0.01024,3.2,0.01024,12.8,0.01024,46.5455,0.011264,136.533,0.01536,273.067,0.03072,348.596,0.096256,487.256,0.275456,505.581,1.06189,509.388,4.21581,509.853,16.8479,
,,,,,,0.8,0.01024,2.90909,0.011264,11.6364,0.011264,46.5455,0.011264,136.533,0.01536,273.067,0.03072,348.596,0.096256,487.256,0.275456,506.07,1.06086,509.512,4.21478,509.791,16.8499,
,,,,,,0.8,0.01024,3.2,0.01024,9.84615,0.013312,42.6667,0.012288,136.533,0.01536,273.067,0.03072,348.596,0.096256,487.256,0.275456,505.581,1.06189,509.76,4.21274,509.915,16.8458,
,,,,,,0.8,0.01024,2.90909,0.011264,12.8,0.01024,46.5455,0.011264,128,0.016384,273.067,0.03072,348.596,0.096256,485.452,0.27648,505.581,1.06189,509.76,4.21274,509.76,16.8509,
,,,,,,0.8,0.01024,2.90909,0.011264,11.6364,0.011264,42.6667,0.012288,136.533,0.01536,273.067,0.03072,348.596,0.096256,485.452,0.27648,506.07,1.06086,509.388,4.21581,509.791,16.8499,
,,,,,,0.8,0.01024,3.2,0.01024,11.6364,0.011264,39.3846,0.013312,136.533,0.01536,273.067,0.03072,344.926,0.09728,487.256,0.275456,506.07,1.06086,510.132,4.20966,509.853,16.8479,
,,,,,,0.8,0.01024,3.2,0.01024,12.8,0.01024,39.3846,0.013312,136.533,0.01536,273.067,0.03072,344.926,0.09728,487.256,0.275456,506.07,1.06086,510.38,4.20762,509.791,16.8499,
,,,,,,0.8,0.01024,2.90909,0.011264,11.6364,0.011264,39.3846,0.013312,136.533,0.01536,273.067,0.03072,348.596,0.096256,487.256,0.275456,506.07,1.06086,510.38,4.20762,509.853,16.8479,
,,,,,,0.8,0.01024,3.2,0.01024,12.8,0.01024,39.3846,0.013312,128,0.016384,282.483,0.029696,348.596,0.096256,487.256,0.275456,506.07,1.06086,510.38,4.20762,509.853,16.8479,
,,,,,,0.8,0.01024,2.90909,0.011264,12.8,0.01024,42.6667,0.012288,136.533,0.01536,282.483,0.029696,344.926,0.09728,489.075,0.274432,505.094,1.06291,510.504,4.20659,509.884,16.8468,
,,,,,,0.8,0.01024,3.2,0.01024,12.8,0.01024,42.6667,0.012288,128,0.016384,282.483,0.029696,344.926,0.09728,489.075,0.274432,506.07,1.06086,510.38,4.20762,509.822,16.8489,
,,,,,,0.8,0.01024,2.90909,0.011264,12.8,0.01024,42.6667,0.012288,136.533,0.01536,273.067,0.03072,344.926,0.09728,489.075,0.274432,505.581,1.06189,510.504,4.20659,509.791,16.8499,
,,,,,,0.8,0.01024,3.2,0.01024,12.8,0.01024,39.3846,0.013312,136.533,0.01536,273.067,0.03072,348.596,0.096256,487.256,0.275456,506.07,1.06086,510.256,4.20864,509.884,16.8468,
,,,,,,0.8,0.01024,2.90909,0.011264,12.8,0.01024,42.6667,0.012288,136.533,0.01536,273.067,0.03072,348.596,0.096256,489.075,0.274432,506.07,1.06086,510.38,4.20762,509.853,16.8479,
,,,,,,0.8,0.01024,3.2,0.01024,12.8,0.01024,34.1333,0.01536,136.533,0.01536,264.258,0.031744,348.596,0.096256,489.075,0.274432,506.07,1.06086,510.38,4.20762,509.915,16.8458,
,,,,,,0.727273,0.011264,2.90909,0.011264,11.6364,0.011264,36.5714,0.014336,136.533,0.01536,273.067,0.03072,348.596,0.096256,489.075,0.274432,506.07,1.06086,510.38,4.20762,509.853,16.8479,
,,,,,,0.8,0.01024,3.2,0.01024,11.6364,0.011264,42.6667,0.012288,136.533,0.01536,264.258,0.031744,344.926,0.09728,487.256,0.275456,506.07,1.06086,510.504,4.20659,509.822,16.8489,
,,,,,,0.8,0.01024,3.2,0.01024,12.8,0.01024,39.3846,0.013312,136.533,0.01536,273.067,0.03072,344.926,0.09728,489.075,0.274432,506.07,1.06086,510.504,4.20659,509.853,16.8479,
,,,,,,0.8,0.01024,2.90909,0.011264,12.8,0.01024,42.6667,0.012288,136.533,0.01536,273.067,0.03072,348.596,0.096256,489.075,0.274432,506.07,1.06086,510.256,4.20864,509.822,16.8489,
,,,,,,0.8,0.01024,3.2,0.01024,12.8,0.01024,42.6667,0.012288,136.533,0.01536,264.258,0.031744,348.596,0.096256,489.075,0.274432,505.581,1.06189,510.256,4.20864,509.915,16.8458,
,,,,,,0.8,0.01024,2.90909,0.011264,11.6364,0.011264,42.6667,0.012288,136.533,0.01536,264.258,0.031744,348.596,0.096256,489.075,0.274432,506.07,1.06086,510.629,4.20557,509.915,16.8458,
,,,,,,0.8,0.01024,3.2,0.01024,11.6364,0.011264,46.5455,0.011264,136.533,0.01536,273.067,0.03072,348.596,0.096256,489.075,0.274432,506.07,1.06086,510.256,4.20864,509.853,16.8479,
,,,,,,0.8,0.01024,3.2,0.01024,12.8,0.01024,42.6667,0.012288,136.533,0.01536,264.258,0.031744,348.596,0.096256,489.075,0.274432,506.07,1.06086,510.132,4.20966,509.853,16.8479,
,,,,,,0.888889,0.009216,2.90909,0.011264,12.8,0.01024,42.6667,0.012288,146.286,0.014336,273.067,0.03072,348.596,0.096256,487.256,0.275456,506.07,1.06086,510.504,4.20659,509.822,16.8489,
,,,,,,0.8,0.01024,2.90909,0.011264,12.8,0.01024,42.6667,0.012288,120.471,0.017408,273.067,0.03072,348.596,0.096256,489.075,0.274432,506.07,1.06086,510.629,4.20557,509.76,16.8509,
,,,,,,0.8,0.01024,3.2,0.01024,11.6364,0.011264,42.6667,0.012288,136.533,0.01536,273.067,0.03072,344.926,0.09728,489.075,0.274432,506.558,1.05984,510.38,4.20762,509.884,16.8468,
,,,,,,0.8,0.01024,3.2,0.01024,11.6364,0.011264,42.6667,0.012288,128,0.016384,264.258,0.031744,348.596,0.096256,489.075,0.274432,506.07,1.06086,510.504,4.20659,509.791,16.8499,
,,,,,,0.8,0.01024,3.2,0.01024,11.6364,0.011264,39.3846,0.013312,128,0.016384,273.067,0.03072,348.596,0.096256,489.075,0.274432,506.07,1.06086,510.256,4.20864,509.76,16.8509,
,,,,,,0.8,0.01024,2.90909,0.011264,11.6364,0.011264,42.6667,0.012288,120.471,0.017408,264.258,0.031744,348.596,0.096256,487.256,0.275456,506.07,1.06086,510.256,4.20864,509.853,16.8479,
,,,,,,0.8,0.01024,3.2,0.01024,11.6364,0.011264,42.6667,0.012288,136.533,0.01536,273.067,0.03072,344.926,0.09728,489.075,0.274432,506.07,1.06086,510.38,4.20762,509.636,16.855,
,,,,,,0.8,0.01024,2.90909,0.011264,12.8,0.01024,42.6667,0.012288,120.471,0.017408,264.258,0.031744,344.926,0.09728,489.075,0.274432,506.07,1.06086,510.504,4.20659,509.574,16.8571,
,,,,,,0.8,0.01024,3.2,0.01024,11.6364,0.011264,42.6667,0.012288,136.533,0.01536,273.067,0.03072,344.926,0.09728,489.075,0.274432,505.581,1.06189,510.38,4.20762,509.698,16.853,
,,,,,,0.8,0.01024,3.2,0.01024,11.6364,0.011264,39.3846,0.013312,136.533,0.01536,264.258,0.031744,344.926,0.09728,489.075,0.274432,506.07,1.06086,510.256,4.20864,509.76,16.8509,
,,,,,,0.8,0.01024,2.90909,0.011264,12.8,0.01024,39.3846,0.013312,136.533,0.01536,282.483,0.029696,344.926,0.09728,489.075,0.274432,506.07,1.06086,510.256,4.20864,509.791,16.8499,
,,,,,,0.8,0.01024,3.2,0.01024,12.8,0.01024,39.3846,0.013312,136.533,0.01536,282.483,0.029696,348.596,0.096256,489.075,0.274432,505.581,1.06189,510.504,4.20659,509.915,16.8458,
,,,,,,0.8,0.01024,2.90909,0.011264,11.6364,0.011264,42.6667,0.012288,128,0.016384,273.067,0.03072,348.596,0.096256,487.256,0.275456,505.094,1.06291,510.504,4.20659,509.667,16.854,
,,,,,,0.8,0.01024,3.2,0.01024,12.8,0.01024,42.6667,0.012288,136.533,0.01536,264.258,0.031744,348.596,0.096256,487.256,0.275456,506.07,1.06086,510.504,4.20659,509.512,16.8591,
,,,,,,0.8,0.01024,3.2,0.01024,12.8,0.01024,42.6667,0.012288,128,0.016384,264.258,0.031744,344.926,0.09728,489.075,0.274432,506.07,1.06086,510.629,4.20557,509.605,16.8561,
,,,,,,0.8,0.01024,2.90909,0.011264,12.8,0.01024,46.5455,0.011264,128,0.016384,273.067,0.03072,348.596,0.096256,489.075,0.274432,506.07,1.06086,510.38,4.20762,509.76,16.8509,
,,,,,,0.8,0.01024,2.90909,0.011264,11.6364,0.011264,42.6667,0.012288,128,0.016384,273.067,0.03072,348.596,0.096256,487.256,0.275456,506.07,1.06086,510.504,4.20659,509.791,16.8499,
,,,,,,0.8,0.01024,2.90909,0.011264,11.6364,0.011264,46.5455,0.011264,128,0.016384,264.258,0.031744,344.926,0.09728,487.256,0.275456,506.07,1.06086,510.38,4.20762,509.915,16.8458,
