bandwidth_0,time_0,bandwidth_1,time_1,bandwidth_2,time_2,bandwidth_3,time_3,bandwidth_4,time_4,bandwidth_5,time_5,bandwidth_6,time_6,bandwidth_7,time_7,bandwidth_8,time_8,bandwidth_9,time_9,bandwidth_10,time_10,bandwidth_11,time_11,bandwidth_12,time_12,bandwidth_13,time_13,
0.00892857,0.014336,0.0416667,0.012288,0.166667,0.012288,0.666667,0.012288,2.90909,0.011264,9.84615,0.013312,39.3846,0.013312,146.286,0.014336,341.333,0.024576,555.39,0.060416,766.503,0.175104,804.123,0.667648,818.88,2.62246,805.281,10.667,
0.0113636,0.011264,0.05,0.01024,0.2,0.01024,0.666667,0.012288,2.66667,0.012288,9.84615,0.013312,42.6667,0.012288,157.538,0.013312,341.333,0.024576,564.966,0.059392,775.574,0.173056,811.591,0.661504,820.161,2.61837,804.894,10.6721,
0.0113636,0.011264,0.0416667,0.012288,0.181818,0.011264,0.727273,0.011264,2.90909,0.011264,10.6667,0.012288,42.6667,0.012288,157.538,0.013312,341.333,0.024576,546.133,0.06144,766.503,0.175104,812.85,0.66048,821.125,2.6153,804.277,10.6803,
0.0113636,0.011264,0.0454545,0.011264,0.2,0.01024,0.666667,0.012288,2.66667,0.012288,10.6667,0.012288,39.3846,0.013312,157.538,0.013312,372.364,0.022528,564.966,0.059392,762.047,0.176128,811.591,0.661504,821.446,2.61427,804.431,10.6783,
0.0125,0.01024,0.0454545,0.011264,0.181818,0.011264,0.727273,0.011264,2.90909,0.011264,11.6364,0.011264,42.6667,0.012288,157.538,0.013312,372.364,0.022528,555.39,0.060416,766.503,0.175104,814.112,0.659456,821.768,2.61325,804.431,10.6783,
0.0113636,0.011264,0.0454545,0.011264,0.2,0.01024,0.727273,0.011264,2.66667,0.012288,10.6667,0.012288,42.6667,0.012288,146.286,0.014336,372.364,0.022528,546.133,0.06144,771.012,0.17408,811.591,0.661504,822.09,2.61222,804.431,10.6783,
0.0113636,0.011264,0.0454545,0.011264,0.181818,0.011264,0.727273,0.011264,2.66667,0.012288,11.6364,0.011264,42.6667,0.012288,146.286,0.014336,372.364,0.022528,574.877,0.058368,771.012,0.17408,811.591,0.661504,822.09,2.61222,804.508,10.6772,
0.0113636,0.011264,0.0454545,0.011264,0.2,0.01024,0.727273,0.011264,2.66667,0.012288,10.6667,0.012288,39.3846,0.013312,146.286,0.014336,390.095,0.021504,564.966,0.059392,775.574,0.173056,814.112,0.659456,822.735,2.61018,804.585,10.6762,
0.0113636,0.011264,0.0454545,0.011264,0.181818,0.011264,0.666667,0.012288,2.66667,0.012288,10.6667,0.012288,42.6667,0.012288,157.538,0.013312,390.095,0.021504,546.133,0.06144,780.19,0.172032,812.85,0.66048,823.381,2.60813,803.969,10.6844,
0.0125,0.01024,0.0454545,0.011264,0.2,0.01024,0.727273,0.011264,2.66667,0.012288,10.6667,0.012288,42.6667,0.012288,157.538,0.013312,372.364,0.022528,555.39,0.060416,766.503,0.175104,814.112,0.659456,823.381,2.60813,804.74,10.6742,
0.0113636,0.011264,0.0454545,0.011264,0.181818,0.011264,0.727273,0.011264,2.90909,0.011264,10.6667,0.012288,42.6667,0.012288,157.538,0.013312,372.364,0.022528,574.877,0.058368,766.503,0.175104,812.85,0.66048,824.028,2.60608,804.123,10.6824,
0.0113636,0.011264,0.0454545,0.011264,0.181818,0.011264,0.666667,0.012288,2.66667,0.012288,10.6667,0.012288,39.3846,0.013312,157.538,0.013312,372.364,0.022528,564.966,0.059392,771.012,0.17408,810.337,0.662528,822.09,2.61222,804.123,10.6824,
0.0113636,0.011264,0.0454545,0.011264,0.181818,0.011264,0.727273,0.011264,2.90909,0.011264,10.6667,0.012288,42.6667,0.012288,157.538,0.013312,390.095,0.021504,555.39,0.060416,775.574,0.173056,812.85,0.66048,823.381,2.60813,803.892,10.6854,
0.0113636,0.011264,0.0454545,0.011264,0.2,0.01024,0.727273,0.011264,2.13333,0.01536,10.6667,0.012288,39.3846,0.013312,146.286,0.014336,390.095,0.021504,546.133,0.06144,780.19,0.172032,812.85,0.66048,822.09,2.61222,805.435,10.665,
0.0113636,0.011264,0.0454545,0.011264,0.166667,0.012288,0.727273,0.011264,2.66667,0.012288,10.6667,0.012288,39.3846,0.013312,146.286,0.014336,372.364,0.022528,564.966,0.059392,775.574,0.173056,812.85,0.66048,822.735,2.61018,806.83,10.6465,
0.0125,0.01024,0.0454545,0.011264,0.181818,0.011264,0.8,0.01024,2.66667,0.012288,11.6364,0.011264,39.3846,0.013312,146.286,0.014336,372.364,0.022528,574.877,0.058368,775.574,0.173056,811.591,0.661504,823.381,2.60813,806.054,10.6568,
0.0113636,0.011264,0.0454545,0.011264,0.181818,0.011264,0.727273,0.011264,2.90909,0.011264,10.6667,0.012288,42.6667,0.012288,146.286,0.014336,356.174,0.023552,564.966,0.059392,757.642,0.177152,815.378,0.658432,821.446,2.61427,819.76,10.4786,
0.0125,0.01024,0.05,0.01024,0.181818,0.011264,0.727273,0.011264,2.90909,0.011264,10.6667,0.012288,36.5714,0.014336,146.286,0.014336,372.364,0.022528,555.39,0.060416,771.012,0.17408,812.85,0.66048,823.058,2.60915,821.446,10.4571,
0.0113636,0.011264,0.0454545,0.011264,0.166667,0.012288,0.727273,0.011264,2.90909,0.011264,10.6667,0.012288,42.6667,0.012288,146.286,0.014336,341.333,0.024576,564.966,0.059392,771.012,0.17408,811.591,0.661504,822.735,2.61018,821.607,10.455,
0.0125,0.01024,0.05,0.01024,0.166667,0.012288,0.727273,0.011264,2.66667,0.012288,10.6667,0.012288,42.6667,0.012288,157.538,0.013312,341.333,0.024576,564.966,0.059392,775.574,0.173056,811.591,0.661504,820.482,2.61734,821.768,10.453,
0.0113636,0.011264,0.0454545,0.011264,0.166667,0.012288,0.727273,0.011264,2.66667,0.012288,11.6364,0.011264,39.3846,0.013312,157.538,0.013312,356.174,0.023552,574.877,0.058368,771.012,0.17408,811.591,0.661504,821.446,2.61427,822.171,10.4479,
0.0113636,0.011264,0.05,0.01024,0.2,0.01024,0.727273,0.011264,2.66667,0.012288,10.6667,0.012288,39.3846,0.013312,157.538,0.013312,356.174,0.023552,555.39,0.060416,766.503,0.175104,810.337,0.662528,822.413,2.6112,821.527,10.4561,
0.0113636,0.011264,0.0454545,0.011264,0.181818,0.011264,0.727273,0.011264,2.90909,0.011264,11.6364,0.011264,42.6667,0.012288,157.538,0.013312,372.364,0.022528,528.516,0.063488,766.503,0.175104,811.591,0.661504,823.058,2.60915,821.607,10.455,
0.0113636,0.011264,0.0454545,0.011264,0.2,0.01024,0.727273,0.011264,2.66667,0.012288,10.6667,0.012288,42.6667,0.012288,157.538,0.013312,356.174,0.023552,564.966,0.059392,762.047,0.176128,812.85,0.66048,822.09,2.61222,821.125,10.4612,
0.0113636,0.011264,0.0454545,0.011264,0.166667,0.012288,0.666667,0.012288,2.66667,0.012288,10.6667,0.012288,42.6667,0.012288,157.538,0.013312,372.364,0.022528,564.966,0.059392,748.983,0.1792,811.591,0.661504,822.09,2.61222,821.688,10.454,
0.0113636,0.011264,0.0454545,0.011264,0.181818,0.011264,0.727273,0.011264,2.66667,0.012288,10.6667,0.012288,42.6667,0.012288,157.538,0.013312,409.6,0.02048,555.39,0.060416,736.36,0.182272,812.85,0.66048,821.446,2.61427,821.849,10.452,
0.0113636,0.011264,0.0384615,0.013312,0.166667,0.012288,0.727273,0.011264,2.66667,0.012288,11.6364,0.011264,42.6667,0.012288,146.286,0.014336,356.174,0.023552,564.966,0.059392,762.047,0.176128,814.112,0.659456,822.413,2.6112,821.607,10.455,
0.0113636,0.011264,0.0416667,0.012288,0.181818,0.011264,0.727273,0.011264,2.66667,0.012288,10.6667,0.012288,42.6667,0.012288,146.286,0.014336,390.095,0.021504,574.877,0.058368,748.983,0.1792,812.85,0.66048,822.413,2.6112,821.768,10.453,
0.0113636,0.011264,0.0416667,0.012288,0.181818,0.011264,0.727273,0.011264,2.90909,0.011264,11.6364,0.011264,42.6667,0.012288,146.286,0.014336,390.095,0.021504,574.877,0.058368,757.642,0.177152,811.591,0.661504,822.413,2.6112,821.607,10.455,
0.0113636,0.011264,0.0454545,0.011264,0.181818,0.011264,0.727273,0.011264,2.66667,0.012288,10.6667,0.012288,42.6667,0.012288,157.538,0.013312,372.364,0.022528,564.966,0.059392,753.287,0.178176,811.591,0.661504,822.09,2.61222,821.849,10.452,
0.0113636,0.011264,0.0416667,0.012288,0.166667,0.012288,0.727273,0.011264,2.66667,0.012288,10.6667,0.012288,42.6667,0.012288,146.286,0.014336,390.095,0.021504,564.966,0.059392,757.642,0.177152,811.591,0.661504,822.413,2.6112,820.883,10.4643,
0.0113636,0.011264,0.05,0.01024,0.2,0.01024,0.727273,0.011264,2.90909,0.011264,11.6364,0.011264,46.5455,0.011264,146.286,0.014336,390.095,0.021504,564.966,0.059392,762.047,0.176128,812.85,0.66048,821.446,2.61427,820.241,10.4724,
0.0113636,0.011264,0.0454545,0.011264,0.181818,0.011264,0.615385,0.013312,2.90909,0.011264,10.6667,0.012288,39.3846,0.013312,157.538,0.013312,390.095,0.021504,555.39,0.060416,766.503,0.175104,811.591,0.661504,822.09,2.61222,819.68,10.4796,
0.0125,0.01024,0.0454545,0.011264,0.181818,0.011264,0.727273,0.011264,2.66667,0.012288,11.6364,0.011264,42.6667,0.012288,157.538,0.013312,390.095,0.021504,555.39,0.060416,753.287,0.178176,811.591,0.661504,821.125,2.6153,818.8,10.4909,
0.0113636,0.011264,0.0454545,0.011264,0.166667,0.012288,0.666667,0.012288,2.90909,0.011264,10.6667,0.012288,39.3846,0.013312,157.538,0.013312,356.174,0.023552,555.39,0.060416,757.642,0.177152,812.85,0.66048,821.446,2.61427,820.241,10.4724,
0.0125,0.01024,0.0454545,0.011264,0.181818,0.011264,0.727273,0.011264,2.90909,0.011264,10.6667,0.012288,42.6667,0.012288,157.538,0.013312,341.333,0.024576,564.966,0.059392,762.047,0.176128,811.591,0.661504,821.768,2.61325,819.921,10.4765,
0.0113636,0.011264,0.0416667,0.012288,0.166667,0.012288,0.727273,0.011264,2.90909,0.011264,10.6667,0.012288,42.6667,0.012288,146.286,0.014336,356.174,0.023552,555.39,0.060416,762.047,0.176128,811.591,0.661504,821.125,2.6153,819.76,10.4786,
0.0113636,0.011264,0.0454545,0.011264,0.181818,0.011264,0.727273,0.011264,2.66667,0.012288,11.6364,0.011264,42.6667,0.012288,157.538,0.013312,356.174,0.023552,564.966,0.059392,757.642,0.177152,811.591,0.661504,821.768,2.61325,819.52,10.4817,
0.0104167,0.012288,0.0416667,0.012288,0.181818,0.011264,0.666667,0.012288,2.90909,0.011264,11.6364,0.011264,42.6667,0.012288,157.538,0.013312,356.174,0.023552,555.39,0.060416,753.287,0.178176,811.591,0.661504,822.09,2.61222,819.52,10.4817,
0.0113636,0.011264,0.0416667,0.012288,0.181818,0.011264,0.666667,0.012288,2.66667,0.012288,10.6667,0.012288,42.6667,0.012288,157.538,0.013312,356.174,0.023552,564.966,0.059392,757.642,0.177152,812.85,0.66048,821.125,2.6153,819.36,10.4837,
0.0113636,0.011264,0.0416667,0.012288,0.2,0.01024,0.666667,0.012288,2.90909,0.011264,10.6667,0.012288,39.3846,0.013312,146.286,0.014336,356.174,0.023552,564.966,0.059392,757.642,0.177152,814.112,0.659456,820.803,2.61632,818.8,10.4909,
0.0125,0.01024,0.0416667,0.012288,0.181818,0.011264,0.666667,0.012288,2.66667,0.012288,10.6667,0.012288,42.6667,0.012288,146.286,0.014336,390.095,0.021504,555.39,0.060416,762.047,0.176128,810.337,0.662528,821.125,2.6153,819.52,10.4817,
0.0113636,0.011264,0.0454545,0.011264,0.181818,0.011264,0.666667,0.012288,2.90909,0.011264,10.6667,0.012288,42.6667,0.012288,146.286,0.014336,372.364,0.022528,555.39,0.060416,762.047,0.176128,814.112,0.659456,821.125,2.6153,819.12,10.4868,
0.0113636,0.011264,0.05,0.01024,0.181818,0.011264,0.727273,0.011264,2.90909,0.011264,11.6364,0.011264,39.3846,0.013312,146.286,0.014336,372.364,0.022528,574.877,0.058368,757.642,0.177152,811.591,0.661504,821.768,2.61325,819.04,10.4878,
0.0113636,0.011264,0.0454545,0.011264,0.181818,0.011264,0.666667,0.012288,2.90909,0.011264,10.6667,0.012288,42.6667,0.012288,157.538,0.013312,372.364,0.022528,564.966,0.059392,762.047,0.176128,815.378,0.658432,821.125,2.6153,820.001,10.4755,
0.0113636,0.011264,0.0454545,0.011264,0.181818,0.011264,0.666667,0.012288,2.66667,0.012288,10.6667,0.012288,42.6667,0.012288,157.538,0.013312,390.095,0.021504,564.966,0.059392,757.642,0.177152,811.591,0.661504,821.446,2.61427,820.883,10.4643,
0.0113636,0.011264,0.0416667,0.012288,0.166667,0.012288,0.727273,0.011264,2.90909,0.011264,10.6667,0.012288,42.6667,0.012288,157.538,0.013312,409.6,0.02048,564.966,0.059392,762.047,0.176128,810.337,0.662528,821.446,2.61427,820.322,10.4714,
0.0113636,0.011264,0.0333333,0.01536,0.181818,0.011264,0.8,0.01024,2.66667,0.012288,10.6667,0.012288,42.6667,0.012288,157.538,0.013312,390.095,0.021504,564.966,0.059392,753.287,0.178176,811.591,0.661504,821.446,2.61427,821.446,10.4571,
0.0113636,0.011264,0.0416667,0.012288,0.181818,0.011264,0.727273,0.011264,2.66667,0.012288,10.6667,0.012288,36.5714,0.014336,157.538,0.013312,390.095,0.021504,564.966,0.059392,757.642,0.177152,812.85,0.66048,820.803,2.61632,821.607,10.455,
0.0125,0.01024,0.0454545,0.011264,0.181818,0.011264,0.727273,0.011264,2.66667,0.012288,10.6667,0.012288,42.6667,0.012288,146.286,0.014336,390.095,0.021504,555.39,0.060416,762.047,0.176128,811.591,0.661504,821.125,2.6153,821.688,10.454,
0.0104167,0.012288,0.0454545,0.011264,0.166667,0.012288,0.615385,0.013312,2.90909,0.011264,11.6364,0.011264,42.6667,0.012288,146.286,0.014336,282.483,0.029696,564.966,0.059392,753.287,0.178176,810.337,0.662528,822.09,2.61222,821.205,10.4602,
0.0104167,0.012288,0.0454545,0.011264,0.181818,0.011264,0.727273,0.011264,2.66667,0.012288,10.6667,0.012288,46.5455,0.011264,146.286,0.014336,372.364,0.022528,555.39,0.060416,740.52,0.181248,812.85,0.66048,821.125,2.6153,821.607,10.455,
0.0104167,0.012288,0.0384615,0.013312,0.181818,0.011264,0.571429,0.014336,2.90909,0.011264,10.6667,0.012288,42.6667,0.012288,157.538,0.013312,372.364,0.022528,564.966,0.059392,753.287,0.178176,814.112,0.659456,820.482,2.61734,821.125,10.4612,
0.0113636,0.011264,0.0454545,0.011264,0.2,0.01024,0.727273,0.011264,2.90909,0.011264,10.6667,0.012288,42.6667,0.012288,157.538,0.013312,372.364,0.022528,564.966,0.059392,757.642,0.177152,811.591,0.661504,821.446,2.61427,821.285,10.4591,
0.0113636,0.011264,0.05,0.01024,0.181818,0.011264,0.666667,0.012288,2.66667,0.012288,10.6667,0.012288,46.5455,0.011264,157.538,0.013312,390.095,0.021504,564.966,0.059392,753.287,0.178176,814.112,0.659456,821.768,2.61325,821.849,10.452,
0.0113636,0.011264,0.0454545,0.011264,0.181818,0.011264,0.727273,0.011264,2.66667,0.012288,10.6667,0.012288,42.6667,0.012288,157.538,0.013312,390.095,0.021504,564.966,0.059392,766.503,0.175104,811.591,0.661504,821.446,2.61427,821.527,10.4561,
0.0113636,0.011264,0.0416667,0.012288,0.181818,0.011264,0.727273,0.011264,2.66667,0.012288,10.6667,0.012288,39.3846,0.013312,136.533,0.01536,372.364,0.022528,585.143,0.057344,757.642,0.177152,811.591,0.661504,821.446,2.61427,821.527,10.4561,
0.0125,0.01024,0.0454545,0.011264,0.181818,0.011264,0.8,0.01024,2.46154,0.013312,10.6667,0.012288,42.6667,0.012288,146.286,0.014336,409.6,0.02048,564.966,0.059392,753.287,0.178176,812.85,0.66048,821.446,2.61427,820.964,10.4632,
0.0113636,0.011264,0.0416667,0.012288,0.166667,0.012288,0.727273,0.011264,2.66667,0.012288,10.6667,0.012288,42.6667,0.012288,157.538,0.013312,390.095,0.021504,555.39,0.060416,762.047,0.176128,810.337,0.662528,821.446,2.61427,821.285,10.4591,
0.0113636,0.011264,0.0454545,0.011264,0.181818,0.011264,0.727273,0.011264,2.90909,0.011264,10.6667,0.012288,42.6667,0.012288,157.538,0.013312,372.364,0.022528,564.966,0.059392,744.727,0.180224,810.337,0.662528,821.768,2.61325,821.607,10.455,
0.0113636,0.011264,0.0416667,0.012288,0.181818,0.011264,0.727273,0.011264,2.90909,0.011264,10.6667,0.012288,42.6667,0.012288,157.538,0.013312,372.364,0.022528,564.966,0.059392,762.047,0.176128,811.591,0.661504,820.803,2.61632,821.768,10.453,
0.0113636,0.011264,0.0454545,0.011264,0.166667,0.012288,0.8,0.01024,2.66667,0.012288,11.6364,0.011264,42.6667,0.012288,157.538,0.013312,390.095,0.021504,564.966,0.059392,753.287,0.178176,812.85,0.66048,820.803,2.61632,821.125,10.4612,
0.0104167,0.012288,0.0454545,0.011264,0.181818,0.011264,0.727273,0.011264,2.46154,0.013312,10.6667,0.012288,42.6667,0.012288,146.286,0.014336,390.095,0.021504,564.966,0.059392,753.287,0.178176,811.591,0.661504,821.446,2.61427,821.205,10.4602,
0.0113636,0.011264,0.05,0.01024,0.2,0.01024,0.727273,0.011264,2.46154,0.013312,11.6364,0.011264,46.5455,0.011264,157.538,0.013312,390.095,0.021504,564.966,0.059392,753.287,0.178176,815.378,0.658432,819.841,2.61939,820.001,10.4755,
0.00961538,0.013312,0.0454545,0.011264,0.181818,0.011264,0.727273,0.011264,2.90909,0.011264,10.6667,0.012288,42.6667,0.012288,157.538,0.013312,372.364,0.022528,564.966,0.059392,757.642,0.177152,811.591,0.661504,820.161,2.61837,820.482,10.4694,
0.0104167,0.012288,0.0454545,0.011264,0.181818,0.011264,0.727273,0.011264,2.90909,0.011264,11.6364,0.011264,42.6667,0.012288,146.286,0.014336,390.095,0.021504,564.966,0.059392,757.642,0.177152,811.591,0.661504,819.2,2.62144,820.402,10.4704,
0.0104167,0.012288,0.0454545,0.011264,0.166667,0.012288,0.666667,0.012288,2.66667,0.012288,10.6667,0.012288,42.6667,0.012288,157.538,0.013312,390.095,0.021504,564.966,0.059392,753.287,0.178176,811.591,0.661504,820.803,2.61632,820.482,10.4694,
0.0113636,0.011264,0.05,0.01024,0.166667,0.012288,0.8,0.01024,2.46154,0.013312,10.6667,0.012288,42.6667,0.012288,157.538,0.013312,356.174,0.023552,574.877,0.058368,753.287,0.178176,812.85,0.66048,821.446,2.61427,821.044,10.4622,
0.0104167,0.012288,0.0454545,0.011264,0.166667,0.012288,0.727273,0.011264,2.66667,0.012288,10.6667,0.012288,42.6667,0.012288,157.538,0.013312,356.174,0.023552,564.966,0.059392,753.287,0.178176,811.591,0.661504,822.09,2.61222,819.921,10.4765,
0.0113636,0.011264,0.0454545,0.011264,0.181818,0.011264,0.727273,0.011264,2.46154,0.013312,10.6667,0.012288,42.6667,0.012288,146.286,0.014336,372.364,0.022528,574.877,0.058368,757.642,0.177152,812.85,0.66048,821.125,2.6153,819.921,10.4765,
0.0113636,0.011264,0.0454545,0.011264,0.181818,0.011264,0.727273,0.011264,2.66667,0.012288,11.6364,0.011264,42.6667,0.012288,146.286,0.014336,356.174,0.023552,564.966,0.059392,753.287,0.178176,811.591,0.661504,821.768,2.61325,819.28,10.4847,
0.0113636,0.011264,0.0454545,0.011264,0.2,0.01024,0.8,0.01024,2.46154,0.013312,10.6667,0.012288,42.6667,0.012288,146.286,0.014336,390.095,0.021504,555.39,0.060416,748.983,0.1792,811.591,0.661504,823.381,2.60813,819.52,10.4817,
0.0113636,0.011264,0.0454545,0.011264,0.181818,0.011264,0.727273,0.011264,2.66667,0.012288,10.6667,0.012288,42.6667,0.012288,146.286,0.014336,372.364,0.022528,574.877,0.058368,757.642,0.177152,812.85,0.66048,823.705,2.6071,818.96,10.4888,
0.0104167,0.012288,0.0454545,0.011264,0.2,0.01024,0.8,0.01024,2.66667,0.012288,9.84615,0.013312,42.6667,0.012288,146.286,0.014336,372.364,0.022528,564.966,0.059392,762.047,0.176128,812.85,0.66048,823.381,2.60813,818.96,10.4888,
0.0113636,0.011264,0.0384615,0.013312,0.181818,0.011264,0.727273,0.011264,2.90909,0.011264,10.6667,0.012288,39.3846,0.013312,157.538,0.013312,390.095,0.021504,564.966,0.059392,766.503,0.175104,812.85,0.66048,825.001,2.60301,819.04,10.4878,
0.0113636,0.011264,0.0416667,0.012288,0.181818,0.011264,0.8,0.01024,2.66667,0.012288,10.6667,0.012288,42.6667,0.012288,157.538,0.013312,372.364,0.022528,564.966,0.059392,753.287,0.178176,811.591,0.661504,823.381,2.60813,820.643,10.4673,
0.0113636,0.011264,0.0384615,0.013312,0.181818,0.011264,0.727273,0.011264,2.66667,0.012288,10.6667,0.012288,42.6667,0.012288,146.286,0.014336,390.095,0.021504,564.966,0.059392,762.047,0.176128,811.591,0.661504,824.676,2.60403,821.446,10.4571,
0.0113636,0.011264,0.0454545,0.011264,0.2,0.01024,0.8,0.01024,2.46154,0.013312,9.84615,0.013312,42.6667,0.012288,157.538,0.013312,372.364,0.022528,574.877,0.058368,757.642,0.177152,810.337,0.662528,824.676,2.60403,820.883,10.4643,
0.0104167,0.012288,0.0416667,0.012288,0.181818,0.011264,0.727273,0.011264,2.66667,0.012288,9.84615,0.013312,42.6667,0.012288,146.286,0.014336,356.174,0.023552,564.966,0.059392,757.642,0.177152,812.85,0.66048,825.001,2.60301,821.205,10.4602,
0.0113636,0.011264,0.0384615,0.013312,0.181818,0.011264,0.727273,0.011264,2.66667,0.012288,10.6667,0.012288,42.6667,0.012288,146.286,0.014336,372.364,0.022528,564.966,0.059392,757.642,0.177152,811.591,0.661504,825.325,2.60198,821.285,10.4591,
0.0113636,0.011264,0.0416667,0.012288,0.166667,0.012288,0.727273,0.011264,2.66667,0.012288,10.6667,0.012288,42.6667,0.012288,146.286,0.014336,315.077,0.026624,564.966,0.059392,757.642,0.177152,812.85,0.66048,825.001,2.60301,821.285,10.4591,
0.0113636,0.011264,0.0454545,0.011264,0.027027,0.075776,0.727273,0.011264,2.66667,0.012288,10.6667,0.012288,46.5455,0.011264,146.286,0.014336,356.174,0.023552,564.966,0.059392,766.503,0.175104,810.337,0.662528,823.381,2.60813,821.688,10.454,
0.0113636,0.011264,0.0454545,0.011264,0.181818,0.011264,0.727273,0.011264,2.46154,0.013312,10.6667,0.012288,42.6667,0.012288,146.286,0.014336,372.364,0.022528,564.966,0.059392,766.503,0.175104,812.85,0.66048,823.058,2.60915,821.688,10.454,
0.0113636,0.011264,0.0454545,0.011264,0.181818,0.011264,0.727273,0.011264,2.66667,0.012288,9.84615,0.013312,42.6667,0.012288,146.286,0.014336,356.174,0.023552,564.966,0.059392,736.36,0.182272,812.85,0.66048,824.352,2.60506,821.607,10.455,
0.0113636,0.011264,0.0454545,0.011264,0.181818,0.011264,0.727273,0.011264,2.66667,0.012288,9.84615,0.013312,42.6667,0.012288,146.286,0.014336,356.174,0.023552,564.966,0.059392,748.983,0.1792,812.85,0.66048,825.001,2.60301,821.688,10.454,
0.0113636,0.011264,0.0454545,0.011264,0.181818,0.011264,0.727273,0.011264,2.66667,0.012288,9.84615,0.013312,42.6667,0.012288,146.286,0.014336,356.174,0.023552,564.966,0.059392,762.047,0.176128,814.112,0.659456,825.65,2.60096,821.366,10.4581,
0.0113636,0.011264,0.0454545,0.011264,0.181818,0.011264,0.727273,0.011264,2.66667,0.012288,9.84615,0.013312,42.6667,0.012288,157.538,0.013312,356.174,0.023552,555.39,0.060416,762.047,0.176128,811.591,0.661504,824.676,2.60403,821.768,10.453,
0.0113636,0.011264,0.0454545,0.011264,0.2,0.01024,0.727273,0.011264,2.66667,0.012288,9.84615,0.013312,39.3846,0.013312,157.538,0.013312,372.364,0.022528,564.966,0.059392,753.287,0.178176,815.378,0.658432,825.325,2.60198,821.688,10.454,
0.0104167,0.012288,0.0454545,0.011264,0.181818,0.011264,0.727273,0.011264,2.46154,0.013312,10.6667,0.012288,42.6667,0.012288,157.538,0.013312,372.364,0.022528,564.966,0.059392,748.983,0.1792,810.337,0.662528,825.001,2.60301,821.366,10.4581,
0.0104167,0.012288,0.0416667,0.012288,0.2,0.01024,0.8,0.01024,2.66667,0.012288,10.6667,0.012288,42.6667,0.012288,157.538,0.013312,372.364,0.022528,574.877,0.058368,748.983,0.1792,810.337,0.662528,825.65,2.60096,821.125,10.4612,
0.0113636,0.011264,0.0454545,0.011264,0.2,0.01024,0.666667,0.012288,2.66667,0.012288,10.6667,0.012288,42.6667,0.012288,146.286,0.014336,390.095,0.021504,564.966,0.059392,762.047,0.176128,811.591,0.661504,826.627,2.59789,821.205,10.4602,
0.0113636,0.011264,0.0416667,0.012288,0.181818,0.011264,0.727273,0.011264,2.46154,0.013312,10.6667,0.012288,42.6667,0.012288,146.286,0.014336,390.095,0.021504,564.966,0.059392,753.287,0.178176,811.591,0.661504,826.301,2.59891,822.01,10.4499,
0.0104167,0.012288,0.0454545,0.011264,0.153846,0.013312,0.727273,0.011264,2.66667,0.012288,10.6667,0.012288,39.3846,0.013312,146.286,0.014336,372.364,0.022528,555.39,0.060416,762.047,0.176128,812.85,0.66048,825.976,2.59994,821.446,10.4571,
0.0113636,0.011264,0.0454545,0.011264,0.181818,0.011264,0.8,0.01024,2.66667,0.012288,9.84615,0.013312,42.6667,0.012288,157.538,0.013312,372.364,0.022528,564.966,0.059392,757.642,0.177152,811.591,0.661504,825.325,2.60198,820.964,10.4632,
0.0104167,0.012288,0.0454545,0.011264,0.181818,0.011264,0.727273,0.011264,2.90909,0.011264,10.6667,0.012288,42.6667,0.012288,157.538,0.013312,356.174,0.023552,564.966,0.059392,757.642,0.177152,812.85,0.66048,825.65,2.60096,819.841,10.4776,
0.0104167,0.012288,0.05,0.01024,0.181818,0.011264,0.727273,0.011264,2.66667,0.012288,10.6667,0.012288,46.5455,0.011264,157.538,0.013312,390.095,0.021504,564.966,0.059392,757.642,0.177152,814.112,0.659456,825.65,2.60096,819.841,10.4776,
0.0113636,0.011264,0.0454545,0.011264,0.181818,0.011264,0.727273,0.011264,2.66667,0.012288,9.84615,0.013312,42.6667,0.012288,146.286,0.014336,372.364,0.022528,555.39,0.060416,762.047,0.176128,811.591,0.661504,825.325,2.60198,820.402,10.4704,
0.0113636,0.011264,0.0454545,0.011264,0.181818,0.011264,0.727273,0.011264,2.66667,0.012288,10.6667,0.012288,42.6667,0.012288,157.538,0.013312,390.095,0.021504,574.877,0.058368,762.047,0.176128,812.85,0.66048,826.301,2.59891,820.322,10.4714,
0.0125,0.01024,0.0454545,0.011264,0.181818,0.011264,0.727273,0.011264,2.66667,0.012288,10.6667,0.012288,42.6667,0.012288,157.538,0.013312,390.095,0.021504,564.966,0.059392,753.287,0.178176,810.337,0.662528,826.953,2.59686,820.964,10.4632,
0.0104167,0.012288,0.05,0.01024,0.2,0.01024,0.727273,0.011264,2.66667,0.012288,10.6667,0.012288,42.6667,0.012288,146.286,0.014336,390.095,0.021504,564.966,0.059392,757.642,0.177152,811.591,0.661504,825.65,2.60096,820.964,10.4632,
0.00657895,0.019456,0.0277778,0.018432,0.142857,0.014336,0.666667,0.012288,2.46154,0.013312,9.14286,0.014336,39.3846,0.013312,136.533,0.01536,372.364,0.022528,555.39,0.060416,762.047,0.176128,811.591,0.661504,819.2,2.62144,806.364,10.6527,
0.00543478,0.023552,0.0384615,0.013312,0.153846,0.013312,0.727273,0.011264,2.66667,0.012288,10.6667,0.012288,42.6667,0.012288,146.286,0.014336,390.095,0.021504,564.966,0.059392,780.19,0.172032,817.922,0.656384,822.413,2.6112,806.132,10.6557,
0.00892857,0.014336,0.0384615,0.013312,0.153846,0.013312,0.666667,0.012288,2.66667,0.012288,10.6667,0.012288,42.6667,0.012288,146.286,0.014336,390.095,0.021504,555.39,0.060416,780.19,0.172032,817.922,0.656384,822.413,2.6112,805.59,10.6629,
0.00961538,0.013312,0.0416667,0.012288,0.166667,0.012288,0.727273,0.011264,2.66667,0.012288,10.6667,0.012288,42.6667,0.012288,157.538,0.013312,409.6,0.02048,555.39,0.060416,771.012,0.17408,819.2,0.65536,822.413,2.6112,806.287,10.6537,
0.00961538,0.013312,0.0384615,0.013312,0.153846,0.013312,0.727273,0.011264,2.66667,0.012288,10.6667,0.012288,39.3846,0.013312,146.286,0.014336,390.095,0.021504,564.966,0.059392,766.503,0.175104,815.378,0.658432,822.413,2.6112,806.132,10.6557,
0.00961538,0.013312,0.0357143,0.014336,0.153846,0.013312,0.727273,0.011264,2.66667,0.012288,10.6667,0.012288,42.6667,0.012288,146.286,0.014336,409.6,0.02048,555.39,0.060416,784.862,0.171008,816.648,0.657408,822.735,2.61018,805.126,10.6691,
0.00892857,0.014336,0.0416667,0.012288,0.133333,0.01536,0.666667,0.012288,2.90909,0.011264,10.6667,0.012288,42.6667,0.012288,136.533,0.01536,390.095,0.021504,564.966,0.059392,775.574,0.173056,817.922,0.656384,823.058,2.60915,806.597,10.6496,
0.0104167,0.012288,0.0416667,0.012288,0.153846,0.013312,0.727273,0.011264,2.66667,0.012288,10.6667,0.012288,42.6667,0.012288,146.286,0.014336,409.6,0.02048,555.39,0.060416,766.503,0.175104,817.922,0.656384,822.735,2.61018,806.674,10.6486,
0.0104167,0.012288,0.0384615,0.013312,0.153846,0.013312,0.727273,0.011264,2.66667,0.012288,10.6667,0.012288,39.3846,0.013312,146.286,0.014336,390.095,0.021504,546.133,0.06144,775.574,0.173056,816.648,0.657408,823.381,2.60813,806.674,10.6486,
0.0104167,0.012288,0.0357143,0.014336,0.166667,0.012288,0.727273,0.011264,2.66667,0.012288,10.6667,0.012288,42.6667,0.012288,146.286,0.014336,390.095,0.021504,555.39,0.060416,780.19,0.172032,817.922,0.656384,822.413,2.6112,805.899,10.6588,
0.00961538,0.013312,0.0384615,0.013312,0.153846,0.013312,0.666667,0.012288,2.66667,0.012288,10.6667,0.012288,39.3846,0.013312,136.533,0.01536,409.6,0.02048,555.39,0.060416,762.047,0.176128,820.482,0.654336,823.705,2.6071,805.745,10.6609,
0.00961538,0.013312,0.0384615,0.013312,0.153846,0.013312,0.666667,0.012288,2.66667,0.012288,10.6667,0.012288,42.6667,0.012288,157.538,0.013312,390.095,0.021504,555.39,0.060416,771.012,0.17408,819.2,0.65536,822.735,2.61018,806.132,10.6557,
0.00961538,0.013312,0.0416667,0.012288,0.166667,0.012288,0.727273,0.011264,2.90909,0.011264,10.6667,0.012288,39.3846,0.013312,146.286,0.014336,390.095,0.021504,555.39,0.060416,775.574,0.173056,817.922,0.656384,823.705,2.6071,806.054,10.6568,
0.00961538,0.013312,0.0416667,0.012288,0.166667,0.012288,0.444444,0.018432,2.66667,0.012288,10.6667,0.012288,42.6667,0.012288,146.286,0.014336,409.6,0.02048,555.39,0.060416,771.012,0.17408,817.922,0.656384,822.735,2.61018,806.132,10.6557,
0.00961538,0.013312,0.0384615,0.013312,0.166667,0.012288,0.666667,0.012288,2.66667,0.012288,10.6667,0.012288,39.3846,0.013312,146.286,0.014336,390.095,0.021504,564.966,0.059392,771.012,0.17408,817.922,0.656384,823.381,2.60813,806.442,10.6516,
0.00892857,0.014336,0.0416667,0.012288,0.166667,0.012288,0.727273,0.011264,2.66667,0.012288,10.6667,0.012288,39.3846,0.013312,146.286,0.014336,390.095,0.021504,555.39,0.060416,775.574,0.173056,817.922,0.656384,822.735,2.61018,805.822,10.6598,
0.00833333,0.01536,0.0384615,0.013312,0.166667,0.012288,0.666667,0.012288,2.90909,0.011264,10.6667,0.012288,42.6667,0.012288,146.286,0.014336,390.095,0.021504,555.39,0.060416,771.012,0.17408,815.378,0.658432,824.352,2.60506,806.132,10.6557,
0.00961538,0.013312,0.0416667,0.012288,0.166667,0.012288,0.727273,0.011264,2.66667,0.012288,9.84615,0.013312,42.6667,0.012288,146.286,0.014336,409.6,0.02048,555.39,0.060416,771.012,0.17408,817.922,0.656384,822.09,2.61222,806.364,10.6527,
0.00892857,0.014336,0.0333333,0.01536,0.153846,0.013312,0.727273,0.011264,2.90909,0.011264,10.6667,0.012288,39.3846,0.013312,146.286,0.014336,390.095,0.021504,555.39,0.060416,775.574,0.173056,817.922,0.656384,823.058,2.60915,806.442,10.6516,
0.0104167,0.012288,0.0384615,0.013312,0.166667,0.012288,0.727273,0.011264,2.46154,0.013312,10.6667,0.012288,39.3846,0.013312,146.286,0.014336,390.095,0.021504,564.966,0.059392,775.574,0.173056,815.378,0.658432,823.705,2.6071,806.519,10.6506,
0.00961538,0.013312,0.0357143,0.014336,0.166667,0.012288,0.666667,0.012288,2.66667,0.012288,10.6667,0.012288,42.6667,0.012288,146.286,0.014336,390.095,0.021504,555.39,0.060416,771.012,0.17408,817.922,0.656384,824.028,2.60608,805.513,10.6639,
0.0113636,0.011264,0.0357143,0.014336,0.142857,0.014336,0.727273,0.011264,2.66667,0.012288,9.84615,0.013312,39.3846,0.013312,146.286,0.014336,409.6,0.02048,555.39,0.060416,775.574,0.173056,817.922,0.656384,823.705,2.6071,809.789,10.6076,
0.00892857,0.014336,0.0333333,0.01536,0.142857,0.014336,0.727273,0.011264,2.66667,0.012288,9.84615,0.013312,42.6667,0.012288,146.286,0.014336,390.095,0.021504,555.39,0.060416,771.012,0.17408,819.2,0.65536,822.413,2.6112,821.527,10.4561,
0.00961538,0.013312,0.0333333,0.01536,0.153846,0.013312,0.727273,0.011264,2.66667,0.012288,9.84615,0.013312,42.6667,0.012288,146.286,0.014336,409.6,0.02048,555.39,0.060416,780.19,0.172032,816.648,0.657408,820.803,2.61632,822.332,10.4458,
0.00961538,0.013312,0.0384615,0.013312,0.153846,0.013312,0.666667,0.012288,2.90909,0.011264,9.84615,0.013312,39.3846,0.013312,146.286,0.014336,372.364,0.022528,555.39,0.060416,775.574,0.173056,817.922,0.656384,823.705,2.6071,821.527,10.4561,
0.00961538,0.013312,0.0357143,0.014336,0.181818,0.011264,0.727273,0.011264,2.66667,0.012288,10.6667,0.012288,42.6667,0.012288,146.286,0.014336,390.095,0.021504,555.39,0.060416,775.574,0.173056,817.922,0.656384,823.381,2.60813,822.01,10.4499,
0.00961538,0.013312,0.0357143,0.014336,0.153846,0.013312,0.727273,0.011264,2.66667,0.012288,10.6667,0.012288,39.3846,0.013312,146.286,0.014336,372.364,0.022528,555.39,0.060416,771.012,0.17408,816.648,0.657408,823.705,2.6071,822.09,10.4489,
0.00892857,0.014336,0.0416667,0.012288,0.166667,0.012288,0.727273,0.011264,2.66667,0.012288,10.6667,0.012288,39.3846,0.013312,146.286,0.014336,409.6,0.02048,555.39,0.060416,771.012,0.17408,817.922,0.656384,823.058,2.60915,822.09,10.4489,
0.00961538,0.013312,0.0384615,0.013312,0.153846,0.013312,0.666667,0.012288,2.66667,0.012288,10.6667,0.012288,39.3846,0.013312,157.538,0.013312,390.095,0.021504,555.39,0.060416,771.012,0.17408,820.482,0.654336,823.381,2.60813,821.205,10.4602,
0.0104167,0.012288,0.0416667,0.012288,0.153846,0.013312,0.727273,0.011264,2.66667,0.012288,10.6667,0.012288,39.3846,0.013312,146.286,0.014336,409.6,0.02048,555.39,0.060416,775.574,0.173056,817.922,0.656384,822.413,2.6112,821.688,10.454,
0.00961538,0.013312,0.0384615,0.013312,0.153846,0.013312,0.727273,0.011264,2.66667,0.012288,10.6667,0.012288,34.1333,0.01536,146.286,0.014336,390.095,0.021504,564.966,0.059392,766.503,0.175104,817.922,0.656384,823.705,2.6071,821.607,10.455,
0.00961538,0.013312,0.0416667,0.012288,0.153846,0.013312,0.727273,0.011264,2.66667,0.012288,10.6667,0.012288,42.6667,0.012288,136.533,0.01536,390.095,0.021504,555.39,0.060416,771.012,0.17408,821.768,0.653312,823.705,2.6071,821.527,10.4561,
0.00961538,0.013312,0.0384615,0.013312,0.153846,0.013312,0.727273,0.011264,2.66667,0.012288,10.6667,0.012288,39.3846,0.013312,157.538,0.013312,390.095,0.021504,555.39,0.060416,775.574,0.173056,817.922,0.656384,822.09,2.61222,821.446,10.4571,
0.0104167,0.012288,0.0416667,0.012288,0.153846,0.013312,0.8,0.01024,2.66667,0.012288,10.6667,0.012288,39.3846,0.013312,146.286,0.014336,390.095,0.021504,555.39,0.060416,771.012,0.17408,817.922,0.656384,822.413,2.6112,821.607,10.455,
0.0104167,0.012288,0.0384615,0.013312,0.153846,0.013312,0.727273,0.011264,2.66667,0.012288,10.6667,0.012288,42.6667,0.012288,146.286,0.014336,390.095,0.021504,564.966,0.059392,771.012,0.17408,819.2,0.65536,822.413,2.6112,821.044,10.4622,
0.00961538,0.013312,0.0416667,0.012288,0.166667,0.012288,0.727273,0.011264,2.46154,0.013312,9.84615,0.013312,39.3846,0.013312,146.286,0.014336,390.095,0.021504,546.133,0.06144,775.574,0.173056,817.922,0.656384,822.413,2.6112,822.251,10.4468,
0.00961538,0.013312,0.0384615,0.013312,0.153846,0.013312,0.666667,0.012288,2.66667,0.012288,9.84615,0.013312,39.3846,0.013312,146.286,0.014336,390.095,0.021504,564.966,0.059392,775.574,0.173056,815.378,0.658432,823.058,2.60915,821.607,10.455,
0.00892857,0.014336,0.0416667,0.012288,0.153846,0.013312,0.666667,0.012288,2.66667,0.012288,9.84615,0.013312,42.6667,0.012288,146.286,0.014336,409.6,0.02048,564.966,0.059392,775.574,0.173056,820.482,0.654336,823.381,2.60813,821.607,10.455,
0.00892857,0.014336,0.0384615,0.013312,0.166667,0.012288,0.727273,0.011264,2.66667,0.012288,9.84615,0.013312,39.3846,0.013312,146.286,0.014336,390.095,0.021504,564.966,0.059392,780.19,0.172032,821.768,0.653312,822.735,2.61018,821.607,10.455,
0.00833333,0.01536,0.0333333,0.01536,0.166667,0.012288,0.727273,0.011264,2.66667,0.012288,10.6667,0.012288,42.6667,0.012288,146.286,0.014336,409.6,0.02048,564.966,0.059392,771.012,0.17408,816.648,0.657408,822.09,2.61222,821.125,10.4612,
0.00892857,0.014336,0.0357143,0.014336,0.166667,0.012288,0.727273,0.011264,2.66667,0.012288,10.6667,0.012288,39.3846,0.013312,146.286,0.014336,390.095,0.021504,564.966,0.059392,775.574,0.173056,817.922,0.656384,822.413,2.6112,820.723,10.4663,
0.00961538,0.013312,0.0357143,0.014336,0.153846,0.013312,0.727273,0.011264,2.46154,0.013312,10.6667,0.012288,42.6667,0.012288,146.286,0.014336,390.095,0.021504,555.39,0.060416,775.574,0.173056,819.2,0.65536,823.381,2.60813,821.446,10.4571,
0.00961538,0.013312,0.0294118,0.017408,0.142857,0.014336,0.727273,0.011264,2.66667,0.012288,10.6667,0.012288,39.3846,0.013312,146.286,0.014336,409.6,0.02048,564.966,0.059392,771.012,0.17408,819.2,0.65536,824.676,2.60403,821.607,10.455,
0.00625,0.02048,0.0384615,0.013312,0.125,0.016384,0.666667,0.012288,2.66667,0.012288,10.6667,0.012288,42.6667,0.012288,146.286,0.014336,390.095,0.021504,564.966,0.059392,775.574,0.173056,817.922,0.656384,825.325,2.60198,821.527,10.4561,
0.00961538,0.013312,0.0384615,0.013312,0.142857,0.014336,0.727273,0.011264,2.66667,0.012288,10.6667,0.012288,42.6667,0.012288,146.286,0.014336,390.095,0.021504,555.39,0.060416,771.012,0.17408,819.2,0.65536,824.352,2.60506,820.964,10.4632,
0.0104167,0.012288,0.0384615,0.013312,0.153846,0.013312,0.727273,0.011264,2.66667,0.012288,10.6667,0.012288,42.6667,0.012288,146.286,0.014336,409.6,0.02048,564.966,0.059392,775.574,0.173056,817.922,0.656384,825.325,2.60198,821.366,10.4581,
0.00961538,0.013312,0.0384615,0.013312,0.142857,0.014336,0.666667,0.012288,2.66667,0.012288,10.6667,0.012288,39.3846,0.013312,146.286,0.014336,390.095,0.021504,546.133,0.06144,775.574,0.173056,816.648,0.657408,825.65,2.60096,821.688,10.454,
0.0104167,0.012288,0.0384615,0.013312,0.166667,0.012288,0.727273,0.011264,2.66667,0.012288,10.6667,0.012288,39.3846,0.013312,146.286,0.014336,409.6,0.02048,555.39,0.060416,775.574,0.173056,819.2,0.65536,825.65,2.60096,820.964,10.4632,
0.00892857,0.014336,0.0416667,0.012288,0.153846,0.013312,0.727273,0.011264,2.66667,0.012288,10.6667,0.012288,42.6667,0.012288,146.286,0.014336,390.095,0.021504,555.39,0.060416,780.19,0.172032,817.922,0.656384,825.325,2.60198,821.285,10.4591,
0.0104167,0.012288,0.0384615,0.013312,0.142857,0.014336,0.666667,0.012288,2.46154,0.013312,10.6667,0.012288,42.6667,0.012288,146.286,0.014336,390.095,0.021504,564.966,0.059392,771.012,0.17408,817.922,0.656384,824.676,2.60403,821.285,10.4591,
0.00961538,0.013312,0.0416667,0.012288,0.166667,0.012288,0.615385,0.013312,2.66667,0.012288,10.6667,0.012288,42.6667,0.012288,146.286,0.014336,390.095,0.021504,555.39,0.060416,780.19,0.172032,817.922,0.656384,825.976,2.59994,821.366,10.4581,
0.0104167,0.012288,0.0416667,0.012288,0.166667,0.012288,0.727273,0.011264,2.66667,0.012288,10.6667,0.012288,42.6667,0.012288,146.286,0.014336,390.095,0.021504,555.39,0.060416,771.012,0.17408,817.922,0.656384,825.976,2.59994,821.205,10.4602,
0.00961538,0.013312,0.0384615,0.013312,0.153846,0.013312,0.666667,0.012288,2.66667,0.012288,9.84615,0.013312,39.3846,0.013312,157.538,0.013312,390.095,0.021504,564.966,0.059392,775.574,0.173056,820.482,0.654336,825.001,2.60301,821.285,10.4591,
0.00961538,0.013312,0.0416667,0.012288,0.166667,0.012288,0.727273,0.011264,2.66667,0.012288,9.84615,0.013312,39.3846,0.013312,146.286,0.014336,409.6,0.02048,555.39,0.060416,766.503,0.175104,819.2,0.65536,825.325,2.60198,821.527,10.4561,
0.00961538,0.013312,0.0416667,0.012288,0.153846,0.013312,0.666667,0.012288,2.66667,0.012288,10.6667,0.012288,39.3846,0.013312,146.286,0.014336,390.095,0.021504,555.39,0.060416,775.574,0.173056,817.922,0.656384,825.325,2.60198,821.607,10.455,
0.0104167,0.012288,0.0384615,0.013312,0.166667,0.012288,0.727273,0.011264,2.66667,0.012288,10.6667,0.012288,42.6667,0.012288,146.286,0.014336,409.6,0.02048,555.39,0.060416,775.574,0.173056,817.922,0.656384,825.65,2.60096,822.171,10.4479,
0.00961538,0.013312,0.0384615,0.013312,0.166667,0.012288,0.666667,0.012288,2.46154,0.013312,10.6667,0.012288,39.3846,0.013312,146.286,0.014336,390.095,0.021504,555.39,0.060416,775.574,0.173056,817.922,0.656384,825.325,2.60198,821.366,10.4581,
0.00961538,0.013312,0.0384615,0.013312,0.166667,0.012288,0.727273,0.011264,2.46154,0.013312,10.6667,0.012288,42.6667,0.012288,157.538,0.013312,409.6,0.02048,546.133,0.06144,771.012,0.17408,817.922,0.656384,825.976,2.59994,822.01,10.4499,
0.00892857,0.014336,0.0416667,0.012288,0.166667,0.012288,0.666667,0.012288,2.66667,0.012288,10.6667,0.012288,39.3846,0.013312,146.286,0.014336,390.095,0.021504,555.39,0.060416,775.574,0.173056,816.648,0.657408,825.325,2.60198,821.688,10.454,
0.00892857,0.014336,0.0384615,0.013312,0.166667,0.012288,0.727273,0.011264,2.66667,0.012288,10.6667,0.012288,39.3846,0.013312,146.286,0.014336,409.6,0.02048,564.966,0.059392,771.012,0.17408,819.2,0.65536,825.65,2.60096,821.688,10.454,
0.00892857,0.014336,0.0333333,0.01536,0.166667,0.012288,0.666667,0.012288,2.66667,0.012288,10.6667,0.012288,39.3846,0.013312,146.286,0.014336,390.095,0.021504,555.39,0.060416,771.012,0.17408,819.2,0.65536,825.325,2.60198,820.482,10.4694,
0.00892857,0.014336,0.0357143,0.014336,0.166667,0.012288,0.727273,0.011264,2.66667,0.012288,10.6667,0.012288,42.6667,0.012288,146.286,0.014336,409.6,0.02048,564.966,0.059392,771.012,0.17408,819.2,0.65536,826.301,2.59891,821.044,10.4622,
0.00892857,0.014336,0.0357143,0.014336,0.166667,0.012288,0.666667,0.012288,2.66667,0.012288,10.6667,0.012288,42.6667,0.012288,146.286,0.014336,390.095,0.021504,555.39,0.060416,780.19,0.172032,817.922,0.656384,825.976,2.59994,821.366,10.4581,
0.00892857,0.014336,0.0384615,0.013312,0.153846,0.013312,0.727273,0.011264,1.68421,0.019456,9.84615,0.013312,42.6667,0.012288,146.286,0.014336,390.095,0.021504,555.39,0.060416,771.012,0.17408,819.2,0.65536,825.001,2.60301,821.205,10.4602,
0.00892857,0.014336,0.0357143,0.014336,0.142857,0.014336,0.666667,0.012288,2.66667,0.012288,9.84615,0.013312,39.3846,0.013312,146.286,0.014336,409.6,0.02048,546.133,0.06144,780.19,0.172032,817.922,0.656384,825.65,2.60096,820.081,10.4745,
0.00961538,0.013312,0.0416667,0.012288,0.153846,0.013312,0.727273,0.011264,2.46154,0.013312,10.6667,0.012288,39.3846,0.013312,146.286,0.014336,390.095,0.021504,564.966,0.059392,771.012,0.17408,819.2,0.65536,825.976,2.59994,819.52,10.4817,
0.00892857,0.014336,0.0416667,0.012288,0.142857,0.014336,0.727273,0.011264,2.66667,0.012288,10.6667,0.012288,42.6667,0.012288,146.286,0.014336,390.095,0.021504,555.39,0.060416,771.012,0.17408,817.922,0.656384,825.001,2.60301,819.68,10.4796,
0.0104167,0.012288,0.0357143,0.014336,0.153846,0.013312,0.727273,0.011264,2.46154,0.013312,10.6667,0.012288,42.6667,0.012288,146.286,0.014336,390.095,0.021504,555.39,0.060416,775.574,0.173056,817.922,0.656384,825.325,2.60198,819.36,10.4837,
0.00961538,0.013312,0.0357143,0.014336,0.153846,0.013312,0.727273,0.011264,2.66667,0.012288,10.6667,0.012288,42.6667,0.012288,157.538,0.013312,390.095,0.021504,564.966,0.059392,780.19,0.172032,816.648,0.657408,825.325,2.60198,819.44,10.4827,
0.00961538,0.013312,0.0416667,0.012288,0.181818,0.011264,0.727273,0.011264,2.13333,0.01536,10.6667,0.012288,42.6667,0.012288,146.286,0.014336,390.095,0.021504,564.966,0.059392,780.19,0.172032,819.2,0.65536,825.65,2.60096,819.04,10.4878,
0.00961538,0.013312,0.0416667,0.012288,0.166667,0.012288,0.727273,0.011264,2.66667,0.012288,10.6667,0.012288,39.3846,0.013312,146.286,0.014336,409.6,0.02048,555.39,0.060416,771.012,0.17408,819.2,0.65536,825.976,2.59994,819.12,10.4868,
0.0104167,0.012288,0.0416667,0.012288,0.153846,0.013312,0.8,0.01024,2.66667,0.012288,10.6667,0.012288,42.6667,0.012288,146.286,0.014336,390.095,0.021504,546.133,0.06144,771.012,0.17408,817.922,0.656384,825.65,2.60096,820.161,10.4735,
0.00961538,0.013312,0.0357143,0.014336,0.153846,0.013312,0.727273,0.011264,2.66667,0.012288,10.6667,0.012288,42.6667,0.012288,146.286,0.014336,390.095,0.021504,564.966,0.059392,775.574,0.173056,816.648,0.657408,825.65,2.60096,819.841,10.4776,
0.0104167,0.012288,0.0384615,0.013312,0.181818,0.011264,0.727273,0.011264,2.66667,0.012288,10.6667,0.012288,39.3846,0.013312,146.286,0.014336,409.6,0.02048,555.39,0.060416,775.574,0.173056,820.482,0.654336,825.976,2.59994,819.921,10.4765,
0.00961538,0.013312,0.0416667,0.012288,0.153846,0.013312,0.727273,0.011264,2.66667,0.012288,10.6667,0.012288,39.3846,0.013312,146.286,0.014336,372.364,0.022528,564.966,0.059392,762.047,0.176128,819.2,0.65536,826.301,2.59891,819.68,10.4796,
0.0104167,0.012288,0.0454545,0.011264,0.153846,0.013312,0.727273,0.011264,2.66667,0.012288,10.6667,0.012288,42.6667,0.012288,146.286,0.014336,409.6,0.02048,564.966,0.059392,775.574,0.173056,816.648,0.657408,825.976,2.59994,820.241,10.4724,
0.00961538,0.013312,0.0357143,0.014336,0.166667,0.012288,0.727273,0.011264,2.66667,0.012288,10.6667,0.012288,3.68345,0.142336,146.286,0.014336,390.095,0.021504,555.39,0.060416,771.012,0.17408,817.922,0.656384,826.301,2.59891,819.841,10.4776,
0.0104167,0.012288,0.0384615,0.013312,0.166667,0.012288,0.727273,0.011264,2.46154,0.013312,10.6667,0.012288,39.3846,0.013312,146.286,0.014336,409.6,0.02048,555.39,0.060416,766.503,0.175104,820.482,0.654336,825.001,2.60301,819.44,10.4827,
0.00961538,0.013312,0.0454545,0.011264,0.153846,0.013312,0.666667,0.012288,2.90909,0.011264,10.6667,0.012288,42.6667,0.012288,146.286,0.014336,372.364,0.022528,555.39,0.060416,771.012,0.17408,816.648,0.657408,825.325,2.60198,820.081,10.4745,
0.0104167,0.012288,0.0263158,0.019456,0.181818,0.011264,0.727273,0.011264,2.46154,0.013312,10.6667,0.012288,39.3846,0.013312,146.286,0.014336,390.095,0.021504,555.39,0.060416,771.012,0.17408,816.648,0.657408,824.676,2.60403,820.402,10.4704,
0.00833333,0.01536,0.0384615,0.013312,0.153846,0.013312,0.666667,0.012288,2.90909,0.011264,10.6667,0.012288,42.6667,0.012288,157.538,0.013312,390.095,0.021504,574.877,0.058368,771.012,0.17408,819.2,0.65536,824.676,2.60403,820.803,10.4653,
0.00961538,0.013312,0.0357143,0.014336,0.166667,0.012288,0.727273,0.011264,2.66667,0.012288,10.6667,0.012288,39.3846,0.013312,146.286,0.014336,390.095,0.021504,555.39,0.060416,771.012,0.17408,817.922,0.656384,824.676,2.60403,820.322,10.4714,
0.00892857,0.014336,0.0294118,0.017408,0.153846,0.013312,0.727273,0.011264,2.66667,0.012288,9.84615,0.013312,39.3846,0.013312,146.286,0.014336,390.095,0.021504,555.39,0.060416,775.574,0.173056,819.2,0.65536,825.325,2.60198,820.161,10.4735,
0.00892857,0.014336,0.0357143,0.014336,0.153846,0.013312,0.727273,0.011264,2.66667,0.012288,9.84615,0.013312,39.3846,0.013312,146.286,0.014336,390.095,0.021504,555.39,0.060416,762.047,0.176128,817.922,0.656384,825.65,2.60096,819.921,10.4765,
0.00892857,0.014336,0.0277778,0.018432,0.153846,0.013312,0.727273,0.011264,2.90909,0.011264,10.6667,0.012288,39.3846,0.013312,146.286,0.014336,390.095,0.021504,555.39,0.060416,771.012,0.17408,817.922,0.656384,825.65,2.60096,820.482,10.4694,
0.00961538,0.013312,0.0357143,0.014336,0.153846,0.013312,0.727273,0.011264,2.46154,0.013312,10.6667,0.012288,42.6667,0.012288,146.286,0.014336,390.095,0.021504,555.39,0.060416,775.574,0.173056,817.922,0.656384,825.325,2.60198,820.402,10.4704,
0.00961538,0.013312,0.0384615,0.013312,0.142857,0.014336,0.727273,0.011264,2.66667,0.012288,9.84615,0.013312,39.3846,0.013312,157.538,0.013312,390.095,0.021504,564.966,0.059392,771.012,0.17408,817.922,0.656384,825.65,2.60096,819.6,10.4806,
0.0104167,0.012288,0.0416667,0.012288,0.142857,0.014336,0.727273,0.011264,2.46154,0.013312,10.6667,0.012288,39.3846,0.013312,146.286,0.014336,390.095,0.021504,555.39,0.060416,766.503,0.175104,819.2,0.65536,825.001,2.60301,820.402,10.4704,
0.00892857,0.014336,0.0384615,0.013312,0.153846,0.013312,0.666667,0.012288,2.66667,0.012288,10.6667,0.012288,39.3846,0.013312,93.0909,0.022528,390.095,0.021504,546.133,0.06144,780.19,0.172032,816.648,0.657408,825.65,2.60096,820.241,10.4724,
0.00961538,0.013312,0.0357143,0.014336,0.166667,0.012288,0.727273,0.011264,2.46154,0.013312,10.6667,0.012288,42.6667,0.012288,146.286,0.014336,409.6,0.02048,555.39,0.060416,775.574,0.173056,819.2,0.65536,825.976,2.59994,820.001,10.4755,
0.0104167,0.012288,0.0333333,0.01536,0.166667,0.012288,0.727273,0.011264,2.66667,0.012288,10.6667,0.012288,42.6667,0.012288,146.286,0.014336,390.095,0.021504,555.39,0.060416,771.012,0.17408,819.2,0.65536,825.325,2.60198,819.841,10.4776,
0.0104167,0.012288,0.0416667,0.012288,0.166667,0.012288,0.727273,0.011264,2.66667,0.012288,10.6667,0.012288,39.3846,0.013312,146.286,0.014336,390.095,0.021504,546.133,0.06144,771.012,0.17408,819.2,0.65536,825.65,2.60096,820.001,10.4755,
0.0104167,0.012288,0.0416667,0.012288,0.0952381,0.021504,0.727273,0.011264,2.46154,0.013312,9.84615,0.013312,39.3846,0.013312,146.286,0.014336,390.095,0.021504,564.966,0.059392,771.012,0.17408,819.2,0.65536,826.627,2.59789,819.6,10.4806,
0.0104167,0.012288,0.0384615,0.013312,0.153846,0.013312,0.727273,0.011264,2.66667,0.012288,10.6667,0.012288,42.6667,0.012288,146.286,0.014336,390.095,0.021504,555.39,0.060416,766.503,0.175104,817.922,0.656384,825.65,2.60096,819.12,10.4868,
0.00961538,0.013312,0.0357143,0.014336,0.142857,0.014336,0.666667,0.012288,2.66667,0.012288,9.84615,0.013312,42.6667,0.012288,146.286,0.014336,390.095,0.021504,546.133,0.06144,771.012,0.17408,819.2,0.65536,825.001,2.60301,820.723,10.4663,
0.0104167,0.012288,0.0384615,0.013312,0.142857,0.014336,0.727273,0.011264,2.46154,0.013312,10.6667,0.012288,39.3846,0.013312,146.286,0.014336,409.6,0.02048,555.39,0.060416,775.574,0.173056,819.2,0.65536,825.325,2.60198,820.241,10.4724,
0.00961538,0.013312,0.0384615,0.013312,0.153846,0.013312,0.727273,0.011264,2.66667,0.012288,10.6667,0.012288,42.6667,0.012288,146.286,0.014336,390.095,0.021504,555.39,0.060416,775.574,0.173056,817.922,0.656384,825.001,2.60301,819.76,10.4786,
0.0104167,0.012288,0.0454545,0.011264,0.166667,0.012288,0.727273,0.011264,2.46154,0.013312,9.84615,0.013312,39.3846,0.013312,146.286,0.014336,390.095,0.021504,546.133,0.06144,771.012,0.17408,819.2,0.65536,825.976,2.59994,819.841,10.4776,
0.0104167,0.012288,0.0357143,0.014336,0.153846,0.013312,0.727273,0.011264,2.90909,0.011264,10.6667,0.012288,42.6667,0.012288,146.286,0.014336,390.095,0.021504,555.39,0.060416,771.012,0.17408,817.922,0.656384,825.325,2.60198,819.68,10.4796,
0.00961538,0.013312,0.0416667,0.012288,0.166667,0.012288,0.727273,0.011264,2.66667,0.012288,10.6667,0.012288,39.3846,0.013312,146.286,0.014336,390.095,0.021504,555.39,0.060416,771.012,0.17408,816.648,0.657408,824.352,2.60506,819.76,10.4786,
0.00833333,0.01536,0.0416667,0.012288,0.166667,0.012288,0.727273,0.011264,2,0.016384,10.6667,0.012288,39.3846,0.013312,113.778,0.018432,372.364,0.022528,512,0.065536,771.012,0.17408,812.85,0.66048,824.352,2.60506,805.358,10.666,
0.0113636,0.011264,0.0454545,0.011264,0.181818,0.011264,0.727273,0.011264,2.66667,0.012288,9.84615,0.013312,39.3846,0.013312,120.471,0.017408,372.364,0.022528,537.18,0.062464,775.574,0.173056,817.922,0.656384,824.028,2.60608,805.435,10.665,
0.0104167,0.012288,0.0416667,0.012288,0.166667,0.012288,0.666667,0.012288,2.66667,0.012288,9.84615,0.013312,36.5714,0.014336,120.471,0.017408,356.174,0.023552,528.516,0.063488,771.012,0.17408,816.648,0.657408,825.001,2.60301,805.899,10.6588,
0.0113636,0.011264,0.0454545,0.011264,0.181818,0.011264,0.727273,0.011264,2.46154,0.013312,9.84615,0.013312,36.5714,0.014336,128,0.016384,372.364,0.022528,528.516,0.063488,771.012,0.17408,817.922,0.656384,824.676,2.60403,805.513,10.6639,
0.0104167,0.012288,0.0454545,0.011264,0.166667,0.012288,0.727273,0.011264,2.66667,0.012288,9.84615,0.013312,39.3846,0.013312,128,0.016384,372.364,0.022528,537.18,0.062464,784.862,0.171008,817.922,0.656384,825.001,2.60301,806.442,10.6516,
0.0113636,0.011264,0.0454545,0.011264,0.181818,0.011264,0.666667,0.012288,2.66667,0.012288,9.84615,0.013312,39.3846,0.013312,128,0.016384,372.364,0.022528,537.18,0.062464,775.574,0.173056,819.2,0.65536,825.001,2.60301,805.435,10.665,
0.0113636,0.011264,0.0416667,0.012288,0.166667,0.012288,0.727273,0.011264,2.66667,0.012288,9.84615,0.013312,39.3846,0.013312,128,0.016384,372.364,0.022528,546.133,0.06144,771.012,0.17408,820.482,0.654336,825.001,2.60301,806.054,10.6568,
0.0113636,0.011264,0.0454545,0.011264,0.181818,0.011264,0.666667,0.012288,2.46154,0.013312,10.6667,0.012288,39.3846,0.013312,136.533,0.01536,372.364,0.022528,537.18,0.062464,771.012,0.17408,816.648,0.657408,822.735,2.61018,806.674,10.6486,
0.0113636,0.011264,0.00649351,0.078848,0.166667,0.012288,0.666667,0.012288,2.66667,0.012288,9.84615,0.013312,39.3846,0.013312,136.533,0.01536,372.364,0.022528,528.516,0.063488,784.862,0.171008,820.482,0.654336,824.352,2.60506,818.8,10.4909,
0.0113636,0.011264,0.0416667,0.012288,0.166667,0.012288,0.727273,0.011264,2.46154,0.013312,9.84615,0.013312,42.6667,0.012288,128,0.016384,372.364,0.022528,546.133,0.06144,780.19,0.172032,816.648,0.657408,825.001,2.60301,819.68,10.4796,
0.0113636,0.011264,0.0416667,0.012288,0.181818,0.011264,0.666667,0.012288,2.66667,0.012288,10.6667,0.012288,39.3846,0.013312,128,0.016384,372.364,0.022528,520.127,0.064512,771.012,0.17408,816.648,0.657408,825.325,2.60198,819.841,10.4776,
0.0104167,0.012288,0.0454545,0.011264,0.181818,0.011264,0.666667,0.012288,2.66667,0.012288,9.84615,0.013312,42.6667,0.012288,136.533,0.01536,372.364,0.022528,546.133,0.06144,775.574,0.173056,811.591,0.661504,825.325,2.60198,820.081,10.4745,
0.0113636,0.011264,0.0416667,0.012288,0.166667,0.012288,0.727273,0.011264,2.66667,0.012288,10.6667,0.012288,39.3846,0.013312,136.533,0.01536,372.364,0.022528,528.516,0.063488,771.012,0.17408,807.84,0.664576,825.001,2.60301,819.52,10.4817,
0.0104167,0.012288,0.0454545,0.011264,0.181818,0.011264,0.666667,0.012288,2.46154,0.013312,9.84615,0.013312,39.3846,0.013312,136.533,0.01536,390.095,0.021504,528.516,0.063488,780.19,0.172032,815.378,0.658432,825.001,2.60301,819.6,10.4806,
0.0113636,0.011264,0.0416667,0.012288,0.181818,0.011264,0.666667,0.012288,2.66667,0.012288,10.6667,0.012288,39.3846,0.013312,128,0.016384,372.364,0.022528,537.18,0.062464,775.574,0.173056,815.378,0.658432,825.976,2.59994,819.76,10.4786,
0.0113636,0.011264,0.0454545,0.011264,0.166667,0.012288,0.727273,0.011264,2.66667,0.012288,9.84615,0.013312,39.3846,0.013312,128,0.016384,372.364,0.022528,537.18,0.062464,762.047,0.176128,816.648,0.657408,825.001,2.60301,819.52,10.4817,
0.0104167,0.012288,0.0416667,0.012288,0.181818,0.011264,0.727273,0.011264,2.66667,0.012288,9.84615,0.013312,42.6667,0.012288,128,0.016384,372.364,0.022528,537.18,0.062464,775.574,0.173056,812.85,0.66048,825.976,2.59994,819.2,10.4858,
0.0113636,0.011264,0.0416667,0.012288,0.181818,0.011264,0.727273,0.011264,2.66667,0.012288,9.84615,0.013312,39.3846,0.013312,120.471,0.017408,372.364,0.022528,528.516,0.063488,771.012,0.17408,816.648,0.657408,825.65,2.60096,818.64,10.4929,
0.0104167,0.012288,0.0416667,0.012288,0.181818,0.011264,0.666667,0.012288,2.66667,0.012288,10.6667,0.012288,39.3846,0.013312,120.471,0.017408,372.364,0.022528,546.133,0.06144,771.012,0.17408,815.378,0.658432,825.65,2.60096,819.44,10.4827,
0.0113636,0.011264,0.0454545,0.011264,0.166667,0.012288,0.727273,0.011264,2.46154,0.013312,9.84615,0.013312,39.3846,0.013312,113.778,0.018432,372.364,0.022528,546.133,0.06144,766.503,0.175104,814.112,0.659456,825.325,2.60198,820.001,10.4755,
0.0104167,0.012288,0.0416667,0.012288,0.181818,0.011264,0.666667,0.012288,2.66667,0.012288,9.84615,0.013312,36.5714,0.014336,120.471,0.017408,372.364,0.022528,537.18,0.062464,771.012,0.17408,812.85,0.66048,825.325,2.60198,819.04,10.4878,
0.0113636,0.011264,0.0454545,0.011264,0.181818,0.011264,0.727273,0.011264,2.66667,0.012288,10.6667,0.012288,39.3846,0.013312,128,0.016384,390.095,0.021504,512,0.065536,780.19,0.172032,811.591,0.661504,826.301,2.59891,818.481,10.495,
0.0104167,0.012288,0.0416667,0.012288,0.181818,0.011264,0.533333,0.01536,2.66667,0.012288,9.84615,0.013312,39.3846,0.013312,128,0.016384,372.364,0.022528,537.18,0.062464,775.574,0.173056,815.378,0.658432,825.325,2.60198,818.081,10.5001,
0.0113636,0.011264,0.0454545,0.011264,0.181818,0.011264,0.727273,0.011264,2.46154,0.013312,9.84615,0.013312,39.3846,0.013312,120.471,0.017408,372.364,0.022528,537.18,0.062464,771.012,0.17408,816.648,0.657408,825.976,2.59994,817.444,10.5083,
0.0104167,0.012288,0.0454545,0.011264,0.181818,0.011264,0.666667,0.012288,2.66667,0.012288,9.84615,0.013312,39.3846,0.013312,128,0.016384,372.364,0.022528,537.18,0.062464,766.503,0.175104,811.591,0.661504,825.325,2.60198,817.922,10.5021,
0.0104167,0.012288,0.0416667,0.012288,0.166667,0.012288,0.727273,0.011264,2.46154,0.013312,10.6667,0.012288,39.3846,0.013312,136.533,0.01536,327.68,0.0256,528.516,0.063488,784.862,0.171008,816.648,0.657408,824.676,2.60403,817.683,10.5052,
0.0104167,0.012288,0.0416667,0.012288,0.181818,0.011264,0.727273,0.011264,2.66667,0.012288,10.6667,0.012288,39.3846,0.013312,128,0.016384,356.174,0.023552,537.18,0.062464,775.574,0.173056,816.648,0.657408,825.65,2.60096,817.763,10.5042,
0.0113636,0.011264,0.0454545,0.011264,0.181818,0.011264,0.727273,0.011264,2.46154,0.013312,9.84615,0.013312,39.3846,0.013312,128,0.016384,372.364,0.022528,546.133,0.06144,775.574,0.173056,816.648,0.657408,825.325,2.60198,819.76,10.4786,
0.0104167,0.012288,0.0416667,0.012288,0.166667,0.012288,0.666667,0.012288,2.66667,0.012288,9.84615,0.013312,36.5714,0.014336,136.533,0.01536,372.364,0.022528,537.18,0.062464,775.574,0.173056,817.922,0.656384,825.65,2.60096,820.241,10.4724,
0.0113636,0.011264,0.0454545,0.011264,0.166667,0.012288,0.727273,0.011264,2.46154,0.013312,10.6667,0.012288,39.3846,0.013312,136.533,0.01536,372.364,0.022528,546.133,0.06144,780.19,0.172032,814.112,0.659456,825.65,2.60096,820.964,10.4632,
0.0104167,0.012288,0.0416667,0.012288,0.166667,0.012288,0.727273,0.011264,2.66667,0.012288,9.84615,0.013312,39.3846,0.013312,136.533,0.01536,372.364,0.022528,537.18,0.062464,775.574,0.173056,812.85,0.66048,826.627,2.59789,819.921,10.4765,
0.0104167,0.012288,0.0454545,0.011264,0.181818,0.011264,0.666667,0.012288,2.66667,0.012288,9.84615,0.013312,39.3846,0.013312,120.471,0.017408,356.174,0.023552,546.133,0.06144,775.574,0.173056,812.85,0.66048,825.976,2.59994,820.402,10.4704,
0.0113636,0.011264,0.0416667,0.012288,0.181818,0.011264,0.727273,0.011264,2.66667,0.012288,10.6667,0.012288,39.3846,0.013312,136.533,0.01536,372.364,0.022528,546.133,0.06144,775.574,0.173056,807.84,0.664576,825.65,2.60096,820.001,10.4755,
0.0113636,0.011264,0.0454545,0.011264,0.166667,0.012288,0.727273,0.011264,2.46154,0.013312,9.84615,0.013312,42.6667,0.012288,136.533,0.01536,372.364,0.022528,537.18,0.062464,780.19,0.172032,806.597,0.6656,825.976,2.59994,820.322,10.4714,
0.0104167,0.012288,0.0416667,0.012288,0.166667,0.012288,0.666667,0.012288,2.66667,0.012288,10.6667,0.012288,39.3846,0.013312,120.471,0.017408,372.364,0.022528,512,0.065536,753.287,0.178176,811.591,0.661504,826.953,2.59686,820.322,10.4714,
0.0104167,0.012288,0.0454545,0.011264,0.181818,0.011264,0.727273,0.011264,2.46154,0.013312,9.84615,0.013312,39.3846,0.013312,120.471,0.017408,372.364,0.022528,537.18,0.062464,775.574,0.173056,810.337,0.662528,825.325,2.60198,819.921,10.4765,
0.0104167,0.012288,0.0416667,0.012288,0.166667,0.012288,0.666667,0.012288,2.66667,0.012288,10.6667,0.012288,39.3846,0.013312,113.778,0.018432,356.174,0.023552,537.18,0.062464,771.012,0.17408,812.85,0.66048,825.976,2.59994,820.161,10.4735,
0.0104167,0.012288,0.0454545,0.011264,0.181818,0.011264,0.727273,0.011264,2.66667,0.012288,9.84615,0.013312,39.3846,0.013312,120.471,0.017408,372.364,0.022528,528.516,0.063488,780.19,0.172032,811.591,0.661504,824.676,2.60403,819.841,10.4776,
0.0113636,0.011264,0.0454545,0.011264,0.166667,0.012288,0.666667,0.012288,2.66667,0.012288,9.84615,0.013312,39.3846,0.013312,128,0.016384,372.364,0.022528,528.516,0.063488,775.574,0.173056,812.85,0.66048,825.976,2.59994,820.402,10.4704,
0.0113636,0.011264,0.0454545,0.011264,0.166667,0.012288,0.727273,0.011264,2.46154,0.013312,10.6667,0.012288,39.3846,0.013312,128,0.016384,390.095,0.021504,546.133,0.06144,780.19,0.172032,810.337,0.662528,825.65,2.60096,820.081,10.4745,
0.0104167,0.012288,0.0416667,0.012288,0.166667,0.012288,0.666667,0.012288,2.66667,0.012288,9.84615,0.013312,39.3846,0.013312,128,0.016384,390.095,0.021504,537.18,0.062464,775.574,0.173056,812.85,0.66048,826.301,2.59891,819.841,10.4776,
0.0113636,0.011264,0.0416667,0.012288,0.181818,0.011264,0.727273,0.011264,2.66667,0.012288,9.14286,0.014336,39.3846,0.013312,136.533,0.01536,390.095,0.021504,528.516,0.063488,771.012,0.17408,812.85,0.66048,825.325,2.60198,820.562,10.4684,
0.0104167,0.012288,0.0416667,0.012288,0.0289855,0.070656,0.666667,0.012288,2.46154,0.013312,9.84615,0.013312,39.3846,0.013312,136.533,0.01536,372.364,0.022528,528.516,0.063488,784.862,0.171008,812.85,0.66048,826.301,2.59891,819.921,10.4765,
0.0113636,0.011264,0.0416667,0.012288,0.166667,0.012288,0.727273,0.011264,2.66667,0.012288,10.6667,0.012288,39.3846,0.013312,136.533,0.01536,356.174,0.023552,546.133,0.06144,775.574,0.173056,812.85,0.66048,825.001,2.60301,819.841,10.4776,
0.0104167,0.012288,0.0416667,0.012288,0.181818,0.011264,0.727273,0.011264,2.66667,0.012288,9.84615,0.013312,39.3846,0.013312,128,0.016384,372.364,0.022528,537.18,0.062464,775.574,0.173056,810.337,0.662528,825.976,2.59994,819.841,10.4776,
0.0104167,0.012288,0.0454545,0.011264,0.166667,0.012288,0.727273,0.011264,2.66667,0.012288,9.84615,0.013312,39.3846,0.013312,128,0.016384,372.364,0.022528,537.18,0.062464,766.503,0.175104,812.85,0.66048,825.325,2.60198,819.76,10.4786,
0.0113636,0.011264,0.0416667,0.012288,0.181818,0.011264,0.666667,0.012288,2.66667,0.012288,10.6667,0.012288,42.6667,0.012288,136.533,0.01536,372.364,0.022528,537.18,0.062464,780.19,0.172032,811.591,0.661504,825.325,2.60198,820.964,10.4632,
0.0113636,0.011264,0.0454545,0.011264,0.181818,0.011264,0.727273,0.011264,2.46154,0.013312,9.84615,0.013312,42.6667,0.012288,128,0.016384,372.364,0.022528,537.18,0.062464,771.012,0.17408,811.591,0.661504,825.325,2.60198,819.52,10.4817,
0.0113636,0.011264,0.0416667,0.012288,0.166667,0.012288,0.666667,0.012288,2.66667,0.012288,10.6667,0.012288,39.3846,0.013312,128,0.016384,390.095,0.021504,537.18,0.062464,766.503,0.175104,811.591,0.661504,825.976,2.59994,820.001,10.4755,
0.0104167,0.012288,0.0454545,0.011264,0.181818,0.011264,0.727273,0.011264,2.46154,0.013312,9.84615,0.013312,39.3846,0.013312,136.533,0.01536,372.364,0.022528,528.516,0.063488,775.574,0.173056,812.85,0.66048,825.001,2.60301,819.44,10.4827,
0.0113636,0.011264,0.0454545,0.011264,0.166667,0.012288,0.727273,0.011264,2.66667,0.012288,9.84615,0.013312,39.3846,0.013312,128,0.016384,372.364,0.022528,537.18,0.062464,775.574,0.173056,810.337,0.662528,825.001,2.60301,819.36,10.4837,
0.0113636,0.011264,0.0454545,0.011264,0.181818,0.011264,0.666667,0.012288,2.46154,0.013312,10.6667,0.012288,39.3846,0.013312,113.778,0.018432,372.364,0.022528,546.133,0.06144,771.012,0.17408,810.337,0.662528,824.676,2.60403,820.161,10.4735,
0.0104167,0.012288,0.0384615,0.013312,0.166667,0.012288,0.666667,0.012288,2.66667,0.012288,9.84615,0.013312,30.1176,0.017408,120.471,0.017408,390.095,0.021504,537.18,0.062464,775.574,0.173056,811.591,0.661504,825.325,2.60198,820.241,10.4724,
0.0104167,0.012288,0.0454545,0.011264,0.181818,0.011264,0.666667,0.012288,2.46154,0.013312,9.84615,0.013312,39.3846,0.013312,113.778,0.018432,372.364,0.022528,546.133,0.06144,775.574,0.173056,810.337,0.662528,825.001,2.60301,819.52,10.4817,
0.0104167,0.012288,0.0416667,0.012288,0.181818,0.011264,0.666667,0.012288,2.66667,0.012288,9.84615,0.013312,39.3846,0.013312,128,0.016384,372.364,0.022528,546.133,0.06144,771.012,0.17408,810.337,0.662528,825.976,2.59994,819.52,10.4817,
0.0113636,0.011264,0.0454545,0.011264,0.181818,0.011264,0.727273,0.011264,2.66667,0.012288,10.6667,0.012288,39.3846,0.013312,128,0.016384,390.095,0.021504,546.133,0.06144,658.653,0.203776,811.591,0.661504,825.65,2.60096,820.322,10.4714,
0.0113636,0.011264,0.0416667,0.012288,0.166667,0.012288,0.666667,0.012288,2.46154,0.013312,9.84615,0.013312,39.3846,0.013312,120.471,0.017408,292.571,0.028672,546.133,0.06144,780.19,0.172032,811.591,0.661504,825.65,2.60096,819.68,10.4796,
0.0104167,0.012288,0.0416667,0.012288,0.181818,0.011264,0.727273,0.011264,2.66667,0.012288,9.84615,0.013312,39.3846,0.013312,136.533,0.01536,372.364,0.022528,555.39,0.060416,771.012,0.17408,810.337,0.662528,825.65,2.60096,819.841,10.4776,
0.0104167,0.012288,0.0416667,0.012288,0.166667,0.012288,0.727273,0.011264,2.66667,0.012288,10.6667,0.012288,39.3846,0.013312,128,0.016384,372.364,0.022528,537.18,0.062464,775.574,0.173056,812.85,0.66048,824.676,2.60403,820.241,10.4724,
0.0104167,0.012288,0.0454545,0.011264,0.181818,0.011264,0.727273,0.011264,2.66667,0.012288,9.84615,0.013312,39.3846,0.013312,136.533,0.01536,372.364,0.022528,537.18,0.062464,771.012,0.17408,810.337,0.662528,825.325,2.60198,820.241,10.4724,
0.0104167,0.012288,0.0416667,0.012288,0.166667,0.012288,0.666667,0.012288,2.66667,0.012288,9.84615,0.013312,39.3846,0.013312,146.286,0.014336,372.364,0.022528,546.133,0.06144,780.19,0.172032,812.85,0.66048,826.301,2.59891,820.001,10.4755,
0.0104167,0.012288,0.0416667,0.012288,0.181818,0.011264,0.727273,0.011264,2.46154,0.013312,10.6667,0.012288,42.6667,0.012288,128,0.016384,372.364,0.022528,546.133,0.06144,780.19,0.172032,811.591,0.661504,825.976,2.59994,819.36,10.4837,
0.0104167,0.012288,0.0416667,0.012288,0.181818,0.011264,0.666667,0.012288,2.66667,0.012288,9.84615,0.013312,39.3846,0.013312,136.533,0.01536,356.174,0.023552,537.18,0.062464,775.574,0.173056,812.85,0.66048,825.65,2.60096,819.921,10.4765,
0.0113636,0.011264,0.0454545,0.011264,0.166667,0.012288,0.727273,0.011264,2.46154,0.013312,9.84615,0.013312,39.3846,0.013312,128,0.016384,372.364,0.022528,546.133,0.06144,775.574,0.173056,812.85,0.66048,825.65,2.60096,820.803,10.4653,
0.0104167,0.012288,0.0416667,0.012288,0.166667,0.012288,0.666667,0.012288,2.66667,0.012288,10.6667,0.012288,39.3846,0.013312,136.533,0.01536,372.364,0.022528,546.133,0.06144,766.503,0.175104,811.591,0.661504,825.001,2.60301,821.125,10.4612,
0.0104167,0.012288,0.0454545,0.011264,0.181818,0.011264,0.727273,0.011264,2.66667,0.012288,9.84615,0.013312,39.3846,0.013312,136.533,0.01536,390.095,0.021504,537.18,0.062464,775.574,0.173056,812.85,0.66048,825.001,2.60301,821.044,10.4622,
0.0104167,0.012288,0.0454545,0.011264,0.166667,0.012288,0.666667,0.012288,2.66667,0.012288,10.6667,0.012288,39.3846,0.013312,136.533,0.01536,372.364,0.022528,537.18,0.062464,771.012,0.17408,811.591,0.661504,824.028,2.60608,821.125,10.4612,
0.0104167,0.012288,0.0454545,0.011264,0.181818,0.011264,0.727273,0.011264,2.66667,0.012288,9.84615,0.013312,39.3846,0.013312,128,0.016384,372.364,0.022528,537.18,0.062464,775.574,0.173056,812.85,0.66048,823.058,2.60915,820.803,10.4653,
0.0104167,0.012288,0.0454545,0.011264,0.166667,0.012288,0.666667,0.012288,2.66667,0.012288,9.84615,0.013312,39.3846,0.013312,128,0.016384,372.364,0.022528,528.516,0.063488,771.012,0.17408,811.591,0.661504,823.705,2.6071,821.929,10.4509,
0.0113636,0.011264,0.0454545,0.011264,0.166667,0.012288,0.109589,0.074752,2.66667,0.012288,9.84615,0.013312,42.6667,0.012288,113.778,0.018432,372.364,0.022528,537.18,0.062464,771.012,0.17408,811.591,0.661504,823.705,2.6071,821.527,10.4561,
0.0104167,0.012288,0.0416667,0.012288,0.181818,0.011264,0.666667,0.012288,2.66667,0.012288,9.84615,0.013312,39.3846,0.013312,113.778,0.018432,372.364,0.022528,537.18,0.062464,766.503,0.175104,807.84,0.664576,825.65,2.60096,820.964,10.4632,
0.0113636,0.011264,0.0454545,0.011264,0.166667,0.012288,0.727273,0.011264,2.66667,0.012288,9.84615,0.013312,39.3846,0.013312,120.471,0.017408,390.095,0.021504,537.18,0.062464,757.642,0.177152,812.85,0.66048,825.65,2.60096,821.446,10.4571,
0.0104167,0.012288,0.0416667,0.012288,0.166667,0.012288,0.666667,0.012288,2.66667,0.012288,10.6667,0.012288,39.3846,0.013312,120.471,0.017408,372.364,0.022528,537.18,0.062464,775.574,0.173056,811.591,0.661504,826.301,2.59891,820.883,10.4643,
0.0113636,0.011264,0.0454545,0.011264,0.181818,0.011264,0.727273,0.011264,2.46154,0.013312,9.84615,0.013312,39.3846,0.013312,120.471,0.017408,372.364,0.022528,537.18,0.062464,766.503,0.175104,810.337,0.662528,825.65,2.60096,821.446,10.4571,
0.0104167,0.012288,0.0454545,0.011264,0.166667,0.012288,0.666667,0.012288,2.66667,0.012288,9.84615,0.013312,39.3846,0.013312,120.471,0.017408,356.174,0.023552,537.18,0.062464,780.19,0.172032,810.337,0.662528,825.65,2.60096,821.527,10.4561,
0.0113636,0.011264,0.0416667,0.012288,0.181818,0.011264,0.727273,0.011264,2.66667,0.012288,9.84615,0.013312,39.3846,0.013312,128,0.016384,390.095,0.021504,537.18,0.062464,771.012,0.17408,814.112,0.659456,825.325,2.60198,821.527,10.4561,
0.00833333,0.01536,0.0416667,0.012288,0.166667,0.012288,0.666667,0.012288,2.66667,0.012288,10.6667,0.012288,39.3846,0.013312,128,0.016384,372.364,0.022528,528.516,0.063488,771.012,0.17408,811.591,0.661504,825.325,2.60198,821.285,10.4591,
0.0113636,0.011264,0.0454545,0.011264,0.181818,0.011264,0.666667,0.012288,2.66667,0.012288,9.84615,0.013312,39.3846,0.013312,136.533,0.01536,356.174,0.023552,546.133,0.06144,784.862,0.171008,811.591,0.661504,825.001,2.60301,821.527,10.4561,
0.0104167,0.012288,0.0416667,0.012288,0.166667,0.012288,0.727273,0.011264,2.46154,0.013312,10.6667,0.012288,39.3846,0.013312,120.471,0.017408,372.364,0.022528,537.18,0.062464,780.19,0.172032,811.591,0.661504,825.325,2.60198,821.366,10.4581,
0.0113636,0.011264,0.0384615,0.013312,0.181818,0.011264,0.727273,0.011264,2.66667,0.012288,10.6667,0.012288,36.5714,0.014336,128,0.016384,372.364,0.022528,537.18,0.062464,775.574,0.173056,810.337,0.662528,825.65,2.60096,821.125,10.4612,
0.0104167,0.012288,0.0416667,0.012288,0.166667,0.012288,0.666667,0.012288,2.66667,0.012288,9.84615,0.013312,39.3846,0.013312,136.533,0.01536,341.333,0.024576,537.18,0.062464,771.012,0.17408,811.591,0.661504,825.65,2.60096,821.366,10.4581,
0.0104167,0.012288,0.0416667,0.012288,0.166667,0.012288,0.727273,0.011264,2.46154,0.013312,10.6667,0.012288,42.6667,0.012288,136.533,0.01536,372.364,0.022528,537.18,0.062464,784.862,0.171008,811.591,0.661504,824.676,2.60403,822.09,10.4489,
0.0113636,0.011264,0.0416667,0.012288,0.181818,0.011264,0.666667,0.012288,2.90909,0.011264,9.84615,0.013312,39.3846,0.013312,128,0.016384,356.174,0.023552,528.516,0.063488,771.012,0.17408,811.591,0.661504,825.001,2.60301,820.803,10.4653,
0.0104167,0.012288,0.0454545,0.011264,0.166667,0.012288,0.666667,0.012288,2.66667,0.012288,9.84615,0.013312,39.3846,0.013312,136.533,0.01536,372.364,0.022528,528.516,0.063488,766.503,0.175104,810.337,0.662528,825.65,2.60096,820.081,10.4745,
0.0104167,0.012288,0.0416667,0.012288,0.181818,0.011264,0.727273,0.011264,2.66667,0.012288,10.6667,0.012288,39.3846,0.013312,128,0.016384,372.364,0.022528,537.18,0.062464,780.19,0.172032,811.591,0.661504,825.976,2.59994,821.205,10.4602,
0.0113636,0.011264,0.0454545,0.011264,0.181818,0.011264,0.666667,0.012288,2.66667,0.012288,10.6667,0.012288,39.3846,0.013312,120.471,0.017408,372.364,0.022528,537.18,0.062464,780.19,0.172032,810.337,0.662528,826.627,2.59789,821.849,10.452,
0.0104167,0.012288,0.0416667,0.012288,0.166667,0.012288,0.666667,0.012288,2.66667,0.012288,9.84615,0.013312,39.3846,0.013312,120.471,0.017408,372.364,0.022528,537.18,0.062464,780.19,0.172032,810.337,0.662528,825.976,2.59994,821.366,10.4581,
0.0113636,0.011264,0.0454545,0.011264,0.181818,0.011264,0.727273,0.011264,2.46154,0.013312,9.84615,0.013312,39.3846,0.013312,113.778,0.018432,41.3737,0.202752,537.18,0.062464,775.574,0.173056,812.85,0.66048,825.325,2.60198,821.607,10.455,
0.0104167,0.012288,0.0416667,0.012288,0.166667,0.012288,0.666667,0.012288,2.66667,0.012288,9.84615,0.013312,39.3846,0.013312,128,0.016384,327.68,0.0256,528.516,0.063488,775.574,0.173056,811.591,0.661504,824.676,2.60403,821.125,10.4612,
0.0104167,0.012288,0.0416667,0.012288,0.181818,0.011264,0.727273,0.011264,2.66667,0.012288,9.84615,0.013312,39.3846,0.013312,107.789,0.019456,356.174,0.023552,537.18,0.062464,784.862,0.171008,814.112,0.659456,824.028,2.60608,821.768,10.453,
0.0113636,0.011264,0.0454545,0.011264,0.166667,0.012288,0.533333,0.01536,2.46154,0.013312,9.84615,0.013312,39.3846,0.013312,120.471,0.017408,372.364,0.022528,537.18,0.062464,780.19,0.172032,814.112,0.659456,825.001,2.60301,820.964,10.4632,
0.0104167,0.012288,0.0454545,0.011264,0.166667,0.012288,0.666667,0.012288,2.66667,0.012288,10.6667,0.012288,39.3846,0.013312,128,0.016384,372.364,0.022528,546.133,0.06144,780.19,0.172032,812.85,0.66048,824.676,2.60403,821.285,10.4591,
0.0113636,0.011264,0.0454545,0.011264,0.166667,0.012288,0.615385,0.013312,2.66667,0.012288,10.6667,0.012288,39.3846,0.013312,128,0.016384,356.174,0.023552,546.133,0.06144,775.574,0.173056,811.591,0.661504,826.301,2.59891,820.562,10.4684,
0.0104167,0.012288,0.0416667,0.012288,0.181818,0.011264,0.727273,0.011264,2.46154,0.013312,9.84615,0.013312,39.3846,0.013312,136.533,0.01536,356.174,0.023552,537.18,0.062464,771.012,0.17408,811.591,0.661504,825.325,2.60198,821.768,10.453,
0.0113636,0.011264,0.0416667,0.012288,0.181818,0.011264,0.666667,0.012288,2.66667,0.012288,10.6667,0.012288,39.3846,0.013312,128,0.016384,356.174,0.023552,528.516,0.063488,784.862,0.171008,811.591,0.661504,826.301,2.59891,821.849,10.452,
0.0113636,0.011264,0.0454545,0.011264,0.166667,0.012288,0.666667,0.012288,2.66667,0.012288,9.84615,0.013312,39.3846,0.013312,128,0.016384,356.174,0.023552,537.18,0.062464,771.012,0.17408,812.85,0.66048,825.65,2.60096,821.285,10.4591,
0.0113636,0.011264,0.0416667,0.012288,0.181818,0.011264,0.727273,0.011264,2.66667,0.012288,9.84615,0.013312,39.3846,0.013312,136.533,0.01536,356.174,0.023552,528.516,0.063488,780.19,0.172032,814.112,0.659456,825.976,2.59994,821.366,10.4581,
0.0104167,0.012288,0.0416667,0.012288,0.181818,0.011264,0.727273,0.011264,2.66667,0.012288,10.6667,0.012288,39.3846,0.013312,136.533,0.01536,372.364,0.022528,537.18,0.062464,775.574,0.173056,812.85,0.66048,825.325,2.60198,821.768,10.453,
0.0113636,0.011264,0.0454545,0.011264,0.166667,0.012288,0.727273,0.011264,2.66667,0.012288,9.84615,0.013312,39.3846,0.013312,128,0.016384,356.174,0.023552,537.18,0.062464,775.574,0.173056,810.337,0.662528,825.65,2.60096,820.964,10.4632,
0.0113636,0.011264,0.0454545,0.011264,0.181818,0.011264,0.727273,0.011264,2.46154,0.013312,10.6667,0.012288,39.3846,0.013312,128,0.016384,372.364,0.022528,537.18,0.062464,775.574,0.173056,814.112,0.659456,825.65,2.60096,821.205,10.4602,
0.00961538,0.013312,0.0454545,0.011264,0.181818,0.011264,0.727273,0.011264,3.2,0.01024,10.6667,0.012288,46.5455,0.011264,157.538,0.013312,431.158,0.019456,546.133,0.06144,510.008,0.263168,815.378,0.658432,823.381,2.60813,804.354,10.6793,
0.0125,0.01024,0.05,0.01024,0.2,0.01024,0.8,0.01024,2.90909,0.011264,11.6364,0.011264,46.5455,0.011264,157.538,0.013312,431.158,0.019456,574.877,0.058368,780.19,0.172032,819.2,0.65536,824.028,2.60608,804.971,10.6711,
0.0113636,0.011264,0.05,0.01024,0.181818,0.011264,0.8,0.01024,2.90909,0.011264,11.6364,0.011264,42.6667,0.012288,157.538,0.013312,455.111,0.018432,574.877,0.058368,784.862,0.171008,819.2,0.65536,824.352,2.60506,804.2,10.6813,
0.0125,0.01024,0.0555556,0.009216,0.2,0.01024,0.8,0.01024,2.90909,0.011264,11.6364,0.011264,46.5455,0.011264,170.667,0.012288,455.111,0.018432,564.966,0.059392,771.012,0.17408,816.648,0.657408,825.001,2.60301,804.277,10.6803,
0.0113636,0.011264,0.05,0.01024,0.181818,0.011264,0.8,0.01024,2.90909,0.011264,12.8,0.01024,46.5455,0.011264,170.667,0.012288,455.111,0.018432,555.39,0.060416,771.012,0.17408,816.648,0.657408,824.352,2.60506,804.508,10.6772,
0.0125,0.01024,0.0454545,0.011264,0.2,0.01024,0.8,0.01024,2.90909,0.011264,11.6364,0.011264,42.6667,0.012288,170.667,0.012288,431.158,0.019456,555.39,0.060416,789.59,0.169984,819.2,0.65536,824.676,2.60403,805.281,10.667,
0.0113636,0.011264,0.05,0.01024,0.2,0.01024,0.8,0.01024,0.421053,0.077824,11.6364,0.011264,46.5455,0.011264,146.286,0.014336,431.158,0.019456,564.966,0.059392,780.19,0.172032,816.648,0.657408,825.325,2.60198,804.508,10.6772,
0.0125,0.01024,0.0555556,0.009216,0.2,0.01024,0.8,0.01024,2.90909,0.011264,11.6364,0.011264,46.5455,0.011264,170.667,0.012288,431.158,0.019456,154.566,0.217088,762.047,0.176128,817.922,0.656384,825.001,2.60301,804.354,10.6793,
0.0113636,0.011264,0.05,0.01024,0.2,0.01024,0.8,0.01024,2.90909,0.011264,11.6364,0.011264,46.5455,0.011264,170.667,0.012288,455.111,0.018432,528.516,0.063488,780.19,0.172032,817.922,0.656384,825.001,2.60301,805.281,10.667,
0.0125,0.01024,0.05,0.01024,0.2,0.01024,0.8,0.01024,2.90909,0.011264,11.6364,0.011264,46.5455,0.011264,170.667,0.012288,455.111,0.018432,555.39,0.060416,775.574,0.173056,819.2,0.65536,825.325,2.60198,804.585,10.6762,
0.0125,0.01024,0.0454545,0.011264,0.2,0.01024,0.8,0.01024,3.2,0.01024,11.6364,0.011264,46.5455,0.011264,170.667,0.012288,431.158,0.019456,564.966,0.059392,789.59,0.169984,817.922,0.656384,824.676,2.60403,804.585,10.6762,
0.0125,0.01024,0.05,0.01024,0.2,0.01024,0.8,0.01024,2.90909,0.011264,10.6667,0.012288,42.6667,0.012288,157.538,0.013312,455.111,0.018432,564.966,0.059392,771.012,0.17408,817.922,0.656384,824.352,2.60506,806.209,10.6547,
0.0113636,0.011264,0.05,0.01024,0.2,0.01024,0.8,0.01024,3.2,0.01024,11.6364,0.011264,46.5455,0.011264,157.538,0.013312,455.111,0.018432,585.143,0.057344,775.574,0.173056,819.2,0.65536,824.676,2.60403,805.822,10.6598,
0.0138889,0.009216,0.05,0.01024,0.2,0.01024,0.8,0.01024,2.90909,0.011264,11.6364,0.011264,46.5455,0.011264,157.538,0.013312,431.158,0.019456,546.133,0.06144,775.574,0.173056,816.648,0.657408,824.352,2.60506,806.597,10.6496,
0.0125,0.01024,0.05,0.01024,0.166667,0.012288,0.727273,0.011264,2.90909,0.011264,12.8,0.01024,42.6667,0.012288,157.538,0.013312,455.111,0.018432,574.877,0.058368,780.19,0.172032,816.648,0.657408,824.676,2.60403,804.431,10.6783,
0.0125,0.01024,0.05,0.01024,0.2,0.01024,0.8,0.01024,2.90909,0.011264,11.6364,0.011264,46.5455,0.011264,170.667,0.012288,431.158,0.019456,574.877,0.058368,771.012,0.17408,809.086,0.663552,825.325,2.60198,805.977,10.6578,
0.0125,0.01024,0.05,0.01024,0.2,0.01024,0.8,0.01024,2.90909,0.011264,11.6364,0.011264,42.6667,0.012288,170.667,0.012288,455.111,0.018432,555.39,0.060416,766.503,0.175104,812.85,0.66048,825.65,2.60096,815.933,10.5277,
0.0113636,0.011264,0.0555556,0.009216,0.2,0.01024,0.8,0.01024,2.90909,0.011264,11.6364,0.011264,46.5455,0.011264,157.538,0.013312,431.158,0.019456,555.39,0.060416,780.19,0.172032,816.648,0.657408,825.325,2.60198,821.285,10.4591,
0.0125,0.01024,0.05,0.01024,0.181818,0.011264,0.8,0.01024,2.90909,0.011264,12.8,0.01024,46.5455,0.011264,157.538,0.013312,431.158,0.019456,555.39,0.060416,780.19,0.172032,812.85,0.66048,824.676,2.60403,821.527,10.4561,
0.0113636,0.011264,0.05,0.01024,0.2,0.01024,0.8,0.01024,2.90909,0.011264,11.6364,0.011264,46.5455,0.011264,157.538,0.013312,431.158,0.019456,546.133,0.06144,780.19,0.172032,815.378,0.658432,825.001,2.60301,821.929,10.4509,
0.0125,0.01024,0.05,0.01024,0.2,0.01024,0.8,0.01024,2.90909,0.011264,11.6364,0.011264,42.6667,0.012288,170.667,0.012288,455.111,0.018432,564.966,0.059392,775.574,0.173056,816.648,0.657408,825.325,2.60198,822.332,10.4458,
0.0138889,0.009216,0.05,0.01024,0.222222,0.009216,0.8,0.01024,2.90909,0.011264,10.6667,0.012288,46.5455,0.011264,170.667,0.012288,455.111,0.018432,555.39,0.060416,775.574,0.173056,814.112,0.659456,825.325,2.60198,821.205,10.4602,
0.0125,0.01024,0.05,0.01024,0.2,0.01024,0.727273,0.011264,2.90909,0.011264,11.6364,0.011264,42.6667,0.012288,170.667,0.012288,409.6,0.02048,564.966,0.059392,780.19,0.172032,816.648,0.657408,825.976,2.59994,821.849,10.452,
0.0125,0.01024,0.05,0.01024,0.222222,0.009216,0.8,0.01024,2.90909,0.011264,12.8,0.01024,46.5455,0.011264,157.538,0.013312,431.158,0.019456,574.877,0.058368,780.19,0.172032,811.591,0.661504,825.65,2.60096,820.803,10.4653,
0.0113636,0.011264,0.05,0.01024,0.2,0.01024,0.8,0.01024,3.2,0.01024,11.6364,0.011264,46.5455,0.011264,170.667,0.012288,455.111,0.018432,564.966,0.059392,780.19,0.172032,812.85,0.66048,825.976,2.59994,821.285,10.4591,
0.0125,0.01024,0.05,0.01024,0.2,0.01024,0.8,0.01024,2.90909,0.011264,11.6364,0.011264,46.5455,0.011264,170.667,0.012288,455.111,0.018432,574.877,0.058368,771.012,0.17408,812.85,0.66048,825.325,2.60198,821.768,10.453,
0.0113636,0.011264,0.0416667,0.012288,0.2,0.01024,0.727273,0.011264,2.90909,0.011264,10.6667,0.012288,46.5455,0.011264,157.538,0.013312,455.111,0.018432,574.877,0.058368,766.503,0.175104,815.378,0.658432,823.705,2.6071,821.768,10.453,
0.0138889,0.009216,0.05,0.01024,0.2,0.01024,0.8,0.01024,2.90909,0.011264,10.6667,0.012288,46.5455,0.011264,157.538,0.013312,455.111,0.018432,564.966,0.059392,775.574,0.173056,814.112,0.659456,824.352,2.60506,822.09,10.4489,
0.0125,0.01024,0.05,0.01024,0.2,0.01024,0.8,0.01024,3.2,0.01024,11.6364,0.011264,42.6667,0.012288,170.667,0.012288,431.158,0.019456,564.966,0.059392,780.19,0.172032,817.922,0.656384,825.001,2.60301,821.607,10.455,
0.0125,0.01024,0.05,0.01024,0.222222,0.009216,0.8,0.01024,2.90909,0.011264,10.6667,0.012288,46.5455,0.011264,170.667,0.012288,431.158,0.019456,574.877,0.058368,775.574,0.173056,817.922,0.656384,824.676,2.60403,821.125,10.4612,
0.0113636,0.011264,0.05,0.01024,0.2,0.01024,0.8,0.01024,2.90909,0.011264,11.6364,0.011264,46.5455,0.011264,170.667,0.012288,431.158,0.019456,574.877,0.058368,780.19,0.172032,816.648,0.657408,825.001,2.60301,822.171,10.4479,
0.0125,0.01024,0.05,0.01024,0.2,0.01024,0.888889,0.009216,2.90909,0.011264,11.6364,0.011264,46.5455,0.011264,157.538,0.013312,455.111,0.018432,574.877,0.058368,780.19,0.172032,815.378,0.658432,824.352,2.60506,820.883,10.4643,
0.0113636,0.011264,0.0454545,0.011264,0.181818,0.011264,0.8,0.01024,2.90909,0.011264,11.6364,0.011264,42.6667,0.012288,170.667,0.012288,431.158,0.019456,564.966,0.059392,780.19,0.172032,815.378,0.658432,825.325,2.60198,821.446,10.4571,
0.0125,0.01024,0.05,0.01024,0.2,0.01024,0.8,0.01024,2.90909,0.011264,11.6364,0.011264,46.5455,0.011264,157.538,0.013312,455.111,0.018432,564.966,0.059392,775.574,0.173056,816.648,0.657408,824.352,2.60506,821.285,10.4591,
0.0113636,0.011264,0.0454545,0.011264,0.181818,0.011264,0.8,0.01024,2.90909,0.011264,11.6364,0.011264,42.6667,0.012288,170.667,0.012288,431.158,0.019456,564.966,0.059392,784.862,0.171008,814.112,0.659456,825.65,2.60096,821.929,10.4509,
0.0125,0.01024,0.0454545,0.011264,0.2,0.01024,0.8,0.01024,2.90909,0.011264,11.6364,0.011264,36.5714,0.014336,170.667,0.012288,455.111,0.018432,555.39,0.060416,780.19,0.172032,807.84,0.664576,823.705,2.6071,821.849,10.452,
0.0113636,0.011264,0.05,0.01024,0.2,0.01024,0.8,0.01024,2.90909,0.011264,11.6364,0.011264,46.5455,0.011264,170.667,0.012288,431.158,0.019456,564.966,0.059392,771.012,0.17408,810.337,0.662528,822.09,2.61222,821.768,10.453,
0.0125,0.01024,0.05,0.01024,0.2,0.01024,0.8,0.01024,2.90909,0.011264,11.6364,0.011264,42.6667,0.012288,170.667,0.012288,455.111,0.018432,564.966,0.059392,780.19,0.172032,811.591,0.661504,824.028,2.60608,821.607,10.455,
0.0113636,0.011264,0.05,0.01024,0.2,0.01024,0.8,0.01024,3.2,0.01024,11.6364,0.011264,46.5455,0.011264,157.538,0.013312,431.158,0.019456,564.966,0.059392,771.012,0.17408,814.112,0.659456,824.676,2.60403,821.527,10.4561,
0.0125,0.01024,0.05,0.01024,0.181818,0.011264,0.727273,0.011264,2.90909,0.011264,10.6667,0.012288,46.5455,0.011264,157.538,0.013312,455.111,0.018432,574.877,0.058368,780.19,0.172032,811.591,0.661504,824.028,2.60608,822.09,10.4489,
0.0113636,0.011264,0.05,0.01024,0.2,0.01024,0.8,0.01024,3.2,0.01024,11.6364,0.011264,42.6667,0.012288,157.538,0.013312,431.158,0.019456,574.877,0.058368,775.574,0.173056,814.112,0.659456,826.301,2.59891,821.366,10.4581,
0.0125,0.01024,0.05,0.01024,0.2,0.01024,0.8,0.01024,2.90909,0.011264,10.6667,0.012288,46.5455,0.011264,157.538,0.013312,431.158,0.019456,574.877,0.058368,780.19,0.172032,812.85,0.66048,825.976,2.59994,821.607,10.455,
0.0125,0.01024,0.05,0.01024,0.2,0.01024,0.727273,0.011264,3.2,0.01024,11.6364,0.011264,42.6667,0.012288,170.667,0.012288,431.158,0.019456,528.516,0.063488,771.012,0.17408,812.85,0.66048,825.65,2.60096,821.366,10.4581,
0.0125,0.01024,0.05,0.01024,0.222222,0.009216,0.8,0.01024,3.2,0.01024,11.6364,0.011264,46.5455,0.011264,170.667,0.012288,455.111,0.018432,585.143,0.057344,771.012,0.17408,812.85,0.66048,824.352,2.60506,821.205,10.4602,
0.0113636,0.011264,0.05,0.01024,0.2,0.01024,0.8,0.01024,3.2,0.01024,11.6364,0.011264,46.5455,0.011264,157.538,0.013312,431.158,0.019456,574.877,0.058368,780.19,0.172032,812.85,0.66048,825.325,2.60198,821.849,10.452,
0.0125,0.01024,0.05,0.01024,0.2,0.01024,0.8,0.01024,2.90909,0.011264,11.6364,0.011264,46.5455,0.011264,170.667,0.012288,455.111,0.018432,574.877,0.058368,771.012,0.17408,811.591,0.661504,825.976,2.59994,821.366,10.4581,
0.0125,0.01024,0.05,0.01024,0.2,0.01024,0.8,0.01024,2.90909,0.011264,12.8,0.01024,46.5455,0.011264,157.538,0.013312,431.158,0.019456,585.143,0.057344,780.19,0.172032,812.85,0.66048,825.976,2.59994,820.964,10.4632,
0.0125,0.01024,0.0454545,0.011264,0.2,0.01024,0.888889,0.009216,2.90909,0.011264,11.6364,0.011264,46.5455,0.011264,157.538,0.013312,455.111,0.018432,574.877,0.058368,775.574,0.173056,811.591,0.661504,825.325,2.60198,820.643,10.4673,
0.0125,0.01024,0.05,0.01024,0.181818,0.011264,0.8,0.01024,2.90909,0.011264,12.8,0.01024,42.6667,0.012288,157.538,0.013312,431.158,0.019456,546.133,0.06144,775.574,0.173056,811.591,0.661504,824.676,2.60403,821.205,10.4602,
0.0125,0.01024,0.05,0.01024,0.2,0.01024,0.8,0.01024,2.90909,0.011264,11.6364,0.011264,46.5455,0.011264,157.538,0.013312,431.158,0.019456,564.966,0.059392,775.574,0.173056,811.591,0.661504,824.676,2.60403,821.929,10.4509,
0.0125,0.01024,0.0454545,0.011264,0.2,0.01024,0.8,0.01024,2.90909,0.011264,10.6667,0.012288,42.6667,0.012288,157.538,0.013312,455.111,0.018432,585.143,0.057344,771.012,0.17408,814.112,0.659456,825.65,2.60096,821.688,10.454,
0.0125,0.01024,0.0454545,0.011264,0.2,0.01024,0.8,0.01024,2.90909,0.011264,11.6364,0.011264,46.5455,0.011264,170.667,0.012288,455.111,0.018432,555.39,0.060416,780.19,0.172032,812.85,0.66048,825.65,2.60096,821.688,10.454,
0.0113636,0.011264,0.05,0.01024,0.2,0.01024,0.8,0.01024,3.2,0.01024,10.6667,0.012288,46.5455,0.011264,170.667,0.012288,431.158,0.019456,564.966,0.059392,771.012,0.17408,811.591,0.661504,825.001,2.60301,821.285,10.4591,
0.0125,0.01024,0.05,0.01024,0.2,0.01024,0.8,0.01024,2.90909,0.011264,11.6364,0.011264,42.6667,0.012288,170.667,0.012288,455.111,0.018432,564.966,0.059392,780.19,0.172032,811.591,0.661504,825.001,2.60301,821.527,10.4561,
0.0113636,0.011264,0.0454545,0.011264,0.2,0.01024,0.727273,0.011264,2.90909,0.011264,11.6364,0.011264,46.5455,0.011264,157.538,0.013312,455.111,0.018432,564.966,0.059392,775.574,0.173056,811.591,0.661504,825.001,2.60301,822.171,10.4479,
0.0125,0.01024,0.05,0.01024,0.2,0.01024,0.8,0.01024,2.90909,0.011264,11.6364,0.011264,46.5455,0.011264,157.538,0.013312,455.111,0.018432,574.877,0.058368,775.574,0.173056,810.337,0.662528,825.65,2.60096,821.849,10.452,
0.0113636,0.011264,0.0454545,0.011264,0.2,0.01024,0.8,0.01024,3.2,0.01024,11.6364,0.011264,46.5455,0.011264,157.538,0.013312,431.158,0.019456,574.877,0.058368,775.574,0.173056,814.112,0.659456,823.705,2.6071,821.688,10.454,
0.0125,0.01024,0.05,0.01024,0.222222,0.009216,0.8,0.01024,2.90909,0.011264,11.6364,0.011264,46.5455,0.011264,157.538,0.013312,455.111,0.018432,574.877,0.058368,780.19,0.172032,812.85,0.66048,822.735,2.61018,821.285,10.4591,
0.0125,0.01024,0.05,0.01024,0.2,0.01024,0.8,0.01024,2.90909,0.011264,11.6364,0.011264,46.5455,0.011264,157.538,0.013312,455.111,0.018432,564.966,0.059392,771.012,0.17408,814.112,0.659456,821.446,2.61427,822.251,10.4468,
0.0125,0.01024,0.05,0.01024,0.2,0.01024,0.8,0.01024,2.90909,0.011264,11.6364,0.011264,46.5455,0.011264,170.667,0.012288,455.111,0.018432,574.877,0.058368,775.574,0.173056,812.85,0.66048,823.381,2.60813,821.849,10.452,
0.0125,0.01024,0.05,0.01024,0.2,0.01024,0.8,0.01024,2.90909,0.011264,11.6364,0.011264,46.5455,0.011264,170.667,0.012288,431.158,0.019456,564.966,0.059392,780.19,0.172032,814.112,0.659456,823.058,2.60915,821.527,10.4561,
0.0125,0.01024,0.05,0.01024,0.2,0.01024,0.8,0.01024,2.90909,0.011264,11.6364,0.011264,46.5455,0.011264,157.538,0.013312,455.111,0.018432,564.966,0.059392,775.574,0.173056,812.85,0.66048,823.705,2.6071,821.527,10.4561,
0.0113636,0.011264,0.05,0.01024,0.2,0.01024,0.666667,0.012288,3.2,0.01024,11.6364,0.011264,42.6667,0.012288,157.538,0.013312,455.111,0.018432,564.966,0.059392,780.19,0.172032,811.591,0.661504,822.09,2.61222,821.688,10.454,
0.0125,0.01024,0.05,0.01024,0.222222,0.009216,0.8,0.01024,2.46154,0.013312,11.6364,0.011264,46.5455,0.011264,157.538,0.013312,455.111,0.018432,564.966,0.059392,775.574,0.173056,812.85,0.66048,823.705,2.6071,821.366,10.4581,
0.0113636,0.011264,0.05,0.01024,0.2,0.01024,0.8,0.01024,2.90909,0.011264,11.6364,0.011264,46.5455,0.011264,157.538,0.013312,431.158,0.019456,564.966,0.059392,771.012,0.17408,814.112,0.659456,823.381,2.60813,821.849,10.452,
0.0125,0.01024,0.05,0.01024,0.2,0.01024,0.727273,0.011264,2.90909,0.011264,11.6364,0.011264,46.5455,0.011264,146.286,0.014336,455.111,0.018432,564.966,0.059392,780.19,0.172032,812.85,0.66048,823.381,2.60813,821.446,10.4571,
0.0125,0.01024,0.05,0.01024,0.2,0.01024,0.8,0.01024,2.90909,0.011264,11.6364,0.011264,42.6667,0.012288,157.538,0.013312,455.111,0.018432,574.877,0.058368,775.574,0.173056,811.591,0.661504,824.028,2.60608,821.688,10.454,
0.0113636,0.011264,0.05,0.01024,0.2,0.01024,0.8,0.01024,2.90909,0.011264,11.6364,0.011264,42.6667,0.012288,157.538,0.013312,431.158,0.019456,574.877,0.058368,775.574,0.173056,811.591,0.661504,824.676,2.60403,821.607,10.455,
0.0125,0.01024,0.0454545,0.011264,0.2,0.01024,0.727273,0.011264,2.90909,0.011264,11.6364,0.011264,46.5455,0.011264,170.667,0.012288,455.111,0.018432,564.966,0.059392,771.012,0.17408,811.591,0.661504,824.028,2.60608,821.768,10.453,
0.0125,0.01024,0.05,0.01024,0.2,0.01024,0.8,0.01024,2.90909,0.011264,11.6364,0.011264,42.6667,0.012288,157.538,0.013312,455.111,0.018432,564.966,0.059392,780.19,0.172032,811.591,0.661504,824.352,2.60506,821.688,10.454,
0.0125,0.01024,0.0454545,0.011264,0.181818,0.011264,0.8,0.01024,2.90909,0.011264,11.6364,0.011264,42.6667,0.012288,157.538,0.013312,431.158,0.019456,564.966,0.059392,784.862,0.171008,811.591,0.661504,824.352,2.60506,821.527,10.4561,
0.0125,0.01024,0.05,0.01024,0.2,0.01024,0.8,0.01024,2.90909,0.011264,11.6364,0.011264,46.5455,0.011264,170.667,0.012288,431.158,0.019456,574.877,0.058368,775.574,0.173056,814.112,0.659456,823.705,2.6071,821.929,10.4509,
0.0113636,0.011264,0.0454545,0.011264,0.181818,0.011264,0.8,0.01024,2.90909,0.011264,11.6364,0.011264,42.6667,0.012288,157.538,0.013312,431.158,0.019456,564.966,0.059392,775.574,0.173056,812.85,0.66048,824.028,2.60608,820.803,10.4653,
0.0125,0.01024,0.05,0.01024,0.2,0.01024,0.8,0.01024,2.90909,0.011264,11.6364,0.011264,46.5455,0.011264,157.538,0.013312,431.158,0.019456,574.877,0.058368,789.59,0.169984,811.591,0.661504,823.705,2.6071,821.044,10.4622,
0.0125,0.01024,0.05,0.01024,0.2,0.01024,0.8,0.01024,2.90909,0.011264,11.6364,0.011264,46.5455,0.011264,157.538,0.013312,431.158,0.019456,564.966,0.059392,780.19,0.172032,812.85,0.66048,824.352,2.60506,821.768,10.453,
0.0125,0.01024,0.05,0.01024,0.2,0.01024,0.8,0.01024,2.90909,0.011264,11.6364,0.011264,42.6667,0.012288,157.538,0.013312,431.158,0.019456,574.877,0.058368,771.012,0.17408,812.85,0.66048,824.028,2.60608,821.205,10.4602,
0.0113636,0.011264,0.05,0.01024,0.181818,0.011264,0.8,0.01024,2.90909,0.011264,11.6364,0.011264,46.5455,0.011264,157.538,0.013312,431.158,0.019456,555.39,0.060416,780.19,0.172032,811.591,0.661504,823.058,2.60915,820.001,10.4755,
0.0125,0.01024,0.05,0.01024,0.2,0.01024,0.8,0.01024,2.90909,0.011264,10.6667,0.012288,46.5455,0.011264,170.667,0.012288,431.158,0.019456,564.966,0.059392,775.574,0.173056,812.85,0.66048,822.09,2.61222,820.482,10.4694,
0.0125,0.01024,0.05,0.01024,0.2,0.01024,0.8,0.01024,2.90909,0.011264,11.6364,0.011264,46.5455,0.011264,170.667,0.012288,455.111,0.018432,564.966,0.059392,775.574,0.173056,811.591,0.661504,824.028,2.60608,821.446,10.4571,
0.0125,0.01024,0.0416667,0.012288,0.2,0.01024,0.8,0.01024,2.90909,0.011264,11.6364,0.011264,42.6667,0.012288,170.667,0.012288,455.111,0.018432,574.877,0.058368,780.19,0.172032,806.597,0.6656,823.058,2.60915,821.205,10.4602,
0.0125,0.01024,0.0454545,0.011264,0.2,0.01024,0.8,0.01024,2.90909,0.011264,11.6364,0.011264,46.5455,0.011264,157.538,0.013312,431.158,0.019456,564.966,0.059392,775.574,0.173056,810.337,0.662528,823.705,2.6071,821.285,10.4591,
0.0138889,0.009216,0.05,0.01024,0.181818,0.011264,0.8,0.01024,2.90909,0.011264,11.6364,0.011264,46.5455,0.011264,157.538,0.013312,431.158,0.019456,555.39,0.060416,771.012,0.17408,811.591,0.661504,823.058,2.60915,821.446,10.4571,
0.0125,0.01024,0.05,0.01024,0.2,0.01024,0.8,0.01024,3.2,0.01024,11.6364,0.011264,42.6667,0.012288,170.667,0.012288,431.158,0.019456,564.966,0.059392,771.012,0.17408,811.591,0.661504,823.705,2.6071,821.688,10.454,
0.0125,0.01024,0.05,0.01024,0.181818,0.011264,0.888889,0.009216,2.90909,0.011264,11.6364,0.011264,46.5455,0.011264,170.667,0.012288,431.158,0.019456,574.877,0.058368,780.19,0.172032,811.591,0.661504,824.028,2.60608,821.366,10.4581,
0.0125,0.01024,0.00649351,0.078848,0.181818,0.011264,0.8,0.01024,3.2,0.01024,11.6364,0.011264,46.5455,0.011264,170.667,0.012288,431.158,0.019456,574.877,0.058368,775.574,0.173056,812.85,0.66048,822.09,2.61222,822.171,10.4479,
0.0125,0.01024,0.0454545,0.011264,0.2,0.01024,0.727273,0.011264,2.90909,0.011264,11.6364,0.011264,46.5455,0.011264,157.538,0.013312,455.111,0.018432,574.877,0.058368,766.503,0.175104,812.85,0.66048,823.381,2.60813,821.607,10.455,
0.0125,0.01024,0.05,0.01024,0.181818,0.011264,0.8,0.01024,2.90909,0.011264,11.6364,0.011264,46.5455,0.011264,157.538,0.013312,455.111,0.018432,585.143,0.057344,780.19,0.172032,812.85,0.66048,823.705,2.6071,821.366,10.4581,
0.0125,0.01024,0.05,0.01024,0.2,0.01024,0.8,0.01024,2.90909,0.011264,10.6667,0.012288,42.6667,0.012288,170.667,0.012288,455.111,0.018432,574.877,0.058368,780.19,0.172032,810.337,0.662528,824.028,2.60608,821.446,10.4571,
0.0125,0.01024,0.05,0.01024,0.181818,0.011264,0.8,0.01024,2.90909,0.011264,10.6667,0.012288,46.5455,0.011264,170.667,0.012288,455.111,0.018432,564.966,0.059392,775.574,0.173056,810.337,0.662528,824.028,2.60608,821.527,10.4561,
0.0125,0.01024,0.0454545,0.011264,0.2,0.01024,0.8,0.01024,2.90909,0.011264,10.6667,0.012288,46.5455,0.011264,170.667,0.012288,455.111,0.018432,585.143,0.057344,780.19,0.172032,812.85,0.66048,824.028,2.60608,821.446,10.4571,
0.0125,0.01024,0.05,0.01024,0.181818,0.011264,0.8,0.01024,2.90909,0.011264,11.6364,0.011264,46.5455,0.011264,157.538,0.013312,431.158,0.019456,574.877,0.058368,771.012,0.17408,814.112,0.659456,824.352,2.60506,821.688,10.454,
0.0125,0.01024,0.05,0.01024,0.181818,0.011264,0.8,0.01024,2.90909,0.011264,10.6667,0.012288,46.5455,0.011264,157.538,0.013312,455.111,0.018432,574.877,0.058368,780.19,0.172032,812.85,0.66048,824.352,2.60506,821.688,10.454,
0.0125,0.01024,0.0454545,0.011264,0.166667,0.012288,0.8,0.01024,2.90909,0.011264,11.6364,0.011264,42.6667,0.012288,170.667,0.012288,431.158,0.019456,585.143,0.057344,775.574,0.173056,811.591,0.661504,823.381,2.60813,821.527,10.4561,
0.0125,0.01024,0.05,0.01024,0.2,0.01024,0.8,0.01024,2.90909,0.011264,11.6364,0.011264,46.5455,0.011264,170.667,0.012288,455.111,0.018432,574.877,0.058368,771.012,0.17408,812.85,0.66048,824.028,2.60608,821.125,10.4612,
0.0125,0.01024,0.05,0.01024,0.2,0.01024,0.8,0.01024,2.90909,0.011264,11.6364,0.011264,42.6667,0.012288,157.538,0.013312,455.111,0.018432,564.966,0.059392,771.012,0.17408,812.85,0.66048,824.028,2.60608,822.171,10.4479,
0.0125,0.01024,0.05,0.01024,0.2,0.01024,0.8,0.01024,2.90909,0.011264,10.6667,0.012288,46.5455,0.011264,157.538,0.013312,455.111,0.018432,574.877,0.058368,766.503,0.175104,811.591,0.661504,822.735,2.61018,821.044,10.4622,
0.0125,0.01024,0.0454545,0.011264,0.2,0.01024,0.571429,0.014336,2.90909,0.011264,11.6364,0.011264,46.5455,0.011264,170.667,0.012288,455.111,0.018432,574.877,0.058368,775.574,0.173056,812.85,0.66048,824.676,2.60403,821.366,10.4581,
0.0125,0.01024,0.05,0.01024,0.2,0.01024,0.8,0.01024,2.90909,0.011264,11.6364,0.011264,42.6667,0.012288,157.538,0.013312,431.158,0.019456,564.966,0.059392,780.19,0.172032,812.85,0.66048,823.705,2.6071,821.527,10.4561,
0.0113636,0.011264,0.0454545,0.011264,0.2,0.01024,0.727273,0.011264,3.2,0.01024,11.6364,0.011264,46.5455,0.011264,157.538,0.013312,431.158,0.019456,564.966,0.059392,771.012,0.17408,814.112,0.659456,823.381,2.60813,821.527,10.4561,
0.0125,0.01024,0.05,0.01024,0.2,0.01024,0.8,0.01024,3.2,0.01024,10.6667,0.012288,46.5455,0.011264,170.667,0.012288,455.111,0.018432,585.143,0.057344,775.574,0.173056,811.591,0.661504,825.001,2.60301,821.285,10.4591,
0.00735294,0.017408,0.0357143,0.014336,0.142857,0.014336,0.571429,0.014336,2,0.016384,8,0.016384,32,0.016384,128,0.016384,356.174,0.023552,546.133,0.06144,744.727,0.180224,815.378,0.658432,823.058,2.60915,806.674,10.6486,
0.00961538,0.013312,0.0416667,0.012288,0.142857,0.014336,0.615385,0.013312,2.13333,0.01536,8,0.016384,32,0.016384,136.533,0.01536,372.364,0.022528,555.39,0.060416,757.642,0.177152,819.2,0.65536,824.028,2.60608,805.899,10.6588,
0.00892857,0.014336,0.0384615,0.013312,0.142857,0.014336,0.615385,0.013312,2.28571,0.014336,9.14286,0.014336,34.1333,0.01536,146.286,0.014336,372.364,0.022528,546.133,0.06144,757.642,0.177152,815.378,0.658432,825.001,2.60301,806.752,10.6476,
0.00833333,0.01536,0.0416667,0.012288,0.142857,0.014336,0.666667,0.012288,2.13333,0.01536,8.53333,0.01536,34.1333,0.01536,136.533,0.01536,372.364,0.022528,546.133,0.06144,740.52,0.181248,817.922,0.656384,825.001,2.60301,806.132,10.6557,
0.00961538,0.013312,0.0333333,0.01536,0.142857,0.014336,0.615385,0.013312,2.13333,0.01536,9.14286,0.014336,34.1333,0.01536,146.286,0.014336,372.364,0.022528,512,0.065536,740.52,0.181248,817.922,0.656384,825.65,2.60096,805.513,10.6639,
0.00892857,0.014336,0.0238095,0.021504,0.153846,0.013312,0.666667,0.012288,2.28571,0.014336,9.14286,0.014336,34.1333,0.01536,146.286,0.014336,372.364,0.022528,537.18,0.062464,748.983,0.1792,819.2,0.65536,824.028,2.60608,805.899,10.6588,
0.00892857,0.014336,0.0333333,0.01536,0.142857,0.014336,0.615385,0.013312,2.28571,0.014336,9.14286,0.014336,36.5714,0.014336,146.286,0.014336,372.364,0.022528,546.133,0.06144,757.642,0.177152,819.2,0.65536,825.001,2.60301,805.977,10.6578,
0.00892857,0.014336,0.0384615,0.013312,0.153846,0.013312,0.666667,0.012288,2.13333,0.01536,8.53333,0.01536,34.1333,0.01536,97.5238,0.021504,372.364,0.022528,546.133,0.06144,757.642,0.177152,817.922,0.656384,824.676,2.60403,805.59,10.6629,
0.00961538,0.013312,0.0357143,0.014336,0.153846,0.013312,0.444444,0.018432,2.28571,0.014336,9.14286,0.014336,39.3846,0.013312,136.533,0.01536,372.364,0.022528,546.133,0.06144,757.642,0.177152,819.2,0.65536,824.676,2.60403,806.442,10.6516,
0.00961538,0.013312,0.0384615,0.013312,0.153846,0.013312,0.666667,0.012288,2,0.016384,9.84615,0.013312,34.1333,0.01536,146.286,0.014336,372.364,0.022528,546.133,0.06144,748.983,0.1792,819.2,0.65536,825.325,2.60198,805.667,10.6619,
0.00961538,0.013312,0.0357143,0.014336,0.166667,0.012288,0.533333,0.01536,2.46154,0.013312,9.14286,0.014336,36.5714,0.014336,136.533,0.01536,390.095,0.021504,537.18,0.062464,748.983,0.1792,817.922,0.656384,825.001,2.60301,811.434,10.5861,
0.00892857,0.014336,0.0384615,0.013312,0.166667,0.012288,0.571429,0.014336,2.13333,0.01536,9.14286,0.014336,36.5714,0.014336,146.286,0.014336,390.095,0.021504,546.133,0.06144,753.287,0.178176,815.378,0.658432,825.976,2.59994,821.849,10.452,
0.0104167,0.012288,0.0384615,0.013312,0.142857,0.014336,0.571429,0.014336,2.46154,0.013312,9.14286,0.014336,36.5714,0.014336,146.286,0.014336,390.095,0.021504,528.516,0.063488,753.287,0.178176,820.482,0.654336,825.65,2.60096,821.849,10.452,
0.0104167,0.012288,0.0384615,0.013312,0.153846,0.013312,0.666667,0.012288,2.28571,0.014336,9.14286,0.014336,36.5714,0.014336,136.533,0.01536,390.095,0.021504,537.18,0.062464,748.983,0.1792,817.922,0.656384,824.352,2.60506,821.688,10.454,
0.00961538,0.013312,0.0357143,0.014336,0.153846,0.013312,0.615385,0.013312,2.28571,0.014336,9.14286,0.014336,36.5714,0.014336,146.286,0.014336,372.364,0.022528,546.133,0.06144,753.287,0.178176,819.2,0.65536,825.001,2.60301,820.964,10.4632,
0.0104167,0.012288,0.0384615,0.013312,0.166667,0.012288,0.615385,0.013312,2.13333,0.01536,9.14286,0.014336,36.5714,0.014336,146.286,0.014336,390.095,0.021504,546.133,0.06144,744.727,0.180224,819.2,0.65536,825.325,2.60198,819.44,10.4827,
0.00961538,0.013312,0.0357143,0.014336,0.153846,0.013312,0.571429,0.014336,2.13333,0.01536,9.14286,0.014336,36.5714,0.014336,136.533,0.01536,390.095,0.021504,546.133,0.06144,753.287,0.178176,819.2,0.65536,825.001,2.60301,819.6,10.4806,
0.0104167,0.012288,0.0384615,0.013312,0.142857,0.014336,0.571429,0.014336,2.13333,0.01536,9.14286,0.014336,32,0.016384,136.533,0.01536,390.095,0.021504,546.133,0.06144,753.287,0.178176,817.922,0.656384,825.65,2.60096,819.2,10.4858,
0.00961538,0.013312,0.0384615,0.013312,0.153846,0.013312,0.571429,0.014336,2.28571,0.014336,9.14286,0.014336,34.1333,0.01536,146.286,0.014336,372.364,0.022528,528.516,0.063488,753.287,0.178176,819.2,0.65536,825.001,2.60301,820.241,10.4724,
0.00961538,0.013312,0.0384615,0.013312,0.153846,0.013312,0.615385,0.013312,2.28571,0.014336,8.53333,0.01536,34.1333,0.01536,136.533,0.01536,372.364,0.022528,546.133,0.06144,748.983,0.1792,820.482,0.654336,825.325,2.60198,820.001,10.4755,
0.00961538,0.013312,0.0357143,0.014336,0.153846,0.013312,0.615385,0.013312,2.46154,0.013312,8,0.016384,34.1333,0.01536,136.533,0.01536,372.364,0.022528,546.133,0.06144,757.642,0.177152,816.648,0.657408,825.001,2.60301,819.52,10.4817,
0.00892857,0.014336,0.0384615,0.013312,0.153846,0.013312,0.615385,0.013312,2.13333,0.01536,8.53333,0.01536,26.9474,0.019456,146.286,0.014336,390.095,0.021504,537.18,0.062464,748.983,0.1792,817.922,0.656384,825.976,2.59994,820.482,10.4694,
0.0078125,0.016384,0.0384615,0.013312,0.142857,0.014336,0.615385,0.013312,2.28571,0.014336,8.53333,0.01536,36.5714,0.014336,136.533,0.01536,356.174,0.023552,537.18,0.062464,744.727,0.180224,819.2,0.65536,825.65,2.60096,820.402,10.4704,
0.00892857,0.014336,0.0416667,0.012288,0.142857,0.014336,0.615385,0.013312,2.13333,0.01536,9.14286,0.014336,36.5714,0.014336,136.533,0.01536,390.095,0.021504,546.133,0.06144,748.983,0.1792,820.482,0.654336,825.325,2.60198,819.2,10.4858,
0.00892857,0.014336,0.0357143,0.014336,0.117647,0.017408,0.615385,0.013312,2.28571,0.014336,9.14286,0.014336,34.1333,0.01536,146.286,0.014336,372.364,0.022528,546.133,0.06144,762.047,0.176128,817.922,0.656384,825.65,2.60096,819.52,10.4817,
0.00892857,0.014336,0.0333333,0.01536,0.153846,0.013312,0.615385,0.013312,2.13333,0.01536,8.53333,0.01536,36.5714,0.014336,146.286,0.014336,390.095,0.021504,537.18,0.062464,757.642,0.177152,817.922,0.656384,825.65,2.60096,819.76,10.4786,
0.00961538,0.013312,0.0333333,0.01536,0.153846,0.013312,0.571429,0.014336,2.46154,0.013312,9.14286,0.014336,36.5714,0.014336,136.533,0.01536,372.364,0.022528,546.133,0.06144,757.642,0.177152,817.922,0.656384,824.352,2.60506,819.6,10.4806,
0.00892857,0.014336,0.0384615,0.013312,0.153846,0.013312,0.666667,0.012288,2.13333,0.01536,9.84615,0.013312,36.5714,0.014336,136.533,0.01536,372.364,0.022528,537.18,0.062464,753.287,0.178176,817.922,0.656384,825.001,2.60301,820.883,10.4643,
0.00833333,0.01536,0.0357143,0.014336,0.0111111,0.18432,0.571429,0.014336,2.28571,0.014336,8.53333,0.01536,34.1333,0.01536,146.286,0.014336,372.364,0.022528,546.133,0.06144,748.983,0.1792,817.922,0.656384,825.65,2.60096,820.964,10.4632,
0.00961538,0.013312,0.0384615,0.013312,0.142857,0.014336,0.571429,0.014336,2.28571,0.014336,9.14286,0.014336,36.5714,0.014336,136.533,0.01536,390.095,0.021504,546.133,0.06144,757.642,0.177152,816.648,0.657408,825.976,2.59994,820.723,10.4663,
0.00892857,0.014336,0.0357143,0.014336,0.153846,0.013312,0.571429,0.014336,2.13333,0.01536,9.14286,0.014336,36.5714,0.014336,136.533,0.01536,372.364,0.022528,537.18,0.062464,762.047,0.176128,817.922,0.656384,825.325,2.60198,821.688,10.454,
0.0104167,0.012288,0.0384615,0.013312,0.153846,0.013312,0.666667,0.012288,2.28571,0.014336,9.14286,0.014336,39.3846,0.013312,136.533,0.01536,390.095,0.021504,555.39,0.060416,762.047,0.176128,820.482,0.654336,825.001,2.60301,821.044,10.4622,
0.0104167,0.012288,0.0384615,0.013312,0.153846,0.013312,0.533333,0.01536,2.28571,0.014336,9.84615,0.013312,36.5714,0.014336,146.286,0.014336,372.364,0.022528,555.39,0.060416,748.983,0.1792,819.2,0.65536,825.325,2.60198,820.803,10.4653,
0.0104167,0.012288,0.0416667,0.012288,0.153846,0.013312,0.571429,0.014336,2.28571,0.014336,9.14286,0.014336,36.5714,0.014336,136.533,0.01536,390.095,0.021504,546.133,0.06144,748.983,0.1792,817.922,0.656384,826.301,2.59891,821.125,10.4612,
0.00961538,0.013312,0.0357143,0.014336,0.142857,0.014336,0.615385,0.013312,2.28571,0.014336,9.84615,0.013312,36.5714,0.014336,146.286,0.014336,372.364,0.022528,546.133,0.06144,757.642,0.177152,817.922,0.656384,826.301,2.59891,821.285,10.4591,
0.00961538,0.013312,0.0357143,0.014336,0.166667,0.012288,0.571429,0.014336,2.13333,0.01536,9.14286,0.014336,34.1333,0.01536,146.286,0.014336,372.364,0.022528,537.18,0.062464,753.287,0.178176,817.922,0.656384,825.001,2.60301,821.366,10.4581,
0.00961538,0.013312,0.0384615,0.013312,0.142857,0.014336,0.615385,0.013312,2.46154,0.013312,9.14286,0.014336,32,0.016384,146.286,0.014336,372.364,0.022528,546.133,0.06144,744.727,0.180224,819.2,0.65536,825.001,2.60301,820.803,10.4653,
0.0104167,0.012288,0.0416667,0.012288,0.142857,0.014336,0.666667,0.012288,2.13333,0.01536,6.73684,0.019456,34.1333,0.01536,136.533,0.01536,372.364,0.022528,546.133,0.06144,762.047,0.176128,817.922,0.656384,824.352,2.60506,821.205,10.4602,
0.0104167,0.012288,0.0384615,0.013312,0.142857,0.014336,0.615385,0.013312,2.13333,0.01536,8,0.016384,34.1333,0.01536,136.533,0.01536,390.095,0.021504,546.133,0.06144,748.983,0.1792,817.922,0.656384,825.001,2.60301,821.205,10.4602,
0.0104167,0.012288,0.0416667,0.012288,0.133333,0.01536,0.615385,0.013312,2.28571,0.014336,8.53333,0.01536,34.1333,0.01536,136.533,0.01536,390.095,0.021504,546.133,0.06144,762.047,0.176128,819.2,0.65536,825.976,2.59994,821.607,10.455,
0.0104167,0.012288,0.0384615,0.013312,0.153846,0.013312,0.615385,0.013312,2.13333,0.01536,8.53333,0.01536,36.5714,0.014336,136.533,0.01536,390.095,0.021504,546.133,0.06144,748.983,0.1792,817.922,0.656384,825.001,2.60301,821.446,10.4571,
0.00961538,0.013312,0.0384615,0.013312,0.166667,0.012288,0.571429,0.014336,2,0.016384,9.14286,0.014336,34.1333,0.01536,136.533,0.01536,390.095,0.021504,546.133,0.06144,748.983,0.1792,816.648,0.657408,825.325,2.60198,821.607,10.455,
0.00833333,0.01536,0.0416667,0.012288,0.153846,0.013312,0.666667,0.012288,2.13333,0.01536,9.84615,0.013312,34.1333,0.01536,136.533,0.01536,372.364,0.022528,546.133,0.06144,753.287,0.178176,820.482,0.654336,825.65,2.60096,821.607,10.455,
0.00833333,0.01536,0.0384615,0.013312,0.153846,0.013312,0.615385,0.013312,2,0.016384,9.14286,0.014336,36.5714,0.014336,136.533,0.01536,390.095,0.021504,546.133,0.06144,748.983,0.1792,820.482,0.654336,824.352,2.60506,821.849,10.452,
0.00892857,0.014336,0.0384615,0.013312,0.142857,0.014336,0.571429,0.014336,2.28571,0.014336,9.84615,0.013312,34.1333,0.01536,136.533,0.01536,372.364,0.022528,537.18,0.062464,748.983,0.1792,816.648,0.657408,825.325,2.60198,821.929,10.4509,
0.00892857,0.014336,0.0384615,0.013312,0.153846,0.013312,0.615385,0.013312,2.28571,0.014336,9.14286,0.014336,36.5714,0.014336,146.286,0.014336,390.095,0.021504,546.133,0.06144,753.287,0.178176,819.2,0.65536,825.65,2.60096,821.849,10.452,
0.00961538,0.013312,0.0333333,0.01536,0.153846,0.013312,0.615385,0.013312,2.28571,0.014336,9.14286,0.014336,36.5714,0.014336,136.533,0.01536,372.364,0.022528,546.133,0.06144,748.983,0.1792,819.2,0.65536,823.058,2.60915,820.402,10.4704,
0.00961538,0.013312,0.0357143,0.014336,0.142857,0.014336,0.615385,0.013312,2.28571,0.014336,9.14286,0.014336,39.3846,0.013312,136.533,0.01536,372.364,0.022528,537.18,0.062464,757.642,0.177152,816.648,0.657408,823.381,2.60813,818.96,10.4888,
0.00892857,0.014336,0.0357143,0.014336,0.153846,0.013312,0.615385,0.013312,2.28571,0.014336,9.14286,0.014336,39.3846,0.013312,146.286,0.014336,372.364,0.022528,546.133,0.06144,748.983,0.1792,819.2,0.65536,824.028,2.60608,819.2,10.4858,
0.00961538,0.013312,0.0384615,0.013312,0.166667,0.012288,0.666667,0.012288,2.28571,0.014336,9.14286,0.014336,39.3846,0.013312,136.533,0.01536,372.364,0.022528,546.133,0.06144,753.287,0.178176,820.482,0.654336,824.676,2.60403,819.36,10.4837,
0.00961538,0.013312,0.0357143,0.014336,0.153846,0.013312,0.470588,0.017408,2.66667,0.012288,9.84615,0.013312,36.5714,0.014336,136.533,0.01536,372.364,0.022528,537.18,0.062464,753.287,0.178176,817.922,0.656384,825.325,2.60198,819.76,10.4786,
0.00961538,0.013312,0.0357143,0.014336,0.142857,0.014336,0.615385,0.013312,2.28571,0.014336,8.53333,0.01536,36.5714,0.014336,146.286,0.014336,372.364,0.022528,546.133,0.06144,744.727,0.180224,817.922,0.656384,825.325,2.60198,819.68,10.4796,
0.00892857,0.014336,0.0357143,0.014336,0.153846,0.013312,0.571429,0.014336,2.46154,0.013312,9.14286,0.014336,36.5714,0.014336,136.533,0.01536,372.364,0.022528,546.133,0.06144,757.642,0.177152,817.922,0.656384,825.976,2.59994,819.2,10.4858,
0.0104167,0.012288,0.0384615,0.013312,0.153846,0.013312,0.666667,0.012288,2.28571,0.014336,9.14286,0.014336,34.1333,0.01536,146.286,0.014336,372.364,0.022528,546.133,0.06144,748.983,0.1792,819.2,0.65536,825.65,2.60096,819.44,10.4827,
0.00961538,0.013312,0.0384615,0.013312,0.166667,0.012288,0.571429,0.014336,2.46154,0.013312,9.84615,0.013312,34.1333,0.01536,136.533,0.01536,372.364,0.022528,537.18,0.062464,753.287,0.178176,817.922,0.656384,825.325,2.60198,820.241,10.4724,
0.0113636,0.011264,0.0416667,0.012288,0.166667,0.012288,0.533333,0.01536,2.13333,0.01536,9.14286,0.014336,32,0.016384,146.286,0.014336,390.095,0.021504,555.39,0.060416,753.287,0.178176,819.2,0.65536,825.65,2.60096,820.161,10.4735,
0.00961538,0.013312,0.0357143,0.014336,0.166667,0.012288,0.571429,0.014336,2.13333,0.01536,8.53333,0.01536,34.1333,0.01536,136.533,0.01536,390.095,0.021504,546.133,0.06144,753.287,0.178176,816.648,0.657408,825.65,2.60096,819.68,10.4796,
0.0104167,0.012288,0.0416667,0.012288,0.153846,0.013312,0.571429,0.014336,2.46154,0.013312,8.53333,0.01536,34.1333,0.01536,136.533,0.01536,390.095,0.021504,555.39,0.060416,748.983,0.1792,819.2,0.65536,825.001,2.60301,819.52,10.4817,
0.00961538,0.013312,0.0384615,0.013312,0.142857,0.014336,0.615385,0.013312,2.46154,0.013312,8.53333,0.01536,34.1333,0.01536,146.286,0.014336,372.364,0.022528,555.39,0.060416,748.983,0.1792,819.2,0.65536,826.953,2.59686,820.964,10.4632,
0.00961538,0.013312,0.0384615,0.013312,0.142857,0.014336,0.666667,0.012288,2.13333,0.01536,9.14286,0.014336,36.5714,0.014336,146.286,0.014336,372.364,0.022528,546.133,0.06144,753.287,0.178176,820.482,0.654336,825.65,2.60096,821.768,10.453,
0.00961538,0.013312,0.0357143,0.014336,0.142857,0.014336,0.615385,0.013312,2.28571,0.014336,9.14286,0.014336,34.1333,0.01536,146.286,0.014336,372.364,0.022528,546.133,0.06144,748.983,0.1792,817.922,0.656384,825.976,2.59994,821.285,10.4591,
0.00892857,0.014336,0.0384615,0.013312,0.142857,0.014336,0.615385,0.013312,2.28571,0.014336,8.53333,0.01536,30.1176,0.017408,136.533,0.01536,390.095,0.021504,546.133,0.06144,748.983,0.1792,815.378,0.658432,824.676,2.60403,821.768,10.453,
0.00892857,0.014336,0.0384615,0.013312,0.133333,0.01536,0.615385,0.013312,2.13333,0.01536,9.14286,0.014336,36.5714,0.014336,136.533,0.01536,372.364,0.022528,546.133,0.06144,757.642,0.177152,819.2,0.65536,826.301,2.59891,821.688,10.454,
0.00892857,0.014336,0.0416667,0.012288,0.142857,0.014336,0.615385,0.013312,2.28571,0.014336,8.53333,0.01536,39.3846,0.013312,136.533,0.01536,372.364,0.022528,546.133,0.06144,753.287,0.178176,817.922,0.656384,825.325,2.60198,821.366,10.4581,
0.00833333,0.01536,0.0384615,0.013312,0.153846,0.013312,0.615385,0.013312,2.13333,0.01536,9.84615,0.013312,39.3846,0.013312,146.286,0.014336,390.095,0.021504,537.18,0.062464,748.983,0.1792,817.922,0.656384,825.325,2.60198,821.205,10.4602,
0.00961538,0.013312,0.0357143,0.014336,0.142857,0.014336,0.571429,0.014336,2.13333,0.01536,9.14286,0.014336,39.3846,0.013312,136.533,0.01536,390.095,0.021504,546.133,0.06144,753.287,0.178176,819.2,0.65536,825.65,2.60096,821.285,10.4591,
0.00961538,0.013312,0.0357143,0.014336,0.153846,0.013312,0.615385,0.013312,2.13333,0.01536,9.84615,0.013312,32,0.016384,146.286,0.014336,372.364,0.022528,546.133,0.06144,753.287,0.178176,816.648,0.657408,825.325,2.60198,821.044,10.4622,
0.00961538,0.013312,0.0333333,0.01536,0.166667,0.012288,0.666667,0.012288,2.13333,0.01536,9.84615,0.013312,36.5714,0.014336,136.533,0.01536,390.095,0.021504,546.133,0.06144,762.047,0.176128,817.922,0.656384,824.676,2.60403,821.366,10.4581,
0.00961538,0.013312,0.0333333,0.01536,0.166667,0.012288,0.615385,0.013312,2.28571,0.014336,9.84615,0.013312,32,0.016384,146.286,0.014336,372.364,0.022528,546.133,0.06144,744.727,0.180224,817.922,0.656384,826.301,2.59891,821.285,10.4591,
0.00694444,0.018432,0.0384615,0.013312,0.142857,0.014336,0.571429,0.014336,2.28571,0.014336,9.84615,0.013312,36.5714,0.014336,136.533,0.01536,372.364,0.022528,546.133,0.06144,753.287,0.178176,816.648,0.657408,824.676,2.60403,821.366,10.4581,
0.00961538,0.013312,0.0384615,0.013312,0.153846,0.013312,0.615385,0.013312,2.28571,0.014336,9.84615,0.013312,34.1333,0.01536,136.533,0.01536,372.364,0.022528,546.133,0.06144,762.047,0.176128,819.2,0.65536,825.325,2.60198,821.366,10.4581,
0.00961538,0.013312,0.0357143,0.014336,0.166667,0.012288,0.615385,0.013312,2.28571,0.014336,9.14286,0.014336,36.5714,0.014336,136.533,0.01536,390.095,0.021504,546.133,0.06144,753.287,0.178176,816.648,0.657408,825.325,2.60198,821.849,10.452,
0.00961538,0.013312,0.0333333,0.01536,0.142857,0.014336,0.615385,0.013312,2.28571,0.014336,9.84615,0.013312,30.1176,0.017408,146.286,0.014336,390.095,0.021504,546.133,0.06144,753.287,0.178176,817.922,0.656384,827.279,2.59584,821.849,10.452,
0.0104167,0.012288,0.0357143,0.014336,0.153846,0.013312,0.615385,0.013312,2.28571,0.014336,9.84615,0.013312,36.5714,0.014336,136.533,0.01536,372.364,0.022528,546.133,0.06144,748.983,0.1792,819.2,0.65536,825.65,2.60096,821.768,10.453,
0.00961538,0.013312,0.0384615,0.013312,0.153846,0.013312,0.571429,0.014336,2.28571,0.014336,8,0.016384,34.1333,0.01536,136.533,0.01536,356.174,0.023552,546.133,0.06144,748.983,0.1792,817.922,0.656384,824.676,2.60403,821.366,10.4581,
0.0104167,0.012288,0.0384615,0.013312,0.153846,0.013312,0.615385,0.013312,2.28571,0.014336,8.53333,0.01536,36.5714,0.014336,136.533,0.01536,390.095,0.021504,537.18,0.062464,757.642,0.177152,816.648,0.657408,825.001,2.60301,821.205,10.4602,
0.00961538,0.013312,0.0357143,0.014336,0.153846,0.013312,0.533333,0.01536,2.28571,0.014336,8,0.016384,36.5714,0.014336,136.533,0.01536,390.095,0.021504,546.133,0.06144,744.727,0.180224,819.2,0.65536,826.627,2.59789,821.205,10.4602,
0.00961538,0.013312,0.0416667,0.012288,0.166667,0.012288,0.571429,0.014336,2.46154,0.013312,6.4,0.02048,36.5714,0.014336,146.286,0.014336,390.095,0.021504,546.133,0.06144,753.287,0.178176,817.922,0.656384,825.001,2.60301,819.68,10.4796,
0.00961538,0.013312,0.0357143,0.014336,0.153846,0.013312,0.571429,0.014336,2.28571,0.014336,9.14286,0.014336,36.5714,0.014336,136.533,0.01536,372.364,0.022528,537.18,0.062464,753.287,0.178176,817.922,0.656384,824.676,2.60403,819.68,10.4796,
0.00961538,0.013312,0.0263158,0.019456,0.142857,0.014336,0.571429,0.014336,2.28571,0.014336,8.53333,0.01536,32,0.016384,136.533,0.01536,390.095,0.021504,528.516,0.063488,753.287,0.178176,816.648,0.657408,826.301,2.59891,819.6,10.4806,
0.00892857,0.014336,0.0384615,0.013312,0.142857,0.014336,0.571429,0.014336,2.28571,0.014336,8.53333,0.01536,36.5714,0.014336,146.286,0.014336,390.095,0.021504,546.133,0.06144,744.727,0.180224,819.2,0.65536,826.627,2.59789,819.76,10.4786,
0.00892857,0.014336,0.0384615,0.013312,0.133333,0.01536,0.571429,0.014336,2.28571,0.014336,9.14286,0.014336,36.5714,0.014336,146.286,0.014336,372.364,0.022528,546.133,0.06144,744.727,0.180224,817.922,0.656384,825.976,2.59994,820.161,10.4735,
0.00892857,0.014336,0.0384615,0.013312,0.133333,0.01536,0.615385,0.013312,2.28571,0.014336,9.14286,0.014336,39.3846,0.013312,146.286,0.014336,372.364,0.022528,537.18,0.062464,753.287,0.178176,817.922,0.656384,825.976,2.59994,819.52,10.4817,
0.00892857,0.014336,0.0357143,0.014336,0.166667,0.012288,0.615385,0.013312,2.13333,0.01536,9.84615,0.013312,36.5714,0.014336,146.286,0.014336,390.095,0.021504,546.133,0.06144,748.983,0.1792,819.2,0.65536,825.976,2.59994,819.36,10.4837,
0.00892857,0.014336,0.0384615,0.013312,0.153846,0.013312,0.615385,0.013312,2.28571,0.014336,9.14286,0.014336,34.1333,0.01536,136.533,0.01536,372.364,0.022528,546.133,0.06144,753.287,0.178176,819.2,0.65536,825.65,2.60096,820.241,10.4724,
0.00961538,0.013312,0.0416667,0.012288,0.153846,0.013312,0.666667,0.012288,2.28571,0.014336,10.6667,0.012288,34.1333,0.01536,136.533,0.01536,390.095,0.021504,555.39,0.060416,757.642,0.177152,819.2,0.65536,825.65,2.60096,819.921,10.4765,
0.00961538,0.013312,0.0384615,0.013312,0.142857,0.014336,0.666667,0.012288,2.13333,0.01536,9.14286,0.014336,34.1333,0.01536,136.533,0.01536,372.364,0.022528,537.18,0.062464,753.287,0.178176,817.922,0.656384,825.325,2.60198,819.36,10.4837,
0.00961538,0.013312,0.0384615,0.013312,0.166667,0.012288,0.615385,0.013312,2.13333,0.01536,9.84615,0.013312,34.1333,0.01536,136.533,0.01536,372.364,0.022528,537.18,0.062464,753.287,0.178176,819.2,0.65536,825.325,2.60198,819.52,10.4817,
0.00961538,0.013312,0.0333333,0.01536,0.153846,0.013312,0.571429,0.014336,2.28571,0.014336,9.84615,0.013312,36.5714,0.014336,136.533,0.01536,390.095,0.021504,555.39,0.060416,753.287,0.178176,816.648,0.657408,825.001,2.60301,820.482,10.4694,
0.00961538,0.013312,0.0333333,0.01536,0.166667,0.012288,0.615385,0.013312,2.28571,0.014336,9.14286,0.014336,34.1333,0.01536,146.286,0.014336,356.174,0.023552,528.516,0.063488,757.642,0.177152,819.2,0.65536,825.001,2.60301,821.607,10.455,
0.00961538,0.013312,0.0333333,0.01536,0.153846,0.013312,0.615385,0.013312,2.28571,0.014336,9.84615,0.013312,34.1333,0.01536,136.533,0.01536,372.364,0.022528,546.133,0.06144,748.983,0.1792,817.922,0.656384,825.65,2.60096,821.527,10.4561,
0.00961538,0.013312,0.0384615,0.013312,0.166667,0.012288,0.533333,0.01536,2.46154,0.013312,9.14286,0.014336,36.5714,0.014336,136.533,0.01536,390.095,0.021504,546.133,0.06144,753.287,0.178176,819.2,0.65536,825.65,2.60096,821.688,10.454,
0.00961538,0.013312,0.0384615,0.013312,0.1,0.02048,0.615385,0.013312,2.28571,0.014336,8.53333,0.01536,34.1333,0.01536,146.286,0.014336,372.364,0.022528,546.133,0.06144,744.727,0.180224,819.2,0.65536,825.325,2.60198,822.09,10.4489,
0.0104167,0.012288,0.0384615,0.013312,0.153846,0.013312,0.615385,0.013312,2.66667,0.012288,8,0.016384,36.5714,0.014336,136.533,0.01536,390.095,0.021504,546.133,0.06144,757.642,0.177152,817.922,0.656384,826.301,2.59891,821.446,10.4571,
0.00892857,0.014336,0.0384615,0.013312,0.142857,0.014336,0.615385,0.013312,2.46154,0.013312,8.53333,0.01536,34.1333,0.01536,146.286,0.014336,372.364,0.022528,546.133,0.06144,744.727,0.180224,819.2,0.65536,825.001,2.60301,821.929,10.4509,
0.00961538,0.013312,0.0357143,0.014336,0.166667,0.012288,0.666667,0.012288,2.28571,0.014336,8.53333,0.01536,36.5714,0.014336,146.286,0.014336,390.095,0.021504,546.133,0.06144,748.983,0.1792,819.2,0.65536,825.65,2.60096,821.849,10.452,
0.0104167,0.012288,0.0384615,0.013312,0.166667,0.012288,0.615385,0.013312,2.28571,0.014336,9.14286,0.014336,36.5714,0.014336,136.533,0.01536,390.095,0.021504,546.133,0.06144,748.983,0.1792,817.922,0.656384,825.65,2.60096,822.01,10.4499,
0.00961538,0.013312,0.0384615,0.013312,0.153846,0.013312,0.666667,0.012288,2.28571,0.014336,8.53333,0.01536,36.5714,0.014336,136.533,0.01536,390.095,0.021504,546.133,0.06144,744.727,0.180224,817.922,0.656384,825.65,2.60096,821.688,10.454,
0.0104167,0.012288,0.0357143,0.014336,0.142857,0.014336,0.533333,0.01536,2.28571,0.014336,8.53333,0.01536,39.3846,0.013312,146.286,0.014336,372.364,0.022528,546.133,0.06144,753.287,0.178176,816.648,0.657408,825.976,2.59994,821.688,10.454,
0.00961538,0.013312,0.0384615,0.013312,0.166667,0.012288,0.571429,0.014336,2.28571,0.014336,9.14286,0.014336,39.3846,0.013312,136.533,0.01536,390.095,0.021504,546.133,0.06144,748.983,0.1792,819.2,0.65536,825.001,2.60301,822.09,10.4489,
0.00833333,0.01536,0.0416667,0.012288,0.166667,0.012288,0.666667,0.012288,2.46154,0.013312,9.14286,0.014336,39.3846,0.013312,146.286,0.014336,390.095,0.021504,537.18,0.062464,762.047,0.176128,814.112,0.659456,822.413,2.6112,804.971,10.6711,
0.0104167,0.012288,0.0454545,0.011264,0.166667,0.012288,0.666667,0.012288,2.66667,0.012288,9.14286,0.014336,39.3846,0.013312,146.286,0.014336,372.364,0.022528,546.133,0.06144,771.012,0.17408,817.922,0.656384,820.161,2.61837,805.126,10.6691,
0.0104167,0.012288,0.0416667,0.012288,0.166667,0.012288,0.666667,0.012288,2.66667,0.012288,9.84615,0.013312,39.3846,0.013312,146.286,0.014336,372.364,0.022528,546.133,0.06144,771.012,0.17408,816.648,0.657408,820.803,2.61632,805.126,10.6691,
0.0113636,0.011264,0.0454545,0.011264,0.181818,0.011264,0.727273,0.011264,2.46154,0.013312,9.84615,0.013312,39.3846,0.013312,146.286,0.014336,390.095,0.021504,546.133,0.06144,766.503,0.175104,819.2,0.65536,822.413,2.6112,804.585,10.6762,
0.0113636,0.011264,0.0416667,0.012288,0.166667,0.012288,0.666667,0.012288,2.46154,0.013312,9.84615,0.013312,39.3846,0.013312,136.533,0.01536,372.364,0.022528,546.133,0.06144,784.862,0.171008,817.922,0.656384,821.446,2.61427,804.354,10.6793,
0.0104167,0.012288,0.0416667,0.012288,0.181818,0.011264,0.666667,0.012288,2.46154,0.013312,9.14286,0.014336,42.6667,0.012288,146.286,0.014336,390.095,0.021504,546.133,0.06144,775.574,0.173056,816.648,0.657408,822.09,2.61222,804.817,10.6732,
0.0113636,0.011264,0.0454545,0.011264,0.181818,0.011264,0.666667,0.012288,2.66667,0.012288,10.6667,0.012288,39.3846,0.013312,146.286,0.014336,372.364,0.022528,546.133,0.06144,766.503,0.175104,819.2,0.65536,820.803,2.61632,804.971,10.6711,
0.0104167,0.012288,0.0454545,0.011264,0.166667,0.012288,0.727273,0.011264,2.46154,0.013312,9.84615,0.013312,42.6667,0.012288,136.533,0.01536,390.095,0.021504,546.133,0.06144,780.19,0.172032,817.922,0.656384,819.52,2.62042,804.2,10.6813,
0.0104167,0.012288,0.0454545,0.011264,0.166667,0.012288,0.666667,0.012288,2.46154,0.013312,9.84615,0.013312,39.3846,0.013312,136.533,0.01536,372.364,0.022528,546.133,0.06144,780.19,0.172032,819.2,0.65536,821.768,2.61325,803.969,10.6844,
0.0113636,0.011264,0.0416667,0.012288,0.181818,0.011264,0.727273,0.011264,2.46154,0.013312,9.14286,0.014336,39.3846,0.013312,146.286,0.014336,390.095,0.021504,546.133,0.06144,775.574,0.173056,817.922,0.656384,821.768,2.61325,804.663,10.6752,
0.0104167,0.012288,0.0416667,0.012288,0.166667,0.012288,0.666667,0.012288,2.66667,0.012288,9.84615,0.013312,39.3846,0.013312,136.533,0.01536,372.364,0.022528,546.133,0.06144,771.012,0.17408,817.922,0.656384,820.803,2.61632,806.209,10.6547,
0.0104167,0.012288,0.0416667,0.012288,0.181818,0.011264,0.727273,0.011264,2.66667,0.012288,9.14286,0.014336,39.3846,0.013312,146.286,0.014336,390.095,0.021504,537.18,0.062464,780.19,0.172032,819.2,0.65536,821.446,2.61427,805.899,10.6588,
0.0113636,0.011264,0.0416667,0.012288,0.166667,0.012288,0.615385,0.013312,2.66667,0.012288,9.84615,0.013312,39.3846,0.013312,146.286,0.014336,390.095,0.021504,555.39,0.060416,780.19,0.172032,817.922,0.656384,822.735,2.61018,805.899,10.6588,
0.0113636,0.011264,0.0416667,0.012288,0.181818,0.011264,0.727273,0.011264,2.66667,0.012288,9.84615,0.013312,39.3846,0.013312,136.533,0.01536,390.095,0.021504,546.133,0.06144,780.19,0.172032,816.648,0.657408,822.413,2.6112,805.977,10.6578,
0.0104167,0.012288,0.0454545,0.011264,0.166667,0.012288,0.666667,0.012288,2.66667,0.012288,10.6667,0.012288,39.3846,0.013312,136.533,0.01536,390.095,0.021504,546.133,0.06144,780.19,0.172032,819.2,0.65536,821.446,2.61427,807.14,10.6424,
0.0113636,0.011264,0.0454545,0.011264,0.181818,0.011264,0.666667,0.012288,2.66667,0.012288,9.84615,0.013312,39.3846,0.013312,146.286,0.014336,390.095,0.021504,555.39,0.060416,775.574,0.173056,817.922,0.656384,821.768,2.61325,805.822,10.6598,
0.0104167,0.012288,0.0454545,0.011264,0.181818,0.011264,0.615385,0.013312,2.46154,0.013312,9.84615,0.013312,39.3846,0.013312,136.533,0.01536,372.364,0.022528,546.133,0.06144,766.503,0.175104,817.922,0.656384,823.381,2.60813,806.442,10.6516,
0.0113636,0.011264,0.0454545,0.011264,0.181818,0.011264,0.727273,0.011264,2.46154,0.013312,9.84615,0.013312,39.3846,0.013312,146.286,0.014336,390.095,0.021504,537.18,0.062464,780.19,0.172032,819.2,0.65536,821.125,2.6153,806.209,10.6547,
0.0104167,0.012288,0.0454545,0.011264,0.166667,0.012288,0.666667,0.012288,2.66667,0.012288,9.84615,0.013312,39.3846,0.013312,136.533,0.01536,372.364,0.022528,546.133,0.06144,780.19,0.172032,819.2,0.65536,822.735,2.61018,806.287,10.6537,
0.0113636,0.011264,0.0416667,0.012288,0.181818,0.011264,0.727273,0.011264,2.46154,0.013312,9.14286,0.014336,42.6667,0.012288,136.533,0.01536,372.364,0.022528,546.133,0.06144,780.19,0.172032,820.482,0.654336,823.381,2.60813,806.364,10.6527,
0.0113636,0.011264,0.0416667,0.012288,0.166667,0.012288,0.666667,0.012288,2.66667,0.012288,9.84615,0.013312,39.3846,0.013312,136.533,0.01536,390.095,0.021504,546.133,0.06144,771.012,0.17408,819.2,0.65536,822.413,2.6112,806.132,10.6557,
0.0104167,0.012288,0.0454545,0.011264,0.181818,0.011264,0.727273,0.011264,2.46154,0.013312,9.84615,0.013312,39.3846,0.013312,136.533,0.01536,372.364,0.022528,546.133,0.06144,775.574,0.173056,819.2,0.65536,823.058,2.60915,806.83,10.6465,
0.0113636,0.011264,0.0454545,0.011264,0.166667,0.012288,0.666667,0.012288,2.66667,0.012288,9.14286,0.014336,39.3846,0.013312,146.286,0.014336,372.364,0.022528,537.18,0.062464,775.574,0.173056,816.648,0.657408,822.413,2.6112,806.519,10.6506,
0.0104167,0.012288,0.0454545,0.011264,0.181818,0.011264,0.666667,0.012288,2.28571,0.014336,9.14286,0.014336,39.3846,0.013312,136.533,0.01536,372.364,0.022528,546.133,0.06144,771.012,0.17408,820.482,0.654336,823.058,2.60915,805.745,10.6609,
0.0104167,0.012288,0.0454545,0.011264,0.166667,0.012288,0.615385,0.013312,2.46154,0.013312,9.84615,0.013312,39.3846,0.013312,146.286,0.014336,372.364,0.022528,537.18,0.062464,766.503,0.175104,817.922,0.656384,823.381,2.60813,820.081,10.4745,
0.0113636,0.011264,0.0454545,0.011264,0.166667,0.012288,0.666667,0.012288,2.46154,0.013312,9.84615,0.013312,42.6667,0.012288,136.533,0.01536,390.095,0.021504,546.133,0.06144,771.012,0.17408,819.2,0.65536,823.058,2.60915,821.768,10.453,
0.00961538,0.013312,0.0416667,0.012288,0.181818,0.011264,0.666667,0.012288,2.66667,0.012288,9.84615,0.013312,39.3846,0.013312,136.533,0.01536,372.364,0.022528,546.133,0.06144,771.012,0.17408,820.482,0.654336,822.735,2.61018,821.607,10.455,
0.0113636,0.011264,0.0454545,0.011264,0.181818,0.011264,0.727273,0.011264,2.46154,0.013312,9.84615,0.013312,39.3846,0.013312,146.286,0.014336,390.095,0.021504,546.133,0.06144,780.19,0.172032,816.648,0.657408,824.028,2.60608,820.723,10.4663,
0.0104167,0.012288,0.0416667,0.012288,0.181818,0.011264,0.615385,0.013312,2.66667,0.012288,9.14286,0.014336,39.3846,0.013312,136.533,0.01536,372.364,0.022528,546.133,0.06144,780.19,0.172032,814.112,0.659456,824.028,2.60608,821.849,10.452,
0.0113636,0.011264,0.0416667,0.012288,0.166667,0.012288,0.727273,0.011264,2.66667,0.012288,9.14286,0.014336,42.6667,0.012288,146.286,0.014336,390.095,0.021504,546.133,0.06144,762.047,0.176128,820.482,0.654336,821.446,2.61427,821.607,10.455,
0.0104167,0.012288,0.0454545,0.011264,0.166667,0.012288,0.666667,0.012288,2.46154,0.013312,9.14286,0.014336,36.5714,0.014336,136.533,0.01536,372.364,0.022528,537.18,0.062464,780.19,0.172032,816.648,0.657408,821.125,2.6153,822.251,10.4468,
0.0104167,0.012288,0.0416667,0.012288,0.181818,0.011264,0.666667,0.012288,2.46154,0.013312,9.84615,0.013312,42.6667,0.012288,136.533,0.01536,390.095,0.021504,546.133,0.06144,775.574,0.173056,819.2,0.65536,821.125,2.6153,822.413,10.4448,
0.0104167,0.012288,0.0416667,0.012288,0.153846,0.013312,0.666667,0.012288,2.46154,0.013312,9.84615,0.013312,42.6667,0.012288,146.286,0.014336,390.095,0.021504,555.39,0.060416,757.642,0.177152,817.922,0.656384,822.735,2.61018,821.446,10.4571,
0.0078125,0.016384,0.0454545,0.011264,0.181818,0.011264,0.727273,0.011264,2.46154,0.013312,9.84615,0.013312,39.3846,0.013312,136.533,0.01536,372.364,0.022528,546.133,0.06144,775.574,0.173056,817.922,0.656384,823.058,2.60915,821.849,10.452,
0.0104167,0.012288,0.0416667,0.012288,0.166667,0.012288,0.666667,0.012288,2.46154,0.013312,9.84615,0.013312,39.3846,0.013312,146.286,0.014336,390.095,0.021504,537.18,0.062464,780.19,0.172032,819.2,0.65536,823.381,2.60813,821.527,10.4561,
0.0113636,0.011264,0.0454545,0.011264,0.181818,0.011264,0.666667,0.012288,2.66667,0.012288,9.84615,0.013312,36.5714,0.014336,146.286,0.014336,390.095,0.021504,537.18,0.062464,771.012,0.17408,817.922,0.656384,824.676,2.60403,822.01,10.4499,
0.0104167,0.012288,0.0416667,0.012288,0.166667,0.012288,0.727273,0.011264,2.66667,0.012288,9.14286,0.014336,42.6667,0.012288,136.533,0.01536,372.364,0.022528,546.133,0.06144,771.012,0.17408,817.922,0.656384,824.352,2.60506,821.446,10.4571,
0.0104167,0.012288,0.0454545,0.011264,0.181818,0.011264,0.666667,0.012288,2.66667,0.012288,9.14286,0.014336,39.3846,0.013312,136.533,0.01536,390.095,0.021504,546.133,0.06144,775.574,0.173056,817.922,0.656384,824.352,2.60506,822.171,10.4479,
0.0113636,0.011264,0.0416667,0.012288,0.166667,0.012288,0.666667,0.012288,2.66667,0.012288,9.84615,0.013312,39.3846,0.013312,136.533,0.01536,372.364,0.022528,537.18,0.062464,775.574,0.173056,817.922,0.656384,823.058,2.60915,822.01,10.4499,
0.0104167,0.012288,0.0416667,0.012288,0.181818,0.011264,0.727273,0.011264,2.46154,0.013312,9.14286,0.014336,39.3846,0.013312,146.286,0.014336,372.364,0.022528,555.39,0.060416,771.012,0.17408,817.922,0.656384,822.09,2.61222,820.723,10.4663,
0.0104167,0.012288,0.0454545,0.011264,0.166667,0.012288,0.615385,0.013312,2.66667,0.012288,9.14286,0.014336,39.3846,0.013312,136.533,0.01536,372.364,0.022528,546.133,0.06144,775.574,0.173056,819.2,0.65536,822.09,2.61222,821.044,10.4622,
0.0113636,0.011264,0.0454545,0.011264,0.166667,0.012288,0.666667,0.012288,2.28571,0.014336,9.84615,0.013312,39.3846,0.013312,146.286,0.014336,390.095,0.021504,546.133,0.06144,775.574,0.173056,819.2,0.65536,822.735,2.61018,821.849,10.452,
0.0113636,0.011264,0.0454545,0.011264,0.181818,0.011264,0.666667,0.012288,2.66667,0.012288,10.6667,0.012288,39.3846,0.013312,146.286,0.014336,372.364,0.022528,537.18,0.062464,780.19,0.172032,816.648,0.657408,822.735,2.61018,821.125,10.4612,
0.0104167,0.012288,0.0416667,0.012288,0.166667,0.012288,0.727273,0.011264,2.46154,0.013312,9.84615,0.013312,39.3846,0.013312,128,0.016384,390.095,0.021504,546.133,0.06144,775.574,0.173056,817.922,0.656384,823.058,2.60915,821.527,10.4561,
0.0104167,0.012288,0.0454545,0.011264,0.166667,0.012288,0.666667,0.012288,2.46154,0.013312,9.84615,0.013312,39.3846,0.013312,136.533,0.01536,390.095,0.021504,546.133,0.06144,775.574,0.173056,817.922,0.656384,822.735,2.61018,821.527,10.4561,
0.0113636,0.011264,0.0454545,0.011264,0.166667,0.012288,0.727273,0.011264,2.28571,0.014336,9.84615,0.013312,39.3846,0.013312,146.286,0.014336,372.364,0.022528,546.133,0.06144,775.574,0.173056,816.648,0.657408,822.735,2.61018,820.964,10.4632,
0.0104167,0.012288,0.0416667,0.012288,0.181818,0.011264,0.666667,0.012288,2.46154,0.013312,9.14286,0.014336,39.3846,0.013312,146.286,0.014336,390.095,0.021504,537.18,0.062464,775.574,0.173056,817.922,0.656384,823.058,2.60915,821.125,10.4612,
0.0113636,0.011264,0.0454545,0.011264,0.181818,0.011264,0.727273,0.011264,2.66667,0.012288,9.84615,0.013312,39.3846,0.013312,146.286,0.014336,390.095,0.021504,546.133,0.06144,780.19,0.172032,820.482,0.654336,822.09,2.61222,821.607,10.455,
0.0104167,0.012288,0.0416667,0.012288,0.166667,0.012288,0.666667,0.012288,2.66667,0.012288,9.84615,0.013312,39.3846,0.013312,146.286,0.014336,390.095,0.021504,537.18,0.062464,780.19,0.172032,817.922,0.656384,824.352,2.60506,821.125,10.4612,
0.0113636,0.011264,0.0416667,0.012288,0.181818,0.011264,0.727273,0.011264,2.46154,0.013312,9.14286,0.014336,39.3846,0.013312,136.533,0.01536,372.364,0.022528,546.133,0.06144,766.503,0.175104,815.378,0.658432,825.325,2.60198,821.527,10.4561,
0.0113636,0.011264,0.0454545,0.011264,0.166667,0.012288,0.666667,0.012288,2.66667,0.012288,9.14286,0.014336,39.3846,0.013312,146.286,0.014336,390.095,0.021504,504.123,0.06656,771.012,0.17408,819.2,0.65536,826.301,2.59891,821.366,10.4581,
0.0113636,0.011264,0.0416667,0.012288,0.181818,0.011264,0.727273,0.011264,2.46154,0.013312,10.6667,0.012288,42.6667,0.012288,136.533,0.01536,372.364,0.022528,546.133,0.06144,771.012,0.17408,819.2,0.65536,825.325,2.60198,821.205,10.4602,
0.0104167,0.012288,0.0416667,0.012288,0.181818,0.011264,0.666667,0.012288,2.66667,0.012288,9.84615,0.013312,39.3846,0.013312,136.533,0.01536,372.364,0.022528,546.133,0.06144,766.503,0.175104,820.482,0.654336,824.676,2.60403,822.09,10.4489,
0.0104167,0.012288,0.0454545,0.011264,0.166667,0.012288,0.727273,0.011264,2.28571,0.014336,9.84615,0.013312,39.3846,0.013312,146.286,0.014336,372.364,0.022528,546.133,0.06144,775.574,0.173056,819.2,0.65536,825.325,2.60198,821.688,10.454,
0.0113636,0.011264,0.0416667,0.012288,0.153846,0.013312,0.666667,0.012288,2.66667,0.012288,9.84615,0.013312,39.3846,0.013312,120.471,0.017408,390.095,0.021504,546.133,0.06144,771.012,0.17408,817.922,0.656384,826.301,2.59891,821.688,10.454,
0.0113636,0.011264,0.0416667,0.012288,0.166667,0.012288,0.727273,0.011264,2.46154,0.013312,10.6667,0.012288,39.3846,0.013312,136.533,0.01536,390.095,0.021504,546.133,0.06144,766.503,0.175104,816.648,0.657408,826.627,2.59789,820.883,10.4643,
0.0104167,0.012288,0.0454545,0.011264,0.166667,0.012288,0.727273,0.011264,2.66667,0.012288,9.84615,0.013312,42.6667,0.012288,136.533,0.01536,372.364,0.022528,537.18,0.062464,762.047,0.176128,819.2,0.65536,825.325,2.60198,821.688,10.454,
0.0104167,0.012288,0.0416667,0.012288,0.181818,0.011264,0.666667,0.012288,2.46154,0.013312,9.84615,0.013312,39.3846,0.013312,146.286,0.014336,372.364,0.022528,537.18,0.062464,771.012,0.17408,817.922,0.656384,825.976,2.59994,821.607,10.455,
0.0104167,0.012288,0.0454545,0.011264,0.166667,0.012288,0.727273,0.011264,2.46154,0.013312,10.6667,0.012288,39.3846,0.013312,136.533,0.01536,390.095,0.021504,537.18,0.062464,771.012,0.17408,817.922,0.656384,825.325,2.60198,821.768,10.453,
0.0113636,0.011264,0.0416667,0.012288,0.166667,0.012288,0.666667,0.012288,2.66667,0.012288,9.84615,0.013312,39.3846,0.013312,136.533,0.01536,390.095,0.021504,546.133,0.06144,775.574,0.173056,817.922,0.656384,825.976,2.59994,821.607,10.455,
0.0104167,0.012288,0.0416667,0.012288,0.181818,0.011264,0.666667,0.012288,2.46154,0.013312,9.84615,0.013312,39.3846,0.013312,146.286,0.014336,390.095,0.021504,537.18,0.062464,771.012,0.17408,820.482,0.654336,826.301,2.59891,821.205,10.4602,
0.0104167,0.012288,0.0384615,0.013312,0.166667,0.012288,0.666667,0.012288,2.28571,0.014336,9.84615,0.013312,39.3846,0.013312,136.533,0.01536,390.095,0.021504,546.133,0.06144,780.19,0.172032,817.922,0.656384,825.325,2.60198,820.723,10.4663,
0.0104167,0.012288,0.0416667,0.012288,0.166667,0.012288,0.666667,0.012288,2.66667,0.012288,9.84615,0.013312,39.3846,0.013312,136.533,0.01536,372.364,0.022528,546.133,0.06144,766.503,0.175104,819.2,0.65536,825.976,2.59994,821.285,10.4591,
0.0113636,0.011264,0.0416667,0.012288,0.181818,0.011264,0.727273,0.011264,2.46154,0.013312,10.6667,0.012288,39.3846,0.013312,136.533,0.01536,390.095,0.021504,555.39,0.060416,775.574,0.173056,816.648,0.657408,825.65,2.60096,821.849,10.452,
0.0104167,0.012288,0.0454545,0.011264,0.166667,0.012288,0.666667,0.012288,2.66667,0.012288,9.84615,0.013312,39.3846,0.013312,136.533,0.01536,372.364,0.022528,546.133,0.06144,775.574,0.173056,817.922,0.656384,825.65,2.60096,821.607,10.455,
0.0104167,0.012288,0.0416667,0.012288,0.181818,0.011264,0.727273,0.011264,2.66667,0.012288,9.84615,0.013312,36.5714,0.014336,128,0.016384,390.095,0.021504,546.133,0.06144,780.19,0.172032,816.648,0.657408,825.001,2.60301,821.366,10.4581,
0.0104167,0.012288,0.0416667,0.012288,0.166667,0.012288,0.666667,0.012288,2.66667,0.012288,10.6667,0.012288,39.3846,0.013312,146.286,0.014336,372.364,0.022528,537.18,0.062464,775.574,0.173056,816.648,0.657408,825.001,2.60301,821.205,10.4602,
0.0113636,0.011264,0.0454545,0.011264,0.166667,0.012288,0.727273,0.011264,2.46154,0.013312,9.84615,0.013312,39.3846,0.013312,136.533,0.01536,390.095,0.021504,546.133,0.06144,762.047,0.176128,817.922,0.656384,824.676,2.60403,821.849,10.452,
0.0104167,0.012288,0.0384615,0.013312,0.166667,0.012288,0.666667,0.012288,2.66667,0.012288,10.6667,0.012288,39.3846,0.013312,136.533,0.01536,390.095,0.021504,546.133,0.06144,775.574,0.173056,819.2,0.65536,825.976,2.59994,820.883,10.4643,
0.0113636,0.011264,0.0454545,0.011264,0.166667,0.012288,0.727273,0.011264,2.66667,0.012288,9.84615,0.013312,39.3846,0.013312,146.286,0.014336,390.095,0.021504,546.133,0.06144,771.012,0.17408,817.922,0.656384,824.352,2.60506,821.688,10.454,
0.0104167,0.012288,0.0416667,0.012288,0.166667,0.012288,0.666667,0.012288,2.66667,0.012288,9.84615,0.013312,42.6667,0.012288,136.533,0.01536,372.364,0.022528,537.18,0.062464,771.012,0.17408,815.378,0.658432,825.976,2.59994,822.01,10.4499,
0.0113636,0.011264,0.0454545,0.011264,0.166667,0.012288,0.727273,0.011264,2.66667,0.012288,9.84615,0.013312,39.3846,0.013312,146.286,0.014336,390.095,0.021504,546.133,0.06144,780.19,0.172032,817.922,0.656384,825.325,2.60198,821.527,10.4561,
0.0104167,0.012288,0.0454545,0.011264,0.153846,0.013312,0.666667,0.012288,2.66667,0.012288,9.14286,0.014336,39.3846,0.013312,136.533,0.01536,390.095,0.021504,537.18,0.062464,775.574,0.173056,819.2,0.65536,824.028,2.60608,821.366,10.4581,
0.0104167,0.012288,0.0454545,0.011264,0.166667,0.012288,0.571429,0.014336,2.46154,0.013312,9.84615,0.013312,39.3846,0.013312,146.286,0.014336,372.364,0.022528,546.133,0.06144,762.047,0.176128,817.922,0.656384,826.627,2.59789,821.607,10.455,
0.0104167,0.012288,0.0416667,0.012288,0.166667,0.012288,0.666667,0.012288,2.46154,0.013312,10.6667,0.012288,39.3846,0.013312,146.286,0.014336,372.364,0.022528,537.18,0.062464,780.19,0.172032,816.648,0.657408,825.976,2.59994,821.527,10.4561,
0.0104167,0.012288,0.0454545,0.011264,0.166667,0.012288,0.727273,0.011264,2.66667,0.012288,9.84615,0.013312,39.3846,0.013312,136.533,0.01536,390.095,0.021504,546.133,0.06144,780.19,0.172032,820.482,0.654336,825.65,2.60096,821.285,10.4591,
0.0104167,0.012288,0.0416667,0.012288,0.166667,0.012288,0.666667,0.012288,2.46154,0.013312,9.84615,0.013312,39.3846,0.013312,136.533,0.01536,372.364,0.022528,537.18,0.062464,775.574,0.173056,820.482,0.654336,826.301,2.59891,821.366,10.4581,
0.0113636,0.011264,0.0454545,0.011264,0.166667,0.012288,0.727273,0.011264,2.46154,0.013312,9.84615,0.013312,39.3846,0.013312,136.533,0.01536,372.364,0.022528,546.133,0.06144,775.574,0.173056,819.2,0.65536,825.65,2.60096,821.849,10.452,
0.0104167,0.012288,0.0416667,0.012288,0.166667,0.012288,0.666667,0.012288,2.66667,0.012288,9.84615,0.013312,39.3846,0.013312,136.533,0.01536,372.364,0.022528,546.133,0.06144,771.012,0.17408,817.922,0.656384,824.676,2.60403,821.527,10.4561,
0.0113636,0.011264,0.0357143,0.014336,0.181818,0.011264,0.666667,0.012288,2.46154,0.013312,9.84615,0.013312,39.3846,0.013312,146.286,0.014336,390.095,0.021504,537.18,0.062464,780.19,0.172032,819.2,0.65536,825.325,2.60198,822.01,10.4499,
0.0104167,0.012288,0.0454545,0.011264,0.166667,0.012288,0.666667,0.012288,2.66667,0.012288,9.84615,0.013312,39.3846,0.013312,136.533,0.01536,390.095,0.021504,537.18,0.062464,766.503,0.175104,816.648,0.657408,825.65,2.60096,821.446,10.4571,
0.0113636,0.011264,0.0454545,0.011264,0.166667,0.012288,0.727273,0.011264,2.46154,0.013312,10.6667,0.012288,39.3846,0.013312,136.533,0.01536,372.364,0.022528,546.133,0.06144,775.574,0.173056,821.768,0.653312,825.001,2.60301,821.768,10.453,
0.0104167,0.012288,0.0416667,0.012288,0.153846,0.013312,0.666667,0.012288,2.66667,0.012288,9.84615,0.013312,39.3846,0.013312,136.533,0.01536,390.095,0.021504,537.18,0.062464,775.574,0.173056,819.2,0.65536,825.976,2.59994,821.285,10.4591,
0.0104167,0.012288,0.0454545,0.011264,0.166667,0.012288,0.727273,0.011264,2.66667,0.012288,9.84615,0.013312,39.3846,0.013312,146.286,0.014336,390.095,0.021504,537.18,0.062464,775.574,0.173056,816.648,0.657408,826.301,2.59891,821.688,10.454,
0.0104167,0.012288,0.0416667,0.012288,0.153846,0.013312,0.666667,0.012288,2.66667,0.012288,9.84615,0.013312,39.3846,0.013312,128,0.016384,372.364,0.022528,546.133,0.06144,775.574,0.173056,820.482,0.654336,825.976,2.59994,821.849,10.452,
0.0113636,0.011264,0.0454545,0.011264,0.166667,0.012288,0.727273,0.011264,2.46154,0.013312,9.84615,0.013312,39.3846,0.013312,146.286,0.014336,390.095,0.021504,537.18,0.062464,775.574,0.173056,820.482,0.654336,826.301,2.59891,821.044,10.4622,
0.0104167,0.012288,0.0416667,0.012288,0.166667,0.012288,0.666667,0.012288,2.66667,0.012288,10.6667,0.012288,39.3846,0.013312,136.533,0.01536,372.364,0.022528,546.133,0.06144,780.19,0.172032,816.648,0.657408,826.301,2.59891,821.044,10.4622,
0.0113636,0.011264,0.0454545,0.011264,0.181818,0.011264,0.727273,0.011264,2.66667,0.012288,9.84615,0.013312,39.3846,0.013312,136.533,0.01536,372.364,0.022528,528.516,0.063488,766.503,0.175104,820.482,0.654336,825.976,2.59994,821.527,10.4561,
0.0104167,0.012288,0.0454545,0.011264,0.166667,0.012288,0.666667,0.012288,2.66667,0.012288,9.84615,0.013312,42.6667,0.012288,136.533,0.01536,390.095,0.021504,537.18,0.062464,762.047,0.176128,819.2,0.65536,825.65,2.60096,821.366,10.4581,
0.0113636,0.011264,0.0416667,0.012288,0.166667,0.012288,0.727273,0.011264,2.28571,0.014336,9.84615,0.013312,39.3846,0.013312,136.533,0.01536,372.364,0.022528,537.18,0.062464,775.574,0.173056,819.2,0.65536,826.301,2.59891,821.607,10.455,
0.0104167,0.012288,0.0454545,0.011264,0.166667,0.012288,0.615385,0.013312,2.66667,0.012288,10.6667,0.012288,39.3846,0.013312,136.533,0.01536,327.68,0.0256,546.133,0.06144,775.574,0.173056,819.2,0.65536,824.676,2.60403,822.09,10.4489,
0.0113636,0.011264,0.0454545,0.011264,0.181818,0.011264,0.666667,0.012288,2.46154,0.013312,9.84615,0.013312,39.3846,0.013312,146.286,0.014336,372.364,0.022528,546.133,0.06144,766.503,0.175104,817.922,0.656384,825.001,2.60301,821.527,10.4561,
0.0104167,0.012288,0.0416667,0.012288,0.142857,0.014336,0.727273,0.011264,2.66667,0.012288,9.84615,0.013312,39.3846,0.013312,136.533,0.01536,372.364,0.022528,537.18,0.062464,775.574,0.173056,820.482,0.654336,824.676,2.60403,821.607,10.455,
0.0104167,0.012288,0.0416667,0.012288,0.166667,0.012288,0.727273,0.011264,2.46154,0.013312,10.6667,0.012288,39.3846,0.013312,136.533,0.01536,390.095,0.021504,537.18,0.062464,771.012,0.17408,817.922,0.656384,825.325,2.60198,821.768,10.453,
0.0104167,0.012288,0.0416667,0.012288,0.153846,0.013312,0.666667,0.012288,2.46154,0.013312,9.14286,0.014336,42.6667,0.012288,146.286,0.014336,372.364,0.022528,537.18,0.062464,780.19,0.172032,816.648,0.657408,825.325,2.60198,821.446,10.4571,
0.0113636,0.011264,0.0416667,0.012288,0.181818,0.011264,0.727273,0.011264,2.66667,0.012288,9.84615,0.013312,39.3846,0.013312,128,0.016384,390.095,0.021504,546.133,0.06144,775.574,0.173056,820.482,0.654336,825.001,2.60301,821.205,10.4602,
0.0113636,0.011264,0.0454545,0.011264,0.166667,0.012288,0.666667,0.012288,2.46154,0.013312,9.84615,0.013312,39.3846,0.013312,136.533,0.01536,390.095,0.021504,546.133,0.06144,775.574,0.173056,816.648,0.657408,825.001,2.60301,821.607,10.455,
0.0104167,0.012288,0.0416667,0.012288,0.181818,0.011264,0.727273,0.011264,2.46154,0.013312,9.84615,0.013312,42.6667,0.012288,136.533,0.01536,390.095,0.021504,537.18,0.062464,771.012,0.17408,819.2,0.65536,825.65,2.60096,821.446,10.4571,
0.0113636,0.011264,0.0416667,0.012288,0.181818,0.011264,0.666667,0.012288,2.66667,0.012288,9.84615,0.013312,39.3846,0.013312,136.533,0.01536,372.364,0.022528,537.18,0.062464,780.19,0.172032,819.2,0.65536,825.65,2.60096,821.205,10.4602,
0.0113636,0.011264,0.0454545,0.011264,0.166667,0.012288,0.727273,0.011264,2.46154,0.013312,10.6667,0.012288,39.3846,0.013312,136.533,0.01536,372.364,0.022528,537.18,0.062464,780.19,0.172032,819.2,0.65536,825.001,2.60301,821.446,10.4571,
0.00625,0.02048,0.0416667,0.012288,0.153846,0.013312,0.571429,0.014336,2.66667,0.012288,9.84615,0.013312,39.3846,0.013312,136.533,0.01536,372.364,0.022528,564.966,0.059392,732.246,0.183296,802.891,0.668672,822.735,2.61018,806.054,10.6568,
0.0104167,0.012288,0.0416667,0.012288,0.166667,0.012288,0.666667,0.012288,2.46154,0.013312,10.6667,0.012288,39.3846,0.013312,136.533,0.01536,372.364,0.022528,555.39,0.060416,762.047,0.176128,807.84,0.664576,823.058,2.60915,805.977,10.6578,
0.00892857,0.014336,0.0416667,0.012288,0.166667,0.012288,0.666667,0.012288,2.66667,0.012288,9.84615,0.013312,39.3846,0.013312,146.286,0.014336,390.095,0.021504,546.133,0.06144,757.642,0.177152,809.086,0.663552,822.735,2.61018,805.358,10.666,
0.00961538,0.013312,0.0454545,0.011264,0.181818,0.011264,0.727273,0.011264,2.46154,0.013312,10.6667,0.012288,42.6667,0.012288,136.533,0.01536,409.6,0.02048,555.39,0.060416,748.983,0.1792,807.84,0.664576,822.735,2.61018,806.442,10.6516,
0.00892857,0.014336,0.0416667,0.012288,0.166667,0.012288,0.666667,0.012288,2.66667,0.012288,10.6667,0.012288,39.3846,0.013312,146.286,0.014336,390.095,0.021504,546.133,0.06144,757.642,0.177152,812.85,0.66048,825.001,2.60301,805.822,10.6598,
0.00961538,0.013312,0.0454545,0.011264,0.166667,0.012288,0.666667,0.012288,2.66667,0.012288,9.84615,0.013312,39.3846,0.013312,136.533,0.01536,390.095,0.021504,555.39,0.060416,762.047,0.176128,816.648,0.657408,824.676,2.60403,806.054,10.6568,
0.0104167,0.012288,0.0416667,0.012288,0.181818,0.011264,0.666667,0.012288,2.66667,0.012288,9.84615,0.013312,39.3846,0.013312,146.286,0.014336,409.6,0.02048,555.39,0.060416,766.503,0.175104,817.922,0.656384,824.676,2.60403,806.054,10.6568,
0.00961538,0.013312,0.0454545,0.011264,0.181818,0.011264,0.727273,0.011264,2.66667,0.012288,9.84615,0.013312,39.3846,0.013312,146.286,0.014336,390.095,0.021504,555.39,0.060416,757.642,0.177152,815.378,0.658432,825.001,2.60301,816.171,10.5247,
0.00892857,0.014336,0.0416667,0.012288,0.181818,0.011264,0.727273,0.011264,2.66667,0.012288,10.6667,0.012288,39.3846,0.013312,136.533,0.01536,390.095,0.021504,555.39,0.060416,748.983,0.1792,816.648,0.657408,824.676,2.60403,817.763,10.5042,
0.0104167,0.012288,0.0454545,0.011264,0.181818,0.011264,0.666667,0.012288,2.46154,0.013312,9.84615,0.013312,42.6667,0.012288,146.286,0.014336,390.095,0.021504,546.133,0.06144,753.287,0.178176,817.922,0.656384,825.65,2.60096,817.842,10.5032,
0.00892857,0.014336,0.0416667,0.012288,0.166667,0.012288,0.666667,0.012288,2.66667,0.012288,10.6667,0.012288,39.3846,0.013312,146.286,0.014336,390.095,0.021504,555.39,0.060416,736.36,0.182272,816.648,0.657408,825.001,2.60301,816.966,10.5144,
0.00961538,0.013312,0.0454545,0.011264,0.181818,0.011264,0.666667,0.012288,2.66667,0.012288,9.84615,0.013312,39.3846,0.013312,136.533,0.01536,409.6,0.02048,555.39,0.060416,757.642,0.177152,819.2,0.65536,824.028,2.60608,817.125,10.5124,
0.00892857,0.014336,0.0384615,0.013312,0.181818,0.011264,0.666667,0.012288,2.66667,0.012288,9.84615,0.013312,39.3846,0.013312,146.286,0.014336,390.095,0.021504,555.39,0.060416,766.503,0.175104,819.2,0.65536,824.028,2.60608,817.364,10.5093,
0.00961538,0.013312,0.0454545,0.011264,0.181818,0.011264,0.666667,0.012288,2.46154,0.013312,9.84615,0.013312,30.1176,0.017408,146.286,0.014336,409.6,0.02048,555.39,0.060416,766.503,0.175104,816.648,0.657408,824.676,2.60403,817.842,10.5032,
0.00833333,0.01536,0.0416667,0.012288,0.166667,0.012288,0.666667,0.012288,2.66667,0.012288,10.6667,0.012288,36.5714,0.014336,136.533,0.01536,390.095,0.021504,555.39,0.060416,753.287,0.178176,816.648,0.657408,825.001,2.60301,817.842,10.5032,
0.00892857,0.014336,0.0454545,0.011264,0.181818,0.011264,0.666667,0.012288,2.46154,0.013312,9.84615,0.013312,42.6667,0.012288,146.286,0.014336,390.095,0.021504,564.966,0.059392,757.642,0.177152,815.378,0.658432,825.001,2.60301,817.284,10.5103,
0.00892857,0.014336,0.0416667,0.012288,0.166667,0.012288,0.666667,0.012288,2.66667,0.012288,10.6667,0.012288,36.5714,0.014336,136.533,0.01536,390.095,0.021504,555.39,0.060416,753.287,0.178176,816.648,0.657408,825.65,2.60096,816.807,10.5165,
0.00961538,0.013312,0.0416667,0.012288,0.166667,0.012288,0.666667,0.012288,2.46154,0.013312,9.84615,0.013312,39.3846,0.013312,113.778,0.018432,390.095,0.021504,546.133,0.06144,766.503,0.175104,819.2,0.65536,825.976,2.59994,817.444,10.5083,
0.00833333,0.01536,0.0416667,0.012288,0.181818,0.011264,0.666667,0.012288,2.66667,0.012288,9.84615,0.013312,39.3846,0.013312,146.286,0.014336,409.6,0.02048,555.39,0.060416,753.287,0.178176,816.648,0.657408,825.65,2.60096,817.842,10.5032,
0.00961538,0.013312,0.0454545,0.011264,0.166667,0.012288,0.666667,0.012288,2.66667,0.012288,10.6667,0.012288,39.3846,0.013312,146.286,0.014336,390.095,0.021504,564.966,0.059392,757.642,0.177152,816.648,0.657408,824.676,2.60403,817.125,10.5124,
0.00961538,0.013312,0.0416667,0.012288,0.166667,0.012288,0.666667,0.012288,2.66667,0.012288,9.84615,0.013312,39.3846,0.013312,146.286,0.014336,390.095,0.021504,555.39,0.060416,748.983,0.1792,819.2,0.65536,825.65,2.60096,817.125,10.5124,
0.0113636,0.011264,0.0454545,0.011264,0.181818,0.011264,0.666667,0.012288,2.46154,0.013312,10.6667,0.012288,39.3846,0.013312,136.533,0.01536,390.095,0.021504,555.39,0.060416,757.642,0.177152,819.2,0.65536,825.976,2.59994,817.523,10.5073,
0.00961538,0.013312,0.0454545,0.011264,0.181818,0.011264,0.727273,0.011264,2.66667,0.012288,10.6667,0.012288,39.3846,0.013312,136.533,0.01536,390.095,0.021504,555.39,0.060416,762.047,0.176128,819.2,0.65536,825.325,2.60198,817.603,10.5062,
0.00892857,0.014336,0.0454545,0.011264,0.166667,0.012288,0.666667,0.012288,2.46154,0.013312,9.84615,0.013312,42.6667,0.012288,146.286,0.014336,390.095,0.021504,555.39,0.060416,757.642,0.177152,820.482,0.654336,824.676,2.60403,817.125,10.5124,
0.00961538,0.013312,0.0416667,0.012288,0.166667,0.012288,0.666667,0.012288,2.66667,0.012288,10.6667,0.012288,39.3846,0.013312,146.286,0.014336,390.095,0.021504,564.966,0.059392,753.287,0.178176,817.922,0.656384,825.65,2.60096,817.922,10.5021,
0.0104167,0.012288,0.0454545,0.011264,0.181818,0.011264,0.727273,0.011264,2.46154,0.013312,9.84615,0.013312,39.3846,0.013312,136.533,0.01536,390.095,0.021504,546.133,0.06144,748.983,0.1792,817.922,0.656384,824.028,2.60608,817.763,10.5042,
0.00961538,0.013312,0.0416667,0.012288,0.166667,0.012288,0.666667,0.012288,2.66667,0.012288,9.84615,0.013312,39.3846,0.013312,146.286,0.014336,390.095,0.021504,555.39,0.060416,757.642,0.177152,817.922,0.656384,825.001,2.60301,821.285,10.4591,
0.0113636,0.011264,0.0454545,0.011264,0.181818,0.011264,0.666667,0.012288,2.46154,0.013312,10.6667,0.012288,42.6667,0.012288,136.533,0.01536,390.095,0.021504,555.39,0.060416,753.287,0.178176,817.922,0.656384,824.676,2.60403,822.413,10.4448,
0.00961538,0.013312,0.0416667,0.012288,0.166667,0.012288,0.666667,0.012288,2.66667,0.012288,9.84615,0.013312,36.5714,0.014336,136.533,0.01536,390.095,0.021504,546.133,0.06144,757.642,0.177152,819.2,0.65536,825.65,2.60096,822.413,10.4448,
0.00892857,0.014336,0.0454545,0.011264,0.181818,0.011264,0.666667,0.012288,2.66667,0.012288,9.84615,0.013312,39.3846,0.013312,146.286,0.014336,390.095,0.021504,555.39,0.060416,762.047,0.176128,820.482,0.654336,825.325,2.60198,821.125,10.4612,
0.0104167,0.012288,0.0416667,0.012288,0.166667,0.012288,0.666667,0.012288,2.46154,0.013312,10.6667,0.012288,39.3846,0.013312,146.286,0.014336,390.095,0.021504,555.39,0.060416,757.642,0.177152,816.648,0.657408,825.001,2.60301,820.322,10.4714,
0.0104167,0.012288,0.0454545,0.011264,0.181818,0.011264,0.666667,0.012288,2.46154,0.013312,9.84615,0.013312,42.6667,0.012288,146.286,0.014336,409.6,0.02048,546.133,0.06144,753.287,0.178176,820.482,0.654336,825.001,2.60301,821.125,10.4612,
0.00961538,0.013312,0.0416667,0.012288,0.166667,0.012288,0.615385,0.013312,2.66667,0.012288,9.84615,0.013312,39.3846,0.013312,136.533,0.01536,390.095,0.021504,555.39,0.060416,757.642,0.177152,817.922,0.656384,825.65,2.60096,821.044,10.4622,
0.00892857,0.014336,0.0454545,0.011264,0.166667,0.012288,0.666667,0.012288,2.46154,0.013312,10.6667,0.012288,39.3846,0.013312,146.286,0.014336,390.095,0.021504,555.39,0.060416,748.983,0.1792,817.922,0.656384,825.001,2.60301,820.643,10.4673,
0.00892857,0.014336,0.0384615,0.013312,0.166667,0.012288,0.666667,0.012288,2.66667,0.012288,9.84615,0.013312,39.3846,0.013312,136.533,0.01536,409.6,0.02048,555.39,0.060416,736.36,0.182272,819.2,0.65536,825.001,2.60301,820.643,10.4673,
0.00892857,0.014336,0.0454545,0.011264,0.181818,0.011264,0.727273,0.011264,2.66667,0.012288,9.84615,0.013312,39.3846,0.013312,146.286,0.014336,390.095,0.021504,546.133,0.06144,766.503,0.175104,817.922,0.656384,825.325,2.60198,820.081,10.4745,
0.00961538,0.013312,0.0416667,0.012288,0.166667,0.012288,0.666667,0.012288,2.66667,0.012288,9.84615,0.013312,39.3846,0.013312,136.533,0.01536,390.095,0.021504,555.39,0.060416,757.642,0.177152,819.2,0.65536,825.65,2.60096,820.001,10.4755,
0.0104167,0.012288,0.0454545,0.011264,0.166667,0.012288,0.666667,0.012288,2.66667,0.012288,10.6667,0.012288,39.3846,0.013312,146.286,0.014336,390.095,0.021504,555.39,0.060416,766.503,0.175104,817.922,0.656384,825.976,2.59994,820.081,10.4745,
0.00892857,0.014336,0.0454545,0.011264,0.166667,0.012288,0.615385,0.013312,2.66667,0.012288,10.6667,0.012288,39.3846,0.013312,136.533,0.01536,409.6,0.02048,555.39,0.060416,757.642,0.177152,817.922,0.656384,825.325,2.60198,820.482,10.4694,
0.0104167,0.012288,0.0416667,0.012288,0.166667,0.012288,0.666667,0.012288,2.46154,0.013312,9.84615,0.013312,39.3846,0.013312,136.533,0.01536,390.095,0.021504,555.39,0.060416,757.642,0.177152,817.922,0.656384,826.301,2.59891,819.841,10.4776,
0.00961538,0.013312,0.0416667,0.012288,0.166667,0.012288,0.615385,0.013312,2.66667,0.012288,10.6667,0.012288,39.3846,0.013312,146.286,0.014336,390.095,0.021504,555.39,0.060416,753.287,0.178176,820.482,0.654336,825.325,2.60198,819.76,10.4786,
0.00961538,0.013312,0.0416667,0.012288,0.166667,0.012288,0.666667,0.012288,2.46154,0.013312,9.84615,0.013312,39.3846,0.013312,146.286,0.014336,390.095,0.021504,555.39,0.060416,753.287,0.178176,816.648,0.657408,825.325,2.60198,820.241,10.4724,
0.00961538,0.013312,0.0454545,0.011264,0.166667,0.012288,0.666667,0.012288,2.66667,0.012288,10.6667,0.012288,39.3846,0.013312,146.286,0.014336,390.095,0.021504,546.133,0.06144,762.047,0.176128,817.922,0.656384,825.65,2.60096,820.562,10.4684,
0.0104167,0.012288,0.0416667,0.012288,0.166667,0.012288,0.666667,0.012288,2.66667,0.012288,9.84615,0.013312,39.3846,0.013312,146.286,0.014336,341.333,0.024576,564.966,0.059392,757.642,0.177152,817.922,0.656384,825.65,2.60096,820.161,10.4735,
0.00892857,0.014336,0.0416667,0.012288,0.166667,0.012288,0.666667,0.012288,2.66667,0.012288,10.6667,0.012288,39.3846,0.013312,146.286,0.014336,390.095,0.021504,215.579,0.155648,762.047,0.176128,815.378,0.658432,824.676,2.60403,820.322,10.4714,
0.00961538,0.013312,0.0454545,0.011264,0.181818,0.011264,0.666667,0.012288,2.46154,0.013312,9.84615,0.013312,39.3846,0.013312,136.533,0.01536,409.6,0.02048,546.133,0.06144,762.047,0.176128,819.2,0.65536,825.001,2.60301,820.081,10.4745,
0.0104167,0.012288,0.0384615,0.013312,0.166667,0.012288,0.615385,0.013312,2.66667,0.012288,9.84615,0.013312,39.3846,0.013312,146.286,0.014336,390.095,0.021504,546.133,0.06144,762.047,0.176128,819.2,0.65536,825.65,2.60096,819.68,10.4796,
0.0104167,0.012288,0.0416667,0.012288,0.166667,0.012288,0.666667,0.012288,2.46154,0.013312,9.84615,0.013312,39.3846,0.013312,136.533,0.01536,390.095,0.021504,555.39,0.060416,757.642,0.177152,819.2,0.65536,824.028,2.60608,819.841,10.4776,
0.00833333,0.01536,0.0454545,0.011264,0.166667,0.012288,0.666667,0.012288,2.66667,0.012288,10.6667,0.012288,39.3846,0.013312,146.286,0.014336,390.095,0.021504,546.133,0.06144,762.047,0.176128,817.922,0.656384,825.65,2.60096,820.001,10.4755,
0.00892857,0.014336,0.0454545,0.011264,0.181818,0.011264,0.666667,0.012288,2.46154,0.013312,9.84615,0.013312,39.3846,0.013312,146.286,0.014336,409.6,0.02048,564.966,0.059392,762.047,0.176128,819.2,0.65536,825.001,2.60301,820.643,10.4673,
0.00892857,0.014336,0.0416667,0.012288,0.166667,0.012288,0.666667,0.012288,2.66667,0.012288,10.6667,0.012288,39.3846,0.013312,146.286,0.014336,390.095,0.021504,555.39,0.060416,757.642,0.177152,819.2,0.65536,825.001,2.60301,819.6,10.4806,
0.0104167,0.012288,0.0416667,0.012288,0.181818,0.011264,0.5,0.016384,2.66667,0.012288,9.84615,0.013312,39.3846,0.013312,136.533,0.01536,409.6,0.02048,555.39,0.060416,762.047,0.176128,817.922,0.656384,825.001,2.60301,819.76,10.4786,
0.00892857,0.014336,0.0416667,0.012288,0.166667,0.012288,0.666667,0.012288,2.46154,0.013312,10.6667,0.012288,39.3846,0.013312,136.533,0.01536,390.095,0.021504,555.39,0.060416,757.642,0.177152,816.648,0.657408,825.325,2.60198,819.52,10.4817,
0.00961538,0.013312,0.0416667,0.012288,0.181818,0.011264,0.666667,0.012288,2.66667,0.012288,9.84615,0.013312,39.3846,0.013312,146.286,0.014336,390.095,0.021504,564.966,0.059392,757.642,0.177152,815.378,0.658432,825.001,2.60301,819.76,10.4786,
0.00892857,0.014336,0.0416667,0.012288,0.166667,0.012288,0.666667,0.012288,2.46154,0.013312,10.6667,0.012288,39.3846,0.013312,136.533,0.01536,390.095,0.021504,546.133,0.06144,762.047,0.176128,816.648,0.657408,826.301,2.59891,820.562,10.4684,
0.00892857,0.014336,0.0454545,0.011264,0.181818,0.011264,0.727273,0.011264,2.46154,0.013312,9.84615,0.013312,39.3846,0.013312,146.286,0.014336,390.095,0.021504,555.39,0.060416,762.047,0.176128,817.922,0.656384,825.325,2.60198,820.001,10.4755,
0.00892857,0.014336,0.0416667,0.012288,0.166667,0.012288,0.666667,0.012288,2.66667,0.012288,9.84615,0.013312,39.3846,0.013312,136.533,0.01536,390.095,0.021504,564.966,0.059392,757.642,0.177152,819.2,0.65536,825.325,2.60198,820.562,10.4684,
0.00892857,0.014336,0.0454545,0.011264,0.181818,0.011264,0.666667,0.012288,2.46154,0.013312,9.84615,0.013312,42.6667,0.012288,146.286,0.014336,390.095,0.021504,555.39,0.060416,757.642,0.177152,817.922,0.656384,825.325,2.60198,819.04,10.4878,
0.00892857,0.014336,0.0454545,0.011264,0.166667,0.012288,0.666667,0.012288,2.66667,0.012288,10.6667,0.012288,42.6667,0.012288,146.286,0.014336,390.095,0.021504,555.39,0.060416,757.642,0.177152,816.648,0.657408,825.976,2.59994,819.36,10.4837,
0.00892857,0.014336,0.0454545,0.011264,0.166667,0.012288,0.615385,0.013312,2.46154,0.013312,9.84615,0.013312,42.6667,0.012288,136.533,0.01536,390.095,0.021504,555.39,0.060416,762.047,0.176128,817.922,0.656384,826.627,2.59789,819.841,10.4776,
0.00961538,0.013312,0.0384615,0.013312,0.166667,0.012288,0.666667,0.012288,2.66667,0.012288,10.6667,0.012288,39.3846,0.013312,146.286,0.014336,390.095,0.021504,555.39,0.060416,753.287,0.178176,817.922,0.656384,824.676,2.60403,819.841,10.4776,
0.00961538,0.013312,0.0416667,0.012288,0.166667,0.012288,0.727273,0.011264,2.46154,0.013312,9.84615,0.013312,39.3846,0.013312,146.286,0.014336,409.6,0.02048,555.39,0.060416,762.047,0.176128,817.922,0.656384,825.001,2.60301,820.241,10.4724,
0.00961538,0.013312,0.0416667,0.012288,0.166667,0.012288,0.666667,0.012288,2.66667,0.012288,10.6667,0.012288,39.3846,0.013312,146.286,0.014336,372.364,0.022528,564.966,0.059392,766.503,0.175104,820.482,0.654336,825.65,2.60096,820.161,10.4735,
0.00961538,0.013312,0.0416667,0.012288,0.181818,0.011264,0.666667,0.012288,2.66667,0.012288,9.84615,0.013312,42.6667,0.012288,146.286,0.014336,390.095,0.021504,555.39,0.060416,757.642,0.177152,819.2,0.65536,821.768,2.61325,819.44,10.4827,
0.00892857,0.014336,0.0416667,0.012288,0.166667,0.012288,0.666667,0.012288,2.66667,0.012288,9.84615,0.013312,39.3846,0.013312,136.533,0.01536,409.6,0.02048,555.39,0.060416,753.287,0.178176,817.922,0.656384,821.446,2.61427,819.68,10.4796,
0.0104167,0.012288,0.0454545,0.011264,0.166667,0.012288,0.727273,0.011264,2.46154,0.013312,9.84615,0.013312,39.3846,0.013312,146.286,0.014336,390.095,0.021504,555.39,0.060416,757.642,0.177152,816.648,0.657408,823.058,2.60915,820.161,10.4735,
0.00961538,0.013312,0.0416667,0.012288,0.181818,0.011264,0.666667,0.012288,2.66667,0.012288,10.6667,0.012288,39.3846,0.013312,136.533,0.01536,390.095,0.021504,555.39,0.060416,766.503,0.175104,819.2,0.65536,822.413,2.6112,819.841,10.4776,
0.00961538,0.013312,0.0454545,0.011264,0.166667,0.012288,0.666667,0.012288,2.66667,0.012288,9.84615,0.013312,39.3846,0.013312,146.286,0.014336,390.095,0.021504,555.39,0.060416,753.287,0.178176,820.482,0.654336,823.381,2.60813,819.76,10.4786,
0.00892857,0.014336,0.0416667,0.012288,0.166667,0.012288,0.666667,0.012288,2.66667,0.012288,9.84615,0.013312,39.3846,0.013312,136.533,0.01536,390.095,0.021504,564.966,0.059392,753.287,0.178176,817.922,0.656384,822.09,2.61222,819.68,10.4796,
0.0104167,0.012288,0.0416667,0.012288,0.166667,0.012288,0.666667,0.012288,2.46154,0.013312,9.84615,0.013312,39.3846,0.013312,146.286,0.014336,409.6,0.02048,555.39,0.060416,748.983,0.1792,817.922,0.656384,822.09,2.61222,819.52,10.4817,
0.00892857,0.014336,0.0416667,0.012288,0.166667,0.012288,0.666667,0.012288,2.66667,0.012288,10.6667,0.012288,39.3846,0.013312,146.286,0.014336,390.095,0.021504,555.39,0.060416,762.047,0.176128,817.922,0.656384,823.058,2.60915,820.562,10.4684,
0.00961538,0.013312,0.0416667,0.012288,0.181818,0.011264,0.727273,0.011264,2.66667,0.012288,9.84615,0.013312,42.6667,0.012288,136.533,0.01536,390.095,0.021504,555.39,0.060416,753.287,0.178176,817.922,0.656384,823.705,2.6071,820.803,10.4653,
0.00892857,0.014336,0.0416667,0.012288,0.166667,0.012288,0.666667,0.012288,2.46154,0.013312,9.84615,0.013312,39.3846,0.013312,146.286,0.014336,390.095,0.021504,555.39,0.060416,766.503,0.175104,816.648,0.657408,825.001,2.60301,820.161,10.4735,
0.00961538,0.013312,0.0416667,0.012288,0.166667,0.012288,0.727273,0.011264,2.46154,0.013312,10.6667,0.012288,39.3846,0.013312,136.533,0.01536,409.6,0.02048,546.133,0.06144,762.047,0.176128,816.648,0.657408,823.058,2.60915,820.322,10.4714,
0.00961538,0.013312,0.0416667,0.012288,0.166667,0.012288,0.666667,0.012288,2.66667,0.012288,9.84615,0.013312,39.3846,0.013312,146.286,0.014336,372.364,0.022528,555.39,0.060416,748.983,0.1792,816.648,0.657408,824.676,2.60403,821.285,10.4591,
0.00961538,0.013312,0.0416667,0.012288,0.181818,0.011264,0.666667,0.012288,2.46154,0.013312,9.84615,0.013312,39.3846,0.013312,146.286,0.014336,356.174,0.023552,564.966,0.059392,753.287,0.178176,817.922,0.656384,824.028,2.60608,821.044,10.4622,
0.00892857,0.014336,0.0416667,0.012288,0.166667,0.012288,0.615385,0.013312,2.66667,0.012288,10.6667,0.012288,42.6667,0.012288,136.533,0.01536,390.095,0.021504,555.39,0.060416,757.642,0.177152,815.378,0.658432,823.705,2.6071,821.607,10.455,
0.00961538,0.013312,0.0416667,0.012288,0.181818,0.011264,0.727273,0.011264,2.66667,0.012288,9.84615,0.013312,42.6667,0.012288,146.286,0.014336,390.095,0.021504,555.39,0.060416,757.642,0.177152,817.922,0.656384,823.705,2.6071,821.366,10.4581,
0.00892857,0.014336,0.0416667,0.012288,0.166667,0.012288,0.666667,0.012288,2.66667,0.012288,10.6667,0.012288,39.3846,0.013312,146.286,0.014336,390.095,0.021504,546.133,0.06144,766.503,0.175104,816.648,0.657408,823.381,2.60813,820.964,10.4632,
0.00961538,0.013312,0.025,0.02048,0.181818,0.011264,0.666667,0.012288,2.46154,0.013312,9.84615,0.013312,39.3846,0.013312,136.533,0.01536,409.6,0.02048,555.39,0.060416,753.287,0.178176,819.2,0.65536,823.705,2.6071,821.044,10.4622,
0.00961538,0.013312,0.0416667,0.012288,0.166667,0.012288,0.666667,0.012288,2.66667,0.012288,9.84615,0.013312,39.3846,0.013312,146.286,0.014336,409.6,0.02048,555.39,0.060416,753.287,0.178176,817.922,0.656384,823.381,2.60813,821.446,10.4571,
0.00961538,0.013312,0.0454545,0.011264,0.166667,0.012288,0.615385,0.013312,2.66667,0.012288,9.84615,0.013312,42.6667,0.012288,146.286,0.014336,390.095,0.021504,555.39,0.060416,762.047,0.176128,817.922,0.656384,824.028,2.60608,821.607,10.455,
0.00961538,0.013312,0.0416667,0.012288,0.166667,0.012288,0.666667,0.012288,2.66667,0.012288,10.6667,0.012288,39.3846,0.013312,146.286,0.014336,390.095,0.021504,555.39,0.060416,762.047,0.176128,816.648,0.657408,824.352,2.60506,821.768,10.453,
0.00961538,0.013312,0.0454545,0.011264,0.166667,0.012288,0.666667,0.012288,2.46154,0.013312,9.84615,0.013312,39.3846,0.013312,136.533,0.01536,390.095,0.021504,555.39,0.060416,736.36,0.182272,821.768,0.653312,824.028,2.60608,821.285,10.4591,
0.00961538,0.013312,0.0416667,0.012288,0.166667,0.012288,0.666667,0.012288,2.66667,0.012288,9.84615,0.013312,39.3846,0.013312,146.286,0.014336,390.095,0.021504,555.39,0.060416,757.642,0.177152,819.2,0.65536,824.352,2.60506,821.205,10.4602,
0.0078125,0.016384,0.0416667,0.012288,0.166667,0.012288,0.615385,0.013312,2.66667,0.012288,9.84615,0.013312,42.6667,0.012288,146.286,0.014336,409.6,0.02048,555.39,0.060416,753.287,0.178176,819.2,0.65536,822.09,2.61222,821.527,10.4561,
0.00961538,0.013312,0.0416667,0.012288,0.166667,0.012288,0.666667,0.012288,2.66667,0.012288,9.84615,0.013312,39.3846,0.013312,146.286,0.014336,390.095,0.021504,537.18,0.062464,753.287,0.178176,817.922,0.656384,823.058,2.60915,821.125,10.4612,
0.00961538,0.013312,0.0416667,0.012288,0.153846,0.013312,0.666667,0.012288,2.46154,0.013312,10.6667,0.012288,39.3846,0.013312,136.533,0.01536,390.095,0.021504,555.39,0.060416,753.287,0.178176,819.2,0.65536,823.381,2.60813,821.285,10.4591,
0.00961538,0.013312,0.0416667,0.012288,0.166667,0.012288,0.666667,0.012288,2.66667,0.012288,9.84615,0.013312,39.3846,0.013312,146.286,0.014336,390.095,0.021504,564.966,0.059392,757.642,0.177152,819.2,0.65536,824.028,2.60608,821.205,10.4602,
0.00961538,0.013312,0.0416667,0.012288,0.166667,0.012288,0.666667,0.012288,2.46154,0.013312,9.84615,0.013312,39.3846,0.013312,13.5629,0.154624,390.095,0.021504,555.39,0.060416,757.642,0.177152,817.922,0.656384,823.381,2.60813,821.125,10.4612,
0.00961538,0.013312,0.0416667,0.012288,0.166667,0.012288,0.666667,0.012288,2.46154,0.013312,10.6667,0.012288,39.3846,0.013312,128,0.016384,390.095,0.021504,564.966,0.059392,748.983,0.1792,819.2,0.65536,822.413,2.6112,821.527,10.4561,
0.00961538,0.013312,0.0454545,0.011264,0.181818,0.011264,0.727273,0.011264,2.66667,0.012288,9.84615,0.013312,39.3846,0.013312,146.286,0.014336,390.095,0.021504,546.133,0.06144,753.287,0.178176,819.2,0.65536,821.125,2.6153,821.607,10.455,
0.00961538,0.013312,0.0416667,0.012288,0.105263,0.019456,0.666667,0.012288,2.66667,0.012288,9.84615,0.013312,39.3846,0.013312,136.533,0.01536,390.095,0.021504,564.966,0.059392,757.642,0.177152,819.2,0.65536,822.413,2.6112,821.768,10.453,
0.0104167,0.012288,0.0416667,0.012288,0.166667,0.012288,0.666667,0.012288,2.46154,0.013312,9.84615,0.013312,39.3846,0.013312,146.286,0.014336,409.6,0.02048,555.39,0.060416,753.287,0.178176,817.922,0.656384,823.381,2.60813,821.366,10.4581,
0.00961538,0.013312,0.0416667,0.012288,0.166667,0.012288,0.666667,0.012288,2.66667,0.012288,9.84615,0.013312,39.3846,0.013312,146.286,0.014336,390.095,0.021504,555.39,0.060416,762.047,0.176128,820.482,0.654336,822.735,2.61018,821.527,10.4561,
0.00961538,0.013312,0.0454545,0.011264,0.181818,0.011264,0.666667,0.012288,2.66667,0.012288,9.84615,0.013312,39.3846,0.013312,136.533,0.01536,390.095,0.021504,555.39,0.060416,744.727,0.180224,816.648,0.657408,822.735,2.61018,822.09,10.4489,
0.00961538,0.013312,0.0416667,0.012288,0.166667,0.012288,0.666667,0.012288,2.66667,0.012288,9.84615,0.013312,39.3846,0.013312,146.286,0.014336,390.095,0.021504,555.39,0.060416,757.642,0.177152,817.922,0.656384,823.381,2.60813,821.527,10.4561,
0.00833333,0.01536,0.0416667,0.012288,0.166667,0.012288,0.666667,0.012288,2.46154,0.013312,10.6667,0.012288,39.3846,0.013312,136.533,0.01536,390.095,0.021504,555.39,0.060416,757.642,0.177152,821.768,0.653312,823.058,2.60915,822.01,10.4499,
0.00892857,0.014336,0.0416667,0.012288,0.166667,0.012288,0.666667,0.012288,2.66667,0.012288,9.84615,0.013312,39.3846,0.013312,146.286,0.014336,390.095,0.021504,555.39,0.060416,757.642,0.177152,816.648,0.657408,823.705,2.6071,822.09,10.4489,
0.00961538,0.013312,0.0454545,0.011264,0.181818,0.011264,0.666667,0.012288,2.66667,0.012288,9.84615,0.013312,39.3846,0.013312,146.286,0.014336,390.095,0.021504,555.39,0.060416,748.983,0.1792,819.2,0.65536,824.352,2.60506,821.527,10.4561,
0.0078125,0.016384,0.0384615,0.013312,0.166667,0.012288,0.727273,0.011264,2.46154,0.013312,9.84615,0.013312,39.3846,0.013312,136.533,0.01536,356.174,0.023552,546.133,0.06144,766.503,0.175104,814.112,0.659456,824.676,2.60403,818.401,10.496,
0.0104167,0.012288,0.0454545,0.011264,0.166667,0.012288,0.727273,0.011264,2.66667,0.012288,9.84615,0.013312,39.3846,0.013312,136.533,0.01536,390.095,0.021504,546.133,0.06144,771.012,0.17408,819.2,0.65536,824.028,2.60608,806.209,10.6547,
0.0104167,0.012288,0.0416667,0.012288,0.153846,0.013312,0.666667,0.012288,2.66667,0.012288,10.6667,0.012288,39.3846,0.013312,146.286,0.014336,372.364,0.022528,217.007,0.154624,775.574,0.173056,815.378,0.658432,825.65,2.60096,805.899,10.6588,
0.0104167,0.012288,0.0454545,0.011264,0.181818,0.011264,0.727273,0.011264,2.46154,0.013312,9.84615,0.013312,42.6667,0.012288,136.533,0.01536,390.095,0.021504,546.133,0.06144,771.012,0.17408,817.922,0.656384,825.325,2.60198,806.364,10.6527,
0.00735294,0.017408,0.0416667,0.012288,0.0246914,0.082944,0.666667,0.012288,2.66667,0.012288,9.84615,0.013312,39.3846,0.013312,146.286,0.014336,372.364,0.022528,546.133,0.06144,771.012,0.17408,819.2,0.65536,824.676,2.60403,805.667,10.6619,
0.0113636,0.011264,0.0454545,0.011264,0.166667,0.012288,0.666667,0.012288,2.46154,0.013312,9.84615,0.013312,39.3846,0.013312,136.533,0.01536,372.364,0.022528,546.133,0.06144,780.19,0.172032,817.922,0.656384,824.676,2.60403,805.203,10.668,
0.0104167,0.012288,0.0416667,0.012288,0.166667,0.012288,0.666667,0.012288,2.66667,0.012288,9.84615,0.013312,28.4444,0.018432,146.286,0.014336,390.095,0.021504,537.18,0.062464,762.047,0.176128,817.922,0.656384,824.676,2.60403,805.281,10.667,
0.0113636,0.011264,0.0416667,0.012288,0.166667,0.012288,0.727273,0.011264,2.46154,0.013312,10.6667,0.012288,39.3846,0.013312,146.286,0.014336,390.095,0.021504,537.18,0.062464,766.503,0.175104,817.922,0.656384,825.325,2.60198,805.822,10.6598,
0.00961538,0.013312,0.0416667,0.012288,0.166667,0.012288,0.666667,0.012288,2.66667,0.012288,10.6667,0.012288,39.3846,0.013312,128,0.016384,390.095,0.021504,537.18,0.062464,771.012,0.17408,816.648,0.657408,825.65,2.60096,806.209,10.6547,
0.0113636,0.011264,0.0416667,0.012288,0.181818,0.011264,0.727273,0.011264,2.46154,0.013312,9.84615,0.013312,39.3846,0.013312,146.286,0.014336,372.364,0.022528,537.18,0.062464,775.574,0.173056,817.922,0.656384,825.325,2.60198,805.513,10.6639,
0.0104167,0.012288,0.0416667,0.012288,0.166667,0.012288,0.666667,0.012288,2.66667,0.012288,9.84615,0.013312,39.3846,0.013312,146.286,0.014336,372.364,0.022528,546.133,0.06144,775.574,0.173056,819.2,0.65536,824.676,2.60403,805.59,10.6629,
0.0113636,0.011264,0.0454545,0.011264,0.166667,0.012288,0.727273,0.011264,2.46154,0.013312,9.84615,0.013312,39.3846,0.013312,136.533,0.01536,390.095,0.021504,555.39,0.060416,780.19,0.172032,816.648,0.657408,824.028,2.60608,806.752,10.6476,
0.0104167,0.012288,0.0384615,0.013312,0.166667,0.012288,0.666667,0.012288,2.66667,0.012288,10.6667,0.012288,39.3846,0.013312,146.286,0.014336,372.364,0.022528,546.133,0.06144,775.574,0.173056,819.2,0.65536,825.65,2.60096,805.822,10.6598,
0.0113636,0.011264,0.0384615,0.013312,0.181818,0.011264,0.727273,0.011264,2.46154,0.013312,9.84615,0.013312,39.3846,0.013312,136.533,0.01536,390.095,0.021504,546.133,0.06144,771.012,0.17408,817.922,0.656384,825.001,2.60301,806.054,10.6568,
0.0104167,0.012288,0.0416667,0.012288,0.166667,0.012288,0.666667,0.012288,2.66667,0.012288,9.84615,0.013312,39.3846,0.013312,136.533,0.01536,372.364,0.022528,546.133,0.06144,775.574,0.173056,819.2,0.65536,824.676,2.60403,805.667,10.6619,
0.0113636,0.011264,0.0454545,0.011264,0.181818,0.011264,0.727273,0.011264,2.66667,0.012288,9.84615,0.013312,39.3846,0.013312,146.286,0.014336,390.095,0.021504,546.133,0.06144,771.012,0.17408,819.2,0.65536,824.352,2.60506,807.296,10.6404,
0.0104167,0.012288,0.0384615,0.013312,0.181818,0.011264,0.666667,0.012288,2.66667,0.012288,9.84615,0.013312,39.3846,0.013312,136.533,0.01536,372.364,0.022528,546.133,0.06144,766.503,0.175104,819.2,0.65536,825.001,2.60301,806.907,10.6455,
0.0113636,0.011264,0.0416667,0.012288,0.166667,0.012288,0.727273,0.011264,2.46154,0.013312,9.84615,0.013312,39.3846,0.013312,136.533,0.01536,390.095,0.021504,546.133,0.06144,766.503,0.175104,819.2,0.65536,824.352,2.60506,807.218,10.6414,
0.0104167,0.012288,0.0416667,0.012288,0.166667,0.012288,0.727273,0.011264,2.66667,0.012288,9.84615,0.013312,39.3846,0.013312,146.286,0.014336,372.364,0.022528,546.133,0.06144,775.574,0.173056,819.2,0.65536,825.001,2.60301,805.126,10.6691,
0.0113636,0.011264,0.0454545,0.011264,0.181818,0.011264,0.666667,0.012288,2.66667,0.012288,9.84615,0.013312,39.3846,0.013312,136.533,0.01536,315.077,0.026624,546.133,0.06144,771.012,0.17408,814.112,0.659456,824.676,2.60403,810.885,10.5933,
0.0104167,0.012288,0.0416667,0.012288,0.166667,0.012288,0.108108,0.075776,2.46154,0.013312,9.84615,0.013312,39.3846,0.013312,146.286,0.014336,372.364,0.022528,537.18,0.062464,780.19,0.172032,816.648,0.657408,825.001,2.60301,820.322,10.4714,
0.0113636,0.011264,0.0454545,0.011264,0.181818,0.011264,0.615385,0.013312,2.66667,0.012288,9.84615,0.013312,39.3846,0.013312,146.286,0.014336,390.095,0.021504,546.133,0.06144,766.503,0.175104,819.2,0.65536,825.976,2.59994,821.527,10.4561,
0.0104167,0.012288,0.0416667,0.012288,0.166667,0.012288,0.727273,0.011264,2.66667,0.012288,9.84615,0.013312,39.3846,0.013312,136.533,0.01536,356.174,0.023552,546.133,0.06144,771.012,0.17408,817.922,0.656384,825.976,2.59994,821.205,10.4602,
0.0104167,0.012288,0.0454545,0.011264,0.181818,0.011264,0.666667,0.012288,2.46154,0.013312,9.84615,0.013312,39.3846,0.013312,146.286,0.014336,390.095,0.021504,537.18,0.062464,771.012,0.17408,819.2,0.65536,825.325,2.60198,820.322,10.4714,
0.0104167,0.012288,0.0454545,0.011264,0.181818,0.011264,0.666667,0.012288,2.46154,0.013312,9.84615,0.013312,39.3846,0.013312,136.533,0.01536,372.364,0.022528,546.133,0.06144,771.012,0.17408,817.922,0.656384,823.705,2.6071,820.241,10.4724,
0.0104167,0.012288,0.0416667,0.012288,0.181818,0.011264,0.727273,0.011264,2.66667,0.012288,9.84615,0.013312,39.3846,0.013312,136.533,0.01536,390.095,0.021504,546.133,0.06144,771.012,0.17408,819.2,0.65536,825.65,2.60096,820.964,10.4632,
0.0104167,0.012288,0.0384615,0.013312,0.181818,0.011264,0.666667,0.012288,2.46154,0.013312,10.6667,0.012288,42.6667,0.012288,146.286,0.014336,372.364,0.022528,546.133,0.06144,771.012,0.17408,814.112,0.659456,825.65,2.60096,820.241,10.4724,
0.0113636,0.011264,0.0454545,0.011264,0.181818,0.011264,0.727273,0.011264,2.46154,0.013312,9.84615,0.013312,39.3846,0.013312,136.533,0.01536,390.095,0.021504,555.39,0.060416,771.012,0.17408,816.648,0.657408,825.976,2.59994,820.322,10.4714,
0.0113636,0.011264,0.0454545,0.011264,0.166667,0.012288,0.727273,0.011264,2.66667,0.012288,10.6667,0.012288,39.3846,0.013312,146.286,0.014336,372.364,0.022528,537.18,0.062464,771.012,0.17408,816.648,0.657408,825.976,2.59994,820.001,10.4755,
0.0104167,0.012288,0.0454545,0.011264,0.166667,0.012288,0.666667,0.012288,2.46154,0.013312,9.84615,0.013312,39.3846,0.013312,146.286,0.014336,390.095,0.021504,546.133,0.06144,771.012,0.17408,817.922,0.656384,825.65,2.60096,819.921,10.4765,
0.0104167,0.012288,0.0384615,0.013312,0.166667,0.012288,0.666667,0.012288,2.66667,0.012288,10.6667,0.012288,39.3846,0.013312,146.286,0.014336,372.364,0.022528,537.18,0.062464,780.19,0.172032,816.648,0.657408,825.65,2.60096,820.402,10.4704,
0.0113636,0.011264,0.0416667,0.012288,0.181818,0.011264,0.666667,0.012288,2.46154,0.013312,10.6667,0.012288,39.3846,0.013312,136.533,0.01536,390.095,0.021504,546.133,0.06144,780.19,0.172032,819.2,0.65536,825.976,2.59994,820.883,10.4643,
0.0113636,0.011264,0.0416667,0.012288,0.166667,0.012288,0.666667,0.012288,2.66667,0.012288,9.84615,0.013312,39.3846,0.013312,146.286,0.014336,372.364,0.022528,546.133,0.06144,775.574,0.173056,819.2,0.65536,826.953,2.59686,821.044,10.4622,
0.0104167,0.012288,0.0454545,0.011264,0.181818,0.011264,0.727273,0.011264,2.46154,0.013312,9.84615,0.013312,39.3846,0.013312,146.286,0.014336,390.095,0.021504,537.18,0.062464,775.574,0.173056,817.922,0.656384,825.65,2.60096,820.482,10.4694,
0.0104167,0.012288,0.0416667,0.012288,0.166667,0.012288,0.666667,0.012288,2.66667,0.012288,10.6667,0.012288,39.3846,0.013312,136.533,0.01536,372.364,0.022528,546.133,0.06144,771.012,0.17408,814.112,0.659456,825.325,2.60198,820.643,10.4673,
0.0113636,0.011264,0.0454545,0.011264,0.181818,0.011264,0.727273,0.011264,2.46154,0.013312,9.84615,0.013312,39.3846,0.013312,146.286,0.014336,372.364,0.022528,546.133,0.06144,771.012,0.17408,820.482,0.654336,826.627,2.59789,820.241,10.4724,
0.0113636,0.011264,0.0384615,0.013312,0.166667,0.012288,0.666667,0.012288,2.66667,0.012288,9.84615,0.013312,39.3846,0.013312,136.533,0.01536,390.095,0.021504,546.133,0.06144,780.19,0.172032,817.922,0.656384,825.65,2.60096,820.803,10.4653,
0.0113636,0.011264,0.0416667,0.012288,0.166667,0.012288,0.727273,0.011264,2.66667,0.012288,9.84615,0.013312,39.3846,0.013312,146.286,0.014336,390.095,0.021504,546.133,0.06144,766.503,0.175104,819.2,0.65536,823.705,2.6071,819.841,10.4776,
0.0104167,0.012288,0.0384615,0.013312,0.166667,0.012288,0.666667,0.012288,2.46154,0.013312,10.6667,0.012288,39.3846,0.013312,136.533,0.01536,372.364,0.022528,546.133,0.06144,775.574,0.173056,819.2,0.65536,824.028,2.60608,819.52,10.4817,
0.0113636,0.011264,0.0416667,0.012288,0.181818,0.011264,0.727273,0.011264,2.66667,0.012288,8,0.016384,39.3846,0.013312,146.286,0.014336,390.095,0.021504,546.133,0.06144,775.574,0.173056,817.922,0.656384,823.381,2.60813,819.68,10.4796,
0.0113636,0.011264,0.0384615,0.013312,0.166667,0.012288,0.666667,0.012288,2.66667,0.012288,9.84615,0.013312,39.3846,0.013312,146.286,0.014336,390.095,0.021504,555.39,0.060416,766.503,0.175104,817.922,0.656384,824.352,2.60506,819.6,10.4806,
0.0113636,0.011264,0.0416667,0.012288,0.181818,0.011264,0.727273,0.011264,2.46154,0.013312,9.84615,0.013312,42.6667,0.012288,128,0.016384,372.364,0.022528,546.133,0.06144,771.012,0.17408,816.648,0.657408,825.325,2.60198,819.841,10.4776,
0.0104167,0.012288,0.0416667,0.012288,0.166667,0.012288,0.666667,0.012288,2.66667,0.012288,10.6667,0.012288,39.3846,0.013312,136.533,0.01536,390.095,0.021504,537.18,0.062464,775.574,0.173056,817.922,0.656384,825.001,2.60301,820.001,10.4755,
0.0104167,0.012288,0.0416667,0.012288,0.166667,0.012288,0.666667,0.012288,2.46154,0.013312,9.84615,0.013312,39.3846,0.013312,146.286,0.014336,390.095,0.021504,546.133,0.06144,771.012,0.17408,819.2,0.65536,825.325,2.60198,820.402,10.4704,
0.0113636,0.011264,0.0454545,0.011264,0.166667,0.012288,0.666667,0.012288,2.66667,0.012288,9.84615,0.013312,39.3846,0.013312,146.286,0.014336,372.364,0.022528,537.18,0.062464,775.574,0.173056,817.922,0.656384,825.325,2.60198,819.68,10.4796,
0.0113636,0.011264,0.0416667,0.012288,0.166667,0.012288,0.666667,0.012288,2.66667,0.012288,10.6667,0.012288,39.3846,0.013312,146.286,0.014336,390.095,0.021504,546.133,0.06144,766.503,0.175104,816.648,0.657408,825.976,2.59994,819.841,10.4776,
0.0113636,0.011264,0.0416667,0.012288,0.166667,0.012288,0.727273,0.011264,2.46154,0.013312,9.84615,0.013312,39.3846,0.013312,136.533,0.01536,372.364,0.022528,537.18,0.062464,775.574,0.173056,819.2,0.65536,825.325,2.60198,819.6,10.4806,
0.0104167,0.012288,0.0454545,0.011264,0.181818,0.011264,0.666667,0.012288,2.66667,0.012288,9.84615,0.013312,39.3846,0.013312,146.286,0.014336,390.095,0.021504,546.133,0.06144,775.574,0.173056,816.648,0.657408,825.65,2.60096,819.04,10.4878,
0.0104167,0.012288,0.0416667,0.012288,0.166667,0.012288,0.727273,0.011264,2.66667,0.012288,10.6667,0.012288,39.3846,0.013312,136.533,0.01536,372.364,0.022528,546.133,0.06144,775.574,0.173056,819.2,0.65536,825.001,2.60301,819.921,10.4765,
0.0113636,0.011264,0.0416667,0.012288,0.181818,0.011264,0.666667,0.012288,2.46154,0.013312,9.84615,0.013312,39.3846,0.013312,120.471,0.017408,390.095,0.021504,537.18,0.062464,766.503,0.175104,817.922,0.656384,825.325,2.60198,819.52,10.4817,
0.0104167,0.012288,0.0384615,0.013312,0.166667,0.012288,0.666667,0.012288,2.66667,0.012288,9.84615,0.013312,39.3846,0.013312,146.286,0.014336,372.364,0.022528,546.133,0.06144,766.503,0.175104,817.922,0.656384,825.65,2.60096,819.2,10.4858,
0.0104167,0.012288,0.0416667,0.012288,0.181818,0.011264,0.727273,0.011264,2.46154,0.013312,9.84615,0.013312,39.3846,0.013312,146.286,0.014336,390.095,0.021504,546.133,0.06144,771.012,0.17408,816.648,0.657408,825.001,2.60301,820.081,10.4745,
0.0104167,0.012288,0.0416667,0.012288,0.166667,0.012288,0.666667,0.012288,2.46154,0.013312,9.84615,0.013312,39.3846,0.013312,146.286,0.014336,390.095,0.021504,546.133,0.06144,771.012,0.17408,817.922,0.656384,825.65,2.60096,819.6,10.4806,
0.0113636,0.011264,0.0454545,0.011264,0.181818,0.011264,0.666667,0.012288,2.66667,0.012288,9.84615,0.013312,39.3846,0.013312,146.286,0.014336,372.364,0.022528,546.133,0.06144,766.503,0.175104,819.2,0.65536,825.976,2.59994,819.841,10.4776,
0.0104167,0.012288,0.0416667,0.012288,0.166667,0.012288,0.727273,0.011264,2.66667,0.012288,9.84615,0.013312,39.3846,0.013312,136.533,0.01536,390.095,0.021504,546.133,0.06144,775.574,0.173056,817.922,0.656384,824.676,2.60403,820.001,10.4755,
0.0104167,0.012288,0.0416667,0.012288,0.181818,0.011264,0.727273,0.011264,2.46154,0.013312,10.6667,0.012288,39.3846,0.013312,146.286,0.014336,390.095,0.021504,546.133,0.06144,775.574,0.173056,817.922,0.656384,825.65,2.60096,819.52,10.4817,
0.0104167,0.012288,0.0416667,0.012288,0.166667,0.012288,0.666667,0.012288,2.66667,0.012288,9.84615,0.013312,39.3846,0.013312,146.286,0.014336,372.364,0.022528,546.133,0.06144,771.012,0.17408,819.2,0.65536,824.676,2.60403,820.322,10.4714,
0.0113636,0.011264,0.0384615,0.013312,0.181818,0.011264,0.727273,0.011264,2.46154,0.013312,9.84615,0.013312,39.3846,0.013312,136.533,0.01536,390.095,0.021504,546.133,0.06144,766.503,0.175104,820.482,0.654336,825.325,2.60198,819.6,10.4806,
0.0104167,0.012288,0.0416667,0.012288,0.166667,0.012288,0.666667,0.012288,2.66667,0.012288,9.84615,0.013312,39.3846,0.013312,146.286,0.014336,372.364,0.022528,537.18,0.062464,775.574,0.173056,816.648,0.657408,825.325,2.60198,819.12,10.4868,
0.0113636,0.011264,0.0416667,0.012288,0.181818,0.011264,0.727273,0.011264,2.66667,0.012288,9.84615,0.013312,39.3846,0.013312,146.286,0.014336,390.095,0.021504,546.133,0.06144,780.19,0.172032,819.2,0.65536,826.627,2.59789,819.841,10.4776,
0.0104167,0.012288,0.0416667,0.012288,0.166667,0.012288,0.666667,0.012288,2.66667,0.012288,9.84615,0.013312,39.3846,0.013312,146.286,0.014336,390.095,0.021504,546.133,0.06144,775.574,0.173056,820.482,0.654336,825.001,2.60301,820.723,10.4663,
0.0104167,0.012288,0.0454545,0.011264,0.166667,0.012288,0.666667,0.012288,2.46154,0.013312,10.6667,0.012288,39.3846,0.013312,136.533,0.01536,372.364,0.022528,546.133,0.06144,775.574,0.173056,817.922,0.656384,824.028,2.60608,821.285,10.4591,
0.0104167,0.012288,0.0454545,0.011264,0.181818,0.011264,0.666667,0.012288,2.66667,0.012288,9.84615,0.013312,42.6667,0.012288,136.533,0.01536,390.095,0.021504,537.18,0.062464,766.503,0.175104,815.378,0.658432,825.325,2.60198,821.366,10.4581,
0.0113636,0.011264,0.0416667,0.012288,0.166667,0.012288,0.727273,0.011264,2.46154,0.013312,9.84615,0.013312,39.3846,0.013312,146.286,0.014336,390.095,0.021504,546.133,0.06144,771.012,0.17408,816.648,0.657408,825.325,2.60198,821.849,10.452,
0.0104167,0.012288,0.0416667,0.012288,0.181818,0.011264,0.666667,0.012288,2.66667,0.012288,10.6667,0.012288,39.3846,0.013312,136.533,0.01536,372.364,0.022528,546.133,0.06144,771.012,0.17408,816.648,0.657408,824.676,2.60403,821.607,10.455,
0.0104167,0.012288,0.0416667,0.012288,0.166667,0.012288,0.727273,0.011264,2.66667,0.012288,9.84615,0.013312,39.3846,0.013312,136.533,0.01536,372.364,0.022528,546.133,0.06144,771.012,0.17408,819.2,0.65536,825.65,2.60096,821.688,10.454,
0.0104167,0.012288,0.0384615,0.013312,0.166667,0.012288,0.666667,0.012288,2.66667,0.012288,9.84615,0.013312,39.3846,0.013312,146.286,0.014336,372.364,0.022528,546.133,0.06144,780.19,0.172032,817.922,0.656384,825.65,2.60096,821.688,10.454,
0.0113636,0.011264,0.0416667,0.012288,0.181818,0.011264,0.727273,0.011264,2.46154,0.013312,10.6667,0.012288,39.3846,0.013312,136.533,0.01536,390.095,0.021504,537.18,0.062464,771.012,0.17408,819.2,0.65536,825.976,2.59994,821.044,10.4622,
0.0104167,0.012288,0.0384615,0.013312,0.166667,0.012288,0.666667,0.012288,2.66667,0.012288,10.6667,0.012288,39.3846,0.013312,136.533,0.01536,390.095,0.021504,546.133,0.06144,771.012,0.17408,819.2,0.65536,824.676,2.60403,821.768,10.453,
0.0104167,0.012288,0.0416667,0.012288,0.166667,0.012288,0.666667,0.012288,2.46154,0.013312,9.84615,0.013312,39.3846,0.013312,146.286,0.014336,390.095,0.021504,546.133,0.06144,771.012,0.17408,815.378,0.658432,825.65,2.60096,821.929,10.4509,
0.0104167,0.012288,0.0357143,0.014336,0.166667,0.012288,0.666667,0.012288,2.66667,0.012288,9.84615,0.013312,39.3846,0.013312,136.533,0.01536,390.095,0.021504,537.18,0.062464,775.574,0.173056,817.922,0.656384,825.001,2.60301,821.607,10.455,
0.0113636,0.011264,0.0416667,0.012288,0.181818,0.011264,0.666667,0.012288,2.66667,0.012288,10.6667,0.012288,42.6667,0.012288,146.286,0.014336,372.364,0.022528,546.133,0.06144,775.574,0.173056,819.2,0.65536,825.325,2.60198,821.768,10.453,
0.0104167,0.012288,0.0454545,0.011264,0.166667,0.012288,0.666667,0.012288,2.66667,0.012288,10.6667,0.012288,39.3846,0.013312,136.533,0.01536,372.364,0.022528,546.133,0.06144,766.503,0.175104,819.2,0.65536,825.325,2.60198,821.929,10.4509,
0.0104167,0.012288,0.0454545,0.011264,0.181818,0.011264,0.727273,0.011264,2.66667,0.012288,9.84615,0.013312,42.6667,0.012288,136.533,0.01536,390.095,0.021504,537.18,0.062464,775.574,0.173056,817.922,0.656384,825.65,2.60096,821.205,10.4602,
0.0113636,0.011264,0.0416667,0.012288,0.166667,0.012288,0.666667,0.012288,2.66667,0.012288,10.6667,0.012288,39.3846,0.013312,146.286,0.014336,372.364,0.022528,546.133,0.06144,775.574,0.173056,816.648,0.657408,825.325,2.60198,821.446,10.4571,
0.0104167,0.012288,0.0454545,0.011264,0.166667,0.012288,0.727273,0.011264,2.66667,0.012288,9.84615,0.013312,39.3846,0.013312,146.286,0.014336,372.364,0.022528,555.39,0.060416,775.574,0.173056,819.2,0.65536,825.325,2.60198,821.527,10.4561,
0.0113636,0.011264,0.0416667,0.012288,0.181818,0.011264,0.666667,0.012288,2.66667,0.012288,9.84615,0.013312,39.3846,0.013312,136.533,0.01536,390.095,0.021504,537.18,0.062464,766.503,0.175104,819.2,0.65536,825.65,2.60096,821.688,10.454,
0.0113636,0.011264,0.0454545,0.011264,0.181818,0.011264,0.666667,0.012288,2.66667,0.012288,10.6667,0.012288,39.3846,0.013312,146.286,0.014336,390.095,0.021504,546.133,0.06144,771.012,0.17408,820.482,0.654336,825.325,2.60198,821.044,10.4622,
0.00961538,0.013312,0.0416667,0.012288,0.166667,0.012288,0.727273,0.011264,2.66667,0.012288,10.6667,0.012288,39.3846,0.013312,146.286,0.014336,372.364,0.022528,546.133,0.06144,775.574,0.173056,819.2,0.65536,825.325,2.60198,821.607,10.455,
0.0113636,0.011264,0.0357143,0.014336,0.166667,0.012288,0.727273,0.011264,2.66667,0.012288,9.84615,0.013312,39.3846,0.013312,136.533,0.01536,390.095,0.021504,546.133,0.06144,775.574,0.173056,816.648,0.657408,824.352,2.60506,821.205,10.4602,
0.00961538,0.013312,0.0416667,0.012288,0.166667,0.012288,0.666667,0.012288,2.66667,0.012288,10.6667,0.012288,39.3846,0.013312,136.533,0.01536,372.364,0.022528,546.133,0.06144,775.574,0.173056,819.2,0.65536,826.301,2.59891,821.607,10.455,
0.0113636,0.011264,0.0416667,0.012288,0.181818,0.011264,0.727273,0.011264,2.46154,0.013312,9.84615,0.013312,39.3846,0.013312,146.286,0.014336,372.364,0.022528,546.133,0.06144,775.574,0.173056,819.2,0.65536,825.976,2.59994,821.205,10.4602,
0.0104167,0.012288,0.0416667,0.012288,0.166667,0.012288,0.666667,0.012288,2.66667,0.012288,9.84615,0.013312,42.6667,0.012288,146.286,0.014336,390.095,0.021504,546.133,0.06144,775.574,0.173056,816.648,0.657408,825.976,2.59994,821.527,10.4561,
0.0113636,0.011264,0.0416667,0.012288,0.181818,0.011264,0.727273,0.011264,2.46154,0.013312,9.84615,0.013312,39.3846,0.013312,146.286,0.014336,356.174,0.023552,546.133,0.06144,771.012,0.17408,816.648,0.657408,825.65,2.60096,821.446,10.4571,
0.00961538,0.013312,0.0416667,0.012288,0.181818,0.011264,0.666667,0.012288,2.66667,0.012288,9.84615,0.013312,39.3846,0.013312,136.533,0.01536,372.364,0.022528,555.39,0.060416,775.574,0.173056,820.482,0.654336,825.325,2.60198,820.964,10.4632,
0.0113636,0.011264,0.0416667,0.012288,0.166667,0.012288,0.666667,0.012288,2.46154,0.013312,10.6667,0.012288,39.3846,0.013312,136.533,0.01536,390.095,0.021504,555.39,0.060416,771.012,0.17408,819.2,0.65536,825.001,2.60301,821.366,10.4581,
0.0104167,0.012288,0.0416667,0.012288,0.166667,0.012288,0.666667,0.012288,2.66667,0.012288,9.84615,0.013312,39.3846,0.013312,146.286,0.014336,372.364,0.022528,537.18,0.062464,771.012,0.17408,819.2,0.65536,825.65,2.60096,821.768,10.453,
0.0113636,0.011264,0.0454545,0.011264,0.181818,0.011264,0.666667,0.012288,2.46154,0.013312,10.6667,0.012288,39.3846,0.013312,146.286,0.014336,372.364,0.022528,546.133,0.06144,775.574,0.173056,817.922,0.656384,825.65,2.60096,822.01,10.4499,
0.0104167,0.012288,0.0416667,0.012288,0.166667,0.012288,0.727273,0.011264,2.66667,0.012288,9.84615,0.013312,39.3846,0.013312,146.286,0.014336,390.095,0.021504,546.133,0.06144,766.503,0.175104,816.648,0.657408,825.001,2.60301,821.366,10.4581,
0.0104167,0.012288,0.0454545,0.011264,0.181818,0.011264,0.727273,0.011264,2.46154,0.013312,9.84615,0.013312,39.3846,0.013312,146.286,0.014336,372.364,0.022528,537.18,0.062464,771.012,0.17408,817.922,0.656384,824.676,2.60403,821.205,10.4602,
0.00961538,0.013312,0.0416667,0.012288,0.166667,0.012288,0.666667,0.012288,2.66667,0.012288,10.6667,0.012288,39.3846,0.013312,146.286,0.014336,372.364,0.022528,537.18,0.062464,771.012,0.17408,817.922,0.656384,825.65,2.60096,821.849,10.452,
0.0104167,0.012288,0.0454545,0.011264,0.166667,0.012288,0.727273,0.011264,2.66667,0.012288,9.84615,0.013312,39.3846,0.013312,128,0.016384,390.095,0.021504,546.133,0.06144,762.047,0.176128,816.648,0.657408,825.325,2.60198,821.205,10.4602,
0.0104167,0.012288,0.0416667,0.012288,0.153846,0.013312,0.666667,0.012288,2.66667,0.012288,10.6667,0.012288,39.3846,0.013312,146.286,0.014336,372.364,0.022528,546.133,0.06144,766.503,0.175104,819.2,0.65536,826.301,2.59891,821.205,10.4602,
0.0113636,0.011264,0.0416667,0.012288,0.181818,0.011264,0.727273,0.011264,2.46154,0.013312,10.6667,0.012288,39.3846,0.013312,136.533,0.01536,390.095,0.021504,555.39,0.060416,771.012,0.17408,819.2,0.65536,825.65,2.60096,822.09,10.4489,
0.0104167,0.012288,0.0454545,0.011264,0.166667,0.012288,0.666667,0.012288,2.66667,0.012288,9.84615,0.013312,39.3846,0.013312,146.286,0.014336,372.364,0.022528,546.133,0.06144,771.012,0.17408,815.378,0.658432,825.001,2.60301,821.446,10.4571,
0.0113636,0.011264,0.0416667,0.012288,0.153846,0.013312,0.666667,0.012288,2.66667,0.012288,9.84615,0.013312,39.3846,0.013312,136.533,0.01536,390.095,0.021504,546.133,0.06144,771.012,0.17408,816.648,0.657408,824.676,2.60403,821.607,10.455,
0.0104167,0.012288,0.0416667,0.012288,0.153846,0.013312,0.666667,0.012288,2.66667,0.012288,10.6667,0.012288,39.3846,0.013312,146.286,0.014336,390.095,0.021504,537.18,0.062464,775.574,0.173056,817.922,0.656384,826.627,2.59789,821.527,10.4561,
0.0104167,0.012288,0.0454545,0.011264,0.181818,0.011264,0.727273,0.011264,2.46154,0.013312,9.84615,0.013312,39.3846,0.013312,146.286,0.014336,372.364,0.022528,537.18,0.062464,780.19,0.172032,819.2,0.65536,825.325,2.60198,822.09,10.4489,
0.0104167,0.012288,0.0454545,0.011264,0.166667,0.012288,0.666667,0.012288,2.66667,0.012288,9.84615,0.013312,39.3846,0.013312,136.533,0.01536,372.364,0.022528,546.133,0.06144,775.574,0.173056,815.378,0.658432,825.65,2.60096,822.332,10.4458,
0.0104167,0.012288,0.0416667,0.012288,0.181818,0.011264,0.666667,0.012288,2.46154,0.013312,9.84615,0.013312,39.3846,0.013312,146.286,0.014336,390.095,0.021504,546.133,0.06144,771.012,0.17408,816.648,0.657408,825.001,2.60301,821.366,10.4581,
0.00657895,0.019456,0.0333333,0.01536,0.133333,0.01536,0.615385,0.013312,2.28571,0.014336,8,0.016384,32,0.016384,136.533,0.01536,341.333,0.024576,537.18,0.062464,762.047,0.176128,815.378,0.658432,820.482,2.61734,806.132,10.6557,
0.00892857,0.014336,0.0384615,0.013312,0.153846,0.013312,0.666667,0.012288,2.46154,0.013312,8.53333,0.01536,36.5714,0.014336,146.286,0.014336,372.364,0.022528,546.133,0.06144,771.012,0.17408,696.266,0.771072,822.09,2.61222,806.442,10.6516,
0.00892857,0.014336,0.0384615,0.013312,0.153846,0.013312,0.666667,0.012288,2.28571,0.014336,9.14286,0.014336,36.5714,0.014336,146.286,0.014336,390.095,0.021504,537.18,0.062464,766.503,0.175104,820.482,0.654336,824.352,2.60506,806.132,10.6557,
0.0104167,0.012288,0.0384615,0.013312,0.153846,0.013312,0.666667,0.012288,2.28571,0.014336,9.14286,0.014336,36.5714,0.014336,146.286,0.014336,390.095,0.021504,546.133,0.06144,762.047,0.176128,820.482,0.654336,824.676,2.60403,806.209,10.6547,
0.00961538,0.013312,0.0416667,0.012288,0.166667,0.012288,0.571429,0.014336,2.66667,0.012288,8.53333,0.01536,36.5714,0.014336,146.286,0.014336,372.364,0.022528,546.133,0.06144,775.574,0.173056,817.922,0.656384,825.325,2.60198,806.054,10.6568,
0.0104167,0.012288,0.0333333,0.01536,0.181818,0.011264,0.571429,0.014336,2.46154,0.013312,9.14286,0.014336,36.5714,0.014336,136.533,0.01536,390.095,0.021504,546.133,0.06144,775.574,0.173056,817.922,0.656384,824.676,2.60403,806.132,10.6557,
0.00892857,0.014336,0.0357143,0.014336,0.153846,0.013312,0.533333,0.01536,2.46154,0.013312,8.53333,0.01536,32,0.016384,136.533,0.01536,372.364,0.022528,546.133,0.06144,766.503,0.175104,817.922,0.656384,825.325,2.60198,806.054,10.6568,
0.0104167,0.012288,0.0357143,0.014336,0.166667,0.012288,0.571429,0.014336,2.46154,0.013312,6.73684,0.019456,34.1333,0.01536,146.286,0.014336,372.364,0.022528,546.133,0.06144,766.503,0.175104,819.2,0.65536,824.676,2.60403,806.209,10.6547,
0.00961538,0.013312,0.0333333,0.01536,0.153846,0.013312,0.571429,0.014336,2.66667,0.012288,8.53333,0.01536,34.1333,0.01536,136.533,0.01536,372.364,0.022528,546.133,0.06144,771.012,0.17408,817.922,0.656384,825.65,2.60096,806.674,10.6486,
0.00961538,0.013312,0.0357143,0.014336,0.166667,0.012288,0.666667,0.012288,2.28571,0.014336,9.84615,0.013312,36.5714,0.014336,146.286,0.014336,372.364,0.022528,546.133,0.06144,766.503,0.175104,817.922,0.656384,825.325,2.60198,806.752,10.6476,
0.00892857,0.014336,0.0357143,0.014336,0.153846,0.013312,0.615385,0.013312,2.46154,0.013312,9.84615,0.013312,36.5714,0.014336,146.286,0.014336,390.095,0.021504,546.133,0.06144,766.503,0.175104,820.482,0.654336,824.028,2.60608,806.132,10.6557,
0.00961538,0.013312,0.0384615,0.013312,0.166667,0.012288,0.615385,0.013312,2,0.016384,9.14286,0.014336,34.1333,0.01536,146.286,0.014336,372.364,0.022528,546.133,0.06144,762.047,0.176128,817.922,0.656384,824.352,2.60506,805.977,10.6578,
0.0104167,0.012288,0.0384615,0.013312,0.142857,0.014336,0.615385,0.013312,2,0.016384,9.14286,0.014336,34.1333,0.01536,146.286,0.014336,390.095,0.021504,546.133,0.06144,771.012,0.17408,817.922,0.656384,825.001,2.60301,806.209,10.6547,
0.0104167,0.012288,0.0384615,0.013312,0.153846,0.013312,0.571429,0.014336,2.13333,0.01536,9.14286,0.014336,36.5714,0.014336,146.286,0.014336,390.095,0.021504,546.133,0.06144,766.503,0.175104,816.648,0.657408,825.325,2.60198,805.126,10.6691,
0.00961538,0.013312,0.0357143,0.014336,0.133333,0.01536,0.615385,0.013312,2.28571,0.014336,9.14286,0.014336,34.1333,0.01536,102.4,0.02048,372.364,0.022528,546.133,0.06144,775.574,0.173056,816.648,0.657408,825.001,2.60301,805.513,10.6639,
0.0104167,0.012288,0.0384615,0.013312,0.166667,0.012288,0.666667,0.012288,2.13333,0.01536,9.14286,0.014336,34.1333,0.01536,136.533,0.01536,372.364,0.022528,546.133,0.06144,766.503,0.175104,817.922,0.656384,824.352,2.60506,813.244,10.5626,
0.0104167,0.012288,0.0416667,0.012288,0.153846,0.013312,0.615385,0.013312,2.28571,0.014336,9.14286,0.014336,36.5714,0.014336,136.533,0.01536,372.364,0.022528,546.133,0.06144,775.574,0.173056,819.2,0.65536,825.001,2.60301,821.205,10.4602,
0.0104167,0.012288,0.0416667,0.012288,0.153846,0.013312,0.666667,0.012288,2.28571,0.014336,8,0.016384,36.5714,0.014336,136.533,0.01536,372.364,0.022528,546.133,0.06144,766.503,0.175104,817.922,0.656384,824.028,2.60608,820.964,10.4632,
0.00892857,0.014336,0.0384615,0.013312,0.153846,0.013312,0.615385,0.013312,2.28571,0.014336,8.53333,0.01536,34.1333,0.01536,136.533,0.01536,356.174,0.023552,546.133,0.06144,775.574,0.173056,816.648,0.657408,824.676,2.60403,822.01,10.4499,
0.00892857,0.014336,0.0416667,0.012288,0.153846,0.013312,0.666667,0.012288,2.28571,0.014336,8.53333,0.01536,36.5714,0.014336,136.533,0.01536,372.364,0.022528,546.133,0.06144,766.503,0.175104,819.2,0.65536,825.325,2.60198,822.332,10.4458,
0.00833333,0.01536,0.0384615,0.013312,0.142857,0.014336,0.727273,0.011264,2.46154,0.013312,8,0.016384,25.6,0.02048,136.533,0.01536,372.364,0.022528,546.133,0.06144,771.012,0.17408,817.922,0.656384,824.676,2.60403,822.09,10.4489,
0.00892857,0.014336,0.0416667,0.012288,0.166667,0.012288,0.615385,0.013312,2.28571,0.014336,9.14286,0.014336,34.1333,0.01536,136.533,0.01536,390.095,0.021504,555.39,0.060416,775.574,0.173056,820.482,0.654336,825.325,2.60198,821.849,10.452,
0.00892857,0.014336,0.0416667,0.012288,0.153846,0.013312,0.615385,0.013312,2.46154,0.013312,9.14286,0.014336,34.1333,0.01536,136.533,0.01536,390.095,0.021504,537.18,0.062464,775.574,0.173056,814.112,0.659456,824.676,2.60403,821.527,10.4561,
0.00961538,0.013312,0.0416667,0.012288,0.142857,0.014336,0.615385,0.013312,2.28571,0.014336,9.14286,0.014336,34.1333,0.01536,136.533,0.01536,390.095,0.021504,546.133,0.06144,762.047,0.176128,820.482,0.654336,825.325,2.60198,821.527,10.4561,
0.00892857,0.014336,0.0384615,0.013312,0.142857,0.014336,0.615385,0.013312,2.28571,0.014336,9.14286,0.014336,34.1333,0.01536,146.286,0.014336,356.174,0.023552,537.18,0.062464,766.503,0.175104,817.922,0.656384,825.325,2.60198,822.171,10.4479,
0.00892857,0.014336,0.0384615,0.013312,0.166667,0.012288,0.615385,0.013312,2.28571,0.014336,9.84615,0.013312,36.5714,0.014336,136.533,0.01536,390.095,0.021504,555.39,0.060416,771.012,0.17408,819.2,0.65536,824.352,2.60506,822.09,10.4489,
0.00961538,0.013312,0.03125,0.016384,0.166667,0.012288,0.533333,0.01536,2.28571,0.014336,10.6667,0.012288,36.5714,0.014336,136.533,0.01536,356.174,0.023552,546.133,0.06144,766.503,0.175104,817.922,0.656384,824.676,2.60403,822.01,10.4499,
0.00892857,0.014336,0.0333333,0.01536,0.153846,0.013312,0.571429,0.014336,2.13333,0.01536,9.14286,0.014336,34.1333,0.01536,146.286,0.014336,390.095,0.021504,546.133,0.06144,775.574,0.173056,817.922,0.656384,825.976,2.59994,821.768,10.453,
0.0104167,0.012288,0.0384615,0.013312,0.153846,0.013312,0.571429,0.014336,2.46154,0.013312,9.84615,0.013312,34.1333,0.01536,136.533,0.01536,390.095,0.021504,546.133,0.06144,762.047,0.176128,819.2,0.65536,825.65,2.60096,821.446,10.4571,
0.00961538,0.013312,0.0416667,0.012288,0.166667,0.012288,0.666667,0.012288,2.46154,0.013312,9.14286,0.014336,36.5714,0.014336,136.533,0.01536,372.364,0.022528,546.133,0.06144,766.503,0.175104,820.482,0.654336,824.676,2.60403,821.768,10.453,
0.00961538,0.013312,0.0384615,0.013312,0.153846,0.013312,0.571429,0.014336,2.28571,0.014336,9.14286,0.014336,36.5714,0.014336,146.286,0.014336,356.174,0.023552,546.133,0.06144,762.047,0.176128,816.648,0.657408,825.976,2.59994,821.768,10.453,
0.0104167,0.012288,0.0357143,0.014336,0.153846,0.013312,0.615385,0.013312,2.13333,0.01536,9.14286,0.014336,36.5714,0.014336,136.533,0.01536,372.364,0.022528,546.133,0.06144,771.012,0.17408,819.2,0.65536,825.65,2.60096,821.205,10.4602,
0.00961538,0.013312,0.0357143,0.014336,0.133333,0.01536,0.615385,0.013312,2.28571,0.014336,9.14286,0.014336,34.1333,0.01536,146.286,0.014336,372.364,0.022528,546.133,0.06144,766.503,0.175104,817.922,0.656384,825.325,2.60198,821.607,10.455,
0.0104167,0.012288,0.0384615,0.013312,0.142857,0.014336,0.615385,0.013312,2.28571,0.014336,9.84615,0.013312,36.5714,0.014336,146.286,0.014336,390.095,0.021504,537.18,0.062464,762.047,0.176128,819.2,0.65536,825.001,2.60301,820.482,10.4694,
0.0104167,0.012288,0.0384615,0.013312,0.142857,0.014336,0.615385,0.013312,2.13333,0.01536,9.84615,0.013312,36.5714,0.014336,136.533,0.01536,372.364,0.022528,537.18,0.062464,762.047,0.176128,816.648,0.657408,825.325,2.60198,821.205,10.4602,
0.0104167,0.012288,0.0384615,0.013312,0.142857,0.014336,0.666667,0.012288,2,0.016384,8,0.016384,32,0.016384,136.533,0.01536,390.095,0.021504,546.133,0.06144,766.503,0.175104,814.112,0.659456,825.001,2.60301,820.643,10.4673,
0.00961538,0.013312,0.0384615,0.013312,0.153846,0.013312,0.615385,0.013312,2.28571,0.014336,8.53333,0.01536,30.1176,0.017408,146.286,0.014336,372.364,0.022528,546.133,0.06144,762.047,0.176128,814.112,0.659456,825.65,2.60096,821.285,10.4591,
0.00892857,0.014336,0.0416667,0.012288,0.153846,0.013312,0.615385,0.013312,2.13333,0.01536,9.14286,0.014336,32,0.016384,136.533,0.01536,372.364,0.022528,546.133,0.06144,762.047,0.176128,815.378,0.658432,825.65,2.60096,820.723,10.4663,
0.00833333,0.01536,0.0416667,0.012288,0.153846,0.013312,0.666667,0.012288,2.28571,0.014336,8.53333,0.01536,34.1333,0.01536,136.533,0.01536,390.095,0.021504,537.18,0.062464,766.503,0.175104,814.112,0.659456,825.65,2.60096,822.01,10.4499,
0.00833333,0.01536,0.0384615,0.013312,0.153846,0.013312,0.666667,0.012288,2.46154,0.013312,9.14286,0.014336,34.1333,0.01536,136.533,0.01536,372.364,0.022528,546.133,0.06144,771.012,0.17408,815.378,0.658432,825.65,2.60096,821.688,10.454,
0.00892857,0.014336,0.0416667,0.012288,0.153846,0.013312,0.571429,0.014336,2.28571,0.014336,9.14286,0.014336,36.5714,0.014336,146.286,0.014336,372.364,0.022528,546.133,0.06144,771.012,0.17408,815.378,0.658432,825.001,2.60301,820.883,10.4643,
0.00961538,0.013312,0.0416667,0.012288,0.153846,0.013312,0.727273,0.011264,2.46154,0.013312,9.14286,0.014336,30.1176,0.017408,136.533,0.01536,390.095,0.021504,537.18,0.062464,766.503,0.175104,812.85,0.66048,825.001,2.60301,821.929,10.4509,
0.00961538,0.013312,0.0416667,0.012288,0.153846,0.013312,0.666667,0.012288,2.46154,0.013312,9.14286,0.014336,36.5714,0.014336,136.533,0.01536,390.095,0.021504,520.127,0.064512,766.503,0.175104,812.85,0.66048,825.65,2.60096,821.125,10.4612,
0.00892857,0.014336,0.0384615,0.013312,0.166667,0.012288,0.615385,0.013312,2.46154,0.013312,9.14286,0.014336,34.1333,0.01536,146.286,0.014336,372.364,0.022528,546.133,0.06144,771.012,0.17408,812.85,0.66048,825.65,2.60096,821.366,10.4581,
0.00892857,0.014336,0.0357143,0.014336,0.153846,0.013312,0.533333,0.01536,2.46154,0.013312,9.84615,0.013312,36.5714,0.014336,136.533,0.01536,372.364,0.022528,546.133,0.06144,766.503,0.175104,814.112,0.659456,824.676,2.60403,821.446,10.4571,
0.00961538,0.013312,0.0357143,0.014336,0.153846,0.013312,0.533333,0.01536,2.28571,0.014336,9.14286,0.014336,34.1333,0.01536,136.533,0.01536,372.364,0.022528,537.18,0.062464,771.012,0.17408,815.378,0.658432,825.001,2.60301,821.849,10.452,
0.00961538,0.013312,0.0357143,0.014336,0.153846,0.013312,0.615385,0.013312,2.66667,0.012288,9.84615,0.013312,36.5714,0.014336,136.533,0.01536,372.364,0.022528,546.133,0.06144,771.012,0.17408,816.648,0.657408,824.676,2.60403,821.446,10.4571,
0.0104167,0.012288,0.0333333,0.01536,0.166667,0.012288,0.571429,0.014336,2.46154,0.013312,0.766467,0.171008,39.3846,0.013312,146.286,0.014336,372.364,0.022528,546.133,0.06144,766.503,0.175104,817.922,0.656384,825.65,2.60096,821.527,10.4561,
0.0104167,0.012288,0.0384615,0.013312,0.166667,0.012288,0.571429,0.014336,2.28571,0.014336,6.73684,0.019456,39.3846,0.013312,136.533,0.01536,372.364,0.022528,537.18,0.062464,771.012,0.17408,819.2,0.65536,825.976,2.59994,821.849,10.452,
0.0104167,0.012288,0.0416667,0.012288,0.166667,0.012288,0.666667,0.012288,2.13333,0.01536,8,0.016384,36.5714,0.014336,146.286,0.014336,372.364,0.022528,546.133,0.06144,771.012,0.17408,819.2,0.65536,826.627,2.59789,821.125,10.4612,
0.00961538,0.013312,0.0384615,0.013312,0.142857,0.014336,0.615385,0.013312,2,0.016384,8,0.016384,39.3846,0.013312,136.533,0.01536,372.364,0.022528,537.18,0.062464,766.503,0.175104,816.648,0.657408,825.65,2.60096,821.688,10.454,
0.00892857,0.014336,0.0384615,0.013312,0.133333,0.01536,0.615385,0.013312,2.13333,0.01536,8,0.016384,36.5714,0.014336,136.533,0.01536,390.095,0.021504,537.18,0.062464,771.012,0.17408,817.922,0.656384,825.65,2.60096,821.446,10.4571,
0.00961538,0.013312,0.0384615,0.013312,0.142857,0.014336,0.666667,0.012288,2.28571,0.014336,8.53333,0.01536,36.5714,0.014336,136.533,0.01536,372.364,0.022528,537.18,0.062464,771.012,0.17408,819.2,0.65536,826.301,2.59891,821.849,10.452,
0.00961538,0.013312,0.0384615,0.013312,0.142857,0.014336,0.615385,0.013312,2.13333,0.01536,9.14286,0.014336,32,0.016384,136.533,0.01536,372.364,0.022528,546.133,0.06144,766.503,0.175104,817.922,0.656384,825.976,2.59994,821.849,10.452,
0.00961538,0.013312,0.0357143,0.014336,0.153846,0.013312,0.615385,0.013312,2.28571,0.014336,9.14286,0.014336,34.1333,0.01536,146.286,0.014336,390.095,0.021504,537.18,0.062464,771.012,0.17408,817.922,0.656384,825.325,2.60198,821.527,10.4561,
0.0104167,0.012288,0.0416667,0.012288,0.166667,0.012288,0.666667,0.012288,2.28571,0.014336,8.53333,0.01536,32,0.016384,136.533,0.01536,390.095,0.021504,546.133,0.06144,771.012,0.17408,819.2,0.65536,825.325,2.60198,821.527,10.4561,
0.00961538,0.013312,0.0384615,0.013312,0.142857,0.014336,0.666667,0.012288,2.28571,0.014336,9.84615,0.013312,34.1333,0.01536,136.533,0.01536,390.095,0.021504,546.133,0.06144,762.047,0.176128,817.922,0.656384,825.976,2.59994,821.285,10.4591,
0.00892857,0.014336,0.0416667,0.012288,0.142857,0.014336,0.666667,0.012288,2.28571,0.014336,8.53333,0.01536,34.1333,0.01536,136.533,0.01536,390.095,0.021504,546.133,0.06144,762.047,0.176128,816.648,0.657408,824.676,2.60403,820.803,10.4653,
0.00892857,0.014336,0.0384615,0.013312,0.142857,0.014336,0.666667,0.012288,2.13333,0.01536,9.14286,0.014336,34.1333,0.01536,136.533,0.01536,372.364,0.022528,546.133,0.06144,748.983,0.1792,816.648,0.657408,825.65,2.60096,820.643,10.4673,
0.00892857,0.014336,0.0416667,0.012288,0.153846,0.013312,0.666667,0.012288,2.46154,0.013312,9.14286,0.014336,34.1333,0.01536,136.533,0.01536,390.095,0.021504,555.39,0.060416,762.047,0.176128,816.648,0.657408,824.676,2.60403,821.044,10.4622,
0.00892857,0.014336,0.0357143,0.014336,0.142857,0.014336,0.615385,0.013312,2.46154,0.013312,9.14286,0.014336,36.5714,0.014336,136.533,0.01536,356.174,0.023552,537.18,0.062464,766.503,0.175104,817.922,0.656384,825.976,2.59994,821.446,10.4571,
0.00961538,0.013312,0.0416667,0.012288,0.166667,0.012288,0.615385,0.013312,2.46154,0.013312,9.14286,0.014336,34.1333,0.01536,136.533,0.01536,390.095,0.021504,546.133,0.06144,762.047,0.176128,817.922,0.656384,824.676,2.60403,821.768,10.453,
0.00892857,0.014336,0.0384615,0.013312,0.153846,0.013312,0.571429,0.014336,2.46154,0.013312,9.84615,0.013312,39.3846,0.013312,136.533,0.01536,372.364,0.022528,546.133,0.06144,757.642,0.177152,816.648,0.657408,825.001,2.60301,821.446,10.4571,
0.00892857,0.014336,0.0384615,0.013312,0.166667,0.012288,0.571429,0.014336,2.28571,0.014336,9.14286,0.014336,36.5714,0.014336,146.286,0.014336,390.095,0.021504,546.133,0.06144,766.503,0.175104,819.2,0.65536,825.65,2.60096,821.929,10.4509,
0.00892857,0.014336,0.0333333,0.01536,0.153846,0.013312,0.533333,0.01536,2.46154,0.013312,9.14286,0.014336,39.3846,0.013312,136.533,0.01536,372.364,0.022528,546.133,0.06144,771.012,0.17408,816.648,0.657408,825.325,2.60198,821.527,10.4561,
0.00961538,0.013312,0.0357143,0.014336,0.111111,0.018432,0.571429,0.014336,2.46154,0.013312,9.14286,0.014336,39.3846,0.013312,136.533,0.01536,372.364,0.022528,546.133,0.06144,775.574,0.173056,817.922,0.656384,826.627,2.59789,821.607,10.455,
0.00892857,0.014336,0.0357143,0.014336,0.153846,0.013312,0.615385,0.013312,2.66667,0.012288,8.53333,0.01536,36.5714,0.014336,146.286,0.014336,372.364,0.022528,546.133,0.06144,766.503,0.175104,817.922,0.656384,825.001,2.60301,821.125,10.4612,
0.00892857,0.014336,0.0384615,0.013312,0.166667,0.012288,0.615385,0.013312,2,0.016384,8.53333,0.01536,36.5714,0.014336,146.286,0.014336,372.364,0.022528,537.18,0.062464,771.012,0.17408,819.2,0.65536,825.001,2.60301,821.768,10.453,
0.00961538,0.013312,0.0357143,0.014336,0.166667,0.012288,0.615385,0.013312,2.13333,0.01536,8.53333,0.01536,36.5714,0.014336,136.533,0.01536,372.364,0.022528,546.133,0.06144,771.012,0.17408,819.2,0.65536,826.627,2.59789,821.446,10.4571,
0.0104167,0.012288,0.0357143,0.014336,0.153846,0.013312,0.666667,0.012288,2,0.016384,9.14286,0.014336,36.5714,0.014336,136.533,0.01536,390.095,0.021504,555.39,0.060416,766.503,0.175104,817.922,0.656384,825.001,2.60301,820.562,10.4684,
0.00892857,0.014336,0.0384615,0.013312,0.133333,0.01536,0.615385,0.013312,2.28571,0.014336,9.14286,0.014336,36.5714,0.014336,136.533,0.01536,372.364,0.022528,555.39,0.060416,771.012,0.17408,817.922,0.656384,824.352,2.60506,821.688,10.454,
0.00961538,0.013312,0.0384615,0.013312,0.142857,0.014336,0.615385,0.013312,2.46154,0.013312,8.53333,0.01536,34.1333,0.01536,146.286,0.014336,372.364,0.022528,546.133,0.06144,766.503,0.175104,817.922,0.656384,825.001,2.60301,820.482,10.4694,
0.0104167,0.012288,0.0384615,0.013312,0.133333,0.01536,0.615385,0.013312,2.13333,0.01536,8.53333,0.01536,34.1333,0.01536,136.533,0.01536,372.364,0.022528,537.18,0.062464,771.012,0.17408,817.922,0.656384,824.676,2.60403,821.768,10.453,
0.00961538,0.013312,0.0416667,0.012288,0.142857,0.014336,0.666667,0.012288,2.28571,0.014336,9.14286,0.014336,34.1333,0.01536,136.533,0.01536,390.095,0.021504,546.133,0.06144,771.012,0.17408,812.85,0.66048,825.325,2.60198,821.446,10.4571,
0.00892857,0.014336,0.0294118,0.017408,0.142857,0.014336,0.666667,0.012288,2.46154,0.013312,9.14286,0.014336,32,0.016384,146.286,0.014336,390.095,0.021504,537.18,0.062464,766.503,0.175104,815.378,0.658432,825.65,2.60096,820.964,10.4632,
0.0104167,0.012288,0.0384615,0.013312,0.153846,0.013312,0.666667,0.012288,2.46154,0.013312,8.53333,0.01536,34.1333,0.01536,136.533,0.01536,372.364,0.022528,546.133,0.06144,771.012,0.17408,816.648,0.657408,825.325,2.60198,821.527,10.4561,
0.00833333,0.01536,0.0384615,0.013312,0.142857,0.014336,0.615385,0.013312,2.28571,0.014336,9.84615,0.013312,36.5714,0.014336,146.286,0.014336,372.364,0.022528,546.133,0.06144,771.012,0.17408,816.648,0.657408,825.325,2.60198,821.446,10.4571,
0.0078125,0.016384,0.0384615,0.013312,0.153846,0.013312,0.666667,0.012288,2,0.016384,9.14286,0.014336,34.1333,0.01536,136.533,0.01536,372.364,0.022528,546.133,0.06144,766.503,0.175104,819.2,0.65536,825.325,2.60198,820.964,10.4632,
0.00833333,0.01536,0.0384615,0.013312,0.153846,0.013312,0.615385,0.013312,2.46154,0.013312,9.14286,0.014336,32,0.016384,146.286,0.014336,292.571,0.028672,546.133,0.06144,771.012,0.17408,816.648,0.657408,824.676,2.60403,821.044,10.4622,
0.00892857,0.014336,0.0263158,0.019456,0.153846,0.013312,0.615385,0.013312,2.46154,0.013312,9.84615,0.013312,32,0.016384,146.286,0.014336,356.174,0.023552,546.133,0.06144,771.012,0.17408,820.482,0.654336,824.028,2.60608,820.803,10.4653,
0.00961538,0.013312,0.0384615,0.013312,0.166667,0.012288,0.615385,0.013312,2.46154,0.013312,9.14286,0.014336,34.1333,0.01536,136.533,0.01536,372.364,0.022528,546.133,0.06144,771.012,0.17408,812.85,0.66048,823.705,2.6071,820.723,10.4663,
0.0104167,0.012288,0.0384615,0.013312,0.153846,0.013312,0.533333,0.01536,2.28571,0.014336,8.53333,0.01536,36.5714,0.014336,146.286,0.014336,372.364,0.022528,546.133,0.06144,775.574,0.173056,819.2,0.65536,824.028,2.60608,821.688,10.454,
0.00892857,0.014336,0.0384615,0.013312,0.153846,0.013312,0.533333,0.01536,2.46154,0.013312,9.14286,0.014336,39.3846,0.013312,136.533,0.01536,372.364,0.022528,537.18,0.062464,766.503,0.175104,819.2,0.65536,824.028,2.60608,821.366,10.4581,
0.00961538,0.013312,0.0357143,0.014336,0.166667,0.012288,0.571429,0.014336,2.46154,0.013312,9.84615,0.013312,36.5714,0.014336,136.533,0.01536,372.364,0.022528,555.39,0.060416,753.287,0.178176,819.2,0.65536,824.028,2.60608,821.527,10.4561,
0.00892857,0.014336,0.0357143,0.014336,0.153846,0.013312,0.571429,0.014336,2.66667,0.012288,8,0.016384,39.3846,0.013312,136.533,0.01536,372.364,0.022528,546.133,0.06144,771.012,0.17408,817.922,0.656384,824.028,2.60608,821.768,10.453,
0.00961538,0.013312,0.0357143,0.014336,0.166667,0.012288,0.615385,0.013312,2.13333,0.01536,8,0.016384,39.3846,0.013312,146.286,0.014336,390.095,0.021504,546.133,0.06144,766.503,0.175104,819.2,0.65536,825.001,2.60301,822.251,10.4468,
0.00892857,0.014336,0.0357143,0.014336,0.166667,0.012288,0.571429,0.014336,2.13333,0.01536,8.53333,0.01536,36.5714,0.014336,128,0.016384,390.095,0.021504,546.133,0.06144,780.19,0.172032,817.922,0.656384,823.705,2.6071,821.768,10.453,
0.0104167,0.012288,0.0384615,0.013312,0.166667,0.012288,0.615385,0.013312,2.13333,0.01536,8.53333,0.01536,34.1333,0.01536,136.533,0.01536,390.095,0.021504,546.133,0.06144,762.047,0.176128,817.922,0.656384,824.028,2.60608,821.768,10.453,
0.00892857,0.014336,0.0384615,0.013312,0.142857,0.014336,0.571429,0.014336,2.28571,0.014336,9.14286,0.014336,39.3846,0.013312,136.533,0.01536,372.364,0.022528,546.133,0.06144,766.503,0.175104,820.482,0.654336,825.325,2.60198,820.964,10.4632,
0.00961538,0.013312,0.0357143,0.014336,0.142857,0.014336,0.615385,0.013312,2.28571,0.014336,8.53333,0.01536,34.1333,0.01536,146.286,0.014336,372.364,0.022528,546.133,0.06144,771.012,0.17408,817.922,0.656384,825.65,2.60096,820.322,10.4714,
0.00961538,0.013312,0.0384615,0.013312,0.133333,0.01536,0.615385,0.013312,2.28571,0.014336,9.14286,0.014336,32,0.016384,146.286,0.014336,356.174,0.023552,546.133,0.06144,775.574,0.173056,819.2,0.65536,825.976,2.59994,821.044,10.4622,
0.0113636,0.011264,0.0384615,0.013312,0.153846,0.013312,0.615385,0.013312,2.28571,0.014336,7.52941,0.017408,32,0.016384,136.533,0.01536,390.095,0.021504,546.133,0.06144,771.012,0.17408,819.2,0.65536,825.001,2.60301,821.446,10.4571,
0.00657895,0.019456,0.0384615,0.013312,0.1,0.02048,0.615385,0.013312,2.28571,0.014336,9.14286,0.014336,32,0.016384,136.533,0.01536,356.174,0.023552,537.18,0.062464,771.012,0.17408,819.2,0.65536,824.352,2.60506,822.01,10.4499,
0.0104167,0.012288,0.0416667,0.012288,0.142857,0.014336,0.666667,0.012288,2.46154,0.013312,9.14286,0.014336,34.1333,0.01536,146.286,0.014336,390.095,0.021504,546.133,0.06144,771.012,0.17408,817.922,0.656384,824.676,2.60403,821.125,10.4612,
0.0104167,0.012288,0.0416667,0.012288,0.153846,0.013312,0.666667,0.012288,2.46154,0.013312,9.84615,0.013312,34.1333,0.01536,136.533,0.01536,372.364,0.022528,537.18,0.062464,775.574,0.173056,819.2,0.65536,824.676,2.60403,821.205,10.4602,
0.00892857,0.014336,0.0416667,0.012288,0.166667,0.012288,0.666667,0.012288,2.46154,0.013312,9.84615,0.013312,36.5714,0.014336,136.533,0.01536,372.364,0.022528,546.133,0.06144,766.503,0.175104,819.2,0.65536,825.65,2.60096,821.044,10.4622,
0.00892857,0.014336,0.0384615,0.013312,0.153846,0.013312,0.615385,0.013312,2.66667,0.012288,9.14286,0.014336,36.5714,0.014336,113.778,0.018432,390.095,0.021504,546.133,0.06144,766.503,0.175104,816.648,0.657408,825.65,2.60096,821.688,10.454,
0.00892857,0.014336,0.0416667,0.012288,0.153846,0.013312,0.666667,0.012288,2.28571,0.014336,9.14286,0.014336,34.1333,0.01536,146.286,0.014336,372.364,0.022528,546.133,0.06144,771.012,0.17408,819.2,0.65536,825.976,2.59994,820.482,10.4694,
0.00833333,0.01536,0.0384615,0.013312,0.142857,0.014336,0.615385,0.013312,2.28571,0.014336,9.84615,0.013312,34.1333,0.01536,146.286,0.014336,390.095,0.021504,546.133,0.06144,766.503,0.175104,819.2,0.65536,824.676,2.60403,821.205,10.4602,
0.00961538,0.013312,0.0384615,0.013312,0.166667,0.012288,0.666667,0.012288,2.46154,0.013312,9.84615,0.013312,36.5714,0.014336,136.533,0.01536,390.095,0.021504,546.133,0.06144,766.503,0.175104,817.922,0.656384,825.325,2.60198,820.322,10.4714,
0.00892857,0.014336,0.05,0.01024,0.181818,0.011264,0.727273,0.011264,2.90909,0.011264,11.6364,0.011264,39.3846,0.013312,157.538,0.013312,409.6,0.02048,595.782,0.05632,771.012,0.17408,807.84,0.664576,824.028,2.60608,804.277,10.6803,
0.0113636,0.011264,0.0416667,0.012288,0.2,0.01024,0.8,0.01024,2.90909,0.011264,10.6667,0.012288,46.5455,0.011264,170.667,0.012288,431.158,0.019456,606.815,0.055296,771.012,0.17408,806.597,0.6656,825.325,2.60198,805.281,10.667,
0.0113636,0.011264,0.0454545,0.011264,0.2,0.01024,0.8,0.01024,2.90909,0.011264,11.6364,0.011264,46.5455,0.011264,170.667,0.012288,431.158,0.019456,595.782,0.05632,766.503,0.175104,809.086,0.663552,825.325,2.60198,805.203,10.668,
0.0125,0.01024,0.05,0.01024,0.2,0.01024,0.8,0.01024,2.90909,0.011264,11.6364,0.011264,46.5455,0.011264,157.538,0.013312,431.158,0.019456,585.143,0.057344,771.012,0.17408,809.086,0.663552,825.001,2.60301,808.618,10.623,
0.0104167,0.012288,0.05,0.01024,0.142857,0.014336,0.8,0.01024,2.90909,0.011264,11.6364,0.011264,46.5455,0.011264,157.538,0.013312,431.158,0.019456,585.143,0.057344,784.862,0.171008,811.591,0.661504,825.001,2.60301,808.151,10.6291,
0.0113636,0.011264,0.0454545,0.011264,0.2,0.01024,0.8,0.01024,2.90909,0.011264,11.6364,0.011264,42.6667,0.012288,157.538,0.013312,431.158,0.019456,595.782,0.05632,780.19,0.172032,810.337,0.662528,823.381,2.60813,809.633,10.6097,
0.0113636,0.011264,0.0454545,0.011264,0.2,0.01024,0.8,0.01024,2.90909,0.011264,11.6364,0.011264,42.6667,0.012288,157.538,0.013312,455.111,0.018432,214.17,0.156672,766.503,0.175104,809.086,0.663552,823.705,2.6071,808.385,10.626,
0.0113636,0.011264,0.0454545,0.011264,0.2,0.01024,0.8,0.01024,2.90909,0.011264,11.6364,0.011264,46.5455,0.011264,157.538,0.013312,455.111,0.018432,585.143,0.057344,771.012,0.17408,809.086,0.663552,825.001,2.60301,808.852,10.6199,
0.0104167,0.012288,0.0454545,0.011264,0.2,0.01024,0.727273,0.011264,3.2,0.01024,11.6364,0.011264,42.6667,0.012288,170.667,0.012288,431.158,0.019456,595.782,0.05632,775.574,0.173056,810.337,0.662528,825.325,2.60198,808.618,10.623,
0.0125,0.01024,0.0454545,0.011264,0.2,0.01024,0.8,0.01024,2.90909,0.011264,11.6364,0.011264,46.5455,0.011264,157.538,0.013312,431.158,0.019456,595.782,0.05632,775.574,0.173056,809.086,0.663552,824.676,2.60403,808.385,10.626,
0.0125,0.01024,0.0454545,0.011264,0.2,0.01024,0.727273,0.011264,2.90909,0.011264,11.6364,0.011264,42.6667,0.012288,157.538,0.013312,431.158,0.019456,595.782,0.05632,775.574,0.173056,811.591,0.661504,824.352,2.60506,808.852,10.6199,
0.0125,0.01024,0.0454545,0.011264,0.2,0.01024,0.8,0.01024,2.90909,0.011264,11.6364,0.011264,42.6667,0.012288,157.538,0.013312,431.158,0.019456,595.782,0.05632,771.012,0.17408,810.337,0.662528,824.676,2.60403,809.868,10.6066,
0.0125,0.01024,0.0416667,0.012288,0.2,0.01024,0.8,0.01024,2.90909,0.011264,11.6364,0.011264,46.5455,0.011264,170.667,0.012288,455.111,0.018432,595.782,0.05632,780.19,0.172032,806.597,0.6656,824.676,2.60403,808.618,10.623,
0.0113636,0.011264,0.0454545,0.011264,0.2,0.01024,0.8,0.01024,2.90909,0.011264,11.6364,0.011264,42.6667,0.012288,170.667,0.012288,455.111,0.018432,595.782,0.05632,775.574,0.173056,810.337,0.662528,825.001,2.60301,809.086,10.6168,
0.0113636,0.011264,0.0454545,0.011264,0.181818,0.011264,0.8,0.01024,3.2,0.01024,11.6364,0.011264,46.5455,0.011264,136.533,0.01536,431.158,0.019456,595.782,0.05632,780.19,0.172032,810.337,0.662528,824.028,2.60608,809.008,10.6179,
0.0113636,0.011264,0.05,0.01024,0.2,0.01024,0.8,0.01024,2.90909,0.011264,11.6364,0.011264,42.6667,0.012288,157.538,0.013312,455.111,0.018432,595.782,0.05632,771.012,0.17408,810.337,0.662528,824.352,2.60506,809.242,10.6148,
0.0113636,0.011264,0.0454545,0.011264,0.2,0.01024,0.727273,0.011264,2.90909,0.011264,12.8,0.01024,46.5455,0.011264,157.538,0.013312,372.364,0.022528,595.782,0.05632,780.19,0.172032,812.85,0.66048,824.676,2.60403,817.364,10.5093,
0.0113636,0.011264,0.05,0.01024,0.222222,0.009216,0.8,0.01024,2.90909,0.011264,11.6364,0.011264,46.5455,0.011264,157.538,0.013312,431.158,0.019456,585.143,0.057344,780.19,0.172032,809.086,0.663552,824.676,2.60403,819.36,10.4837,
0.0113636,0.011264,0.0454545,0.011264,0.2,0.01024,0.8,0.01024,2.90909,0.011264,11.6364,0.011264,46.5455,0.011264,170.667,0.012288,455.111,0.018432,585.143,0.057344,780.19,0.172032,809.086,0.663552,823.705,2.6071,819.76,10.4786,
0.0113636,0.011264,0.0454545,0.011264,0.2,0.01024,0.8,0.01024,2.90909,0.011264,11.6364,0.011264,46.5455,0.011264,170.667,0.012288,455.111,0.018432,595.782,0.05632,775.574,0.173056,812.85,0.66048,825.001,2.60301,820.081,10.4745,
0.0125,0.01024,0.0454545,0.011264,0.181818,0.011264,0.8,0.01024,2.90909,0.011264,11.6364,0.011264,46.5455,0.011264,170.667,0.012288,455.111,0.018432,595.782,0.05632,780.19,0.172032,809.086,0.663552,824.352,2.60506,819.28,10.4847,
0.0125,0.01024,0.0454545,0.011264,0.2,0.01024,0.8,0.01024,2.90909,0.011264,11.6364,0.011264,42.6667,0.012288,170.667,0.012288,431.158,0.019456,585.143,0.057344,775.574,0.173056,810.337,0.662528,825.65,2.60096,819.841,10.4776,
0.0125,0.01024,0.0454545,0.011264,0.2,0.01024,0.8,0.01024,3.2,0.01024,11.6364,0.011264,42.6667,0.012288,170.667,0.012288,431.158,0.019456,595.782,0.05632,775.574,0.173056,807.84,0.664576,824.676,2.60403,819.68,10.4796,
0.0125,0.01024,0.0454545,0.011264,0.2,0.01024,0.8,0.01024,2.90909,0.011264,11.6364,0.011264,46.5455,0.011264,157.538,0.013312,455.111,0.018432,595.782,0.05632,771.012,0.17408,810.337,0.662528,825.976,2.59994,819.68,10.4796,
0.0113636,0.011264,0.05,0.01024,0.2,0.01024,0.727273,0.011264,3.2,0.01024,11.6364,0.011264,42.6667,0.012288,157.538,0.013312,455.111,0.018432,585.143,0.057344,766.503,0.175104,810.337,0.662528,824.676,2.60403,819.76,10.4786,
0.0125,0.01024,0.05,0.01024,0.2,0.01024,0.8,0.01024,3.2,0.01024,11.6364,0.011264,46.5455,0.011264,157.538,0.013312,431.158,0.019456,595.782,0.05632,762.047,0.176128,811.591,0.661504,825.65,2.60096,820.562,10.4684,
0.0104167,0.012288,0.0454545,0.011264,0.2,0.01024,0.8,0.01024,3.2,0.01024,11.6364,0.011264,42.6667,0.012288,157.538,0.013312,431.158,0.019456,585.143,0.057344,771.012,0.17408,804.123,0.667648,825.001,2.60301,819.841,10.4776,
0.0113636,0.011264,0.05,0.01024,0.2,0.01024,0.888889,0.009216,2.90909,0.011264,11.6364,0.011264,46.5455,0.011264,157.538,0.013312,455.111,0.018432,595.782,0.05632,771.012,0.17408,809.086,0.663552,825.325,2.60198,819.68,10.4796,
0.0125,0.01024,0.0416667,0.012288,0.2,0.01024,0.8,0.01024,2.90909,0.011264,11.6364,0.011264,42.6667,0.012288,170.667,0.012288,431.158,0.019456,585.143,0.057344,771.012,0.17408,807.84,0.664576,824.352,2.60506,819.44,10.4827,
0.0104167,0.012288,0.0454545,0.011264,0.2,0.01024,0.888889,0.009216,2.90909,0.011264,10.6667,0.012288,46.5455,0.011264,157.538,0.013312,455.111,0.018432,595.782,0.05632,775.574,0.173056,811.591,0.661504,825.325,2.60198,819.921,10.4765,
0.0125,0.01024,0.0454545,0.011264,0.181818,0.011264,0.8,0.01024,3.2,0.01024,11.6364,0.011264,46.5455,0.011264,157.538,0.013312,431.158,0.019456,595.782,0.05632,762.047,0.176128,812.85,0.66048,824.676,2.60403,819.68,10.4796,
0.0125,0.01024,0.0454545,0.011264,0.2,0.01024,0.8,0.01024,2.90909,0.011264,11.6364,0.011264,46.5455,0.011264,157.538,0.013312,455.111,0.018432,595.782,0.05632,771.012,0.17408,817.922,0.656384,825.65,2.60096,819.36,10.4837,
0.0125,0.01024,0.0454545,0.011264,0.181818,0.011264,0.8,0.01024,2.90909,0.011264,11.6364,0.011264,42.6667,0.012288,170.667,0.012288,431.158,0.019456,595.782,0.05632,771.012,0.17408,816.648,0.657408,825.325,2.60198,819.921,10.4765,
0.0125,0.01024,0.0454545,0.011264,0.2,0.01024,0.8,0.01024,2.90909,0.011264,11.6364,0.011264,46.5455,0.011264,170.667,0.012288,455.111,0.018432,585.143,0.057344,766.503,0.175104,820.482,0.654336,825.001,2.60301,820.241,10.4724,
0.0125,0.01024,0.0454545,0.011264,0.181818,0.011264,0.8,0.01024,2.90909,0.011264,12.8,0.01024,42.6667,0.012288,157.538,0.013312,455.111,0.018432,585.143,0.057344,762.047,0.176128,816.648,0.657408,825.65,2.60096,819.921,10.4765,
0.0113636,0.011264,0.05,0.01024,0.181818,0.011264,0.8,0.01024,2.90909,0.011264,11.6364,0.011264,46.5455,0.011264,157.538,0.013312,455.111,0.018432,585.143,0.057344,762.047,0.176128,817.922,0.656384,825.976,2.59994,820.241,10.4724,
0.0125,0.01024,0.05,0.01024,0.181818,0.011264,0.8,0.01024,3.2,0.01024,11.6364,0.011264,46.5455,0.011264,170.667,0.012288,431.158,0.019456,595.782,0.05632,766.503,0.175104,819.2,0.65536,825.325,2.60198,820.001,10.4755,
0.0125,0.01024,0.05,0.01024,0.181818,0.011264,0.8,0.01024,2.90909,0.011264,10.6667,0.012288,46.5455,0.011264,170.667,0.012288,455.111,0.018432,595.782,0.05632,771.012,0.17408,817.922,0.656384,825.325,2.60198,820.322,10.4714,
0.0113636,0.011264,0.0454545,0.011264,0.181818,0.011264,0.8,0.01024,2.90909,0.011264,11.6364,0.011264,42.6667,0.012288,157.538,0.013312,431.158,0.019456,595.782,0.05632,771.012,0.17408,819.2,0.65536,825.65,2.60096,820.562,10.4684,
0.0113636,0.011264,0.0454545,0.011264,0.181818,0.011264,0.8,0.01024,2.13333,0.01536,11.6364,0.011264,46.5455,0.011264,157.538,0.013312,431.158,0.019456,595.782,0.05632,762.047,0.176128,817.922,0.656384,825.976,2.59994,820.402,10.4704,
0.0125,0.01024,0.0454545,0.011264,0.2,0.01024,0.727273,0.011264,2.90909,0.011264,11.6364,0.011264,42.6667,0.012288,157.538,0.013312,455.111,0.018432,595.782,0.05632,766.503,0.175104,819.2,0.65536,824.676,2.60403,820.001,10.4755,
0.0125,0.01024,0.0454545,0.011264,0.222222,0.009216,0.8,0.01024,2.90909,0.011264,11.6364,0.011264,46.5455,0.011264,157.538,0.013312,431.158,0.019456,595.782,0.05632,775.574,0.173056,815.378,0.658432,825.65,2.60096,820.001,10.4755,
0.0113636,0.011264,0.0454545,0.011264,0.2,0.01024,0.8,0.01024,3.2,0.01024,11.6364,0.011264,46.5455,0.011264,170.667,0.012288,431.158,0.019456,595.782,0.05632,766.503,0.175104,817.922,0.656384,825.65,2.60096,820.402,10.4704,
0.0125,0.01024,0.0454545,0.011264,0.166667,0.012288,0.888889,0.009216,2.90909,0.011264,11.6364,0.011264,42.6667,0.012288,170.667,0.012288,455.111,0.018432,595.782,0.05632,771.012,0.17408,819.2,0.65536,824.676,2.60403,819.52,10.4817,
0.0113636,0.011264,0.0454545,0.011264,0.2,0.01024,0.8,0.01024,2.90909,0.011264,11.6364,0.011264,46.5455,0.011264,170.667,0.012288,455.111,0.018432,595.782,0.05632,766.503,0.175104,820.482,0.654336,825.001,2.60301,819.6,10.4806,
0.0125,0.01024,0.05,0.01024,0.181818,0.011264,0.8,0.01024,2.90909,0.011264,11.6364,0.011264,46.5455,0.011264,157.538,0.013312,455.111,0.018432,585.143,0.057344,775.574,0.173056,819.2,0.65536,825.325,2.60198,820.001,10.4755,
0.0125,0.01024,0.0454545,0.011264,0.181818,0.011264,0.8,0.01024,2.90909,0.011264,11.6364,0.011264,46.5455,0.011264,157.538,0.013312,455.111,0.018432,585.143,0.057344,762.047,0.176128,817.922,0.656384,825.325,2.60198,820.402,10.4704,
0.0125,0.01024,0.05,0.01024,0.181818,0.011264,0.8,0.01024,2.90909,0.011264,11.6364,0.011264,42.6667,0.012288,170.667,0.012288,455.111,0.018432,595.782,0.05632,771.012,0.17408,816.648,0.657408,825.65,2.60096,820.001,10.4755,
0.0125,0.01024,0.0454545,0.011264,0.181818,0.011264,0.8,0.01024,3.2,0.01024,11.6364,0.011264,46.5455,0.011264,170.667,0.012288,455.111,0.018432,585.143,0.057344,762.047,0.176128,820.482,0.654336,826.301,2.59891,819.68,10.4796,
0.0125,0.01024,0.05,0.01024,0.2,0.01024,0.8,0.01024,2.90909,0.011264,10.6667,0.012288,46.5455,0.011264,170.667,0.012288,455.111,0.018432,595.782,0.05632,780.19,0.172032,816.648,0.657408,824.676,2.60403,819.36,10.4837,
0.0113636,0.011264,0.0416667,0.012288,0.181818,0.011264,0.8,0.01024,2.90909,0.011264,11.6364,0.011264,46.5455,0.011264,157.538,0.013312,455.111,0.018432,585.143,0.057344,771.012,0.17408,820.482,0.654336,825.001,2.60301,819.52,10.4817,
0.0125,0.01024,0.0454545,0.011264,0.2,0.01024,0.8,0.01024,2.90909,0.011264,11.6364,0.011264,46.5455,0.011264,157.538,0.013312,455.111,0.018432,595.782,0.05632,775.574,0.173056,817.922,0.656384,825.325,2.60198,819.28,10.4847,
0.0125,0.01024,0.0454545,0.011264,0.181818,0.011264,0.727273,0.011264,2.90909,0.011264,11.6364,0.011264,46.5455,0.011264,170.667,0.012288,409.6,0.02048,595.782,0.05632,771.012,0.17408,817.922,0.656384,825.976,2.59994,820.081,10.4745,
0.0125,0.01024,0.0454545,0.011264,0.181818,0.011264,0.8,0.01024,2.90909,0.011264,11.6364,0.011264,42.6667,0.012288,170.667,0.012288,455.111,0.018432,595.782,0.05632,775.574,0.173056,817.922,0.656384,824.352,2.60506,819.76,10.4786,
0.0125,0.01024,0.0454545,0.011264,0.181818,0.011264,0.8,0.01024,3.2,0.01024,11.6364,0.011264,46.5455,0.011264,157.538,0.013312,431.158,0.019456,585.143,0.057344,775.574,0.173056,819.2,0.65536,823.058,2.60915,819.6,10.4806,
0.0125,0.01024,0.05,0.01024,0.181818,0.011264,0.8,0.01024,2.90909,0.011264,9.84615,0.013312,46.5455,0.011264,170.667,0.012288,431.158,0.019456,585.143,0.057344,780.19,0.172032,815.378,0.658432,823.058,2.60915,818.88,10.4899,
0.0113636,0.011264,0.0454545,0.011264,0.181818,0.011264,0.8,0.01024,2.90909,0.011264,11.6364,0.011264,42.6667,0.012288,170.667,0.012288,431.158,0.019456,606.815,0.055296,771.012,0.17408,820.482,0.654336,822.735,2.61018,819.68,10.4796,
0.0125,0.01024,0.05,0.01024,0.2,0.01024,0.8,0.01024,2.90909,0.011264,11.6364,0.011264,46.5455,0.011264,157.538,0.013312,455.111,0.018432,585.143,0.057344,775.574,0.173056,816.648,0.657408,822.735,2.61018,820.001,10.4755,
0.0125,0.01024,0.0454545,0.011264,0.181818,0.011264,0.727273,0.011264,2.90909,0.011264,11.6364,0.011264,46.5455,0.011264,157.538,0.013312,455.111,0.018432,595.782,0.05632,771.012,0.17408,817.922,0.656384,825.65,2.60096,819.36,10.4837,
0.0125,0.01024,0.0454545,0.011264,0.181818,0.011264,0.8,0.01024,2.90909,0.011264,10.6667,0.012288,46.5455,0.011264,157.538,0.013312,455.111,0.018432,585.143,0.057344,775.574,0.173056,820.482,0.654336,826.627,2.59789,819.841,10.4776,
0.0125,0.01024,0.0454545,0.011264,0.181818,0.011264,0.727273,0.011264,2.90909,0.011264,11.6364,0.011264,46.5455,0.011264,157.538,0.013312,431.158,0.019456,595.782,0.05632,771.012,0.17408,817.922,0.656384,825.65,2.60096,819.68,10.4796,
0.0125,0.01024,0.0454545,0.011264,0.2,0.01024,0.8,0.01024,2.90909,0.011264,11.6364,0.011264,46.5455,0.011264,136.533,0.01536,455.111,0.018432,585.143,0.057344,775.574,0.173056,816.648,0.657408,823.705,2.6071,820.241,10.4724,
0.0125,0.01024,0.0454545,0.011264,0.181818,0.011264,0.727273,0.011264,2.90909,0.011264,11.6364,0.011264,42.6667,0.012288,170.667,0.012288,431.158,0.019456,595.782,0.05632,775.574,0.173056,819.2,0.65536,824.352,2.60506,819.6,10.4806,
0.0113636,0.011264,0.05,0.01024,0.2,0.01024,0.8,0.01024,2.90909,0.011264,11.6364,0.011264,46.5455,0.011264,157.538,0.013312,455.111,0.018432,595.782,0.05632,780.19,0.172032,819.2,0.65536,826.301,2.59891,820.643,10.4673,
0.0113636,0.011264,0.0454545,0.011264,0.181818,0.011264,0.8,0.01024,3.2,0.01024,11.6364,0.011264,42.6667,0.012288,157.538,0.013312,431.158,0.019456,595.782,0.05632,775.574,0.173056,817.922,0.656384,825.65,2.60096,820.161,10.4735,
0.0125,0.01024,0.0454545,0.011264,0.181818,0.011264,0.666667,0.012288,2.90909,0.011264,11.6364,0.011264,46.5455,0.011264,157.538,0.013312,455.111,0.018432,585.143,0.057344,771.012,0.17408,817.922,0.656384,822.735,2.61018,820.562,10.4684,
0.0125,0.01024,0.0416667,0.012288,0.181818,0.011264,0.727273,0.011264,2.90909,0.011264,11.6364,0.011264,42.6667,0.012288,170.667,0.012288,455.111,0.018432,574.877,0.058368,780.19,0.172032,819.2,0.65536,823.058,2.60915,819.52,10.4817,
0.0125,0.01024,0.05,0.01024,0.181818,0.011264,0.727273,0.011264,2.90909,0.011264,11.6364,0.011264,46.5455,0.011264,157.538,0.013312,455.111,0.018432,585.143,0.057344,780.19,0.172032,817.922,0.656384,825.001,2.60301,819.12,10.4868,
0.0125,0.01024,0.05,0.01024,0.181818,0.011264,0.8,0.01024,2.90909,0.011264,11.6364,0.011264,46.5455,0.011264,157.538,0.013312,431.158,0.019456,595.782,0.05632,771.012,0.17408,816.648,0.657408,825.65,2.60096,819.68,10.4796,
0.0125,0.01024,0.05,0.01024,0.181818,0.011264,0.666667,0.012288,2.90909,0.011264,11.6364,0.011264,42.6667,0.012288,157.538,0.013312,455.111,0.018432,595.782,0.05632,775.574,0.173056,819.2,0.65536,825.001,2.60301,820.001,10.4755,
0.0125,0.01024,0.05,0.01024,0.166667,0.012288,0.666667,0.012288,3.2,0.01024,11.6364,0.011264,42.6667,0.012288,170.667,0.012288,431.158,0.019456,585.143,0.057344,775.574,0.173056,819.2,0.65536,823.705,2.6071,818.96,10.4888,
0.0125,0.01024,0.05,0.01024,0.2,0.01024,0.666667,0.012288,2.90909,0.011264,11.6364,0.011264,46.5455,0.011264,170.667,0.012288,455.111,0.018432,595.782,0.05632,771.012,0.17408,816.648,0.657408,825.001,2.60301,819.6,10.4806,
0.0125,0.01024,0.05,0.01024,0.181818,0.011264,0.8,0.01024,2.90909,0.011264,11.6364,0.011264,46.5455,0.011264,157.538,0.013312,455.111,0.018432,595.782,0.05632,780.19,0.172032,817.922,0.656384,825.325,2.60198,819.36,10.4837,
0.0125,0.01024,0.05,0.01024,0.2,0.01024,0.8,0.01024,2.90909,0.011264,11.6364,0.011264,46.5455,0.011264,146.286,0.014336,455.111,0.018432,585.143,0.057344,766.503,0.175104,816.648,0.657408,825.65,2.60096,819.76,10.4786,
0.0125,0.01024,0.05,0.01024,0.181818,0.011264,0.8,0.01024,2.90909,0.011264,11.6364,0.011264,46.5455,0.011264,170.667,0.012288,431.158,0.019456,585.143,0.057344,780.19,0.172032,819.2,0.65536,825.325,2.60198,819.44,10.4827,
0.0113636,0.011264,0.00446429,0.114688,0.2,0.01024,0.727273,0.011264,2.90909,0.011264,11.6364,0.011264,46.5455,0.011264,170.667,0.012288,431.158,0.019456,606.815,0.055296,766.503,0.175104,820.482,0.654336,825.65,2.60096,819.76,10.4786,
0.0125,0.01024,0.0454545,0.011264,0.181818,0.011264,0.727273,0.011264,2.90909,0.011264,11.6364,0.011264,46.5455,0.011264,157.538,0.013312,431.158,0.019456,595.782,0.05632,780.19,0.172032,817.922,0.656384,825.65,2.60096,819.68,10.4796,
0.0138889,0.009216,0.05,0.01024,0.166667,0.012288,0.8,0.01024,2.90909,0.011264,11.6364,0.011264,46.5455,0.011264,157.538,0.013312,455.111,0.018432,595.782,0.05632,775.574,0.173056,819.2,0.65536,825.976,2.59994,819.52,10.4817,
0.0125,0.01024,0.05,0.01024,0.181818,0.011264,0.8,0.01024,3.2,0.01024,11.6364,0.011264,46.5455,0.011264,157.538,0.013312,455.111,0.018432,574.877,0.058368,784.862,0.171008,817.922,0.656384,825.325,2.60198,819.52,10.4817,
0.0125,0.01024,0.0384615,0.013312,0.181818,0.011264,0.727273,0.011264,2.90909,0.011264,11.6364,0.011264,42.6667,0.012288,157.538,0.013312,455.111,0.018432,595.782,0.05632,780.19,0.172032,819.2,0.65536,824.676,2.60403,819.6,10.4806,
0.0113636,0.011264,0.05,0.01024,0.181818,0.011264,0.666667,0.012288,2.90909,0.011264,11.6364,0.011264,42.6667,0.012288,157.538,0.013312,431.158,0.019456,585.143,0.057344,775.574,0.173056,817.922,0.656384,825.325,2.60198,820.081,10.4745,
0.0125,0.01024,0.0454545,0.011264,0.181818,0.011264,0.8,0.01024,2.66667,0.012288,11.6364,0.011264,46.5455,0.011264,157.538,0.013312,431.158,0.019456,595.782,0.05632,766.503,0.175104,816.648,0.657408,825.65,2.60096,820.001,10.4755,
0.0113636,0.011264,0.05,0.01024,0.181818,0.011264,0.8,0.01024,2.90909,0.011264,11.6364,0.011264,42.6667,0.012288,170.667,0.012288,455.111,0.018432,595.782,0.05632,771.012,0.17408,819.2,0.65536,823.705,2.6071,819.76,10.4786,
0.0125,0.01024,0.05,0.01024,0.2,0.01024,0.8,0.01024,2.90909,0.011264,11.6364,0.011264,46.5455,0.011264,170.667,0.012288,455.111,0.018432,595.782,0.05632,780.19,0.172032,816.648,0.657408,822.413,2.6112,820.402,10.4704,
0.0113636,0.011264,0.05,0.01024,0.181818,0.011264,0.727273,0.011264,2.90909,0.011264,11.6364,0.011264,36.5714,0.014336,170.667,0.012288,455.111,0.018432,595.782,0.05632,766.503,0.175104,817.922,0.656384,822.413,2.6112,819.44,10.4827,
0.0125,0.01024,0.0555556,0.009216,0.181818,0.011264,0.8,0.01024,2.90909,0.011264,11.6364,0.011264,46.5455,0.011264,157.538,0.013312,455.111,0.018432,595.782,0.05632,766.503,0.175104,819.2,0.65536,823.058,2.60915,819.12,10.4868,
0.0125,0.01024,0.05,0.01024,0.181818,0.011264,0.727273,0.011264,3.2,0.01024,11.6364,0.011264,46.5455,0.011264,157.538,0.013312,455.111,0.018432,585.143,0.057344,775.574,0.173056,817.922,0.656384,823.058,2.60915,819.28,10.4847,
0.0125,0.01024,0.05,0.01024,0.181818,0.011264,0.727273,0.011264,2.90909,0.011264,11.6364,0.011264,42.6667,0.012288,157.538,0.013312,431.158,0.019456,595.782,0.05632,775.574,0.173056,816.648,0.657408,822.09,2.61222,818.72,10.4919,
0.0113636,0.011264,0.05,0.01024,0.181818,0.011264,0.727273,0.011264,3.2,0.01024,11.6364,0.011264,46.5455,0.011264,170.667,0.012288,455.111,0.018432,585.143,0.057344,766.503,0.175104,817.922,0.656384,823.381,2.60813,819.2,10.4858,
0.0125,0.01024,0.05,0.01024,0.181818,0.011264,0.727273,0.011264,2.90909,0.011264,11.6364,0.011264,46.5455,0.011264,157.538,0.013312,431.158,0.019456,595.782,0.05632,771.012,0.17408,817.922,0.656384,824.028,2.60608,819.921,10.4765,
0.0113636,0.011264,0.05,0.01024,0.181818,0.011264,0.666667,0.012288,2.90909,0.011264,11.6364,0.011264,46.5455,0.011264,157.538,0.013312,431.158,0.019456,595.782,0.05632,775.574,0.173056,816.648,0.657408,823.058,2.60915,819.52,10.4817,
0.0125,0.01024,0.05,0.01024,0.2,0.01024,0.8,0.01024,2.90909,0.011264,11.6364,0.011264,46.5455,0.011264,157.538,0.013312,455.111,0.018432,595.782,0.05632,771.012,0.17408,819.2,0.65536,822.735,2.61018,819.28,10.4847,
0.0113636,0.011264,0.05,0.01024,0.142857,0.014336,0.8,0.01024,2.90909,0.011264,11.6364,0.011264,42.6667,0.012288,170.667,0.012288,431.158,0.019456,585.143,0.057344,771.012,0.17408,819.2,0.65536,823.381,2.60813,819.36,10.4837,
0.0125,0.01024,0.05,0.01024,0.2,0.01024,0.8,0.01024,2.90909,0.011264,10.6667,0.012288,46.5455,0.011264,170.667,0.012288,455.111,0.018432,585.143,0.057344,784.862,0.171008,816.648,0.657408,822.09,2.61222,820.081,10.4745,
0.0125,0.01024,0.05,0.01024,0.2,0.01024,0.727273,0.011264,3.2,0.01024,11.6364,0.011264,46.5455,0.011264,170.667,0.012288,431.158,0.019456,585.143,0.057344,775.574,0.173056,816.648,0.657408,824.028,2.60608,820.161,10.4735,
0.0125,0.01024,0.05,0.01024,0.2,0.01024,0.727273,0.011264,2.90909,0.011264,11.6364,0.011264,42.6667,0.012288,170.667,0.012288,431.158,0.019456,585.143,0.057344,775.574,0.173056,819.2,0.65536,823.705,2.6071,819.841,10.4776,
0.0125,0.01024,0.0454545,0.011264,0.181818,0.011264,0.8,0.01024,2.90909,0.011264,11.6364,0.011264,42.6667,0.012288,157.538,0.013312,455.111,0.018432,585.143,0.057344,789.59,0.169984,816.648,0.657408,823.381,2.60813,819.52,10.4817,
0.0125,0.01024,0.05,0.01024,0.166667,0.012288,0.8,0.01024,2.90909,0.011264,11.6364,0.011264,46.5455,0.011264,157.538,0.013312,431.158,0.019456,595.782,0.05632,775.574,0.173056,819.2,0.65536,824.676,2.60403,820.081,10.4745,
0.0125,0.01024,0.0454545,0.011264,0.2,0.01024,0.727273,0.011264,2.90909,0.011264,11.6364,0.011264,46.5455,0.011264,170.667,0.012288,431.158,0.019456,585.143,0.057344,771.012,0.17408,816.648,0.657408,825.65,2.60096,820.402,10.4704,
0.0113636,0.011264,0.05,0.01024,0.181818,0.011264,0.727273,0.011264,2.90909,0.011264,11.6364,0.011264,42.6667,0.012288,170.667,0.012288,455.111,0.018432,585.143,0.057344,775.574,0.173056,817.922,0.656384,825.65,2.60096,820.482,10.4694,
