bandwidth_0,time_0,bandwidth_1,time_1,bandwidth_2,time_2,bandwidth_3,time_3,bandwidth_4,time_4,bandwidth_5,time_5,bandwidth_6,time_6,bandwidth_7,time_7,bandwidth_8,time_8,bandwidth_9,time_9,bandwidth_10,time_10,bandwidth_11,time_11,bandwidth_12,time_12,bandwidth_13,time_13,
0.0113636,0.011264,0.0416667,0.012288,0.181818,0.011264,0.666667,0.012288,2.66667,0.012288,10.6667,0.012288,46.5455,0.011264,157.538,0.013312,455.111,0.018432,682.667,0.049152,771.012,0.17408,816.648,0.657408,811.277,2.64704,808.229,10.6281,
0.0113636,0.011264,0.0454545,0.011264,0.181818,0.011264,0.8,0.01024,2.90909,0.011264,10.6667,0.012288,46.5455,0.011264,157.538,0.013312,481.882,0.017408,668.735,0.050176,789.59,0.169984,816.648,0.657408,812.22,2.64397,808.618,10.623,
0.0113636,0.011264,0.0454545,0.011264,0.2,0.01024,0.727273,0.011264,2.90909,0.011264,11.6364,0.011264,46.5455,0.011264,170.667,0.012288,481.882,0.017408,668.735,0.050176,766.503,0.175104,817.922,0.656384,812.22,2.64397,808.307,10.6271,
0.0113636,0.011264,0.0454545,0.011264,0.2,0.01024,0.8,0.01024,2.90909,0.011264,12.8,0.01024,46.5455,0.011264,157.538,0.013312,481.882,0.017408,668.735,0.050176,789.59,0.169984,815.378,0.658432,813.48,2.63987,809.086,10.6168,
0.0104167,0.012288,0.0454545,0.011264,0.181818,0.011264,0.727273,0.011264,2.90909,0.011264,11.6364,0.011264,46.5455,0.011264,157.538,0.013312,455.111,0.018432,668.735,0.050176,780.19,0.172032,814.112,0.659456,813.796,2.63885,808.696,10.622,
0.0113636,0.011264,0.0454545,0.011264,0.181818,0.011264,0.727273,0.011264,2.90909,0.011264,11.6364,0.011264,46.5455,0.011264,170.667,0.012288,455.111,0.018432,668.735,0.050176,780.19,0.172032,816.648,0.657408,812.535,2.64294,808.307,10.6271,
0.0113636,0.011264,0.0454545,0.011264,0.2,0.01024,0.727273,0.011264,2.66667,0.012288,12.8,0.01024,51.2,0.01024,157.538,0.013312,455.111,0.018432,655.36,0.0512,780.19,0.172032,815.378,0.658432,812.535,2.64294,808.93,10.6189,
0.0113636,0.011264,0.05,0.01024,0.181818,0.011264,0.727273,0.011264,2.90909,0.011264,11.6364,0.011264,46.5455,0.011264,170.667,0.012288,455.111,0.018432,642.51,0.052224,789.59,0.169984,815.378,0.658432,811.906,2.64499,808.774,10.6209,
0.0104167,0.012288,0.05,0.01024,0.2,0.01024,0.666667,0.012288,2.90909,0.011264,11.6364,0.011264,51.2,0.01024,170.667,0.012288,455.111,0.018432,642.51,0.052224,784.862,0.171008,815.378,0.658432,812.85,2.64192,808.774,10.6209,
0.0113636,0.011264,0.0454545,0.011264,0.181818,0.011264,0.8,0.01024,3.2,0.01024,11.6364,0.011264,46.5455,0.011264,157.538,0.013312,455.111,0.018432,642.51,0.052224,784.862,0.171008,816.648,0.657408,812.22,2.64397,808.852,10.6199,
0.0113636,0.011264,0.05,0.01024,0.2,0.01024,0.727273,0.011264,2.90909,0.011264,11.6364,0.011264,51.2,0.01024,170.667,0.012288,455.111,0.018432,642.51,0.052224,784.862,0.171008,816.648,0.657408,813.165,2.6409,808.696,10.622,
0.0113636,0.011264,0.05,0.01024,0.2,0.01024,0.727273,0.011264,2.90909,0.011264,12.8,0.01024,46.5455,0.011264,170.667,0.012288,481.882,0.017408,655.36,0.0512,775.574,0.173056,819.2,0.65536,811.906,2.64499,808.541,10.624,
0.0125,0.01024,0.0416667,0.012288,0.181818,0.011264,0.727273,0.011264,2.90909,0.011264,11.6364,0.011264,46.5455,0.011264,157.538,0.013312,481.882,0.017408,642.51,0.052224,784.862,0.171008,824.352,0.651264,812.535,2.64294,808.696,10.622,
0.0104167,0.012288,0.05,0.01024,0.2,0.01024,0.727273,0.011264,2.90909,0.011264,11.6364,0.011264,51.2,0.01024,170.667,0.012288,481.882,0.017408,655.36,0.0512,780.19,0.172032,820.482,0.654336,811.906,2.64499,808.852,10.6199,
0.0125,0.01024,0.0454545,0.011264,0.2,0.01024,0.727273,0.011264,2.90909,0.011264,11.6364,0.011264,46.5455,0.011264,170.667,0.012288,455.111,0.018432,655.36,0.0512,784.862,0.171008,823.058,0.652288,812.22,2.64397,808.618,10.623,
0.0125,0.01024,0.0454545,0.011264,0.181818,0.011264,0.8,0.01024,2.90909,0.011264,11.6364,0.011264,51.2,0.01024,157.538,0.013312,455.111,0.018432,668.735,0.050176,784.862,0.171008,821.768,0.653312,813.48,2.63987,808.385,10.626,
0.0125,0.01024,0.0454545,0.011264,0.2,0.01024,0.8,0.01024,2.90909,0.011264,11.6364,0.011264,46.5455,0.011264,170.667,0.012288,481.882,0.017408,655.36,0.0512,784.862,0.171008,819.2,0.65536,813.48,2.63987,809.008,10.6179,
0.0104167,0.012288,0.05,0.01024,0.2,0.01024,0.5,0.016384,2.90909,0.011264,11.6364,0.011264,46.5455,0.011264,170.667,0.012288,481.882,0.017408,655.36,0.0512,784.862,0.171008,814.112,0.659456,811.906,2.64499,809.008,10.6179,
0.0113636,0.011264,0.0454545,0.011264,0.2,0.01024,0.727273,0.011264,2.90909,0.011264,11.6364,0.011264,51.2,0.01024,170.667,0.012288,481.882,0.017408,655.36,0.0512,780.19,0.172032,816.648,0.657408,813.165,2.6409,808.852,10.6199,
0.0125,0.01024,0.05,0.01024,0.2,0.01024,0.8,0.01024,2.90909,0.011264,11.6364,0.011264,46.5455,0.011264,157.538,0.013312,481.882,0.017408,642.51,0.052224,784.862,0.171008,815.378,0.658432,811.906,2.64499,809.399,10.6127,
0.0125,0.01024,0.05,0.01024,0.2,0.01024,0.727273,0.011264,3.2,0.01024,11.6364,0.011264,46.5455,0.011264,157.538,0.013312,481.882,0.017408,642.51,0.052224,780.19,0.172032,817.922,0.656384,813.165,2.6409,808.852,10.6199,
0.0113636,0.011264,0.05,0.01024,0.181818,0.011264,0.727273,0.011264,2.90909,0.011264,11.6364,0.011264,46.5455,0.011264,146.286,0.014336,481.882,0.017408,655.36,0.0512,784.862,0.171008,816.648,0.657408,814.112,2.63782,808.463,10.625,
0.0113636,0.011264,0.0454545,0.011264,0.2,0.01024,0.727273,0.011264,2.90909,0.011264,11.6364,0.011264,51.2,0.01024,157.538,0.013312,481.882,0.017408,642.51,0.052224,780.19,0.172032,815.378,0.658432,813.165,2.6409,809.164,10.6158,
0.0113636,0.011264,0.05,0.01024,0.2,0.01024,0.727273,0.011264,2.90909,0.011264,11.6364,0.011264,46.5455,0.011264,170.667,0.012288,481.882,0.017408,642.51,0.052224,780.19,0.172032,816.648,0.657408,812.535,2.64294,808.696,10.622,
0.0125,0.01024,0.0357143,0.014336,0.181818,0.011264,0.727273,0.011264,2.90909,0.011264,11.6364,0.011264,51.2,0.01024,170.667,0.012288,481.882,0.017408,642.51,0.052224,784.862,0.171008,817.922,0.656384,812.22,2.64397,808.463,10.625,
0.0104167,0.012288,0.05,0.01024,0.181818,0.011264,0.8,0.01024,2.90909,0.011264,10.6667,0.012288,46.5455,0.011264,170.667,0.012288,481.882,0.017408,655.36,0.0512,784.862,0.171008,815.378,0.658432,811.277,2.64704,809.008,10.6179,
0.0113636,0.011264,0.0454545,0.011264,0.2,0.01024,0.727273,0.011264,2.90909,0.011264,11.6364,0.011264,51.2,0.01024,157.538,0.013312,455.111,0.018432,668.735,0.050176,789.59,0.169984,810.337,0.662528,812.85,2.64192,808.852,10.6199,
0.0113636,0.011264,0.05,0.01024,0.181818,0.011264,0.8,0.01024,2.90909,0.011264,11.6364,0.011264,46.5455,0.011264,157.538,0.013312,455.111,0.018432,655.36,0.0512,784.862,0.171008,811.591,0.661504,813.165,2.6409,808.618,10.623,
0.0125,0.01024,0.05,0.01024,0.2,0.01024,0.727273,0.011264,1.88235,0.017408,11.6364,0.011264,51.2,0.01024,157.538,0.013312,481.882,0.017408,668.735,0.050176,784.862,0.171008,811.591,0.661504,812.85,2.64192,809.086,10.6168,
0.0113636,0.011264,0.05,0.01024,0.2,0.01024,0.727273,0.011264,3.2,0.01024,11.6364,0.011264,46.5455,0.011264,157.538,0.013312,455.111,0.018432,642.51,0.052224,784.862,0.171008,812.85,0.66048,812.22,2.64397,808.618,10.623,
0.0113636,0.011264,0.0454545,0.011264,0.2,0.01024,0.727273,0.011264,2.90909,0.011264,11.6364,0.011264,51.2,0.01024,157.538,0.013312,455.111,0.018432,630.154,0.053248,784.862,0.171008,811.591,0.661504,812.535,2.64294,808.696,10.622,
0.0113636,0.011264,0.0454545,0.011264,0.181818,0.011264,0.8,0.01024,2.90909,0.011264,11.6364,0.011264,46.5455,0.011264,170.667,0.012288,455.111,0.018432,642.51,0.052224,784.862,0.171008,812.85,0.66048,811.591,2.64602,809.008,10.6179,
0.0113636,0.011264,0.0454545,0.011264,0.2,0.01024,0.666667,0.012288,2.90909,0.011264,11.6364,0.011264,51.2,0.01024,157.538,0.013312,455.111,0.018432,655.36,0.0512,780.19,0.172032,811.591,0.661504,812.85,2.64192,808.774,10.6209,
0.0113636,0.011264,0.05,0.01024,0.181818,0.011264,0.8,0.01024,3.2,0.01024,11.6364,0.011264,46.5455,0.011264,157.538,0.013312,455.111,0.018432,642.51,0.052224,794.376,0.16896,810.337,0.662528,812.535,2.64294,808.852,10.6199,
0.0113636,0.011264,0.0454545,0.011264,0.181818,0.011264,0.8,0.01024,2.90909,0.011264,11.6364,0.011264,46.5455,0.011264,170.667,0.012288,455.111,0.018432,655.36,0.0512,780.19,0.172032,815.378,0.658432,812.85,2.64192,809.242,10.6148,
0.0113636,0.011264,0.05,0.01024,0.181818,0.011264,0.727273,0.011264,2.90909,0.011264,11.6364,0.011264,46.5455,0.011264,170.667,0.012288,481.882,0.017408,630.154,0.053248,784.862,0.171008,816.648,0.657408,812.22,2.64397,808.696,10.622,
0.0113636,0.011264,0.05,0.01024,0.2,0.01024,0.727273,0.011264,2.90909,0.011264,11.6364,0.011264,46.5455,0.011264,157.538,0.013312,455.111,0.018432,655.36,0.0512,780.19,0.172032,819.2,0.65536,813.165,2.6409,809.242,10.6148,
0.0113636,0.011264,0.0454545,0.011264,0.2,0.01024,0.727273,0.011264,2.90909,0.011264,11.6364,0.011264,42.6667,0.012288,170.667,0.012288,455.111,0.018432,642.51,0.052224,780.19,0.172032,817.922,0.656384,811.906,2.64499,809.008,10.6179,
0.0113636,0.011264,0.0454545,0.011264,0.181818,0.011264,0.8,0.01024,2.90909,0.011264,11.6364,0.011264,46.5455,0.011264,157.538,0.013312,455.111,0.018432,668.735,0.050176,784.862,0.171008,819.2,0.65536,812.85,2.64192,809.008,10.6179,
0.0104167,0.012288,0.05,0.01024,0.181818,0.011264,0.727273,0.011264,2.90909,0.011264,11.6364,0.011264,46.5455,0.011264,170.667,0.012288,481.882,0.017408,655.36,0.0512,784.862,0.171008,820.482,0.654336,812.85,2.64192,808.696,10.622,
0.0113636,0.011264,0.0454545,0.011264,0.2,0.01024,0.727273,0.011264,2.90909,0.011264,11.6364,0.011264,46.5455,0.011264,170.667,0.012288,481.882,0.017408,655.36,0.0512,780.19,0.172032,815.378,0.658432,813.48,2.63987,808.774,10.6209,
0.0113636,0.011264,0.0454545,0.011264,0.2,0.01024,0.727273,0.011264,2.90909,0.011264,11.6364,0.011264,46.5455,0.011264,170.667,0.012288,481.882,0.017408,655.36,0.0512,789.59,0.169984,810.337,0.662528,811.906,2.64499,808.852,10.6199,
0.0125,0.01024,0.0454545,0.011264,0.181818,0.011264,0.727273,0.011264,2.90909,0.011264,11.6364,0.011264,46.5455,0.011264,170.667,0.012288,481.882,0.017408,655.36,0.0512,780.19,0.172032,812.85,0.66048,812.535,2.64294,808.774,10.6209,
0.0113636,0.011264,0.05,0.01024,0.181818,0.011264,0.8,0.01024,2.90909,0.011264,11.6364,0.011264,46.5455,0.011264,157.538,0.013312,455.111,0.018432,655.36,0.0512,784.862,0.171008,811.591,0.661504,812.85,2.64192,809.164,10.6158,
0.0113636,0.011264,0.0454545,0.011264,0.2,0.01024,0.727273,0.011264,2.90909,0.011264,11.6364,0.011264,46.5455,0.011264,157.538,0.013312,455.111,0.018432,655.36,0.0512,789.59,0.169984,812.85,0.66048,812.85,2.64192,808.774,10.6209,
0.0113636,0.011264,0.0454545,0.011264,0.181818,0.011264,0.8,0.01024,2.90909,0.011264,12.8,0.01024,51.2,0.01024,157.538,0.013312,481.882,0.017408,630.154,0.053248,784.862,0.171008,811.591,0.661504,812.22,2.64397,808.541,10.624,
0.0113636,0.011264,0.0454545,0.011264,0.2,0.01024,0.8,0.01024,2.66667,0.012288,12.8,0.01024,46.5455,0.011264,157.538,0.013312,481.882,0.017408,642.51,0.052224,775.574,0.173056,811.591,0.661504,813.165,2.6409,809.086,10.6168,
0.0113636,0.011264,0.05,0.01024,0.2,0.01024,0.8,0.01024,2.90909,0.011264,11.6364,0.011264,46.5455,0.011264,170.667,0.012288,455.111,0.018432,282.483,0.118784,784.862,0.171008,811.591,0.661504,813.165,2.6409,808.774,10.6209,
0.0113636,0.011264,0.05,0.01024,0.2,0.01024,0.666667,0.012288,2.90909,0.011264,12.8,0.01024,46.5455,0.011264,157.538,0.013312,455.111,0.018432,655.36,0.0512,789.59,0.169984,810.337,0.662528,811.906,2.64499,809.086,10.6168,
0.0113636,0.011264,0.0454545,0.011264,0.2,0.01024,0.8,0.01024,2.90909,0.011264,12.8,0.01024,51.2,0.01024,170.667,0.012288,481.882,0.017408,668.735,0.050176,784.862,0.171008,811.591,0.661504,812.535,2.64294,809.008,10.6179,
0.0125,0.01024,0.0454545,0.011264,0.181818,0.011264,0.727273,0.011264,2.90909,0.011264,11.6364,0.011264,46.5455,0.011264,170.667,0.012288,481.882,0.017408,655.36,0.0512,789.59,0.169984,811.591,0.661504,812.22,2.64397,808.696,10.622,
0.0113636,0.011264,0.05,0.01024,0.181818,0.011264,0.8,0.01024,2.90909,0.011264,11.6364,0.011264,51.2,0.01024,157.538,0.013312,481.882,0.017408,642.51,0.052224,771.012,0.17408,812.85,0.66048,812.535,2.64294,809.086,10.6168,
0.0125,0.01024,0.0454545,0.011264,0.2,0.01024,0.727273,0.011264,2.90909,0.011264,11.6364,0.011264,46.5455,0.011264,170.667,0.012288,455.111,0.018432,668.735,0.050176,784.862,0.171008,811.591,0.661504,813.165,2.6409,809.242,10.6148,
0.0104167,0.012288,0.05,0.01024,0.181818,0.011264,0.727273,0.011264,2.66667,0.012288,11.6364,0.011264,51.2,0.01024,170.667,0.012288,455.111,0.018432,642.51,0.052224,784.862,0.171008,814.112,0.659456,813.796,2.63885,809.086,10.6168,
0.0113636,0.011264,0.0454545,0.011264,0.181818,0.011264,0.727273,0.011264,2.90909,0.011264,11.6364,0.011264,46.5455,0.011264,170.667,0.012288,481.882,0.017408,642.51,0.052224,780.19,0.172032,811.591,0.661504,812.22,2.64397,809.321,10.6138,
0.0113636,0.011264,0.0454545,0.011264,0.181818,0.011264,0.727273,0.011264,2.90909,0.011264,11.6364,0.011264,46.5455,0.011264,146.286,0.014336,455.111,0.018432,655.36,0.0512,780.19,0.172032,811.591,0.661504,812.85,2.64192,808.852,10.6199,
0.0113636,0.011264,0.0454545,0.011264,0.2,0.01024,0.727273,0.011264,2.90909,0.011264,11.6364,0.011264,46.5455,0.011264,170.667,0.012288,455.111,0.018432,655.36,0.0512,784.862,0.171008,811.591,0.661504,812.535,2.64294,808.307,10.6271,
0.0104167,0.012288,0.0454545,0.011264,0.181818,0.011264,0.8,0.01024,2.90909,0.011264,11.6364,0.011264,51.2,0.01024,170.667,0.012288,455.111,0.018432,655.36,0.0512,784.862,0.171008,812.85,0.66048,811.906,2.64499,808.696,10.622,
0.0125,0.01024,0.0454545,0.011264,0.2,0.01024,0.727273,0.011264,2.90909,0.011264,11.6364,0.011264,46.5455,0.011264,170.667,0.012288,481.882,0.017408,642.51,0.052224,784.862,0.171008,815.378,0.658432,814.112,2.63782,808.774,10.6209,
0.0113636,0.011264,0.05,0.01024,0.2,0.01024,0.727273,0.011264,2.90909,0.011264,11.6364,0.011264,46.5455,0.011264,170.667,0.012288,481.882,0.017408,642.51,0.052224,784.862,0.171008,817.922,0.656384,813.48,2.63987,808.93,10.6189,
0.0104167,0.012288,0.05,0.01024,0.2,0.01024,0.727273,0.011264,2.90909,0.011264,11.6364,0.011264,46.5455,0.011264,170.667,0.012288,455.111,0.018432,668.735,0.050176,784.862,0.171008,817.922,0.656384,812.22,2.64397,808.774,10.6209,
0.0113636,0.011264,0.0454545,0.011264,0.181818,0.011264,0.727273,0.011264,2.90909,0.011264,11.6364,0.011264,46.5455,0.011264,170.667,0.012288,481.882,0.017408,668.735,0.050176,784.862,0.171008,817.922,0.656384,812.22,2.64397,809.242,10.6148,
0.0113636,0.011264,0.0416667,0.012288,0.2,0.01024,0.727273,0.011264,2.90909,0.011264,11.6364,0.011264,46.5455,0.011264,170.667,0.012288,481.882,0.017408,642.51,0.052224,784.862,0.171008,816.648,0.657408,812.85,2.64192,809.008,10.6179,
0.0113636,0.011264,0.0454545,0.011264,0.181818,0.011264,0.8,0.01024,2.90909,0.011264,11.6364,0.011264,46.5455,0.011264,170.667,0.012288,481.882,0.017408,655.36,0.0512,789.59,0.169984,816.648,0.657408,812.85,2.64192,808.852,10.6199,
0.0113636,0.011264,0.0454545,0.011264,0.2,0.01024,0.8,0.01024,2.90909,0.011264,11.6364,0.011264,46.5455,0.011264,170.667,0.012288,455.111,0.018432,642.51,0.052224,784.862,0.171008,815.378,0.658432,813.48,2.63987,808.618,10.623,
0.0113636,0.011264,0.05,0.01024,0.181818,0.011264,0.727273,0.011264,2.90909,0.011264,11.6364,0.011264,46.5455,0.011264,170.667,0.012288,481.882,0.017408,655.36,0.0512,780.19,0.172032,810.337,0.662528,812.535,2.64294,808.541,10.624,
0.0104167,0.012288,0.0454545,0.011264,0.2,0.01024,0.727273,0.011264,2.90909,0.011264,11.6364,0.011264,46.5455,0.011264,170.667,0.012288,481.882,0.017408,642.51,0.052224,780.19,0.172032,810.337,0.662528,812.85,2.64192,809.086,10.6168,
0.0113636,0.011264,0.05,0.01024,0.181818,0.011264,0.8,0.01024,2.90909,0.011264,11.6364,0.011264,46.5455,0.011264,170.667,0.012288,455.111,0.018432,655.36,0.0512,766.503,0.175104,810.337,0.662528,811.906,2.64499,808.93,10.6189,
0.0113636,0.011264,0.0454545,0.011264,0.2,0.01024,0.666667,0.012288,2.90909,0.011264,11.6364,0.011264,51.2,0.01024,170.667,0.012288,455.111,0.018432,655.36,0.0512,771.012,0.17408,811.591,0.661504,812.85,2.64192,808.852,10.6199,
0.0113636,0.011264,0.05,0.01024,0.181818,0.011264,0.8,0.01024,2.90909,0.011264,10.6667,0.012288,46.5455,0.011264,170.667,0.012288,481.882,0.017408,642.51,0.052224,762.047,0.176128,814.112,0.659456,811.906,2.64499,806.907,10.6455,
0.0113636,0.011264,0.0454545,0.011264,0.2,0.01024,0.666667,0.012288,2.66667,0.012288,11.6364,0.011264,46.5455,0.011264,170.667,0.012288,481.882,0.017408,642.51,0.052224,771.012,0.17408,811.591,0.661504,813.165,2.6409,809.321,10.6138,
0.0113636,0.011264,0.05,0.01024,0.181818,0.011264,0.8,0.01024,2.90909,0.011264,12.8,0.01024,46.5455,0.011264,170.667,0.012288,481.882,0.017408,642.51,0.052224,775.574,0.173056,810.337,0.662528,811.906,2.64499,809.086,10.6168,
0.0125,0.01024,0.0454545,0.011264,0.181818,0.011264,0.727273,0.011264,2.90909,0.011264,11.6364,0.011264,46.5455,0.011264,170.667,0.012288,481.882,0.017408,655.36,0.0512,775.574,0.173056,811.591,0.661504,812.535,2.64294,808.385,10.626,
0.0104167,0.012288,0.0454545,0.011264,0.181818,0.011264,0.8,0.01024,2.90909,0.011264,11.6364,0.011264,51.2,0.01024,170.667,0.012288,481.882,0.017408,642.51,0.052224,753.287,0.178176,812.85,0.66048,812.22,2.64397,808.774,10.6209,
0.0113636,0.011264,0.0454545,0.011264,0.2,0.01024,0.8,0.01024,2.90909,0.011264,11.6364,0.011264,46.5455,0.011264,170.667,0.012288,481.882,0.017408,642.51,0.052224,771.012,0.17408,811.591,0.661504,812.535,2.64294,808.618,10.623,
0.0113636,0.011264,0.0454545,0.011264,0.181818,0.011264,0.8,0.01024,2.90909,0.011264,12.8,0.01024,46.5455,0.011264,157.538,0.013312,455.111,0.018432,655.36,0.0512,775.574,0.173056,812.85,0.66048,812.535,2.64294,809.164,10.6158,
0.0113636,0.011264,0.0454545,0.011264,0.181818,0.011264,0.8,0.01024,0.666667,0.049152,11.6364,0.011264,46.5455,0.011264,170.667,0.012288,481.882,0.017408,668.735,0.050176,766.503,0.175104,811.591,0.661504,813.48,2.63987,808.852,10.6199,
0.0113636,0.011264,0.0454545,0.011264,0.181818,0.011264,0.727273,0.011264,2.90909,0.011264,10.6667,0.012288,51.2,0.01024,170.667,0.012288,455.111,0.018432,642.51,0.052224,780.19,0.172032,812.85,0.66048,813.165,2.6409,808.93,10.6189,
0.0113636,0.011264,0.0454545,0.011264,0.181818,0.011264,0.727273,0.011264,3.2,0.01024,11.6364,0.011264,46.5455,0.011264,170.667,0.012288,481.882,0.017408,668.735,0.050176,766.503,0.175104,811.591,0.661504,812.85,2.64192,809.086,10.6168,
0.0104167,0.012288,0.0454545,0.011264,0.181818,0.011264,0.8,0.01024,3.2,0.01024,11.6364,0.011264,51.2,0.01024,170.667,0.012288,481.882,0.017408,642.51,0.052224,771.012,0.17408,811.591,0.661504,812.535,2.64294,809.008,10.6179,
0.0113636,0.011264,0.0454545,0.011264,0.2,0.01024,0.727273,0.011264,2.90909,0.011264,11.6364,0.011264,46.5455,0.011264,170.667,0.012288,481.882,0.017408,642.51,0.052224,766.503,0.175104,810.337,0.662528,812.535,2.64294,809.711,10.6086,
0.0113636,0.011264,0.0454545,0.011264,0.166667,0.012288,0.727273,0.011264,2.90909,0.011264,11.6364,0.011264,51.2,0.01024,170.667,0.012288,481.882,0.017408,655.36,0.0512,766.503,0.175104,812.85,0.66048,811.906,2.64499,809.711,10.6086,
0.0113636,0.011264,0.0454545,0.011264,0.181818,0.011264,0.727273,0.011264,2.90909,0.011264,11.6364,0.011264,46.5455,0.011264,170.667,0.012288,481.882,0.017408,655.36,0.0512,775.574,0.173056,811.591,0.661504,813.48,2.63987,810.415,10.5994,
0.0113636,0.011264,0.05,0.01024,0.181818,0.011264,0.727273,0.011264,2.90909,0.011264,11.6364,0.011264,51.2,0.01024,170.667,0.012288,481.882,0.017408,655.36,0.0512,766.503,0.175104,816.648,0.657408,812.85,2.64192,810.807,10.5943,
0.0104167,0.012288,0.0416667,0.012288,0.181818,0.011264,0.666667,0.012288,2.90909,0.011264,11.6364,0.011264,46.5455,0.011264,170.667,0.012288,455.111,0.018432,630.154,0.053248,766.503,0.175104,817.922,0.656384,811.906,2.64499,809.633,10.6097,
0.0104167,0.012288,0.0454545,0.011264,0.181818,0.011264,0.8,0.01024,2.90909,0.011264,11.6364,0.011264,51.2,0.01024,170.667,0.012288,481.882,0.017408,642.51,0.052224,775.574,0.173056,817.922,0.656384,812.22,2.64397,810.729,10.5953,
0.0113636,0.011264,0.0454545,0.011264,0.181818,0.011264,0.727273,0.011264,2.90909,0.011264,12.8,0.01024,46.5455,0.011264,170.667,0.012288,455.111,0.018432,642.51,0.052224,771.012,0.17408,816.648,0.657408,812.535,2.64294,810.337,10.6004,
0.0113636,0.011264,0.05,0.01024,0.181818,0.011264,0.727273,0.011264,2.90909,0.011264,11.6364,0.011264,46.5455,0.011264,170.667,0.012288,455.111,0.018432,655.36,0.0512,766.503,0.175104,819.2,0.65536,812.22,2.64397,810.885,10.5933,
0.0113636,0.011264,0.05,0.01024,0.181818,0.011264,0.727273,0.011264,3.2,0.01024,11.6364,0.011264,46.5455,0.011264,170.667,0.012288,455.111,0.018432,668.735,0.050176,771.012,0.17408,815.378,0.658432,813.48,2.63987,811.042,10.5912,
0.0113636,0.011264,0.05,0.01024,0.166667,0.012288,0.727273,0.011264,3.2,0.01024,11.6364,0.011264,46.5455,0.011264,170.667,0.012288,455.111,0.018432,655.36,0.0512,775.574,0.173056,812.85,0.66048,812.535,2.64294,810.494,10.5984,
0.0113636,0.011264,0.0454545,0.011264,0.2,0.01024,0.727273,0.011264,3.2,0.01024,11.6364,0.011264,51.2,0.01024,170.667,0.012288,481.882,0.017408,655.36,0.0512,771.012,0.17408,812.85,0.66048,812.535,2.64294,810.494,10.5984,
0.0113636,0.011264,0.0454545,0.011264,0.181818,0.011264,0.727273,0.011264,2.90909,0.011264,10.6667,0.012288,46.5455,0.011264,157.538,0.013312,481.882,0.017408,630.154,0.053248,771.012,0.17408,811.591,0.661504,812.85,2.64192,810.572,10.5974,
0.0125,0.01024,0.05,0.01024,0.181818,0.011264,0.727273,0.011264,2.90909,0.011264,12.8,0.01024,46.5455,0.011264,170.667,0.012288,455.111,0.018432,642.51,0.052224,771.012,0.17408,811.591,0.661504,812.22,2.64397,809.946,10.6056,
0.0104167,0.012288,0.0454545,0.011264,0.181818,0.011264,0.8,0.01024,2.90909,0.011264,11.6364,0.011264,46.5455,0.011264,170.667,0.012288,481.882,0.017408,630.154,0.053248,766.503,0.175104,811.591,0.661504,811.906,2.64499,809.086,10.6168,
0.0113636,0.011264,0.0454545,0.011264,0.181818,0.011264,0.727273,0.011264,2.90909,0.011264,11.6364,0.011264,46.5455,0.011264,170.667,0.012288,481.882,0.017408,642.51,0.052224,771.012,0.17408,811.591,0.661504,813.796,2.63885,809.555,10.6107,
0.0125,0.01024,0.0454545,0.011264,0.181818,0.011264,0.8,0.01024,3.2,0.01024,11.6364,0.011264,46.5455,0.011264,170.667,0.012288,481.882,0.017408,642.51,0.052224,771.012,0.17408,812.85,0.66048,812.85,2.64192,809.555,10.6107,
0.0113636,0.011264,0.0454545,0.011264,0.2,0.01024,0.727273,0.011264,2.90909,0.011264,11.6364,0.011264,51.2,0.01024,170.667,0.012288,481.882,0.017408,630.154,0.053248,775.574,0.173056,812.85,0.66048,812.535,2.64294,809.711,10.6086,
0.0104167,0.012288,0.0454545,0.011264,0.2,0.01024,0.8,0.01024,2.90909,0.011264,11.6364,0.011264,46.5455,0.011264,170.667,0.012288,455.111,0.018432,642.51,0.052224,771.012,0.17408,812.85,0.66048,812.22,2.64397,809.711,10.6086,
0.0113636,0.011264,0.0454545,0.011264,0.125,0.016384,0.727273,0.011264,2.90909,0.011264,11.6364,0.011264,46.5455,0.011264,170.667,0.012288,455.111,0.018432,655.36,0.0512,775.574,0.173056,809.086,0.663552,813.165,2.6409,810.024,10.6045,
0.0113636,0.011264,0.0454545,0.011264,0.181818,0.011264,0.727273,0.011264,2.90909,0.011264,11.6364,0.011264,46.5455,0.011264,170.667,0.012288,481.882,0.017408,630.154,0.053248,766.503,0.175104,812.85,0.66048,811.906,2.64499,809.633,10.6097,
0.0113636,0.011264,0.0384615,0.013312,0.166667,0.012288,0.666667,0.012288,2.66667,0.012288,10.6667,0.012288,42.6667,0.012288,157.538,0.013312,409.6,0.02048,655.36,0.0512,784.862,0.171008,807.84,0.664576,811.277,2.64704,808.774,10.6209,
0.0113636,0.011264,0.05,0.01024,0.166667,0.012288,0.666667,0.012288,2.90909,0.011264,10.6667,0.012288,42.6667,0.012288,146.286,0.014336,431.158,0.019456,668.735,0.050176,775.574,0.173056,816.648,0.657408,811.906,2.64499,808.618,10.623,
0.0113636,0.011264,0.0454545,0.011264,0.181818,0.011264,0.727273,0.011264,2.90909,0.011264,10.6667,0.012288,42.6667,0.012288,157.538,0.013312,431.158,0.019456,655.36,0.0512,789.59,0.169984,817.922,0.656384,812.22,2.64397,809.086,10.6168,
0.0113636,0.011264,0.0454545,0.011264,0.181818,0.011264,0.727273,0.011264,2.90909,0.011264,10.6667,0.012288,39.3846,0.013312,157.538,0.013312,431.158,0.019456,655.36,0.0512,780.19,0.172032,816.648,0.657408,812.535,2.64294,809.008,10.6179,
0.0113636,0.011264,0.0454545,0.011264,0.181818,0.011264,0.727273,0.011264,2.90909,0.011264,11.6364,0.011264,46.5455,0.011264,157.538,0.013312,431.158,0.019456,655.36,0.0512,789.59,0.169984,814.112,0.659456,812.85,2.64192,808.073,10.6301,
0.0104167,0.012288,0.0454545,0.011264,0.181818,0.011264,0.727273,0.011264,2.46154,0.013312,11.6364,0.011264,46.5455,0.011264,157.538,0.013312,431.158,0.019456,655.36,0.0512,780.19,0.172032,814.112,0.659456,812.22,2.64397,808.307,10.6271,
0.0113636,0.011264,0.0416667,0.012288,0.181818,0.011264,0.666667,0.012288,2.90909,0.011264,10.6667,0.012288,42.6667,0.012288,157.538,0.013312,431.158,0.019456,655.36,0.0512,771.012,0.17408,812.85,0.66048,812.535,2.64294,808.774,10.6209,
0.0113636,0.011264,0.0454545,0.011264,0.181818,0.011264,0.666667,0.012288,2.90909,0.011264,11.6364,0.011264,42.6667,0.012288,157.538,0.013312,409.6,0.02048,642.51,0.052224,784.862,0.171008,810.337,0.662528,812.535,2.64294,808.151,10.6291,
0.0113636,0.011264,0.0416667,0.012288,0.181818,0.011264,0.727273,0.011264,2.90909,0.011264,11.6364,0.011264,42.6667,0.012288,157.538,0.013312,409.6,0.02048,655.36,0.0512,771.012,0.17408,812.85,0.66048,813.165,2.6409,808.774,10.6209,
0.0113636,0.011264,0.0454545,0.011264,0.166667,0.012288,0.666667,0.012288,2.90909,0.011264,10.6667,0.012288,42.6667,0.012288,170.667,0.012288,409.6,0.02048,655.36,0.0512,789.59,0.169984,812.85,0.66048,812.85,2.64192,808.93,10.6189,
0.0113636,0.011264,0.0454545,0.011264,0.181818,0.011264,0.727273,0.011264,2.90909,0.011264,10.6667,0.012288,42.6667,0.012288,157.538,0.013312,431.158,0.019456,630.154,0.053248,775.574,0.173056,810.337,0.662528,812.535,2.64294,808.541,10.624,
0.0113636,0.011264,0.0454545,0.011264,0.181818,0.011264,0.666667,0.012288,2.90909,0.011264,10.6667,0.012288,42.6667,0.012288,157.538,0.013312,431.158,0.019456,642.51,0.052224,789.59,0.169984,811.591,0.661504,812.535,2.64294,809.086,10.6168,
0.0113636,0.011264,0.0454545,0.011264,0.2,0.01024,0.727273,0.011264,2.66667,0.012288,10.6667,0.012288,42.6667,0.012288,146.286,0.014336,431.158,0.019456,630.154,0.053248,775.574,0.173056,812.85,0.66048,812.535,2.64294,808.852,10.6199,
0.0113636,0.011264,0.0454545,0.011264,0.181818,0.011264,0.727273,0.011264,2.90909,0.011264,11.6364,0.011264,42.6667,0.012288,157.538,0.013312,409.6,0.02048,642.51,0.052224,780.19,0.172032,811.591,0.661504,811.591,2.64602,808.93,10.6189,
0.0113636,0.011264,0.0454545,0.011264,0.181818,0.011264,0.666667,0.012288,2.66667,0.012288,10.6667,0.012288,42.6667,0.012288,157.538,0.013312,431.158,0.019456,630.154,0.053248,780.19,0.172032,811.591,0.661504,811.906,2.64499,808.385,10.626,
0.0113636,0.011264,0.0454545,0.011264,0.166667,0.012288,0.666667,0.012288,2.66667,0.012288,11.6364,0.011264,42.6667,0.012288,157.538,0.013312,327.68,0.0256,642.51,0.052224,784.862,0.171008,812.85,0.66048,812.22,2.64397,809.008,10.6179,
0.0113636,0.011264,0.0454545,0.011264,0.181818,0.011264,0.666667,0.012288,2.90909,0.011264,11.6364,0.011264,42.6667,0.012288,146.286,0.014336,431.158,0.019456,642.51,0.052224,780.19,0.172032,810.337,0.662528,812.85,2.64192,808.151,10.6291,
0.0113636,0.011264,0.0454545,0.011264,0.166667,0.012288,0.727273,0.011264,2.90909,0.011264,10.6667,0.012288,42.6667,0.012288,146.286,0.014336,431.158,0.019456,630.154,0.053248,784.862,0.171008,811.591,0.661504,812.535,2.64294,808.073,10.6301,
0.0113636,0.011264,0.0454545,0.011264,0.181818,0.011264,0.666667,0.012288,2.90909,0.011264,10.6667,0.012288,42.6667,0.012288,157.538,0.013312,409.6,0.02048,630.154,0.053248,784.862,0.171008,811.591,0.661504,812.535,2.64294,808.541,10.624,
0.0113636,0.011264,0.0454545,0.011264,0.181818,0.011264,0.666667,0.012288,2.66667,0.012288,11.6364,0.011264,42.6667,0.012288,146.286,0.014336,431.158,0.019456,668.735,0.050176,784.862,0.171008,811.591,0.661504,812.535,2.64294,808.385,10.626,
0.0113636,0.011264,0.0454545,0.011264,0.181818,0.011264,0.666667,0.012288,2.66667,0.012288,11.6364,0.011264,42.6667,0.012288,157.538,0.013312,431.158,0.019456,655.36,0.0512,780.19,0.172032,814.112,0.659456,812.535,2.64294,809.008,10.6179,
0.0104167,0.012288,0.0416667,0.012288,0.181818,0.011264,0.727273,0.011264,2.66667,0.012288,11.6364,0.011264,42.6667,0.012288,113.778,0.018432,409.6,0.02048,642.51,0.052224,780.19,0.172032,814.112,0.659456,813.165,2.6409,809.711,10.6086,
0.0113636,0.011264,0.0416667,0.012288,0.181818,0.011264,0.727273,0.011264,2.66667,0.012288,10.6667,0.012288,42.6667,0.012288,146.286,0.014336,431.158,0.019456,655.36,0.0512,780.19,0.172032,811.591,0.661504,813.48,2.63987,809.633,10.6097,
0.0113636,0.011264,0.0454545,0.011264,0.181818,0.011264,0.666667,0.012288,2.90909,0.011264,10.6667,0.012288,42.6667,0.012288,146.286,0.014336,431.158,0.019456,655.36,0.0512,784.862,0.171008,815.378,0.658432,812.85,2.64192,809.789,10.6076,
0.0125,0.01024,0.0454545,0.011264,0.181818,0.011264,0.727273,0.011264,2.66667,0.012288,9.84615,0.013312,42.6667,0.012288,157.538,0.013312,431.158,0.019456,630.154,0.053248,780.19,0.172032,817.922,0.656384,807.529,2.65933,809.477,10.6117,
0.0113636,0.011264,0.0454545,0.011264,0.181818,0.011264,0.727273,0.011264,2.66667,0.012288,10.6667,0.012288,42.6667,0.012288,157.538,0.013312,431.158,0.019456,630.154,0.053248,784.862,0.171008,819.2,0.65536,813.165,2.6409,809.477,10.6117,
0.0113636,0.011264,0.0454545,0.011264,0.181818,0.011264,0.666667,0.012288,2.90909,0.011264,10.6667,0.012288,42.6667,0.012288,146.286,0.014336,431.158,0.019456,642.51,0.052224,784.862,0.171008,812.85,0.66048,812.22,2.64397,809.555,10.6107,
0.0104167,0.012288,0.0454545,0.011264,0.166667,0.012288,0.727273,0.011264,2.90909,0.011264,10.6667,0.012288,42.6667,0.012288,157.538,0.013312,431.158,0.019456,630.154,0.053248,780.19,0.172032,820.482,0.654336,811.591,2.64602,809.477,10.6117,
0.0113636,0.011264,0.0454545,0.011264,0.181818,0.011264,0.666667,0.012288,2.66667,0.012288,10.6667,0.012288,42.6667,0.012288,157.538,0.013312,431.158,0.019456,642.51,0.052224,784.862,0.171008,812.85,0.66048,812.22,2.64397,809.477,10.6117,
0.0104167,0.012288,0.0416667,0.012288,0.181818,0.011264,0.727273,0.011264,2.46154,0.013312,10.6667,0.012288,42.6667,0.012288,157.538,0.013312,431.158,0.019456,630.154,0.053248,784.862,0.171008,809.086,0.663552,812.22,2.64397,809.242,10.6148,
0.0104167,0.012288,0.0416667,0.012288,0.181818,0.011264,0.727273,0.011264,2.66667,0.012288,11.6364,0.011264,42.6667,0.012288,157.538,0.013312,431.158,0.019456,642.51,0.052224,784.862,0.171008,811.591,0.661504,812.85,2.64192,809.164,10.6158,
0.00833333,0.01536,0.0454545,0.011264,0.181818,0.011264,0.727273,0.011264,2.66667,0.012288,11.6364,0.011264,42.6667,0.012288,157.538,0.013312,455.111,0.018432,655.36,0.0512,775.574,0.173056,812.85,0.66048,811.906,2.64499,809.008,10.6179,
0.0104167,0.012288,0.0454545,0.011264,0.181818,0.011264,0.727273,0.011264,2.66667,0.012288,11.6364,0.011264,42.6667,0.012288,157.538,0.013312,431.158,0.019456,630.154,0.053248,780.19,0.172032,811.591,0.661504,812.535,2.64294,808.93,10.6189,
0.0104167,0.012288,0.05,0.01024,0.181818,0.011264,0.8,0.01024,2.66667,0.012288,11.6364,0.011264,42.6667,0.012288,157.538,0.013312,409.6,0.02048,618.264,0.054272,784.862,0.171008,810.337,0.662528,812.535,2.64294,808.307,10.6271,
0.0113636,0.011264,0.0454545,0.011264,0.2,0.01024,0.666667,0.012288,2.66667,0.012288,11.6364,0.011264,42.6667,0.012288,146.286,0.014336,409.6,0.02048,630.154,0.053248,789.59,0.169984,812.85,0.66048,803.506,2.67264,808.618,10.623,
0.0113636,0.011264,0.0416667,0.012288,0.181818,0.011264,0.727273,0.011264,2.66667,0.012288,11.6364,0.011264,42.6667,0.012288,146.286,0.014336,409.6,0.02048,630.154,0.053248,771.012,0.17408,811.591,0.661504,811.906,2.64499,808.852,10.6199,
0.0113636,0.011264,0.0416667,0.012288,0.181818,0.011264,0.571429,0.014336,2.90909,0.011264,11.6364,0.011264,42.6667,0.012288,146.286,0.014336,372.364,0.022528,630.154,0.053248,789.59,0.169984,811.591,0.661504,812.22,2.64397,808.618,10.623,
0.0104167,0.012288,0.0454545,0.011264,0.181818,0.011264,0.615385,0.013312,2.90909,0.011264,11.6364,0.011264,46.5455,0.011264,157.538,0.013312,390.095,0.021504,630.154,0.053248,784.862,0.171008,811.591,0.661504,813.165,2.6409,808.463,10.625,
0.0113636,0.011264,0.0454545,0.011264,0.166667,0.012288,0.666667,0.012288,2.90909,0.011264,11.6364,0.011264,42.6667,0.012288,146.286,0.014336,409.6,0.02048,655.36,0.0512,789.59,0.169984,812.85,0.66048,812.22,2.64397,809.164,10.6158,
0.0104167,0.012288,0.0454545,0.011264,0.166667,0.012288,0.727273,0.011264,2.90909,0.011264,11.6364,0.011264,42.6667,0.012288,157.538,0.013312,431.158,0.019456,630.154,0.053248,780.19,0.172032,812.85,0.66048,812.535,2.64294,808.618,10.623,
0.0113636,0.011264,0.0416667,0.012288,0.181818,0.011264,0.666667,0.012288,2.66667,0.012288,11.6364,0.011264,39.3846,0.013312,157.538,0.013312,409.6,0.02048,655.36,0.0512,784.862,0.171008,811.591,0.661504,812.85,2.64192,809.086,10.6168,
0.0104167,0.012288,0.0416667,0.012288,0.166667,0.012288,0.666667,0.012288,2.90909,0.011264,11.6364,0.011264,42.6667,0.012288,157.538,0.013312,431.158,0.019456,630.154,0.053248,780.19,0.172032,811.591,0.661504,812.535,2.64294,808.618,10.623,
0.0104167,0.012288,0.0416667,0.012288,0.181818,0.011264,0.727273,0.011264,2.90909,0.011264,11.6364,0.011264,42.6667,0.012288,157.538,0.013312,431.158,0.019456,642.51,0.052224,780.19,0.172032,812.85,0.66048,810.964,2.64806,808.696,10.622,
0.0104167,0.012288,0.0454545,0.011264,0.181818,0.011264,0.727273,0.011264,2.90909,0.011264,10.6667,0.012288,42.6667,0.012288,157.538,0.013312,431.158,0.019456,630.154,0.053248,780.19,0.172032,810.337,0.662528,812.22,2.64397,809.242,10.6148,
0.0104167,0.012288,0.0416667,0.012288,0.2,0.01024,0.727273,0.011264,2.66667,0.012288,11.6364,0.011264,42.6667,0.012288,157.538,0.013312,409.6,0.02048,630.154,0.053248,784.862,0.171008,810.337,0.662528,812.535,2.64294,808.852,10.6199,
0.0104167,0.012288,0.0454545,0.011264,0.111111,0.018432,0.666667,0.012288,2.66667,0.012288,11.6364,0.011264,42.6667,0.012288,157.538,0.013312,409.6,0.02048,642.51,0.052224,780.19,0.172032,812.85,0.66048,811.591,2.64602,809.321,10.6138,
0.0125,0.01024,0.0416667,0.012288,0.181818,0.011264,0.727273,0.011264,2.66667,0.012288,10.6667,0.012288,42.6667,0.012288,157.538,0.013312,431.158,0.019456,655.36,0.0512,775.574,0.173056,812.85,0.66048,813.48,2.63987,808.463,10.625,
0.0113636,0.011264,0.0454545,0.011264,0.181818,0.011264,0.727273,0.011264,2.90909,0.011264,11.6364,0.011264,42.6667,0.012288,146.286,0.014336,431.158,0.019456,642.51,0.052224,780.19,0.172032,814.112,0.659456,813.48,2.63987,808.852,10.6199,
0.0113636,0.011264,0.0454545,0.011264,0.181818,0.011264,0.666667,0.012288,2.90909,0.011264,11.6364,0.011264,42.6667,0.012288,157.538,0.013312,390.095,0.021504,642.51,0.052224,789.59,0.169984,820.482,0.654336,812.85,2.64192,808.696,10.622,
0.0113636,0.011264,0.05,0.01024,0.181818,0.011264,0.666667,0.012288,2.90909,0.011264,11.6364,0.011264,26.9474,0.019456,157.538,0.013312,409.6,0.02048,630.154,0.053248,784.862,0.171008,817.922,0.656384,812.535,2.64294,808.541,10.624,
0.0113636,0.011264,0.0416667,0.012288,0.181818,0.011264,0.727273,0.011264,2.66667,0.012288,10.6667,0.012288,46.5455,0.011264,157.538,0.013312,431.158,0.019456,655.36,0.0512,780.19,0.172032,817.922,0.656384,812.535,2.64294,808.618,10.623,
0.0113636,0.011264,0.0454545,0.011264,0.181818,0.011264,0.727273,0.011264,2.90909,0.011264,10.6667,0.012288,42.6667,0.012288,157.538,0.013312,431.158,0.019456,630.154,0.053248,780.19,0.172032,817.922,0.656384,813.165,2.6409,808.774,10.6209,
0.0113636,0.011264,0.0454545,0.011264,0.181818,0.011264,0.444444,0.018432,2.90909,0.011264,10.6667,0.012288,39.3846,0.013312,146.286,0.014336,431.158,0.019456,630.154,0.053248,775.574,0.173056,815.378,0.658432,813.48,2.63987,808.852,10.6199,
0.0104167,0.012288,0.0416667,0.012288,0.181818,0.011264,0.727273,0.011264,2.90909,0.011264,10.6667,0.012288,42.6667,0.012288,146.286,0.014336,409.6,0.02048,630.154,0.053248,780.19,0.172032,812.85,0.66048,811.906,2.64499,808.774,10.6209,
0.0113636,0.011264,0.0416667,0.012288,0.181818,0.011264,0.727273,0.011264,2.90909,0.011264,10.6667,0.012288,42.6667,0.012288,157.538,0.013312,431.158,0.019456,642.51,0.052224,789.59,0.169984,811.591,0.661504,812.535,2.64294,809.008,10.6179,
0.00961538,0.013312,0.0454545,0.011264,0.181818,0.011264,0.727273,0.011264,2.66667,0.012288,10.6667,0.012288,42.6667,0.012288,157.538,0.013312,431.158,0.019456,655.36,0.0512,780.19,0.172032,812.85,0.66048,812.535,2.64294,808.463,10.625,
0.0113636,0.011264,0.0416667,0.012288,0.181818,0.011264,0.666667,0.012288,2.66667,0.012288,10.6667,0.012288,42.6667,0.012288,157.538,0.013312,431.158,0.019456,287.439,0.116736,784.862,0.171008,810.337,0.662528,812.85,2.64192,808.696,10.622,
0.0113636,0.011264,0.0454545,0.011264,0.181818,0.011264,0.727273,0.011264,2.66667,0.012288,11.6364,0.011264,39.3846,0.013312,157.538,0.013312,409.6,0.02048,642.51,0.052224,775.574,0.173056,812.85,0.66048,812.535,2.64294,809.008,10.6179,
0.0113636,0.011264,0.0454545,0.011264,0.181818,0.011264,0.666667,0.012288,2.66667,0.012288,10.6667,0.012288,42.6667,0.012288,157.538,0.013312,409.6,0.02048,642.51,0.052224,784.862,0.171008,812.85,0.66048,813.165,2.6409,808.696,10.622,
0.0113636,0.011264,0.0454545,0.011264,0.181818,0.011264,0.727273,0.011264,2.66667,0.012288,10.6667,0.012288,42.6667,0.012288,157.538,0.013312,431.158,0.019456,655.36,0.0512,780.19,0.172032,811.591,0.661504,813.165,2.6409,809.008,10.6179,
0.0104167,0.012288,0.0454545,0.011264,0.2,0.01024,0.727273,0.011264,2.66667,0.012288,10.6667,0.012288,42.6667,0.012288,157.538,0.013312,409.6,0.02048,655.36,0.0512,784.862,0.171008,806.597,0.6656,812.535,2.64294,808.774,10.6209,
0.0104167,0.012288,0.0454545,0.011264,0.181818,0.011264,0.727273,0.011264,2.90909,0.011264,10.6667,0.012288,42.6667,0.012288,157.538,0.013312,431.158,0.019456,655.36,0.0512,780.19,0.172032,811.591,0.661504,812.535,2.64294,808.852,10.6199,
0.0104167,0.012288,0.0416667,0.012288,0.181818,0.011264,0.727273,0.011264,2.90909,0.011264,10.6667,0.012288,42.6667,0.012288,157.538,0.013312,455.111,0.018432,630.154,0.053248,784.862,0.171008,811.591,0.661504,812.85,2.64192,808.385,10.626,
0.0113636,0.011264,0.0454545,0.011264,0.181818,0.011264,0.727273,0.011264,2.90909,0.011264,11.6364,0.011264,46.5455,0.011264,157.538,0.013312,431.158,0.019456,630.154,0.053248,789.59,0.169984,810.337,0.662528,808.463,2.65626,809.008,10.6179,
0.0104167,0.012288,0.0454545,0.011264,0.181818,0.011264,0.727273,0.011264,2.90909,0.011264,11.6364,0.011264,42.6667,0.012288,157.538,0.013312,409.6,0.02048,642.51,0.052224,784.862,0.171008,812.85,0.66048,810.024,2.65114,808.852,10.6199,
0.0104167,0.012288,0.05,0.01024,0.181818,0.011264,0.727273,0.011264,2.90909,0.011264,11.6364,0.011264,42.6667,0.012288,146.286,0.014336,431.158,0.019456,642.51,0.052224,780.19,0.172032,810.337,0.662528,812.85,2.64192,809.321,10.6138,
0.0104167,0.012288,0.0454545,0.011264,0.181818,0.011264,0.666667,0.012288,2.66667,0.012288,11.6364,0.011264,42.6667,0.012288,157.538,0.013312,409.6,0.02048,630.154,0.053248,784.862,0.171008,811.591,0.661504,812.22,2.64397,809.008,10.6179,
0.0104167,0.012288,0.0454545,0.011264,0.166667,0.012288,0.727273,0.011264,2.90909,0.011264,11.6364,0.011264,46.5455,0.011264,157.538,0.013312,431.158,0.019456,642.51,0.052224,780.19,0.172032,811.591,0.661504,812.22,2.64397,809.086,10.6168,
0.0113636,0.011264,0.0454545,0.011264,0.181818,0.011264,0.666667,0.012288,2.66667,0.012288,11.6364,0.011264,42.6667,0.012288,157.538,0.013312,455.111,0.018432,642.51,0.052224,784.862,0.171008,811.591,0.661504,812.535,2.64294,808.852,10.6199,
0.0113636,0.011264,0.0454545,0.011264,0.181818,0.011264,0.727273,0.011264,2.66667,0.012288,10.6667,0.012288,42.6667,0.012288,157.538,0.013312,431.158,0.019456,642.51,0.052224,784.862,0.171008,811.591,0.661504,805.977,2.66445,809.164,10.6158,
0.00961538,0.013312,0.0454545,0.011264,0.181818,0.011264,0.666667,0.012288,2.46154,0.013312,11.6364,0.011264,46.5455,0.011264,157.538,0.013312,409.6,0.02048,642.51,0.052224,775.574,0.173056,814.112,0.659456,813.165,2.6409,809.008,10.6179,
0.0113636,0.011264,0.0416667,0.012288,0.181818,0.011264,0.727273,0.011264,2.66667,0.012288,10.6667,0.012288,42.6667,0.012288,157.538,0.013312,431.158,0.019456,642.51,0.052224,784.862,0.171008,815.378,0.658432,812.535,2.64294,808.852,10.6199,
0.0113636,0.011264,0.0416667,0.012288,0.181818,0.011264,0.727273,0.011264,2.66667,0.012288,11.6364,0.011264,42.6667,0.012288,157.538,0.013312,455.111,0.018432,642.51,0.052224,780.19,0.172032,817.922,0.656384,812.535,2.64294,808.385,10.626,
0.0113636,0.011264,0.0454545,0.011264,0.181818,0.011264,0.727273,0.011264,2.66667,0.012288,11.6364,0.011264,42.6667,0.012288,157.538,0.013312,431.158,0.019456,655.36,0.0512,784.862,0.171008,817.922,0.656384,812.22,2.64397,808.073,10.6301,
0.0113636,0.011264,0.0454545,0.011264,0.181818,0.011264,0.727273,0.011264,2.66667,0.012288,10.6667,0.012288,42.6667,0.012288,146.286,0.014336,431.158,0.019456,630.154,0.053248,775.574,0.173056,816.648,0.657408,812.22,2.64397,809.086,10.6168,
0.0113636,0.011264,0.0454545,0.011264,0.181818,0.011264,0.727273,0.011264,2.90909,0.011264,11.6364,0.011264,42.6667,0.012288,157.538,0.013312,431.158,0.019456,642.51,0.052224,784.862,0.171008,817.922,0.656384,811.906,2.64499,808.852,10.6199,
0.0113636,0.011264,0.0454545,0.011264,0.181818,0.011264,0.727273,0.011264,2.90909,0.011264,11.6364,0.011264,42.6667,0.012288,157.538,0.013312,455.111,0.018432,668.735,0.050176,784.862,0.171008,815.378,0.658432,813.796,2.63885,808.618,10.623,
0.00694444,0.018432,0.0454545,0.011264,0.181818,0.011264,0.727273,0.011264,2.46154,0.013312,11.6364,0.011264,42.6667,0.012288,146.286,0.014336,431.158,0.019456,655.36,0.0512,784.862,0.171008,810.337,0.662528,812.22,2.64397,808.618,10.623,
0.0113636,0.011264,0.0454545,0.011264,0.181818,0.011264,0.727273,0.011264,2.66667,0.012288,10.6667,0.012288,42.6667,0.012288,146.286,0.014336,431.158,0.019456,642.51,0.052224,780.19,0.172032,811.591,0.661504,812.22,2.64397,808.618,10.623,
0.0113636,0.011264,0.0454545,0.011264,0.166667,0.012288,0.8,0.01024,2.66667,0.012288,11.6364,0.011264,42.6667,0.012288,146.286,0.014336,431.158,0.019456,642.51,0.052224,780.19,0.172032,807.84,0.664576,812.22,2.64397,809.164,10.6158,
0.0125,0.01024,0.0454545,0.011264,0.181818,0.011264,0.727273,0.011264,2.66667,0.012288,10.6667,0.012288,42.6667,0.012288,170.667,0.012288,431.158,0.019456,630.154,0.053248,789.59,0.169984,811.591,0.661504,812.22,2.64397,810.259,10.6015,
0.0113636,0.011264,0.0454545,0.011264,0.166667,0.012288,0.727273,0.011264,2.66667,0.012288,10.6667,0.012288,42.6667,0.012288,157.538,0.013312,431.158,0.019456,630.154,0.053248,784.862,0.171008,811.591,0.661504,812.22,2.64397,810.259,10.6015,
0.0113636,0.011264,0.0416667,0.012288,0.181818,0.011264,0.666667,0.012288,2.66667,0.012288,10.6667,0.012288,39.3846,0.013312,157.538,0.013312,431.158,0.019456,642.51,0.052224,780.19,0.172032,810.337,0.662528,813.796,2.63885,810.807,10.5943,
0.0104167,0.012288,0.0454545,0.011264,0.181818,0.011264,0.727273,0.011264,2.66667,0.012288,10.6667,0.012288,42.6667,0.012288,146.286,0.014336,431.158,0.019456,642.51,0.052224,780.19,0.172032,811.591,0.661504,813.48,2.63987,810.337,10.6004,
0.0104167,0.012288,0.0454545,0.011264,0.181818,0.011264,0.666667,0.012288,2.66667,0.012288,11.6364,0.011264,42.6667,0.012288,146.286,0.014336,431.158,0.019456,655.36,0.0512,784.862,0.171008,811.591,0.661504,813.165,2.6409,810.494,10.5984,
0.0104167,0.012288,0.05,0.01024,0.181818,0.011264,0.666667,0.012288,2.90909,0.011264,11.6364,0.011264,42.6667,0.012288,146.286,0.014336,431.158,0.019456,630.154,0.053248,784.862,0.171008,810.337,0.662528,811.906,2.64499,810.729,10.5953,
0.0125,0.01024,0.0454545,0.011264,0.2,0.01024,0.727273,0.011264,1.18519,0.027648,10.6667,0.012288,42.6667,0.012288,157.538,0.013312,455.111,0.018432,655.36,0.0512,780.19,0.172032,809.086,0.663552,812.22,2.64397,810.807,10.5943,
0.0113636,0.011264,0.0454545,0.011264,0.181818,0.011264,0.727273,0.011264,2.28571,0.014336,11.6364,0.011264,42.6667,0.012288,157.538,0.013312,431.158,0.019456,642.51,0.052224,780.19,0.172032,811.591,0.661504,811.906,2.64499,811.277,10.5882,
0.0104167,0.012288,0.0454545,0.011264,0.2,0.01024,0.727273,0.011264,2.66667,0.012288,11.6364,0.011264,42.6667,0.012288,146.286,0.014336,431.158,0.019456,630.154,0.053248,784.862,0.171008,811.591,0.661504,813.165,2.6409,810.807,10.5943,
0.0104167,0.012288,0.0416667,0.012288,0.181818,0.011264,0.727273,0.011264,2.90909,0.011264,10.6667,0.012288,42.6667,0.012288,157.538,0.013312,431.158,0.019456,655.36,0.0512,780.19,0.172032,811.591,0.661504,812.85,2.64192,810.415,10.5994,
0.0113636,0.011264,0.0416667,0.012288,0.181818,0.011264,0.666667,0.012288,2.90909,0.011264,10.6667,0.012288,42.6667,0.012288,157.538,0.013312,431.158,0.019456,642.51,0.052224,784.862,0.171008,812.85,0.66048,812.85,2.64192,810.18,10.6025,
0.0113636,0.011264,0.0454545,0.011264,0.181818,0.011264,0.727273,0.011264,2.66667,0.012288,10.6667,0.012288,42.6667,0.012288,157.538,0.013312,431.158,0.019456,642.51,0.052224,780.19,0.172032,810.337,0.662528,812.535,2.64294,809.477,10.6117,
0.0125,0.01024,0.0416667,0.012288,0.133333,0.01536,0.727273,0.011264,2.66667,0.012288,10.6667,0.012288,42.6667,0.012288,146.286,0.014336,431.158,0.019456,642.51,0.052224,780.19,0.172032,814.112,0.659456,812.85,2.64192,809.789,10.6076,
0.0104167,0.012288,0.0454545,0.011264,0.181818,0.011264,0.666667,0.012288,1.68421,0.019456,10.6667,0.012288,42.6667,0.012288,146.286,0.014336,431.158,0.019456,655.36,0.0512,784.862,0.171008,809.086,0.663552,812.535,2.64294,809.633,10.6097,
0.0104167,0.012288,0.0454545,0.011264,0.181818,0.011264,0.666667,0.012288,1.6,0.02048,10.6667,0.012288,28.4444,0.018432,146.286,0.014336,431.158,0.019456,642.51,0.052224,771.012,0.17408,810.337,0.662528,813.165,2.6409,809.946,10.6056,
0.0104167,0.012288,0.0454545,0.011264,0.181818,0.011264,0.8,0.01024,2.66667,0.012288,10.6667,0.012288,42.6667,0.012288,146.286,0.014336,409.6,0.02048,642.51,0.052224,780.19,0.172032,814.112,0.659456,812.535,2.64294,810.024,10.6045,
0.0104167,0.012288,0.0416667,0.012288,0.181818,0.011264,0.727273,0.011264,2.66667,0.012288,10.6667,0.012288,42.6667,0.012288,157.538,0.013312,455.111,0.018432,630.154,0.053248,784.862,0.171008,814.112,0.659456,812.535,2.64294,809.946,10.6056,
0.0104167,0.012288,0.0454545,0.011264,0.181818,0.011264,0.727273,0.011264,2.66667,0.012288,11.6364,0.011264,42.6667,0.012288,157.538,0.013312,431.158,0.019456,642.51,0.052224,789.59,0.169984,817.922,0.656384,813.165,2.6409,809.633,10.6097,
0.0113636,0.011264,0.0454545,0.011264,0.181818,0.011264,0.666667,0.012288,2.66667,0.012288,11.6364,0.011264,42.6667,0.012288,157.538,0.013312,431.158,0.019456,655.36,0.0512,775.574,0.173056,816.648,0.657408,811.906,2.64499,809.789,10.6076,
0.0113636,0.011264,0.0454545,0.011264,0.166667,0.012288,0.444444,0.018432,2.90909,0.011264,11.6364,0.011264,42.6667,0.012288,157.538,0.013312,431.158,0.019456,668.735,0.050176,784.862,0.171008,817.922,0.656384,812.85,2.64192,809.789,10.6076,
0.00961538,0.013312,0.0454545,0.011264,0.181818,0.011264,0.666667,0.012288,2.66667,0.012288,10.6667,0.012288,39.3846,0.013312,157.538,0.013312,409.6,0.02048,642.51,0.052224,771.012,0.17408,807.84,0.664576,810.964,2.64806,809.555,10.6107,
0.0113636,0.011264,0.0454545,0.011264,0.2,0.01024,0.727273,0.011264,2.90909,0.011264,10.6667,0.012288,42.6667,0.012288,170.667,0.012288,431.158,0.019456,642.51,0.052224,789.59,0.169984,811.591,0.661504,811.591,2.64602,809.477,10.6117,
0.0113636,0.011264,0.0454545,0.011264,0.181818,0.011264,0.666667,0.012288,2.90909,0.011264,11.6364,0.011264,46.5455,0.011264,157.538,0.013312,431.158,0.019456,642.51,0.052224,784.862,0.171008,811.591,0.661504,812.535,2.64294,809.164,10.6158,
0.0113636,0.011264,0.0454545,0.011264,0.181818,0.011264,0.727273,0.011264,2.90909,0.011264,11.6364,0.011264,42.6667,0.012288,170.667,0.012288,431.158,0.019456,642.51,0.052224,780.19,0.172032,811.591,0.661504,812.22,2.64397,809.477,10.6117,
0.0113636,0.011264,0.05,0.01024,0.153846,0.013312,0.666667,0.012288,2.66667,0.012288,10.6667,0.012288,42.6667,0.012288,157.538,0.013312,455.111,0.018432,630.154,0.053248,766.503,0.175104,812.85,0.66048,812.535,2.64294,809.789,10.6076,
0.0113636,0.011264,0.0454545,0.011264,0.166667,0.012288,0.727273,0.011264,2.90909,0.011264,11.6364,0.011264,42.6667,0.012288,146.286,0.014336,455.111,0.018432,642.51,0.052224,775.574,0.173056,811.591,0.661504,813.796,2.63885,809.633,10.6097,
0.0113636,0.011264,0.0454545,0.011264,0.181818,0.011264,0.727273,0.011264,2.90909,0.011264,11.6364,0.011264,46.5455,0.011264,157.538,0.013312,455.111,0.018432,642.51,0.052224,784.862,0.171008,810.337,0.662528,814.428,2.6368,809.633,10.6097,
0.0113636,0.011264,0.0454545,0.011264,0.166667,0.012288,0.727273,0.011264,2.66667,0.012288,10.6667,0.012288,46.5455,0.011264,146.286,0.014336,431.158,0.019456,642.51,0.052224,784.862,0.171008,815.378,0.658432,814.744,2.63578,809.711,10.6086,
0.0104167,0.012288,0.0454545,0.011264,0.181818,0.011264,0.666667,0.012288,2.90909,0.011264,11.6364,0.011264,42.6667,0.012288,157.538,0.013312,431.158,0.019456,618.264,0.054272,784.862,0.171008,817.922,0.656384,813.796,2.63885,809.321,10.6138,
0.0104167,0.012288,0.05,0.01024,0.181818,0.011264,0.727273,0.011264,2.90909,0.011264,11.6364,0.011264,46.5455,0.011264,157.538,0.013312,455.111,0.018432,618.264,0.054272,784.862,0.171008,817.922,0.656384,812.85,2.64192,810.024,10.6045,
0.0113636,0.011264,0.05,0.01024,0.181818,0.011264,0.666667,0.012288,2.90909,0.011264,11.6364,0.011264,42.6667,0.012288,157.538,0.013312,455.111,0.018432,618.264,0.054272,784.862,0.171008,816.648,0.657408,813.165,2.6409,809.164,10.6158,
0.0113636,0.011264,0.05,0.01024,0.181818,0.011264,0.727273,0.011264,2.66667,0.012288,11.6364,0.011264,46.5455,0.011264,146.286,0.014336,455.111,0.018432,606.815,0.055296,775.574,0.173056,816.648,0.657408,814.428,2.6368,810.102,10.6035,
0.0113636,0.011264,0.0454545,0.011264,0.2,0.01024,0.666667,0.012288,2.90909,0.011264,10.6667,0.012288,42.6667,0.012288,146.286,0.014336,455.111,0.018432,202.272,0.165888,789.59,0.169984,810.337,0.662528,813.165,2.6409,809.789,10.6076,
0.0104167,0.012288,0.05,0.01024,0.181818,0.011264,0.727273,0.011264,2.90909,0.011264,10.6667,0.012288,46.5455,0.011264,146.286,0.014336,455.111,0.018432,618.264,0.054272,789.59,0.169984,810.337,0.662528,810.964,2.64806,809.711,10.6086,
0.0113636,0.011264,0.0454545,0.011264,0.166667,0.012288,0.666667,0.012288,2.90909,0.011264,11.6364,0.011264,42.6667,0.012288,157.538,0.013312,431.158,0.019456,630.154,0.053248,784.862,0.171008,810.337,0.662528,813.165,2.6409,809.868,10.6066,
0.0125,0.01024,0.0454545,0.011264,0.181818,0.011264,0.727273,0.011264,2.90909,0.011264,11.6364,0.011264,46.5455,0.011264,146.286,0.014336,431.158,0.019456,642.51,0.052224,784.862,0.171008,811.591,0.661504,813.796,2.63885,809.711,10.6086,
0.0104167,0.012288,0.0454545,0.011264,0.181818,0.011264,0.727273,0.011264,2.90909,0.011264,7.52941,0.017408,42.6667,0.012288,157.538,0.013312,409.6,0.02048,642.51,0.052224,784.862,0.171008,811.591,0.661504,814.428,2.6368,809.321,10.6138,
0.0104167,0.012288,0.0454545,0.011264,0.181818,0.011264,0.727273,0.011264,2.90909,0.011264,11.6364,0.011264,42.6667,0.012288,157.538,0.013312,431.158,0.019456,630.154,0.053248,784.862,0.171008,811.591,0.661504,813.165,2.6409,809.789,10.6076,
0.0113636,0.011264,0.0454545,0.011264,0.181818,0.011264,0.727273,0.011264,2.90909,0.011264,11.6364,0.011264,46.5455,0.011264,157.538,0.013312,431.158,0.019456,630.154,0.053248,780.19,0.172032,811.591,0.661504,812.535,2.64294,809.711,10.6086,
0.0113636,0.011264,0.05,0.01024,0.181818,0.011264,0.8,0.01024,2.66667,0.012288,10.6667,0.012288,46.5455,0.011264,157.538,0.013312,431.158,0.019456,630.154,0.053248,784.862,0.171008,811.591,0.661504,814.428,2.6368,809.789,10.6076,
0.0113636,0.011264,0.05,0.01024,0.2,0.01024,0.666667,0.012288,2.90909,0.011264,11.6364,0.011264,42.6667,0.012288,157.538,0.013312,455.111,0.018432,618.264,0.054272,784.862,0.171008,809.086,0.663552,814.744,2.63578,809.477,10.6117,
0.0113636,0.011264,0.05,0.01024,0.142857,0.014336,0.727273,0.011264,2.90909,0.011264,11.6364,0.011264,30.1176,0.017408,120.471,0.017408,455.111,0.018432,630.154,0.053248,780.19,0.172032,812.85,0.66048,814.428,2.6368,809.321,10.6138,
0.0113636,0.011264,0.0454545,0.011264,0.181818,0.011264,0.727273,0.011264,2.90909,0.011264,11.6364,0.011264,42.6667,0.012288,157.538,0.013312,431.158,0.019456,618.264,0.054272,789.59,0.169984,811.591,0.661504,813.165,2.6409,809.868,10.6066,
0.0113636,0.011264,0.0454545,0.011264,0.181818,0.011264,0.727273,0.011264,2.90909,0.011264,11.6364,0.011264,42.6667,0.012288,157.538,0.013312,455.111,0.018432,630.154,0.053248,780.19,0.172032,812.85,0.66048,813.796,2.63885,809.399,10.6127,
0.0104167,0.012288,0.0454545,0.011264,0.181818,0.011264,0.727273,0.011264,2.90909,0.011264,10.6667,0.012288,42.6667,0.012288,157.538,0.013312,431.158,0.019456,618.264,0.054272,780.19,0.172032,811.591,0.661504,815.061,2.63475,809.711,10.6086,
0.0113636,0.011264,0.05,0.01024,0.181818,0.011264,0.8,0.01024,2.90909,0.011264,11.6364,0.011264,42.6667,0.012288,157.538,0.013312,455.111,0.018432,630.154,0.053248,784.862,0.171008,811.591,0.661504,815.061,2.63475,809.789,10.6076,
0.0104167,0.012288,0.05,0.01024,0.181818,0.011264,0.666667,0.012288,2.66667,0.012288,11.6364,0.011264,42.6667,0.012288,157.538,0.013312,431.158,0.019456,630.154,0.053248,789.59,0.169984,810.337,0.662528,813.48,2.63987,809.164,10.6158,
0.0113636,0.011264,0.05,0.01024,0.166667,0.012288,0.727273,0.011264,2.90909,0.011264,10.6667,0.012288,42.6667,0.012288,157.538,0.013312,409.6,0.02048,618.264,0.054272,775.574,0.173056,811.591,0.661504,812.535,2.64294,809.555,10.6107,
0.0125,0.01024,0.0454545,0.011264,0.181818,0.011264,0.727273,0.011264,2.90909,0.011264,11.6364,0.011264,42.6667,0.012288,157.538,0.013312,431.158,0.019456,618.264,0.054272,784.862,0.171008,810.337,0.662528,811.906,2.64499,809.789,10.6076,
0.0104167,0.012288,0.0454545,0.011264,0.181818,0.011264,0.8,0.01024,3.2,0.01024,11.6364,0.011264,46.5455,0.011264,146.286,0.014336,431.158,0.019456,618.264,0.054272,789.59,0.169984,811.591,0.661504,810.964,2.64806,809.711,10.6086,
0.0113636,0.011264,0.0454545,0.011264,0.2,0.01024,0.727273,0.011264,2.90909,0.011264,11.6364,0.011264,42.6667,0.012288,146.286,0.014336,431.158,0.019456,630.154,0.053248,784.862,0.171008,815.378,0.658432,811.906,2.64499,809.321,10.6138,
0.0113636,0.011264,0.05,0.01024,0.181818,0.011264,0.727273,0.011264,2.90909,0.011264,10.6667,0.012288,42.6667,0.012288,157.538,0.013312,455.111,0.018432,642.51,0.052224,784.862,0.171008,817.922,0.656384,810.964,2.64806,809.711,10.6086,
0.0113636,0.011264,0.05,0.01024,0.166667,0.012288,0.727273,0.011264,2.90909,0.011264,11.6364,0.011264,46.5455,0.011264,157.538,0.013312,455.111,0.018432,618.264,0.054272,780.19,0.172032,817.922,0.656384,811.906,2.64499,809.321,10.6138,
0.0113636,0.011264,0.0454545,0.011264,0.181818,0.011264,0.727273,0.011264,2.90909,0.011264,11.6364,0.011264,46.5455,0.011264,157.538,0.013312,431.158,0.019456,630.154,0.053248,784.862,0.171008,819.2,0.65536,812.85,2.64192,809.555,10.6107,
0.0125,0.01024,0.0454545,0.011264,0.181818,0.011264,0.727273,0.011264,2.46154,0.013312,10.6667,0.012288,39.3846,0.013312,157.538,0.013312,431.158,0.019456,618.264,0.054272,789.59,0.169984,817.922,0.656384,811.277,2.64704,809.477,10.6117,
0.0113636,0.011264,0.05,0.01024,0.181818,0.011264,0.727273,0.011264,3.2,0.01024,11.6364,0.011264,42.6667,0.012288,146.286,0.014336,431.158,0.019456,630.154,0.053248,784.862,0.171008,815.378,0.658432,811.906,2.64499,809.633,10.6097,
0.0113636,0.011264,0.0454545,0.011264,0.2,0.01024,0.727273,0.011264,2.90909,0.011264,10.6667,0.012288,39.3846,0.013312,157.538,0.013312,455.111,0.018432,618.264,0.054272,784.862,0.171008,810.337,0.662528,812.535,2.64294,809.868,10.6066,
0.0104167,0.012288,0.05,0.01024,0.181818,0.011264,0.727273,0.011264,2.90909,0.011264,11.6364,0.011264,42.6667,0.012288,157.538,0.013312,431.158,0.019456,618.264,0.054272,784.862,0.171008,810.337,0.662528,811.591,2.64602,809.555,10.6107,
0.0113636,0.011264,0.0454545,0.011264,0.181818,0.011264,0.615385,0.013312,2.90909,0.011264,10.6667,0.012288,42.6667,0.012288,157.538,0.013312,455.111,0.018432,630.154,0.053248,784.862,0.171008,811.591,0.661504,811.591,2.64602,809.789,10.6076,
0.00735294,0.017408,0.05,0.01024,0.181818,0.011264,0.8,0.01024,2.66667,0.012288,10.6667,0.012288,42.6667,0.012288,157.538,0.013312,455.111,0.018432,618.264,0.054272,789.59,0.169984,811.591,0.661504,813.165,2.6409,809.477,10.6117,
0.0113636,0.011264,0.0454545,0.011264,0.181818,0.011264,0.727273,0.011264,2.90909,0.011264,12.8,0.01024,46.5455,0.011264,157.538,0.013312,431.158,0.019456,618.264,0.054272,784.862,0.171008,811.591,0.661504,813.796,2.63885,809.477,10.6117,
0.0104167,0.012288,0.05,0.01024,0.181818,0.011264,0.666667,0.012288,3.2,0.01024,11.6364,0.011264,46.5455,0.011264,157.538,0.013312,431.158,0.019456,618.264,0.054272,794.376,0.16896,814.112,0.659456,813.796,2.63885,809.555,10.6107,
0.0113636,0.011264,0.0454545,0.011264,0.181818,0.011264,0.727273,0.011264,2.90909,0.011264,11.6364,0.011264,42.6667,0.012288,157.538,0.013312,431.158,0.019456,618.264,0.054272,780.19,0.172032,811.591,0.661504,814.428,2.6368,809.321,10.6138,
0.0113636,0.011264,0.05,0.01024,0.181818,0.011264,0.727273,0.011264,2.90909,0.011264,11.6364,0.011264,42.6667,0.012288,157.538,0.013312,455.111,0.018432,618.264,0.054272,784.862,0.171008,811.591,0.661504,812.85,2.64192,809.555,10.6107,
0.0104167,0.012288,0.0454545,0.011264,0.181818,0.011264,0.727273,0.011264,2.66667,0.012288,11.6364,0.011264,42.6667,0.012288,157.538,0.013312,431.158,0.019456,630.154,0.053248,784.862,0.171008,811.591,0.661504,811.906,2.64499,809.789,10.6076,
0.0113636,0.011264,0.0454545,0.011264,0.181818,0.011264,0.8,0.01024,2.90909,0.011264,10.6667,0.012288,42.6667,0.012288,157.538,0.013312,431.158,0.019456,630.154,0.053248,780.19,0.172032,804.123,0.667648,812.85,2.64192,809.399,10.6127,
0.0113636,0.011264,0.0454545,0.011264,0.181818,0.011264,0.666667,0.012288,2.66667,0.012288,11.6364,0.011264,42.6667,0.012288,157.538,0.013312,431.158,0.019456,630.154,0.053248,789.59,0.169984,812.85,0.66048,814.744,2.63578,809.633,10.6097,
0.0113636,0.011264,0.05,0.01024,0.181818,0.011264,0.727273,0.011264,2.90909,0.011264,11.6364,0.011264,42.6667,0.012288,146.286,0.014336,431.158,0.019456,642.51,0.052224,784.862,0.171008,805.358,0.666624,815.061,2.63475,809.633,10.6097,
0.0104167,0.012288,0.05,0.01024,0.181818,0.011264,0.666667,0.012288,2.66667,0.012288,11.6364,0.011264,42.6667,0.012288,157.538,0.013312,431.158,0.019456,642.51,0.052224,784.862,0.171008,812.85,0.66048,814.744,2.63578,810.102,10.6035,
0.0113636,0.011264,0.05,0.01024,0.181818,0.011264,0.666667,0.012288,2.66667,0.012288,10.6667,0.012288,42.6667,0.012288,157.538,0.013312,431.158,0.019456,630.154,0.053248,780.19,0.172032,812.85,0.66048,813.48,2.63987,809.321,10.6138,
0.0113636,0.011264,0.0454545,0.011264,0.181818,0.011264,0.727273,0.011264,2.90909,0.011264,11.6364,0.011264,42.6667,0.012288,157.538,0.013312,431.158,0.019456,618.264,0.054272,780.19,0.172032,810.337,0.662528,814.428,2.6368,809.555,10.6107,
0.0113636,0.011264,0.0454545,0.011264,0.181818,0.011264,0.666667,0.012288,2.90909,0.011264,11.6364,0.011264,46.5455,0.011264,157.538,0.013312,431.158,0.019456,630.154,0.053248,775.574,0.173056,812.85,0.66048,814.112,2.63782,809.633,10.6097,
0.0113636,0.011264,0.0454545,0.011264,0.181818,0.011264,0.666667,0.012288,2.90909,0.011264,10.6667,0.012288,42.6667,0.012288,157.538,0.013312,431.158,0.019456,618.264,0.054272,794.376,0.16896,811.591,0.661504,813.165,2.6409,809.868,10.6066,
0.0104167,0.012288,0.0454545,0.011264,0.181818,0.011264,0.727273,0.011264,2.66667,0.012288,10.6667,0.012288,42.6667,0.012288,146.286,0.014336,431.158,0.019456,630.154,0.053248,789.59,0.169984,811.591,0.661504,813.165,2.6409,809.555,10.6107,
0.0104167,0.012288,0.0454545,0.011264,0.181818,0.011264,0.727273,0.011264,2.66667,0.012288,10.6667,0.012288,42.6667,0.012288,157.538,0.013312,409.6,0.02048,618.264,0.054272,784.862,0.171008,816.648,0.657408,812.85,2.64192,809.789,10.6076,
0.0113636,0.011264,0.05,0.01024,0.181818,0.011264,0.8,0.01024,2.90909,0.011264,11.6364,0.011264,42.6667,0.012288,157.538,0.013312,431.158,0.019456,642.51,0.052224,789.59,0.169984,817.922,0.656384,811.906,2.64499,809.477,10.6117,
0.0104167,0.012288,0.0454545,0.011264,0.2,0.01024,0.727273,0.011264,2.90909,0.011264,10.6667,0.012288,42.6667,0.012288,157.538,0.013312,431.158,0.019456,618.264,0.054272,784.862,0.171008,817.922,0.656384,814.112,2.63782,809.164,10.6158,
0.00961538,0.013312,0.05,0.01024,0.181818,0.011264,0.666667,0.012288,2.90909,0.011264,11.6364,0.011264,42.6667,0.012288,157.538,0.013312,431.158,0.019456,618.264,0.054272,794.376,0.16896,817.922,0.656384,813.165,2.6409,809.555,10.6107,
0.0125,0.01024,0.0454545,0.011264,0.181818,0.011264,0.727273,0.011264,2.66667,0.012288,10.6667,0.012288,42.6667,0.012288,146.286,0.014336,431.158,0.019456,618.264,0.054272,780.19,0.172032,815.378,0.658432,811.906,2.64499,809.711,10.6086,
0.0113636,0.011264,0.05,0.01024,0.166667,0.012288,0.8,0.01024,2.90909,0.011264,11.6364,0.011264,46.5455,0.011264,157.538,0.013312,431.158,0.019456,618.264,0.054272,780.19,0.172032,815.378,0.658432,812.22,2.64397,809.555,10.6107,
0.0104167,0.012288,0.0454545,0.011264,0.181818,0.011264,0.727273,0.011264,2.90909,0.011264,11.6364,0.011264,42.6667,0.012288,157.538,0.013312,431.158,0.019456,630.154,0.053248,780.19,0.172032,812.85,0.66048,811.906,2.64499,809.164,10.6158,
0.0113636,0.011264,0.0454545,0.011264,0.181818,0.011264,0.727273,0.011264,2.90909,0.011264,10.6667,0.012288,42.6667,0.012288,157.538,0.013312,431.158,0.019456,630.154,0.053248,789.59,0.169984,811.591,0.661504,812.85,2.64192,809.868,10.6066,
0.0113636,0.011264,0.0454545,0.011264,0.181818,0.011264,0.666667,0.012288,2.90909,0.011264,11.6364,0.011264,42.6667,0.012288,157.538,0.013312,431.158,0.019456,630.154,0.053248,789.59,0.169984,812.85,0.66048,813.165,2.6409,809.086,10.6168,
0.0113636,0.011264,0.0454545,0.011264,0.181818,0.011264,0.8,0.01024,2.90909,0.011264,7.52941,0.017408,46.5455,0.011264,146.286,0.014336,327.68,0.0256,642.51,0.052224,784.862,0.171008,811.591,0.661504,812.85,2.64192,809.555,10.6107,
0.0113636,0.011264,0.05,0.01024,0.2,0.01024,0.727273,0.011264,2.90909,0.011264,10.6667,0.012288,46.5455,0.011264,157.538,0.013312,455.111,0.018432,618.264,0.054272,784.862,0.171008,811.591,0.661504,812.85,2.64192,809.555,10.6107,
0.0113636,0.011264,0.0454545,0.011264,0.166667,0.012288,0.727273,0.011264,2.66667,0.012288,10.6667,0.012288,46.5455,0.011264,157.538,0.013312,455.111,0.018432,618.264,0.054272,789.59,0.169984,811.591,0.661504,812.535,2.64294,809.946,10.6056,
0.0125,0.01024,0.0454545,0.011264,0.181818,0.011264,0.727273,0.011264,2.90909,0.011264,11.6364,0.011264,46.5455,0.011264,157.538,0.013312,455.111,0.018432,618.264,0.054272,784.862,0.171008,810.337,0.662528,812.22,2.64397,809.399,10.6127,
0.0113636,0.011264,0.05,0.01024,0.166667,0.012288,0.8,0.01024,3.2,0.01024,10.6667,0.012288,36.5714,0.014336,157.538,0.013312,455.111,0.018432,630.154,0.053248,757.642,0.177152,811.591,0.661504,811.906,2.64499,809.633,10.6097,
0.0113636,0.011264,0.0454545,0.011264,0.181818,0.011264,0.666667,0.012288,2.90909,0.011264,11.6364,0.011264,42.6667,0.012288,157.538,0.013312,431.158,0.019456,630.154,0.053248,789.59,0.169984,812.85,0.66048,812.22,2.64397,809.477,10.6117,
0.0104167,0.012288,0.05,0.01024,0.166667,0.012288,0.615385,0.013312,2.90909,0.011264,11.6364,0.011264,46.5455,0.011264,157.538,0.013312,431.158,0.019456,618.264,0.054272,784.862,0.171008,811.591,0.661504,810.964,2.64806,809.242,10.6148,
0.0113636,0.011264,0.0454545,0.011264,0.181818,0.011264,0.727273,0.011264,2.66667,0.012288,11.6364,0.011264,46.5455,0.011264,157.538,0.013312,455.111,0.018432,630.154,0.053248,784.862,0.171008,812.85,0.66048,811.906,2.64499,809.321,10.6138,
0.0104167,0.012288,0.05,0.01024,0.181818,0.011264,0.8,0.01024,2.90909,0.011264,11.6364,0.011264,42.6667,0.012288,157.538,0.013312,455.111,0.018432,630.154,0.053248,784.862,0.171008,810.337,0.662528,811.906,2.64499,809.242,10.6148,
0.0113636,0.011264,0.0454545,0.011264,0.181818,0.011264,0.666667,0.012288,3.2,0.01024,10.6667,0.012288,42.6667,0.012288,157.538,0.013312,455.111,0.018432,618.264,0.054272,775.574,0.173056,811.591,0.661504,812.535,2.64294,809.555,10.6107,
0.0104167,0.012288,0.0454545,0.011264,0.166667,0.012288,0.666667,0.012288,2.90909,0.011264,11.6364,0.011264,46.5455,0.011264,146.286,0.014336,455.111,0.018432,630.154,0.053248,789.59,0.169984,811.591,0.661504,813.165,2.6409,809.555,10.6107,
0.0113636,0.011264,0.05,0.01024,0.181818,0.011264,0.666667,0.012288,2.90909,0.011264,10.6667,0.012288,46.5455,0.011264,146.286,0.014336,431.158,0.019456,606.815,0.055296,784.862,0.171008,811.591,0.661504,813.796,2.63885,809.711,10.6086,
0.0113636,0.011264,0.05,0.01024,0.181818,0.011264,0.666667,0.012288,2.66667,0.012288,11.6364,0.011264,46.5455,0.011264,157.538,0.013312,431.158,0.019456,642.51,0.052224,784.862,0.171008,810.337,0.662528,814.112,2.63782,809.399,10.6127,
0.0104167,0.012288,0.0454545,0.011264,0.181818,0.011264,0.666667,0.012288,1.88235,0.017408,11.6364,0.011264,42.6667,0.012288,146.286,0.014336,455.111,0.018432,618.264,0.054272,775.574,0.173056,811.591,0.661504,814.744,2.63578,809.555,10.6107,
0.0104167,0.012288,0.0454545,0.011264,0.181818,0.011264,0.727273,0.011264,2.90909,0.011264,10.6667,0.012288,42.6667,0.012288,15.1704,0.13824,455.111,0.018432,630.154,0.053248,784.862,0.171008,812.85,0.66048,814.428,2.6368,809.399,10.6127,
0.0104167,0.012288,0.0454545,0.011264,0.2,0.01024,0.666667,0.012288,2.66667,0.012288,11.6364,0.011264,42.6667,0.012288,136.533,0.01536,431.158,0.019456,618.264,0.054272,789.59,0.169984,815.378,0.658432,814.428,2.6368,809.555,10.6107,
0.0104167,0.012288,0.0454545,0.011264,0.166667,0.012288,0.8,0.01024,2.66667,0.012288,10.6667,0.012288,42.6667,0.012288,157.538,0.013312,455.111,0.018432,618.264,0.054272,780.19,0.172032,817.922,0.656384,815.061,2.63475,810.024,10.6045,
0.0113636,0.011264,0.05,0.01024,0.181818,0.011264,0.666667,0.012288,2.90909,0.011264,10.6667,0.012288,42.6667,0.012288,170.667,0.012288,431.158,0.019456,630.154,0.053248,789.59,0.169984,817.922,0.656384,814.744,2.63578,810.024,10.6045,
0.0113636,0.011264,0.05,0.01024,0.181818,0.011264,0.727273,0.011264,2.90909,0.011264,10.6667,0.012288,42.6667,0.012288,157.538,0.013312,431.158,0.019456,618.264,0.054272,784.862,0.171008,817.922,0.656384,814.428,2.6368,810.729,10.5953,
0.0104167,0.012288,0.0454545,0.011264,0.181818,0.011264,0.666667,0.012288,2.66667,0.012288,11.6364,0.011264,42.6667,0.012288,157.538,0.013312,455.111,0.018432,618.264,0.054272,784.862,0.171008,817.922,0.656384,815.378,2.63373,811.277,10.5882,
0.0125,0.01024,0.05,0.01024,0.181818,0.011264,0.8,0.01024,2.90909,0.011264,11.6364,0.011264,46.5455,0.011264,157.538,0.013312,455.111,0.018432,618.264,0.054272,784.862,0.171008,812.85,0.66048,814.428,2.6368,811.277,10.5882,
0.00961538,0.013312,0.0454545,0.011264,0.2,0.01024,0.727273,0.011264,2.66667,0.012288,10.6667,0.012288,42.6667,0.012288,157.538,0.013312,455.111,0.018432,630.154,0.053248,784.862,0.171008,812.85,0.66048,814.744,2.63578,811.277,10.5882,
0.0104167,0.012288,0.05,0.01024,0.181818,0.011264,0.666667,0.012288,2.90909,0.011264,10.6667,0.012288,46.5455,0.011264,146.286,0.014336,455.111,0.018432,642.51,0.052224,784.862,0.171008,812.85,0.66048,814.112,2.63782,811.591,10.5841,
0.0104167,0.012288,0.0454545,0.011264,0.181818,0.011264,0.666667,0.012288,2.66667,0.012288,11.6364,0.011264,46.5455,0.011264,136.533,0.01536,455.111,0.018432,618.264,0.054272,789.59,0.169984,810.337,0.662528,814.744,2.63578,810.572,10.5974,
0.0113636,0.011264,0.05,0.01024,0.181818,0.011264,0.727273,0.011264,2.90909,0.011264,11.6364,0.011264,46.5455,0.011264,146.286,0.014336,481.882,0.017408,606.815,0.055296,789.59,0.169984,812.85,0.66048,814.428,2.6368,811.67,10.583,
0.0113636,0.011264,0.0454545,0.011264,0.181818,0.011264,0.666667,0.012288,2.90909,0.011264,10.6667,0.012288,42.6667,0.012288,146.286,0.014336,481.882,0.017408,618.264,0.054272,789.59,0.169984,810.337,0.662528,814.744,2.63578,811.277,10.5882,
0.0113636,0.011264,0.0454545,0.011264,0.166667,0.012288,0.727273,0.011264,2.90909,0.011264,11.6364,0.011264,42.6667,0.012288,136.533,0.01536,455.111,0.018432,555.39,0.060416,789.59,0.169984,811.591,0.661504,813.48,2.63987,811.042,10.5912,
0.0113636,0.011264,0.0454545,0.011264,0.181818,0.011264,0.666667,0.012288,2.90909,0.011264,11.6364,0.011264,42.6667,0.012288,170.667,0.012288,455.111,0.018432,618.264,0.054272,784.862,0.171008,810.337,0.662528,814.428,2.6368,810.964,10.5923,
0.0113636,0.011264,0.0454545,0.011264,0.181818,0.011264,0.8,0.01024,2.90909,0.011264,10.6667,0.012288,46.5455,0.011264,157.538,0.013312,455.111,0.018432,618.264,0.054272,784.862,0.171008,811.591,0.661504,814.744,2.63578,811.199,10.5892,
0.0113636,0.011264,0.05,0.01024,0.166667,0.012288,0.727273,0.011264,2.66667,0.012288,10.6667,0.012288,42.6667,0.012288,170.667,0.012288,481.882,0.017408,618.264,0.054272,780.19,0.172032,810.337,0.662528,814.744,2.63578,810.807,10.5943,
0.0113636,0.011264,0.05,0.01024,0.166667,0.012288,0.727273,0.011264,2.90909,0.011264,11.6364,0.011264,42.6667,0.012288,157.538,0.013312,455.111,0.018432,630.154,0.053248,789.59,0.169984,811.591,0.661504,814.428,2.6368,810.572,10.5974,
0.00961538,0.013312,0.0454545,0.011264,0.181818,0.011264,0.727273,0.011264,3.2,0.01024,11.6364,0.011264,42.6667,0.012288,157.538,0.013312,455.111,0.018432,618.264,0.054272,784.862,0.171008,809.086,0.663552,813.48,2.63987,810.415,10.5994,
0.0113636,0.011264,0.0454545,0.011264,0.181818,0.011264,0.727273,0.011264,2.90909,0.011264,11.6364,0.011264,46.5455,0.011264,146.286,0.014336,455.111,0.018432,618.264,0.054272,784.862,0.171008,807.84,0.664576,814.428,2.6368,810.494,10.5984,
0.0113636,0.011264,0.0454545,0.011264,0.181818,0.011264,0.727273,0.011264,2.90909,0.011264,11.6364,0.011264,46.5455,0.011264,157.538,0.013312,455.111,0.018432,618.264,0.054272,780.19,0.172032,812.85,0.66048,814.112,2.63782,810.415,10.5994,
0.00961538,0.013312,0.0384615,0.013312,0.166667,0.012288,0.727273,0.011264,2.90909,0.011264,11.6364,0.011264,42.6667,0.012288,146.286,0.014336,455.111,0.018432,630.154,0.053248,789.59,0.169984,811.591,0.661504,812.22,2.64397,810.102,10.6035,
0.0125,0.01024,0.0454545,0.011264,0.181818,0.011264,0.666667,0.012288,2.90909,0.011264,10.6667,0.012288,42.6667,0.012288,146.286,0.014336,431.158,0.019456,618.264,0.054272,784.862,0.171008,811.591,0.661504,812.22,2.64397,810.337,10.6004,
0.0113636,0.011264,0.05,0.01024,0.2,0.01024,0.727273,0.011264,2.90909,0.011264,11.6364,0.011264,42.6667,0.012288,146.286,0.014336,481.882,0.017408,642.51,0.052224,784.862,0.171008,811.591,0.661504,810.337,2.65011,809.946,10.6056,
0.0104167,0.012288,0.0416667,0.012288,0.181818,0.011264,0.666667,0.012288,2.66667,0.012288,11.6364,0.011264,42.6667,0.012288,146.286,0.014336,409.6,0.02048,655.36,0.0512,753.287,0.178176,811.591,0.661504,811.591,2.64602,808.541,10.624,
0.0104167,0.012288,0.0416667,0.012288,0.181818,0.011264,0.727273,0.011264,2.66667,0.012288,11.6364,0.011264,42.6667,0.012288,146.286,0.014336,431.158,0.019456,642.51,0.052224,771.012,0.17408,821.768,0.653312,811.591,2.64602,809.242,10.6148,
0.0113636,0.011264,0.0454545,0.011264,0.181818,0.011264,0.727273,0.011264,2.66667,0.012288,10.6667,0.012288,42.6667,0.012288,146.286,0.014336,455.111,0.018432,630.154,0.053248,762.047,0.176128,814.112,0.659456,812.85,2.64192,808.93,10.6189,
0.0113636,0.011264,0.0454545,0.011264,0.181818,0.011264,0.727273,0.011264,2.66667,0.012288,11.6364,0.011264,42.6667,0.012288,146.286,0.014336,431.158,0.019456,642.51,0.052224,672.164,0.19968,815.378,0.658432,813.796,2.63885,808.93,10.6189,
0.0113636,0.011264,0.0416667,0.012288,0.181818,0.011264,0.727273,0.011264,2.66667,0.012288,9.84615,0.013312,46.5455,0.011264,146.286,0.014336,431.158,0.019456,630.154,0.053248,762.047,0.176128,814.112,0.659456,813.165,2.6409,809.399,10.6127,
0.0113636,0.011264,0.0454545,0.011264,0.166667,0.012288,0.727273,0.011264,2.66667,0.012288,10.6667,0.012288,42.6667,0.012288,146.286,0.014336,431.158,0.019456,630.154,0.053248,771.012,0.17408,814.112,0.659456,812.22,2.64397,809.086,10.6168,
0.0113636,0.011264,0.0416667,0.012288,0.181818,0.011264,0.727273,0.011264,2.90909,0.011264,10.6667,0.012288,42.6667,0.012288,146.286,0.014336,431.158,0.019456,630.154,0.053248,766.503,0.175104,816.648,0.657408,812.85,2.64192,808.696,10.622,
0.0104167,0.012288,0.0454545,0.011264,0.181818,0.011264,0.727273,0.011264,2.90909,0.011264,11.6364,0.011264,42.6667,0.012288,107.789,0.019456,431.158,0.019456,642.51,0.052224,762.047,0.176128,820.482,0.654336,811.906,2.64499,809.242,10.6148,
0.0104167,0.012288,0.0454545,0.011264,0.181818,0.011264,0.727273,0.011264,2.90909,0.011264,11.6364,0.011264,39.3846,0.013312,157.538,0.013312,455.111,0.018432,630.154,0.053248,762.047,0.176128,816.648,0.657408,812.85,2.64192,808.852,10.6199,
0.0113636,0.011264,0.05,0.01024,0.181818,0.011264,0.727273,0.011264,2.90909,0.011264,11.6364,0.011264,42.6667,0.012288,157.538,0.013312,431.158,0.019456,630.154,0.053248,771.012,0.17408,815.378,0.658432,813.48,2.63987,809.242,10.6148,
0.0113636,0.011264,0.0454545,0.011264,0.181818,0.011264,0.727273,0.011264,2.66667,0.012288,10.6667,0.012288,42.6667,0.012288,157.538,0.013312,431.158,0.019456,630.154,0.053248,766.503,0.175104,815.378,0.658432,813.48,2.63987,809.555,10.6107,
0.0113636,0.011264,0.0454545,0.011264,0.181818,0.011264,0.8,0.01024,2.90909,0.011264,10.6667,0.012288,42.6667,0.012288,146.286,0.014336,431.158,0.019456,630.154,0.053248,766.503,0.175104,815.378,0.658432,812.22,2.64397,809.633,10.6097,
0.0113636,0.011264,0.0454545,0.011264,0.2,0.01024,0.727273,0.011264,2.90909,0.011264,11.6364,0.011264,42.6667,0.012288,157.538,0.013312,455.111,0.018432,618.264,0.054272,766.503,0.175104,812.85,0.66048,812.535,2.64294,809.164,10.6158,
0.0104167,0.012288,0.0454545,0.011264,0.166667,0.012288,0.727273,0.011264,2.90909,0.011264,9.84615,0.013312,42.6667,0.012288,146.286,0.014336,455.111,0.018432,630.154,0.053248,766.503,0.175104,820.482,0.654336,811.906,2.64499,809.399,10.6127,
0.0113636,0.011264,0.0454545,0.011264,0.181818,0.011264,0.727273,0.011264,2.90909,0.011264,9.84615,0.013312,42.6667,0.012288,146.286,0.014336,431.158,0.019456,618.264,0.054272,775.574,0.173056,820.482,0.654336,812.22,2.64397,808.696,10.622,
0.0113636,0.011264,0.05,0.01024,0.166667,0.012288,0.727273,0.011264,2.66667,0.012288,11.6364,0.011264,42.6667,0.012288,146.286,0.014336,431.158,0.019456,630.154,0.053248,771.012,0.17408,817.922,0.656384,812.85,2.64192,809.399,10.6127,
0.0113636,0.011264,0.0454545,0.011264,0.181818,0.011264,0.666667,0.012288,2.66667,0.012288,9.84615,0.013312,42.6667,0.012288,146.286,0.014336,431.158,0.019456,618.264,0.054272,766.503,0.175104,812.85,0.66048,812.22,2.64397,808.696,10.622,
0.00961538,0.013312,0.0416667,0.012288,0.181818,0.011264,0.727273,0.011264,2.90909,0.011264,10.6667,0.012288,42.6667,0.012288,146.286,0.014336,431.158,0.019456,630.154,0.053248,762.047,0.176128,815.378,0.658432,811.906,2.64499,809.242,10.6148,
0.0113636,0.011264,0.0454545,0.011264,0.181818,0.011264,0.666667,0.012288,2.66667,0.012288,10.6667,0.012288,42.6667,0.012288,157.538,0.013312,431.158,0.019456,618.264,0.054272,771.012,0.17408,817.922,0.656384,812.22,2.64397,809.321,10.6138,
0.0113636,0.011264,0.0454545,0.011264,0.166667,0.012288,0.727273,0.011264,2.66667,0.012288,11.6364,0.011264,42.6667,0.012288,157.538,0.013312,455.111,0.018432,630.154,0.053248,771.012,0.17408,817.922,0.656384,811.906,2.64499,808.774,10.6209,
0.0113636,0.011264,0.0454545,0.011264,0.181818,0.011264,0.666667,0.012288,2.90909,0.011264,9.84615,0.013312,42.6667,0.012288,157.538,0.013312,455.111,0.018432,630.154,0.053248,766.503,0.175104,815.378,0.658432,812.535,2.64294,809.086,10.6168,
0.0113636,0.011264,0.0454545,0.011264,0.166667,0.012288,0.727273,0.011264,2.90909,0.011264,10.6667,0.012288,42.6667,0.012288,128,0.016384,455.111,0.018432,618.264,0.054272,771.012,0.17408,817.922,0.656384,811.906,2.64499,808.618,10.623,
0.0113636,0.011264,0.0454545,0.011264,0.166667,0.012288,0.727273,0.011264,2.90909,0.011264,11.6364,0.011264,42.6667,0.012288,146.286,0.014336,431.158,0.019456,630.154,0.053248,771.012,0.17408,816.648,0.657408,812.535,2.64294,809.477,10.6117,
0.0113636,0.011264,0.0454545,0.011264,0.181818,0.011264,0.727273,0.011264,2.90909,0.011264,11.6364,0.011264,42.6667,0.012288,157.538,0.013312,431.158,0.019456,630.154,0.053248,766.503,0.175104,819.2,0.65536,812.22,2.64397,809.086,10.6168,
0.0113636,0.011264,0.0454545,0.011264,0.181818,0.011264,0.727273,0.011264,2.90909,0.011264,11.6364,0.011264,42.6667,0.012288,146.286,0.014336,409.6,0.02048,630.154,0.053248,771.012,0.17408,816.648,0.657408,813.165,2.6409,808.852,10.6199,
0.0113636,0.011264,0.0454545,0.011264,0.166667,0.012288,0.727273,0.011264,2.90909,0.011264,11.6364,0.011264,42.6667,0.012288,146.286,0.014336,431.158,0.019456,630.154,0.053248,766.503,0.175104,816.648,0.657408,812.85,2.64192,809.008,10.6179,
0.0113636,0.011264,0.0454545,0.011264,0.181818,0.011264,0.666667,0.012288,2.90909,0.011264,10.6667,0.012288,42.6667,0.012288,157.538,0.013312,431.158,0.019456,630.154,0.053248,771.012,0.17408,815.378,0.658432,812.85,2.64192,808.93,10.6189,
0.0113636,0.011264,0.05,0.01024,0.166667,0.012288,0.727273,0.011264,2.90909,0.011264,10.6667,0.012288,46.5455,0.011264,157.538,0.013312,455.111,0.018432,618.264,0.054272,771.012,0.17408,820.482,0.654336,812.22,2.64397,809.086,10.6168,
0.0104167,0.012288,0.0454545,0.011264,0.181818,0.011264,0.727273,0.011264,2.90909,0.011264,10.6667,0.012288,42.6667,0.012288,146.286,0.014336,431.158,0.019456,642.51,0.052224,780.19,0.172032,817.922,0.656384,812.85,2.64192,809.242,10.6148,
0.0104167,0.012288,0.0454545,0.011264,0.181818,0.011264,0.727273,0.011264,2.90909,0.011264,11.6364,0.011264,42.6667,0.012288,146.286,0.014336,455.111,0.018432,630.154,0.053248,780.19,0.172032,819.2,0.65536,813.165,2.6409,808.93,10.6189,
0.0113636,0.011264,0.0454545,0.011264,0.181818,0.011264,0.666667,0.012288,2.90909,0.011264,10.6667,0.012288,42.6667,0.012288,146.286,0.014336,455.111,0.018432,630.154,0.053248,789.59,0.169984,816.648,0.657408,811.591,2.64602,809.086,10.6168,
0.0104167,0.012288,0.05,0.01024,0.166667,0.012288,0.727273,0.011264,2.90909,0.011264,11.6364,0.011264,42.6667,0.012288,157.538,0.013312,431.158,0.019456,618.264,0.054272,784.862,0.171008,819.2,0.65536,812.22,2.64397,809.321,10.6138,
0.0104167,0.012288,0.0454545,0.011264,0.181818,0.011264,0.727273,0.011264,2.90909,0.011264,10.6667,0.012288,42.6667,0.012288,157.538,0.013312,431.158,0.019456,642.51,0.052224,780.19,0.172032,816.648,0.657408,812.22,2.64397,808.541,10.624,
0.0104167,0.012288,0.0454545,0.011264,0.181818,0.011264,0.727273,0.011264,2.90909,0.011264,11.6364,0.011264,42.6667,0.012288,146.286,0.014336,431.158,0.019456,618.264,0.054272,780.19,0.172032,816.648,0.657408,811.906,2.64499,809.086,10.6168,
0.0113636,0.011264,0.0454545,0.011264,0.181818,0.011264,0.727273,0.011264,2.66667,0.012288,11.6364,0.011264,42.6667,0.012288,157.538,0.013312,409.6,0.02048,642.51,0.052224,775.574,0.173056,816.648,0.657408,813.48,2.63987,809.164,10.6158,
0.0104167,0.012288,0.05,0.01024,0.166667,0.012288,0.727273,0.011264,2.66667,0.012288,10.6667,0.012288,46.5455,0.011264,157.538,0.013312,455.111,0.018432,630.154,0.053248,780.19,0.172032,816.648,0.657408,812.85,2.64192,809.242,10.6148,
0.0113636,0.011264,0.0454545,0.011264,0.166667,0.012288,0.727273,0.011264,2.66667,0.012288,10.6667,0.012288,42.6667,0.012288,157.538,0.013312,431.158,0.019456,176.172,0.190464,784.862,0.171008,817.922,0.656384,812.535,2.64294,809.477,10.6117,
0.0113636,0.011264,0.0454545,0.011264,0.181818,0.011264,0.727273,0.011264,2.66667,0.012288,11.6364,0.011264,42.6667,0.012288,157.538,0.013312,431.158,0.019456,630.154,0.053248,780.19,0.172032,821.768,0.653312,812.535,2.64294,809.477,10.6117,
0.0113636,0.011264,0.0454545,0.011264,0.181818,0.011264,0.727273,0.011264,2.66667,0.012288,9.84615,0.013312,42.6667,0.012288,157.538,0.013312,431.158,0.019456,655.36,0.0512,784.862,0.171008,819.2,0.65536,811.906,2.64499,809.008,10.6179,
0.0104167,0.012288,0.0454545,0.011264,0.166667,0.012288,0.666667,0.012288,2.66667,0.012288,9.84615,0.013312,42.6667,0.012288,157.538,0.013312,431.158,0.019456,642.51,0.052224,780.19,0.172032,815.378,0.658432,812.85,2.64192,809.321,10.6138,
0.00735294,0.017408,0.0454545,0.011264,0.181818,0.011264,0.727273,0.011264,2.90909,0.011264,10.6667,0.012288,42.6667,0.012288,146.286,0.014336,431.158,0.019456,642.51,0.052224,780.19,0.172032,815.378,0.658432,812.535,2.64294,808.93,10.6189,
0.0104167,0.012288,0.0454545,0.011264,0.166667,0.012288,0.727273,0.011264,2.66667,0.012288,11.6364,0.011264,42.6667,0.012288,157.538,0.013312,431.158,0.019456,630.154,0.053248,780.19,0.172032,817.922,0.656384,812.85,2.64192,808.541,10.624,
0.0113636,0.011264,0.0454545,0.011264,0.181818,0.011264,0.727273,0.011264,2.66667,0.012288,11.6364,0.011264,42.6667,0.012288,157.538,0.013312,431.158,0.019456,642.51,0.052224,780.19,0.172032,819.2,0.65536,812.535,2.64294,808.852,10.6199,
0.0113636,0.011264,0.0454545,0.011264,0.181818,0.011264,0.727273,0.011264,2.66667,0.012288,11.6364,0.011264,42.6667,0.012288,157.538,0.013312,455.111,0.018432,630.154,0.053248,766.503,0.175104,819.2,0.65536,811.906,2.64499,809.242,10.6148,
0.0104167,0.012288,0.0454545,0.011264,0.166667,0.012288,0.727273,0.011264,2.66667,0.012288,10.6667,0.012288,42.6667,0.012288,157.538,0.013312,455.111,0.018432,606.815,0.055296,780.19,0.172032,816.648,0.657408,812.535,2.64294,808.93,10.6189,
0.0104167,0.012288,0.05,0.01024,0.181818,0.011264,0.727273,0.011264,2.66667,0.012288,10.6667,0.012288,42.6667,0.012288,157.538,0.013312,431.158,0.019456,630.154,0.053248,771.012,0.17408,816.648,0.657408,811.906,2.64499,808.852,10.6199,
0.0113636,0.011264,0.0454545,0.011264,0.181818,0.011264,0.666667,0.012288,2.90909,0.011264,11.6364,0.011264,42.6667,0.012288,157.538,0.013312,455.111,0.018432,618.264,0.054272,766.503,0.175104,815.378,0.658432,813.48,2.63987,808.93,10.6189,
0.0113636,0.011264,0.05,0.01024,0.181818,0.011264,0.727273,0.011264,2.90909,0.011264,10.6667,0.012288,39.3846,0.013312,146.286,0.014336,431.158,0.019456,618.264,0.054272,771.012,0.17408,814.112,0.659456,812.535,2.64294,808.774,10.6209,
0.0113636,0.011264,0.0454545,0.011264,0.181818,0.011264,0.727273,0.011264,2.66667,0.012288,10.6667,0.012288,39.3846,0.013312,157.538,0.013312,431.158,0.019456,618.264,0.054272,771.012,0.17408,815.378,0.658432,812.535,2.64294,808.852,10.6199,
0.0104167,0.012288,0.0454545,0.011264,0.166667,0.012288,0.727273,0.011264,2.66667,0.012288,10.6667,0.012288,42.6667,0.012288,146.286,0.014336,431.158,0.019456,630.154,0.053248,766.503,0.175104,812.85,0.66048,812.22,2.64397,808.93,10.6189,
0.0113636,0.011264,0.0454545,0.011264,0.181818,0.011264,0.727273,0.011264,2.66667,0.012288,11.6364,0.011264,39.3846,0.013312,157.538,0.013312,455.111,0.018432,618.264,0.054272,771.012,0.17408,814.112,0.659456,812.535,2.64294,809.086,10.6168,
0.0104167,0.012288,0.0454545,0.011264,0.166667,0.012288,0.8,0.01024,2.90909,0.011264,10.6667,0.012288,39.3846,0.013312,157.538,0.013312,455.111,0.018432,606.815,0.055296,766.503,0.175104,812.85,0.66048,812.535,2.64294,809.008,10.6179,
0.0113636,0.011264,0.0454545,0.011264,0.181818,0.011264,0.727273,0.011264,2.90909,0.011264,10.6667,0.012288,42.6667,0.012288,157.538,0.013312,431.158,0.019456,606.815,0.055296,771.012,0.17408,811.591,0.661504,812.22,2.64397,808.93,10.6189,
0.0104167,0.012288,0.0454545,0.011264,0.166667,0.012288,0.727273,0.011264,2.90909,0.011264,10.6667,0.012288,42.6667,0.012288,157.538,0.013312,431.158,0.019456,618.264,0.054272,766.503,0.175104,819.2,0.65536,812.85,2.64192,808.696,10.622,
0.0104167,0.012288,0.0454545,0.011264,0.181818,0.011264,0.727273,0.011264,2.66667,0.012288,10.6667,0.012288,42.6667,0.012288,157.538,0.013312,431.158,0.019456,630.154,0.053248,771.012,0.17408,812.85,0.66048,812.535,2.64294,808.463,10.625,
0.0104167,0.012288,0.0454545,0.011264,0.181818,0.011264,0.8,0.01024,2.66667,0.012288,10.6667,0.012288,2.81319,0.186368,146.286,0.014336,431.158,0.019456,630.154,0.053248,766.503,0.175104,814.112,0.659456,811.906,2.64499,809.086,10.6168,
0.0113636,0.011264,0.0416667,0.012288,0.166667,0.012288,0.727273,0.011264,2.66667,0.012288,11.6364,0.011264,34.1333,0.01536,157.538,0.013312,431.158,0.019456,618.264,0.054272,766.503,0.175104,816.648,0.657408,812.85,2.64192,808.618,10.623,
0.0104167,0.012288,0.05,0.01024,0.181818,0.011264,0.727273,0.011264,2.90909,0.011264,11.6364,0.011264,42.6667,0.012288,146.286,0.014336,455.111,0.018432,630.154,0.053248,766.503,0.175104,816.648,0.657408,811.906,2.64499,808.93,10.6189,
0.0113636,0.011264,0.0454545,0.011264,0.2,0.01024,0.666667,0.012288,2.90909,0.011264,10.6667,0.012288,42.6667,0.012288,157.538,0.013312,455.111,0.018432,630.154,0.053248,766.503,0.175104,815.378,0.658432,812.22,2.64397,807.995,10.6312,
0.0104167,0.012288,0.05,0.01024,0.181818,0.011264,0.727273,0.011264,2.90909,0.011264,10.6667,0.012288,42.6667,0.012288,157.538,0.013312,431.158,0.019456,630.154,0.053248,775.574,0.173056,816.648,0.657408,813.165,2.6409,808.852,10.6199,
0.0113636,0.011264,0.0454545,0.011264,0.181818,0.011264,0.727273,0.011264,2.90909,0.011264,11.6364,0.011264,42.6667,0.012288,157.538,0.013312,431.158,0.019456,630.154,0.053248,771.012,0.17408,815.378,0.658432,813.48,2.63987,808.618,10.623,
0.0104167,0.012288,0.0454545,0.011264,0.181818,0.011264,0.727273,0.011264,3.2,0.01024,10.6667,0.012288,42.6667,0.012288,157.538,0.013312,390.095,0.021504,630.154,0.053248,771.012,0.17408,815.378,0.658432,810.337,2.65011,808.696,10.622,
0.0104167,0.012288,0.0454545,0.011264,0.166667,0.012288,0.727273,0.011264,2.66667,0.012288,10.6667,0.012288,42.6667,0.012288,146.286,0.014336,455.111,0.018432,618.264,0.054272,766.503,0.175104,815.378,0.658432,812.22,2.64397,809.008,10.6179,
0.0104167,0.012288,0.0454545,0.011264,0.166667,0.012288,0.727273,0.011264,2.90909,0.011264,10.6667,0.012288,42.6667,0.012288,146.286,0.014336,431.158,0.019456,630.154,0.053248,766.503,0.175104,812.85,0.66048,812.535,2.64294,808.229,10.6281,
0.0104167,0.012288,0.0454545,0.011264,0.181818,0.011264,0.666667,0.012288,2.66667,0.012288,10.6667,0.012288,42.6667,0.012288,157.538,0.013312,431.158,0.019456,606.815,0.055296,766.503,0.175104,819.2,0.65536,812.535,2.64294,807.84,10.6332,
0.0104167,0.012288,0.0454545,0.011264,0.166667,0.012288,0.727273,0.011264,2.90909,0.011264,11.6364,0.011264,42.6667,0.012288,146.286,0.014336,431.158,0.019456,618.264,0.054272,771.012,0.17408,823.058,0.652288,813.48,2.63987,808.073,10.6301,
0.0104167,0.012288,0.0454545,0.011264,0.166667,0.012288,0.727273,0.011264,2.90909,0.011264,11.6364,0.011264,42.6667,0.012288,157.538,0.013312,431.158,0.019456,606.815,0.055296,771.012,0.17408,821.768,0.653312,813.165,2.6409,808.385,10.626,
0.0113636,0.011264,0.05,0.01024,0.166667,0.012288,0.727273,0.011264,2.90909,0.011264,11.6364,0.011264,42.6667,0.012288,146.286,0.014336,431.158,0.019456,618.264,0.054272,753.287,0.178176,823.058,0.652288,812.22,2.64397,809.086,10.6168,
0.0113636,0.011264,0.0416667,0.012288,0.166667,0.012288,0.666667,0.012288,2.66667,0.012288,10.6667,0.012288,42.6667,0.012288,146.286,0.014336,431.158,0.019456,618.264,0.054272,766.503,0.175104,821.768,0.653312,812.535,2.64294,809.164,10.6158,
0.0104167,0.012288,0.0454545,0.011264,0.166667,0.012288,0.727273,0.011264,2.66667,0.012288,10.6667,0.012288,46.5455,0.011264,157.538,0.013312,431.158,0.019456,618.264,0.054272,762.047,0.176128,823.058,0.652288,812.22,2.64397,809.399,10.6127,
0.0104167,0.012288,0.0416667,0.012288,0.166667,0.012288,0.666667,0.012288,2.66667,0.012288,10.6667,0.012288,42.6667,0.012288,157.538,0.013312,431.158,0.019456,642.51,0.052224,775.574,0.173056,823.058,0.652288,812.22,2.64397,809.164,10.6158,
0.0104167,0.012288,0.0454545,0.011264,0.166667,0.012288,0.727273,0.011264,2.66667,0.012288,10.6667,0.012288,42.6667,0.012288,146.286,0.014336,431.158,0.019456,630.154,0.053248,762.047,0.176128,819.2,0.65536,813.48,2.63987,809.399,10.6127,
0.0104167,0.012288,0.0454545,0.011264,0.181818,0.011264,0.727273,0.011264,2.90909,0.011264,11.6364,0.011264,39.3846,0.013312,157.538,0.013312,431.158,0.019456,618.264,0.054272,771.012,0.17408,820.482,0.654336,812.535,2.64294,809.321,10.6138,
0.0104167,0.012288,0.05,0.01024,0.181818,0.011264,0.8,0.01024,2.90909,0.011264,10.6667,0.012288,39.3846,0.013312,157.538,0.013312,455.111,0.018432,642.51,0.052224,762.047,0.176128,824.352,0.651264,811.591,2.64602,808.852,10.6199,
0.0113636,0.011264,0.0454545,0.011264,0.181818,0.011264,0.727273,0.011264,2.90909,0.011264,10.6667,0.012288,42.6667,0.012288,157.538,0.013312,455.111,0.018432,618.264,0.054272,771.012,0.17408,821.768,0.653312,812.535,2.64294,809.321,10.6138,
0.0104167,0.012288,0.0454545,0.011264,0.181818,0.011264,0.727273,0.011264,2.66667,0.012288,10.6667,0.012288,42.6667,0.012288,157.538,0.013312,455.111,0.018432,630.154,0.053248,766.503,0.175104,820.482,0.654336,811.906,2.64499,809.086,10.6168,
0.0113636,0.011264,0.0454545,0.011264,0.166667,0.012288,0.727273,0.011264,2.66667,0.012288,11.6364,0.011264,42.6667,0.012288,157.538,0.013312,431.158,0.019456,630.154,0.053248,771.012,0.17408,821.768,0.653312,812.85,2.64192,809.321,10.6138,
0.0113636,0.011264,0.0454545,0.011264,0.166667,0.012288,0.727273,0.011264,2.66667,0.012288,11.6364,0.011264,42.6667,0.012288,157.538,0.013312,431.158,0.019456,630.154,0.053248,771.012,0.17408,820.482,0.654336,813.796,2.63885,808.852,10.6199,
0.0113636,0.011264,0.0416667,0.012288,0.181818,0.011264,0.666667,0.012288,3.2,0.01024,11.6364,0.011264,42.6667,0.012288,157.538,0.013312,455.111,0.018432,630.154,0.053248,766.503,0.175104,820.482,0.654336,812.535,2.64294,809.008,10.6179,
0.0104167,0.012288,0.0454545,0.011264,0.181818,0.011264,0.727273,0.011264,2.90909,0.011264,10.6667,0.012288,42.6667,0.012288,157.538,0.013312,431.158,0.019456,618.264,0.054272,771.012,0.17408,821.768,0.653312,812.85,2.64192,809.242,10.6148,
0.0113636,0.011264,0.0416667,0.012288,0.166667,0.012288,0.727273,0.011264,2.66667,0.012288,10.6667,0.012288,42.6667,0.012288,157.538,0.013312,455.111,0.018432,606.815,0.055296,771.012,0.17408,819.2,0.65536,812.85,2.64192,809.633,10.6097,
0.0113636,0.011264,0.0454545,0.011264,0.166667,0.012288,0.727273,0.011264,2.90909,0.011264,10.6667,0.012288,42.6667,0.012288,146.286,0.014336,431.158,0.019456,555.39,0.060416,766.503,0.175104,823.058,0.652288,812.535,2.64294,810.259,10.6015,
0.0113636,0.011264,0.0454545,0.011264,0.181818,0.011264,0.727273,0.011264,2.90909,0.011264,10.6667,0.012288,39.3846,0.013312,157.538,0.013312,431.158,0.019456,618.264,0.054272,762.047,0.176128,823.058,0.652288,812.535,2.64294,810.572,10.5974,
0.0113636,0.011264,0.0454545,0.011264,0.181818,0.011264,0.8,0.01024,2.90909,0.011264,10.6667,0.012288,46.5455,0.011264,157.538,0.013312,455.111,0.018432,630.154,0.053248,771.012,0.17408,821.768,0.653312,811.591,2.64602,810.885,10.5933,
0.0104167,0.012288,0.0416667,0.012288,0.166667,0.012288,0.727273,0.011264,2.66667,0.012288,10.6667,0.012288,42.6667,0.012288,157.538,0.013312,431.158,0.019456,618.264,0.054272,766.503,0.175104,823.058,0.652288,812.535,2.64294,810.337,10.6004,
0.0104167,0.012288,0.0454545,0.011264,0.166667,0.012288,0.727273,0.011264,2.66667,0.012288,10.6667,0.012288,42.6667,0.012288,146.286,0.014336,409.6,0.02048,642.51,0.052224,775.574,0.173056,823.058,0.652288,812.535,2.64294,811.199,10.5892,
0.0113636,0.011264,0.0454545,0.011264,0.181818,0.011264,0.727273,0.011264,2.66667,0.012288,10.6667,0.012288,42.6667,0.012288,146.286,0.014336,431.158,0.019456,630.154,0.053248,771.012,0.17408,823.058,0.652288,813.165,2.6409,810.885,10.5933,
0.0104167,0.012288,0.0454545,0.011264,0.181818,0.011264,0.727273,0.011264,2.66667,0.012288,10.6667,0.012288,42.6667,0.012288,146.286,0.014336,431.158,0.019456,630.154,0.053248,766.503,0.175104,820.482,0.654336,812.535,2.64294,810.572,10.5974,
0.0104167,0.012288,0.0416667,0.012288,0.181818,0.011264,0.727273,0.011264,2.66667,0.012288,10.6667,0.012288,42.6667,0.012288,157.538,0.013312,431.158,0.019456,630.154,0.053248,766.503,0.175104,823.058,0.652288,813.165,2.6409,810.337,10.6004,
0.0113636,0.011264,0.0454545,0.011264,0.181818,0.011264,0.666667,0.012288,2.90909,0.011264,10.6667,0.012288,42.6667,0.012288,157.538,0.013312,292.571,0.028672,618.264,0.054272,766.503,0.175104,821.768,0.653312,812.535,2.64294,810.102,10.6035,
0.0113636,0.011264,0.0416667,0.012288,0.181818,0.011264,0.727273,0.011264,2.66667,0.012288,10.6667,0.012288,42.6667,0.012288,157.538,0.013312,431.158,0.019456,630.154,0.053248,766.503,0.175104,821.768,0.653312,813.48,2.63987,810.807,10.5943,
0.0113636,0.011264,0.0454545,0.011264,0.166667,0.012288,0.727273,0.011264,2.66667,0.012288,11.6364,0.011264,42.6667,0.012288,146.286,0.014336,431.158,0.019456,618.264,0.054272,766.503,0.175104,823.058,0.652288,812.535,2.64294,810.102,10.6035,
0.0104167,0.012288,0.0454545,0.011264,0.181818,0.011264,0.727273,0.011264,2.66667,0.012288,10.6667,0.012288,42.6667,0.012288,102.4,0.02048,431.158,0.019456,618.264,0.054272,771.012,0.17408,824.352,0.651264,812.85,2.64192,810.337,10.6004,
0.0104167,0.012288,0.0454545,0.011264,0.181818,0.011264,0.727273,0.011264,2.90909,0.011264,10.6667,0.012288,39.3846,0.013312,146.286,0.014336,431.158,0.019456,618.264,0.054272,766.503,0.175104,823.058,0.652288,812.85,2.64192,810.102,10.6035,
0.0113636,0.011264,0.0416667,0.012288,0.181818,0.011264,0.727273,0.011264,2.90909,0.011264,10.6667,0.012288,42.6667,0.012288,157.538,0.013312,431.158,0.019456,618.264,0.054272,771.012,0.17408,820.482,0.654336,813.165,2.6409,809.868,10.6066,
0.0113636,0.011264,0.0454545,0.011264,0.166667,0.012288,0.727273,0.011264,2.90909,0.011264,11.6364,0.011264,42.6667,0.012288,146.286,0.014336,409.6,0.02048,630.154,0.053248,771.012,0.17408,821.768,0.653312,812.85,2.64192,809.086,10.6168,
0.0104167,0.012288,0.0454545,0.011264,0.181818,0.011264,0.727273,0.011264,2.90909,0.011264,10.6667,0.012288,42.6667,0.012288,157.538,0.013312,431.158,0.019456,642.51,0.052224,771.012,0.17408,821.768,0.653312,813.796,2.63885,809.633,10.6097,
0.00961538,0.013312,0.0454545,0.011264,0.166667,0.012288,0.8,0.01024,2.66667,0.012288,10.6667,0.012288,42.6667,0.012288,157.538,0.013312,431.158,0.019456,618.264,0.054272,771.012,0.17408,821.768,0.653312,812.85,2.64192,809.789,10.6076,
0.0113636,0.011264,0.0454545,0.011264,0.166667,0.012288,0.727273,0.011264,2.90909,0.011264,10.6667,0.012288,42.6667,0.012288,146.286,0.014336,431.158,0.019456,595.782,0.05632,766.503,0.175104,821.768,0.653312,812.535,2.64294,809.477,10.6117,
0.0113636,0.011264,0.05,0.01024,0.166667,0.012288,0.727273,0.011264,2.90909,0.011264,10.6667,0.012288,42.6667,0.012288,157.538,0.013312,409.6,0.02048,630.154,0.053248,771.012,0.17408,823.058,0.652288,812.535,2.64294,809.164,10.6158,
0.00961538,0.013312,0.0416667,0.012288,0.181818,0.011264,0.666667,0.012288,2.66667,0.012288,10.6667,0.012288,39.3846,0.013312,157.538,0.013312,409.6,0.02048,655.36,0.0512,757.642,0.177152,815.378,0.658432,811.591,2.64602,808.93,10.6189,
0.0104167,0.012288,0.0454545,0.011264,0.181818,0.011264,0.666667,0.012288,2.66667,0.012288,10.6667,0.012288,42.6667,0.012288,157.538,0.013312,409.6,0.02048,642.51,0.052224,771.012,0.17408,814.112,0.659456,812.22,2.64397,809.008,10.6179,
0.0113636,0.011264,0.0454545,0.011264,0.181818,0.011264,0.666667,0.012288,2.66667,0.012288,10.6667,0.012288,42.6667,0.012288,146.286,0.014336,431.158,0.019456,642.51,0.052224,775.574,0.173056,815.378,0.658432,812.85,2.64192,808.93,10.6189,
0.0104167,0.012288,0.0454545,0.011264,0.166667,0.012288,0.727273,0.011264,2.90909,0.011264,10.6667,0.012288,46.5455,0.011264,146.286,0.014336,455.111,0.018432,642.51,0.052224,771.012,0.17408,815.378,0.658432,812.535,2.64294,808.852,10.6199,
0.0113636,0.011264,0.0416667,0.012288,0.166667,0.012288,0.727273,0.011264,2.66667,0.012288,11.6364,0.011264,42.6667,0.012288,157.538,0.013312,431.158,0.019456,630.154,0.053248,771.012,0.17408,812.85,0.66048,812.22,2.64397,809.086,10.6168,
0.0113636,0.011264,0.05,0.01024,0.166667,0.012288,0.727273,0.011264,2.90909,0.011264,10.6667,0.012288,42.6667,0.012288,157.538,0.013312,431.158,0.019456,642.51,0.052224,775.574,0.173056,814.112,0.659456,812.85,2.64192,809.008,10.6179,
0.0125,0.01024,0.0454545,0.011264,0.181818,0.011264,0.727273,0.011264,2.90909,0.011264,10.6667,0.012288,42.6667,0.012288,146.286,0.014336,431.158,0.019456,642.51,0.052224,784.862,0.171008,811.591,0.661504,812.535,2.64294,808.852,10.6199,
0.0113636,0.011264,0.0454545,0.011264,0.181818,0.011264,0.727273,0.011264,2.66667,0.012288,10.6667,0.012288,42.6667,0.012288,157.538,0.013312,431.158,0.019456,642.51,0.052224,780.19,0.172032,817.922,0.656384,812.22,2.64397,809.242,10.6148,
0.0113636,0.011264,0.0294118,0.017408,0.2,0.01024,0.727273,0.011264,2.90909,0.011264,10.6667,0.012288,42.6667,0.012288,157.538,0.013312,431.158,0.019456,630.154,0.053248,784.862,0.171008,817.922,0.656384,813.165,2.6409,809.008,10.6179,
0.0113636,0.011264,0.0454545,0.011264,0.166667,0.012288,0.727273,0.011264,2.90909,0.011264,11.6364,0.011264,42.6667,0.012288,157.538,0.013312,431.158,0.019456,618.264,0.054272,784.862,0.171008,812.85,0.66048,812.535,2.64294,808.696,10.622,
0.0113636,0.011264,0.0454545,0.011264,0.181818,0.011264,0.727273,0.011264,2.90909,0.011264,11.6364,0.011264,42.6667,0.012288,157.538,0.013312,431.158,0.019456,630.154,0.053248,784.862,0.171008,816.648,0.657408,812.85,2.64192,808.93,10.6189,
0.0113636,0.011264,0.05,0.01024,0.181818,0.011264,0.727273,0.011264,2.90909,0.011264,11.6364,0.011264,42.6667,0.012288,157.538,0.013312,431.158,0.019456,618.264,0.054272,775.574,0.173056,817.922,0.656384,812.535,2.64294,808.774,10.6209,
0.0113636,0.011264,0.0454545,0.011264,0.166667,0.012288,0.727273,0.011264,2.66667,0.012288,10.6667,0.012288,42.6667,0.012288,157.538,0.013312,431.158,0.019456,630.154,0.053248,780.19,0.172032,815.378,0.658432,812.535,2.64294,809.164,10.6158,
0.0113636,0.011264,0.05,0.01024,0.181818,0.011264,0.666667,0.012288,2.90909,0.011264,10.6667,0.012288,42.6667,0.012288,157.538,0.013312,431.158,0.019456,618.264,0.054272,766.503,0.175104,815.378,0.658432,812.22,2.64397,809.242,10.6148,
0.0113636,0.011264,0.0454545,0.011264,0.181818,0.011264,0.727273,0.011264,2.66667,0.012288,11.6364,0.011264,42.6667,0.012288,157.538,0.013312,455.111,0.018432,630.154,0.053248,775.574,0.173056,810.337,0.662528,813.48,2.63987,808.618,10.623,
0.0113636,0.011264,0.0454545,0.011264,0.181818,0.011264,0.8,0.01024,2.90909,0.011264,10.6667,0.012288,42.6667,0.012288,157.538,0.013312,431.158,0.019456,630.154,0.053248,771.012,0.17408,816.648,0.657408,813.165,2.6409,809.008,10.6179,
0.0113636,0.011264,0.0454545,0.011264,0.181818,0.011264,0.727273,0.011264,2.66667,0.012288,11.6364,0.011264,46.5455,0.011264,146.286,0.014336,409.6,0.02048,618.264,0.054272,775.574,0.173056,816.648,0.657408,812.535,2.64294,808.852,10.6199,
0.0113636,0.011264,0.0454545,0.011264,0.166667,0.012288,0.727273,0.011264,2.66667,0.012288,10.6667,0.012288,42.6667,0.012288,157.538,0.013312,431.158,0.019456,618.264,0.054272,780.19,0.172032,815.378,0.658432,812.535,2.64294,808.93,10.6189,
0.0113636,0.011264,0.0454545,0.011264,0.2,0.01024,0.727273,0.011264,2.90909,0.011264,10.6667,0.012288,42.6667,0.012288,157.538,0.013312,431.158,0.019456,618.264,0.054272,780.19,0.172032,814.112,0.659456,809.711,2.65216,808.93,10.6189,
0.0113636,0.011264,0.0454545,0.011264,0.181818,0.011264,0.8,0.01024,2.90909,0.011264,10.6667,0.012288,42.6667,0.012288,157.538,0.013312,431.158,0.019456,630.154,0.053248,784.862,0.171008,816.648,0.657408,812.535,2.64294,808.852,10.6199,
0.0113636,0.011264,0.0416667,0.012288,0.166667,0.012288,0.727273,0.011264,2.66667,0.012288,10.6667,0.012288,39.3846,0.013312,170.667,0.012288,431.158,0.019456,630.154,0.053248,775.574,0.173056,817.922,0.656384,813.165,2.6409,809.164,10.6158,
0.0113636,0.011264,0.0454545,0.011264,0.181818,0.011264,0.727273,0.011264,2.66667,0.012288,11.6364,0.011264,42.6667,0.012288,120.471,0.017408,455.111,0.018432,630.154,0.053248,771.012,0.17408,814.112,0.659456,812.22,2.64397,808.852,10.6199,
0.0113636,0.011264,0.0416667,0.012288,0.181818,0.011264,0.727273,0.011264,2.90909,0.011264,11.6364,0.011264,42.6667,0.012288,157.538,0.013312,431.158,0.019456,630.154,0.053248,775.574,0.173056,816.648,0.657408,811.906,2.64499,808.541,10.624,
0.0113636,0.011264,0.0454545,0.011264,0.181818,0.011264,0.727273,0.011264,2.90909,0.011264,11.6364,0.011264,42.6667,0.012288,157.538,0.013312,409.6,0.02048,642.51,0.052224,780.19,0.172032,816.648,0.657408,812.85,2.64192,808.93,10.6189,
0.0113636,0.011264,0.0416667,0.012288,0.2,0.01024,0.727273,0.011264,2.90909,0.011264,11.6364,0.011264,42.6667,0.012288,157.538,0.013312,431.158,0.019456,618.264,0.054272,780.19,0.172032,806.597,0.6656,813.165,2.6409,809.086,10.6168,
0.0104167,0.012288,0.0454545,0.011264,0.181818,0.011264,0.727273,0.011264,2.90909,0.011264,10.6667,0.012288,42.6667,0.012288,157.538,0.013312,455.111,0.018432,630.154,0.053248,780.19,0.172032,817.922,0.656384,811.591,2.64602,808.93,10.6189,
0.0113636,0.011264,0.0416667,0.012288,0.181818,0.011264,0.666667,0.012288,2.90909,0.011264,10.6667,0.012288,42.6667,0.012288,157.538,0.013312,455.111,0.018432,630.154,0.053248,780.19,0.172032,820.482,0.654336,813.48,2.63987,809.477,10.6117,
0.0113636,0.011264,0.0454545,0.011264,0.181818,0.011264,0.727273,0.011264,2.90909,0.011264,10.6667,0.012288,42.6667,0.012288,157.538,0.013312,431.158,0.019456,618.264,0.054272,789.59,0.169984,820.482,0.654336,812.22,2.64397,809.164,10.6158,
0.0125,0.01024,0.0454545,0.011264,0.181818,0.011264,0.727273,0.011264,2.66667,0.012288,10.6667,0.012288,39.3846,0.013312,170.667,0.012288,455.111,0.018432,630.154,0.053248,771.012,0.17408,815.378,0.658432,812.535,2.64294,809.242,10.6148,
0.0113636,0.011264,0.0454545,0.011264,0.181818,0.011264,0.8,0.01024,2.90909,0.011264,10.6667,0.012288,42.6667,0.012288,157.538,0.013312,431.158,0.019456,630.154,0.053248,784.862,0.171008,816.648,0.657408,812.22,2.64397,809.086,10.6168,
0.0113636,0.011264,0.0416667,0.012288,0.2,0.01024,0.727273,0.011264,2.90909,0.011264,10.6667,0.012288,42.6667,0.012288,157.538,0.013312,431.158,0.019456,618.264,0.054272,775.574,0.173056,819.2,0.65536,812.85,2.64192,809.399,10.6127,
0.0113636,0.011264,0.05,0.01024,0.181818,0.011264,0.727273,0.011264,2.90909,0.011264,10.6667,0.012288,42.6667,0.012288,157.538,0.013312,431.158,0.019456,630.154,0.053248,784.862,0.171008,816.648,0.657408,812.535,2.64294,809.477,10.6117,
0.0125,0.01024,0.0454545,0.011264,0.181818,0.011264,0.444444,0.018432,2.90909,0.011264,10.6667,0.012288,42.6667,0.012288,157.538,0.013312,431.158,0.019456,618.264,0.054272,784.862,0.171008,817.922,0.656384,813.796,2.63885,808.93,10.6189,
0.0104167,0.012288,0.0416667,0.012288,0.166667,0.012288,0.727273,0.011264,2.90909,0.011264,10.6667,0.012288,46.5455,0.011264,157.538,0.013312,431.158,0.019456,630.154,0.053248,780.19,0.172032,819.2,0.65536,813.165,2.6409,809.399,10.6127,
0.0113636,0.011264,0.0454545,0.011264,0.181818,0.011264,0.727273,0.011264,2.90909,0.011264,11.6364,0.011264,46.5455,0.011264,146.286,0.014336,431.158,0.019456,630.154,0.053248,784.862,0.171008,823.058,0.652288,812.85,2.64192,809.164,10.6158,
0.0113636,0.011264,0.05,0.01024,0.181818,0.011264,0.8,0.01024,0.603774,0.054272,10.6667,0.012288,46.5455,0.011264,157.538,0.013312,431.158,0.019456,618.264,0.054272,780.19,0.172032,814.112,0.659456,811.906,2.64499,809.633,10.6097,
0.0113636,0.011264,0.0454545,0.011264,0.181818,0.011264,0.727273,0.011264,2.66667,0.012288,10.6667,0.012288,42.6667,0.012288,157.538,0.013312,431.158,0.019456,630.154,0.053248,780.19,0.172032,811.591,0.661504,813.48,2.63987,809.164,10.6158,
0.0113636,0.011264,0.0454545,0.011264,0.181818,0.011264,0.8,0.01024,2.90909,0.011264,10.6667,0.012288,42.6667,0.012288,157.538,0.013312,431.158,0.019456,642.51,0.052224,784.862,0.171008,811.591,0.661504,812.85,2.64192,809.164,10.6158,
0.0113636,0.011264,0.0454545,0.011264,0.166667,0.012288,0.727273,0.011264,2.90909,0.011264,10.6667,0.012288,42.6667,0.012288,157.538,0.013312,431.158,0.019456,618.264,0.054272,784.862,0.171008,811.591,0.661504,812.85,2.64192,809.633,10.6097,
0.0113636,0.011264,0.05,0.01024,0.181818,0.011264,0.727273,0.011264,2.90909,0.011264,10.6667,0.012288,46.5455,0.011264,157.538,0.013312,409.6,0.02048,618.264,0.054272,789.59,0.169984,812.85,0.66048,812.85,2.64192,809.633,10.6097,
0.0125,0.01024,0.0454545,0.011264,0.181818,0.011264,0.727273,0.011264,2.90909,0.011264,11.6364,0.011264,42.6667,0.012288,157.538,0.013312,431.158,0.019456,630.154,0.053248,775.574,0.173056,816.648,0.657408,813.165,2.6409,809.633,10.6097,
0.0113636,0.011264,0.0454545,0.011264,0.166667,0.012288,0.727273,0.011264,2.66667,0.012288,11.6364,0.011264,42.6667,0.012288,157.538,0.013312,455.111,0.018432,618.264,0.054272,789.59,0.169984,815.378,0.658432,810.964,2.64806,809.477,10.6117,
0.0113636,0.011264,0.0416667,0.012288,0.166667,0.012288,0.727273,0.011264,2.66667,0.012288,10.6667,0.012288,42.6667,0.012288,146.286,0.014336,431.158,0.019456,630.154,0.053248,780.19,0.172032,812.85,0.66048,812.535,2.64294,809.555,10.6107,
0.0113636,0.011264,0.0454545,0.011264,0.181818,0.011264,0.727273,0.011264,2.66667,0.012288,11.6364,0.011264,46.5455,0.011264,157.538,0.013312,431.158,0.019456,630.154,0.053248,784.862,0.171008,802.891,0.668672,812.535,2.64294,809.242,10.6148,
0.0104167,0.012288,0.0454545,0.011264,0.181818,0.011264,0.727273,0.011264,2.66667,0.012288,11.6364,0.011264,42.6667,0.012288,157.538,0.013312,431.158,0.019456,630.154,0.053248,780.19,0.172032,811.591,0.661504,812.535,2.64294,809.789,10.6076,
0.0104167,0.012288,0.0454545,0.011264,0.181818,0.011264,0.727273,0.011264,2.66667,0.012288,10.6667,0.012288,42.6667,0.012288,157.538,0.013312,431.158,0.019456,618.264,0.054272,784.862,0.171008,810.337,0.662528,812.85,2.64192,809.868,10.6066,
0.0113636,0.011264,0.0416667,0.012288,0.2,0.01024,0.666667,0.012288,2.90909,0.011264,10.6667,0.012288,42.6667,0.012288,157.538,0.013312,431.158,0.019456,630.154,0.053248,789.59,0.169984,814.112,0.659456,813.165,2.6409,809.242,10.6148,
0.0104167,0.012288,0.0454545,0.011264,0.181818,0.011264,0.727273,0.011264,2.90909,0.011264,10.6667,0.012288,42.6667,0.012288,157.538,0.013312,431.158,0.019456,642.51,0.052224,780.19,0.172032,816.648,0.657408,812.85,2.64192,809.399,10.6127,
0.0113636,0.011264,0.0454545,0.011264,0.181818,0.011264,0.727273,0.011264,2.66667,0.012288,10.6667,0.012288,42.6667,0.012288,146.286,0.014336,431.158,0.019456,606.815,0.055296,757.642,0.177152,815.378,0.658432,812.22,2.64397,809.242,10.6148,
0.0104167,0.012288,0.05,0.01024,0.181818,0.011264,0.727273,0.011264,2.90909,0.011264,10.6667,0.012288,42.6667,0.012288,157.538,0.013312,431.158,0.019456,642.51,0.052224,780.19,0.172032,814.112,0.659456,812.22,2.64397,809.711,10.6086,
0.0113636,0.011264,0.0454545,0.011264,0.181818,0.011264,0.727273,0.011264,2.90909,0.011264,11.6364,0.011264,42.6667,0.012288,170.667,0.012288,431.158,0.019456,630.154,0.053248,784.862,0.171008,810.337,0.662528,812.85,2.64192,809.789,10.6076,
0.0113636,0.011264,0.0454545,0.011264,0.181818,0.011264,0.8,0.01024,2.66667,0.012288,10.6667,0.012288,42.6667,0.012288,157.538,0.013312,431.158,0.019456,630.154,0.053248,780.19,0.172032,812.85,0.66048,813.796,2.63885,809.477,10.6117,
0.0125,0.01024,0.0454545,0.011264,0.181818,0.011264,0.727273,0.011264,2.66667,0.012288,10.6667,0.012288,36.5714,0.014336,146.286,0.014336,431.158,0.019456,630.154,0.053248,789.59,0.169984,810.337,0.662528,812.85,2.64192,809.946,10.6056,
0.00961538,0.013312,0.0454545,0.011264,0.166667,0.012288,0.727273,0.011264,2.90909,0.011264,10.6667,0.012288,42.6667,0.012288,157.538,0.013312,431.158,0.019456,618.264,0.054272,784.862,0.171008,812.85,0.66048,812.85,2.64192,809.477,10.6117,
0.0113636,0.011264,0.0454545,0.011264,0.181818,0.011264,0.666667,0.012288,2.90909,0.011264,11.6364,0.011264,42.6667,0.012288,157.538,0.013312,431.158,0.019456,642.51,0.052224,784.862,0.171008,812.85,0.66048,813.165,2.6409,809.789,10.6076,
0.0113636,0.011264,0.0333333,0.01536,0.181818,0.011264,0.727273,0.011264,2.90909,0.011264,11.6364,0.011264,42.6667,0.012288,157.538,0.013312,431.158,0.019456,630.154,0.053248,789.59,0.169984,817.922,0.656384,811.906,2.64499,809.399,10.6127,
0.0113636,0.011264,0.0454545,0.011264,0.2,0.01024,0.727273,0.011264,2.90909,0.011264,11.6364,0.011264,42.6667,0.012288,157.538,0.013312,455.111,0.018432,642.51,0.052224,780.19,0.172032,812.85,0.66048,812.22,2.64397,809.321,10.6138,
0.0104167,0.012288,0.0454545,0.011264,0.181818,0.011264,0.8,0.01024,2.66667,0.012288,10.6667,0.012288,42.6667,0.012288,146.286,0.014336,455.111,0.018432,630.154,0.053248,784.862,0.171008,809.086,0.663552,813.48,2.63987,809.555,10.6107,
0.0113636,0.011264,0.0454545,0.011264,0.181818,0.011264,0.727273,0.011264,2.66667,0.012288,10.6667,0.012288,42.6667,0.012288,157.538,0.013312,431.158,0.019456,630.154,0.053248,780.19,0.172032,811.591,0.661504,813.165,2.6409,809.477,10.6117,
0.0104167,0.012288,0.0454545,0.011264,0.166667,0.012288,0.727273,0.011264,2.66667,0.012288,11.6364,0.011264,46.5455,0.011264,157.538,0.013312,409.6,0.02048,630.154,0.053248,784.862,0.171008,810.337,0.662528,812.535,2.64294,809.399,10.6127,
0.0104167,0.012288,0.0454545,0.011264,0.166667,0.012288,0.666667,0.012288,2.66667,0.012288,11.6364,0.011264,42.6667,0.012288,170.667,0.012288,455.111,0.018432,618.264,0.054272,789.59,0.169984,812.85,0.66048,812.85,2.64192,809.633,10.6097,
0.0104167,0.012288,0.0454545,0.011264,0.181818,0.011264,0.727273,0.011264,2.90909,0.011264,11.6364,0.011264,46.5455,0.011264,136.533,0.01536,431.158,0.019456,642.51,0.052224,784.862,0.171008,815.378,0.658432,812.85,2.64192,809.555,10.6107,
0.0104167,0.012288,0.0454545,0.011264,0.181818,0.011264,0.727273,0.011264,2.90909,0.011264,11.6364,0.011264,42.6667,0.012288,157.538,0.013312,431.158,0.019456,642.51,0.052224,780.19,0.172032,816.648,0.657408,812.22,2.64397,809.868,10.6066,
0.0113636,0.011264,0.0454545,0.011264,0.181818,0.011264,0.666667,0.012288,2.90909,0.011264,2.78261,0.047104,42.6667,0.012288,146.286,0.014336,431.158,0.019456,642.51,0.052224,784.862,0.171008,812.85,0.66048,812.85,2.64192,809.477,10.6117,
0.0113636,0.011264,0.0454545,0.011264,0.181818,0.011264,0.666667,0.012288,2.66667,0.012288,9.84615,0.013312,39.3846,0.013312,157.538,0.013312,455.111,0.018432,642.51,0.052224,784.862,0.171008,812.85,0.66048,802.584,2.67571,809.946,10.6056,
0.0104167,0.012288,0.0454545,0.011264,0.181818,0.011264,0.666667,0.012288,2.90909,0.011264,11.6364,0.011264,42.6667,0.012288,157.538,0.013312,431.158,0.019456,642.51,0.052224,780.19,0.172032,814.112,0.659456,812.535,2.64294,809.477,10.6117,
0.0104167,0.012288,0.0454545,0.011264,0.181818,0.011264,0.727273,0.011264,2.90909,0.011264,11.6364,0.011264,39.3846,0.013312,146.286,0.014336,455.111,0.018432,630.154,0.053248,780.19,0.172032,810.337,0.662528,812.85,2.64192,809.633,10.6097,
0.0113636,0.011264,0.0454545,0.011264,0.133333,0.01536,0.727273,0.011264,2.66667,0.012288,10.6667,0.012288,42.6667,0.012288,157.538,0.013312,431.158,0.019456,655.36,0.0512,780.19,0.172032,810.337,0.662528,812.535,2.64294,809.086,10.6168,
0.0113636,0.011264,0.0454545,0.011264,0.181818,0.011264,0.727273,0.011264,2.90909,0.011264,11.6364,0.011264,42.6667,0.012288,157.538,0.013312,431.158,0.019456,642.51,0.052224,789.59,0.169984,816.648,0.657408,812.85,2.64192,809.633,10.6097,
0.0104167,0.012288,0.0454545,0.011264,0.2,0.01024,0.8,0.01024,2.66667,0.012288,11.6364,0.011264,42.6667,0.012288,157.538,0.013312,455.111,0.018432,655.36,0.0512,780.19,0.172032,816.648,0.657408,813.165,2.6409,809.321,10.6138,
0.0113636,0.011264,0.0454545,0.011264,0.181818,0.011264,0.727273,0.011264,2.66667,0.012288,10.6667,0.012288,42.6667,0.012288,157.538,0.013312,431.158,0.019456,242.726,0.13824,789.59,0.169984,812.85,0.66048,813.796,2.63885,809.086,10.6168,
0.0104167,0.012288,0.0454545,0.011264,0.166667,0.012288,0.727273,0.011264,2.90909,0.011264,11.6364,0.011264,42.6667,0.012288,157.538,0.013312,455.111,0.018432,655.36,0.0512,784.862,0.171008,810.337,0.662528,811.906,2.64499,809.711,10.6086,
0.0125,0.01024,0.0454545,0.011264,0.181818,0.011264,0.666667,0.012288,2.66667,0.012288,11.6364,0.011264,42.6667,0.012288,157.538,0.013312,431.158,0.019456,668.735,0.050176,784.862,0.171008,811.591,0.661504,813.165,2.6409,809.633,10.6097,
0.0113636,0.011264,0.0454545,0.011264,0.181818,0.011264,0.727273,0.011264,2.90909,0.011264,11.6364,0.011264,46.5455,0.011264,157.538,0.013312,409.6,0.02048,655.36,0.0512,780.19,0.172032,810.337,0.662528,812.535,2.64294,809.711,10.6086,
0.0104167,0.012288,0.0454545,0.011264,0.181818,0.011264,0.727273,0.011264,2.90909,0.011264,10.6667,0.012288,42.6667,0.012288,157.538,0.013312,431.158,0.019456,655.36,0.0512,784.862,0.171008,814.112,0.659456,813.48,2.63987,809.321,10.6138,
0.0113636,0.011264,0.0454545,0.011264,0.181818,0.011264,0.727273,0.011264,2.66667,0.012288,10.6667,0.012288,39.3846,0.013312,157.538,0.013312,431.158,0.019456,655.36,0.0512,784.862,0.171008,817.922,0.656384,814.112,2.63782,809.008,10.6179,
0.0113636,0.011264,0.0454545,0.011264,0.181818,0.011264,0.727273,0.011264,2.66667,0.012288,11.6364,0.011264,42.6667,0.012288,157.538,0.013312,431.158,0.019456,668.735,0.050176,784.862,0.171008,816.648,0.657408,813.48,2.63987,808.93,10.6189,
0.0104167,0.012288,0.05,0.01024,0.181818,0.011264,0.727273,0.011264,2.90909,0.011264,10.6667,0.012288,39.3846,0.013312,157.538,0.013312,431.158,0.019456,630.154,0.053248,784.862,0.171008,812.85,0.66048,812.22,2.64397,809.477,10.6117,
0.0113636,0.011264,0.0454545,0.011264,0.2,0.01024,0.727273,0.011264,2.66667,0.012288,11.6364,0.011264,39.3846,0.013312,146.286,0.014336,431.158,0.019456,642.51,0.052224,784.862,0.171008,812.85,0.66048,812.22,2.64397,809.555,10.6107,
0.0104167,0.012288,0.05,0.01024,0.181818,0.011264,0.727273,0.011264,2.90909,0.011264,11.6364,0.011264,42.6667,0.012288,157.538,0.013312,409.6,0.02048,630.154,0.053248,784.862,0.171008,809.086,0.663552,812.85,2.64192,809.789,10.6076,
0.0113636,0.011264,0.0454545,0.011264,0.181818,0.011264,0.727273,0.011264,2.90909,0.011264,10.6667,0.012288,46.5455,0.011264,157.538,0.013312,455.111,0.018432,630.154,0.053248,784.862,0.171008,809.086,0.663552,812.535,2.64294,810.494,10.5984,
0.0113636,0.011264,0.0454545,0.011264,0.181818,0.011264,0.727273,0.011264,2.90909,0.011264,10.6667,0.012288,42.6667,0.012288,157.538,0.013312,455.111,0.018432,642.51,0.052224,780.19,0.172032,815.378,0.658432,813.48,2.63987,810.494,10.5984,
0.0113636,0.011264,0.0454545,0.011264,0.181818,0.011264,0.727273,0.011264,2.66667,0.012288,10.6667,0.012288,42.6667,0.012288,146.286,0.014336,431.158,0.019456,630.154,0.053248,784.862,0.171008,816.648,0.657408,815.061,2.63475,811.12,10.5902,
0.0113636,0.011264,0.0454545,0.011264,0.181818,0.011264,0.727273,0.011264,2.90909,0.011264,10.6667,0.012288,42.6667,0.012288,146.286,0.014336,431.158,0.019456,642.51,0.052224,784.862,0.171008,814.112,0.659456,813.48,2.63987,811.434,10.5861,
0.0113636,0.011264,0.0454545,0.011264,0.2,0.01024,0.666667,0.012288,2.90909,0.011264,10.6667,0.012288,46.5455,0.011264,157.538,0.013312,431.158,0.019456,630.154,0.053248,780.19,0.172032,814.112,0.659456,811.591,2.64602,811.12,10.5902,
0.0113636,0.011264,0.0454545,0.011264,0.181818,0.011264,0.727273,0.011264,2.90909,0.011264,11.6364,0.011264,42.6667,0.012288,157.538,0.013312,409.6,0.02048,642.51,0.052224,784.862,0.171008,811.591,0.661504,814.428,2.6368,811.513,10.5851,
0.0125,0.01024,0.0454545,0.011264,0.181818,0.011264,0.727273,0.011264,2.90909,0.011264,10.6667,0.012288,46.5455,0.011264,157.538,0.013312,409.6,0.02048,642.51,0.052224,784.862,0.171008,811.591,0.661504,814.744,2.63578,811.513,10.5851,
0.0104167,0.012288,0.0454545,0.011264,0.181818,0.011264,0.727273,0.011264,2.46154,0.013312,10.6667,0.012288,46.5455,0.011264,146.286,0.014336,455.111,0.018432,655.36,0.0512,753.287,0.178176,809.086,0.663552,814.428,2.6368,811.513,10.5851,
0.0104167,0.012288,0.0454545,0.011264,0.181818,0.011264,0.727273,0.011264,2.66667,0.012288,10.6667,0.012288,46.5455,0.011264,157.538,0.013312,431.158,0.019456,630.154,0.053248,780.19,0.172032,814.112,0.659456,815.061,2.63475,811.356,10.5871,
0.0113636,0.011264,0.0454545,0.011264,0.181818,0.011264,0.727273,0.011264,2.90909,0.011264,10.6667,0.012288,42.6667,0.012288,157.538,0.013312,431.158,0.019456,642.51,0.052224,780.19,0.172032,817.922,0.656384,814.428,2.6368,811.513,10.5851,
0.0113636,0.011264,0.0454545,0.011264,0.181818,0.011264,0.727273,0.011264,2.90909,0.011264,10.6667,0.012288,39.3846,0.013312,146.286,0.014336,431.158,0.019456,630.154,0.053248,789.59,0.169984,816.648,0.657408,814.744,2.63578,810.729,10.5953,
0.0113636,0.011264,0.0454545,0.011264,0.181818,0.011264,0.727273,0.011264,2.66667,0.012288,10.6667,0.012288,46.5455,0.011264,157.538,0.013312,431.158,0.019456,642.51,0.052224,780.19,0.172032,812.85,0.66048,814.428,2.6368,810.65,10.5964,
0.0113636,0.011264,0.0454545,0.011264,0.2,0.01024,0.666667,0.012288,2.66667,0.012288,10.6667,0.012288,42.6667,0.012288,157.538,0.013312,431.158,0.019456,642.51,0.052224,780.19,0.172032,811.591,0.661504,814.428,2.6368,810.885,10.5933,
0.0104167,0.012288,0.0454545,0.011264,0.181818,0.011264,0.727273,0.011264,2.66667,0.012288,10.6667,0.012288,42.6667,0.012288,157.538,0.013312,431.158,0.019456,642.51,0.052224,784.862,0.171008,811.591,0.661504,814.112,2.63782,810.572,10.5974,
0.0113636,0.011264,0.0416667,0.012288,0.181818,0.011264,0.666667,0.012288,2.66667,0.012288,10.6667,0.012288,46.5455,0.011264,157.538,0.013312,431.158,0.019456,655.36,0.0512,780.19,0.172032,811.591,0.661504,813.48,2.63987,810.18,10.6025,
0.0104167,0.012288,0.0454545,0.011264,0.181818,0.011264,0.727273,0.011264,2.90909,0.011264,10.6667,0.012288,42.6667,0.012288,157.538,0.013312,431.158,0.019456,642.51,0.052224,784.862,0.171008,811.591,0.661504,813.48,2.63987,809.868,10.6066,
0.0113636,0.011264,0.0454545,0.011264,0.181818,0.011264,0.727273,0.011264,2.66667,0.012288,10.6667,0.012288,46.5455,0.011264,170.667,0.012288,455.111,0.018432,630.154,0.053248,784.862,0.171008,816.648,0.657408,812.85,2.64192,809.711,10.6086,
0.0104167,0.012288,0.0454545,0.011264,0.181818,0.011264,0.8,0.01024,2.66667,0.012288,11.6364,0.011264,42.6667,0.012288,146.286,0.014336,455.111,0.018432,655.36,0.0512,784.862,0.171008,816.648,0.657408,812.535,2.64294,809.711,10.6086,
0.0113636,0.011264,0.0416667,0.012288,0.2,0.01024,0.727273,0.011264,2.90909,0.011264,11.6364,0.011264,42.6667,0.012288,146.286,0.014336,431.158,0.019456,642.51,0.052224,784.862,0.171008,812.85,0.66048,814.744,2.63578,809.789,10.6076,
0.0113636,0.011264,0.0454545,0.011264,0.181818,0.011264,0.727273,0.011264,2.66667,0.012288,10.6667,0.012288,46.5455,0.011264,157.538,0.013312,455.111,0.018432,642.51,0.052224,784.862,0.171008,810.337,0.662528,814.744,2.63578,810.102,10.6035,
0.0104167,0.012288,0.0416667,0.012288,0.166667,0.012288,0.666667,0.012288,2.46154,0.013312,10.6667,0.012288,42.6667,0.012288,157.538,0.013312,431.158,0.019456,642.51,0.052224,766.503,0.175104,811.591,0.661504,811.591,2.64602,809.008,10.6179,
0.0113636,0.011264,0.05,0.01024,0.181818,0.011264,0.727273,0.011264,2.66667,0.012288,10.6667,0.012288,42.6667,0.012288,146.286,0.014336,431.158,0.019456,630.154,0.053248,771.012,0.17408,814.112,0.659456,812.535,2.64294,808.852,10.6199,
0.0125,0.01024,0.0454545,0.011264,0.181818,0.011264,0.727273,0.011264,2.66667,0.012288,11.6364,0.011264,42.6667,0.012288,157.538,0.013312,455.111,0.018432,642.51,0.052224,780.19,0.172032,816.648,0.657408,812.535,2.64294,808.385,10.626,
0.0113636,0.011264,0.0454545,0.011264,0.181818,0.011264,0.727273,0.011264,2.66667,0.012288,11.6364,0.011264,42.6667,0.012288,157.538,0.013312,390.095,0.021504,642.51,0.052224,775.574,0.173056,816.648,0.657408,813.796,2.63885,809.086,10.6168,
0.0113636,0.011264,0.0454545,0.011264,0.181818,0.011264,0.727273,0.011264,2.66667,0.012288,10.6667,0.012288,46.5455,0.011264,157.538,0.013312,431.158,0.019456,630.154,0.053248,784.862,0.171008,815.378,0.658432,812.85,2.64192,809.477,10.6117,
0.0113636,0.011264,0.0454545,0.011264,0.181818,0.011264,0.727273,0.011264,2.66667,0.012288,10.6667,0.012288,42.6667,0.012288,157.538,0.013312,431.158,0.019456,642.51,0.052224,784.862,0.171008,817.922,0.656384,812.535,2.64294,808.774,10.6209,
0.0113636,0.011264,0.0454545,0.011264,0.181818,0.011264,0.666667,0.012288,2.66667,0.012288,9.84615,0.013312,42.6667,0.012288,146.286,0.014336,431.158,0.019456,642.51,0.052224,775.574,0.173056,814.112,0.659456,812.85,2.64192,809.477,10.6117,
0.0113636,0.011264,0.0454545,0.011264,0.181818,0.011264,0.727273,0.011264,2.66667,0.012288,11.6364,0.011264,42.6667,0.012288,146.286,0.014336,455.111,0.018432,642.51,0.052224,780.19,0.172032,816.648,0.657408,812.535,2.64294,809.477,10.6117,
0.0125,0.01024,0.0454545,0.011264,0.2,0.01024,0.727273,0.011264,2.90909,0.011264,11.6364,0.011264,46.5455,0.011264,157.538,0.013312,409.6,0.02048,630.154,0.053248,775.574,0.173056,815.378,0.658432,813.165,2.6409,808.93,10.6189,
0.00694444,0.018432,0.0454545,0.011264,0.181818,0.011264,0.727273,0.011264,2.90909,0.011264,11.6364,0.011264,42.6667,0.012288,157.538,0.013312,431.158,0.019456,618.264,0.054272,789.59,0.169984,816.648,0.657408,814.112,2.63782,808.93,10.6189,
0.0113636,0.011264,0.0454545,0.011264,0.181818,0.011264,0.666667,0.012288,2.66667,0.012288,11.6364,0.011264,42.6667,0.012288,146.286,0.014336,409.6,0.02048,642.51,0.052224,780.19,0.172032,815.378,0.658432,813.165,2.6409,808.852,10.6199,
0.0113636,0.011264,0.05,0.01024,0.166667,0.012288,0.727273,0.011264,2.90909,0.011264,10.6667,0.012288,46.5455,0.011264,146.286,0.014336,431.158,0.019456,642.51,0.052224,780.19,0.172032,814.112,0.659456,812.535,2.64294,809.086,10.6168,
0.0125,0.01024,0.0454545,0.011264,0.166667,0.012288,0.727273,0.011264,2.46154,0.013312,10.6667,0.012288,42.6667,0.012288,157.538,0.013312,390.095,0.021504,606.815,0.055296,780.19,0.172032,815.378,0.658432,812.85,2.64192,809.086,10.6168,
0.0113636,0.011264,0.05,0.01024,0.166667,0.012288,0.727273,0.011264,2.66667,0.012288,10.6667,0.012288,42.6667,0.012288,157.538,0.013312,431.158,0.019456,630.154,0.053248,784.862,0.171008,819.2,0.65536,812.535,2.64294,809.164,10.6158,
0.0113636,0.011264,0.0454545,0.011264,0.181818,0.011264,0.727273,0.011264,2.66667,0.012288,11.6364,0.011264,42.6667,0.012288,146.286,0.014336,455.111,0.018432,618.264,0.054272,775.574,0.173056,820.482,0.654336,813.165,2.6409,808.93,10.6189,
0.0113636,0.011264,0.0454545,0.011264,0.166667,0.012288,0.727273,0.011264,2.90909,0.011264,10.6667,0.012288,42.6667,0.012288,146.286,0.014336,431.158,0.019456,630.154,0.053248,775.574,0.173056,823.058,0.652288,813.48,2.63987,808.93,10.6189,
0.0113636,0.011264,0.0454545,0.011264,0.181818,0.011264,0.727273,0.011264,2.66667,0.012288,10.6667,0.012288,46.5455,0.011264,157.538,0.013312,431.158,0.019456,642.51,0.052224,780.19,0.172032,819.2,0.65536,813.48,2.63987,808.93,10.6189,
0.0113636,0.011264,0.0454545,0.011264,0.166667,0.012288,0.727273,0.011264,2.90909,0.011264,10.6667,0.012288,42.6667,0.012288,157.538,0.013312,431.158,0.019456,630.154,0.053248,784.862,0.171008,824.352,0.651264,812.85,2.64192,809.555,10.6107,
0.0125,0.01024,0.0454545,0.011264,0.166667,0.012288,0.666667,0.012288,2.66667,0.012288,11.6364,0.011264,42.6667,0.012288,157.538,0.013312,431.158,0.019456,642.51,0.052224,775.574,0.173056,816.648,0.657408,812.535,2.64294,808.774,10.6209,
0.0113636,0.011264,0.0454545,0.011264,0.166667,0.012288,0.666667,0.012288,2.66667,0.012288,11.6364,0.011264,46.5455,0.011264,157.538,0.013312,431.158,0.019456,655.36,0.0512,780.19,0.172032,816.648,0.657408,811.906,2.64499,809.321,10.6138,
0.0113636,0.011264,0.0416667,0.012288,0.181818,0.011264,0.727273,0.011264,2.90909,0.011264,11.6364,0.011264,42.6667,0.012288,157.538,0.013312,409.6,0.02048,642.51,0.052224,784.862,0.171008,815.378,0.658432,812.85,2.64192,809.086,10.6168,
0.0113636,0.011264,0.0454545,0.011264,0.181818,0.011264,0.727273,0.011264,2.66667,0.012288,11.6364,0.011264,42.6667,0.012288,120.471,0.017408,431.158,0.019456,630.154,0.053248,784.862,0.171008,815.378,0.658432,813.165,2.6409,808.93,10.6189,
0.0125,0.01024,0.0454545,0.011264,0.181818,0.011264,0.666667,0.012288,2.90909,0.011264,11.6364,0.011264,39.3846,0.013312,146.286,0.014336,455.111,0.018432,655.36,0.0512,784.862,0.171008,812.85,0.66048,813.48,2.63987,808.93,10.6189,
0.0113636,0.011264,0.0454545,0.011264,0.166667,0.012288,0.727273,0.011264,1.68421,0.019456,10.6667,0.012288,42.6667,0.012288,157.538,0.013312,431.158,0.019456,630.154,0.053248,784.862,0.171008,816.648,0.657408,812.535,2.64294,809.164,10.6158,
0.0113636,0.011264,0.0454545,0.011264,0.181818,0.011264,0.727273,0.011264,2.66667,0.012288,11.6364,0.011264,42.6667,0.012288,146.286,0.014336,431.158,0.019456,655.36,0.0512,775.574,0.173056,812.85,0.66048,812.85,2.64192,808.463,10.625,
0.0104167,0.012288,0.0454545,0.011264,0.181818,0.011264,0.727273,0.011264,2.66667,0.012288,11.6364,0.011264,42.6667,0.012288,146.286,0.014336,409.6,0.02048,642.51,0.052224,784.862,0.171008,815.378,0.658432,812.22,2.64397,808.618,10.623,
0.0125,0.01024,0.0416667,0.012288,0.181818,0.011264,0.727273,0.011264,2.90909,0.011264,11.6364,0.011264,42.6667,0.012288,157.538,0.013312,431.158,0.019456,642.51,0.052224,780.19,0.172032,816.648,0.657408,811.591,2.64602,809.242,10.6148,
0.0113636,0.011264,0.0454545,0.011264,0.181818,0.011264,0.727273,0.011264,2.90909,0.011264,10.6667,0.012288,46.5455,0.011264,157.538,0.013312,431.158,0.019456,642.51,0.052224,794.376,0.16896,815.378,0.658432,813.796,2.63885,808.774,10.6209,
0.0125,0.01024,0.0454545,0.011264,0.181818,0.011264,0.666667,0.012288,2.66667,0.012288,11.6364,0.011264,42.6667,0.012288,157.538,0.013312,409.6,0.02048,630.154,0.053248,780.19,0.172032,815.378,0.658432,812.85,2.64192,809.008,10.6179,
0.0113636,0.011264,0.0454545,0.011264,0.166667,0.012288,0.8,0.01024,2.90909,0.011264,11.6364,0.011264,42.6667,0.012288,157.538,0.013312,431.158,0.019456,630.154,0.053248,780.19,0.172032,815.378,0.658432,812.22,2.64397,809.008,10.6179,
0.0113636,0.011264,0.0416667,0.012288,0.166667,0.012288,0.727273,0.011264,2.90909,0.011264,10.6667,0.012288,42.6667,0.012288,157.538,0.013312,431.158,0.019456,630.154,0.053248,784.862,0.171008,815.378,0.658432,812.85,2.64192,809.242,10.6148,
0.0113636,0.011264,0.0454545,0.011264,0.181818,0.011264,0.727273,0.011264,2.90909,0.011264,10.6667,0.012288,46.5455,0.011264,157.538,0.013312,431.158,0.019456,642.51,0.052224,780.19,0.172032,817.922,0.656384,812.22,2.64397,809.086,10.6168,
0.0125,0.01024,0.0416667,0.012288,0.181818,0.011264,0.666667,0.012288,2.90909,0.011264,10.6667,0.012288,42.6667,0.012288,157.538,0.013312,431.158,0.019456,630.154,0.053248,784.862,0.171008,816.648,0.657408,812.535,2.64294,808.852,10.6199,
0.0113636,0.011264,0.0454545,0.011264,0.166667,0.012288,0.666667,0.012288,2.90909,0.011264,10.6667,0.012288,46.5455,0.011264,157.538,0.013312,431.158,0.019456,642.51,0.052224,775.574,0.173056,814.112,0.659456,812.22,2.64397,809.008,10.6179,
0.0113636,0.011264,0.0454545,0.011264,0.181818,0.011264,0.666667,0.012288,2.66667,0.012288,11.6364,0.011264,42.6667,0.012288,146.286,0.014336,431.158,0.019456,642.51,0.052224,794.376,0.16896,815.378,0.658432,812.85,2.64192,808.93,10.6189,
0.0113636,0.011264,0.0454545,0.011264,0.166667,0.012288,0.727273,0.011264,2.66667,0.012288,10.6667,0.012288,42.6667,0.012288,157.538,0.013312,431.158,0.019456,655.36,0.0512,780.19,0.172032,815.378,0.658432,812.85,2.64192,809.164,10.6158,
0.0113636,0.011264,0.0454545,0.011264,0.181818,0.011264,0.666667,0.012288,2.90909,0.011264,11.6364,0.011264,42.6667,0.012288,146.286,0.014336,431.158,0.019456,642.51,0.052224,789.59,0.169984,821.768,0.653312,812.85,2.64192,808.93,10.6189,
0.0104167,0.012288,0.0454545,0.011264,0.181818,0.011264,0.727273,0.011264,2.66667,0.012288,10.6667,0.012288,42.6667,0.012288,157.538,0.013312,431.158,0.019456,256,0.131072,775.574,0.173056,820.482,0.654336,812.535,2.64294,809.477,10.6117,
0.0113636,0.011264,0.0416667,0.012288,0.181818,0.011264,0.666667,0.012288,2.90909,0.011264,10.6667,0.012288,42.6667,0.012288,146.286,0.014336,431.158,0.019456,655.36,0.0512,780.19,0.172032,823.058,0.652288,812.535,2.64294,808.93,10.6189,
0.0104167,0.012288,0.0454545,0.011264,0.181818,0.011264,0.727273,0.011264,2.90909,0.011264,10.6667,0.012288,42.6667,0.012288,146.286,0.014336,431.158,0.019456,655.36,0.0512,784.862,0.171008,821.768,0.653312,812.535,2.64294,809.164,10.6158,
0.0113636,0.011264,0.0416667,0.012288,0.181818,0.011264,0.727273,0.011264,2.90909,0.011264,11.6364,0.011264,42.6667,0.012288,146.286,0.014336,431.158,0.019456,655.36,0.0512,780.19,0.172032,824.352,0.651264,813.165,2.6409,808.774,10.6209,
0.0104167,0.012288,0.0454545,0.011264,0.181818,0.011264,0.727273,0.011264,2.90909,0.011264,10.6667,0.012288,46.5455,0.011264,146.286,0.014336,431.158,0.019456,655.36,0.0512,775.574,0.173056,823.058,0.652288,812.85,2.64192,808.93,10.6189,
0.0125,0.01024,0.0454545,0.011264,0.181818,0.011264,0.727273,0.011264,2.90909,0.011264,11.6364,0.011264,42.6667,0.012288,146.286,0.014336,409.6,0.02048,630.154,0.053248,780.19,0.172032,816.648,0.657408,812.22,2.64397,809.008,10.6179,
0.0113636,0.011264,0.05,0.01024,0.181818,0.011264,0.666667,0.012288,2.66667,0.012288,11.6364,0.011264,42.6667,0.012288,146.286,0.014336,409.6,0.02048,655.36,0.0512,775.574,0.173056,814.112,0.659456,812.535,2.64294,809.086,10.6168,
0.0125,0.01024,0.0454545,0.011264,0.181818,0.011264,0.666667,0.012288,2.66667,0.012288,11.6364,0.011264,39.3846,0.013312,157.538,0.013312,431.158,0.019456,655.36,0.0512,775.574,0.173056,814.112,0.659456,812.535,2.64294,808.463,10.625,
0.0113636,0.011264,0.0454545,0.011264,0.166667,0.012288,0.727273,0.011264,2.90909,0.011264,10.6667,0.012288,39.3846,0.013312,157.538,0.013312,431.158,0.019456,642.51,0.052224,780.19,0.172032,815.378,0.658432,812.535,2.64294,809.086,10.6168,
0.0125,0.01024,0.0416667,0.012288,0.181818,0.011264,0.727273,0.011264,2.90909,0.011264,10.6667,0.012288,42.6667,0.012288,157.538,0.013312,431.158,0.019456,630.154,0.053248,784.862,0.171008,815.378,0.658432,813.165,2.6409,808.852,10.6199,
0.0113636,0.011264,0.0454545,0.011264,0.181818,0.011264,0.727273,0.011264,2.66667,0.012288,10.6667,0.012288,42.6667,0.012288,146.286,0.014336,431.158,0.019456,630.154,0.053248,780.19,0.172032,815.378,0.658432,813.165,2.6409,809.321,10.6138,
0.0113636,0.011264,0.0454545,0.011264,0.181818,0.011264,0.666667,0.012288,2.66667,0.012288,11.6364,0.011264,42.6667,0.012288,146.286,0.014336,431.158,0.019456,642.51,0.052224,784.862,0.171008,816.648,0.657408,812.535,2.64294,808.93,10.6189,
0.0113636,0.011264,0.0454545,0.011264,0.181818,0.011264,0.727273,0.011264,2.90909,0.011264,10.6667,0.012288,42.6667,0.012288,157.538,0.013312,409.6,0.02048,642.51,0.052224,775.574,0.173056,814.112,0.659456,812.22,2.64397,808.618,10.623,
0.0113636,0.011264,0.0416667,0.012288,0.166667,0.012288,0.666667,0.012288,2.66667,0.012288,11.6364,0.011264,42.6667,0.012288,157.538,0.013312,431.158,0.019456,630.154,0.053248,780.19,0.172032,816.648,0.657408,812.85,2.64192,809.242,10.6148,
0.0113636,0.011264,0.0454545,0.011264,0.166667,0.012288,0.727273,0.011264,2.90909,0.011264,10.6667,0.012288,11.6364,0.045056,146.286,0.014336,431.158,0.019456,655.36,0.0512,780.19,0.172032,816.648,0.657408,812.535,2.64294,809.321,10.6138,
0.0125,0.01024,0.0454545,0.011264,0.181818,0.011264,0.727273,0.011264,2.66667,0.012288,11.6364,0.011264,39.3846,0.013312,146.286,0.014336,431.158,0.019456,630.154,0.053248,780.19,0.172032,816.648,0.657408,813.165,2.6409,808.93,10.6189,
0.0113636,0.011264,0.0416667,0.012288,0.181818,0.011264,0.727273,0.011264,2.90909,0.011264,10.6667,0.012288,42.6667,0.012288,146.286,0.014336,431.158,0.019456,630.154,0.053248,780.19,0.172032,816.648,0.657408,812.22,2.64397,809.789,10.6076,
0.0113636,0.011264,0.0454545,0.011264,0.2,0.01024,0.727273,0.011264,2.66667,0.012288,11.6364,0.011264,42.6667,0.012288,146.286,0.014336,455.111,0.018432,630.154,0.053248,780.19,0.172032,817.922,0.656384,812.85,2.64192,809.321,10.6138,
0.0113636,0.011264,0.0416667,0.012288,0.181818,0.011264,0.727273,0.011264,2.90909,0.011264,11.6364,0.011264,42.6667,0.012288,157.538,0.013312,431.158,0.019456,642.51,0.052224,780.19,0.172032,814.112,0.659456,812.535,2.64294,809.008,10.6179,
0.0125,0.01024,0.0454545,0.011264,0.181818,0.011264,0.727273,0.011264,2.90909,0.011264,11.6364,0.011264,42.6667,0.012288,157.538,0.013312,431.158,0.019456,642.51,0.052224,780.19,0.172032,816.648,0.657408,812.535,2.64294,809.008,10.6179,
0.0104167,0.012288,0.0454545,0.011264,0.181818,0.011264,0.666667,0.012288,2.90909,0.011264,11.6364,0.011264,46.5455,0.011264,128,0.016384,431.158,0.019456,618.264,0.054272,780.19,0.172032,815.378,0.658432,812.535,2.64294,808.852,10.6199,
0.0113636,0.011264,0.0454545,0.011264,0.181818,0.011264,0.727273,0.011264,2.90909,0.011264,11.6364,0.011264,42.6667,0.012288,157.538,0.013312,431.158,0.019456,655.36,0.0512,784.862,0.171008,814.112,0.659456,814.112,2.63782,808.696,10.622,
0.0113636,0.011264,0.0454545,0.011264,0.181818,0.011264,0.666667,0.012288,2.90909,0.011264,10.6667,0.012288,46.5455,0.011264,157.538,0.013312,431.158,0.019456,630.154,0.053248,775.574,0.173056,819.2,0.65536,812.535,2.64294,808.463,10.625,
0.0104167,0.012288,0.0454545,0.011264,0.181818,0.011264,0.727273,0.011264,2.90909,0.011264,10.6667,0.012288,42.6667,0.012288,136.533,0.01536,455.111,0.018432,642.51,0.052224,492.752,0.272384,820.482,0.654336,812.85,2.64192,809.164,10.6158,
0.0113636,0.011264,0.05,0.01024,0.181818,0.011264,0.666667,0.012288,2.90909,0.011264,10.6667,0.012288,42.6667,0.012288,146.286,0.014336,431.158,0.019456,630.154,0.053248,784.862,0.171008,821.768,0.653312,812.535,2.64294,809.399,10.6127,
0.0113636,0.011264,0.0454545,0.011264,0.181818,0.011264,0.727273,0.011264,2.90909,0.011264,10.6667,0.012288,42.6667,0.012288,157.538,0.013312,431.158,0.019456,630.154,0.053248,771.012,0.17408,821.768,0.653312,812.85,2.64192,809.242,10.6148,
0.0113636,0.011264,0.0454545,0.011264,0.166667,0.012288,0.666667,0.012288,2.90909,0.011264,10.6667,0.012288,42.6667,0.012288,157.538,0.013312,455.111,0.018432,618.264,0.054272,789.59,0.169984,821.768,0.653312,813.165,2.6409,808.774,10.6209,
0.0113636,0.011264,0.0416667,0.012288,0.181818,0.011264,0.727273,0.011264,2.66667,0.012288,10.6667,0.012288,39.3846,0.013312,157.538,0.013312,431.158,0.019456,606.815,0.055296,780.19,0.172032,821.768,0.653312,813.48,2.63987,808.852,10.6199,
0.0104167,0.012288,0.0454545,0.011264,0.0392157,0.052224,0.666667,0.012288,2.90909,0.011264,10.6667,0.012288,42.6667,0.012288,136.533,0.01536,431.158,0.019456,618.264,0.054272,784.862,0.171008,820.482,0.654336,812.85,2.64192,808.852,10.6199,
0.0113636,0.011264,0.0454545,0.011264,0.2,0.01024,0.727273,0.011264,2.90909,0.011264,10.6667,0.012288,42.6667,0.012288,146.286,0.014336,431.158,0.019456,618.264,0.054272,775.574,0.173056,815.378,0.658432,812.535,2.64294,809.086,10.6168,
0.0113636,0.011264,0.0454545,0.011264,0.181818,0.011264,0.8,0.01024,2.66667,0.012288,11.6364,0.011264,42.6667,0.012288,146.286,0.014336,409.6,0.02048,595.782,0.05632,789.59,0.169984,816.648,0.657408,812.85,2.64192,809.008,10.6179,
0.0104167,0.012288,0.0416667,0.012288,0.181818,0.011264,0.666667,0.012288,2.66667,0.012288,10.6667,0.012288,42.6667,0.012288,146.286,0.014336,431.158,0.019456,630.154,0.053248,775.574,0.173056,815.378,0.658432,812.85,2.64192,809.086,10.6168,
0.0104167,0.012288,0.0454545,0.011264,0.181818,0.011264,0.666667,0.012288,2.66667,0.012288,11.6364,0.011264,42.6667,0.012288,157.538,0.013312,409.6,0.02048,630.154,0.053248,766.503,0.175104,816.648,0.657408,812.22,2.64397,809.242,10.6148,
0.0104167,0.012288,0.0454545,0.011264,0.181818,0.011264,0.666667,0.012288,2.90909,0.011264,11.6364,0.011264,42.6667,0.012288,146.286,0.014336,431.158,0.019456,630.154,0.053248,771.012,0.17408,815.378,0.658432,813.48,2.63987,809.477,10.6117,
0.0113636,0.011264,0.0454545,0.011264,0.181818,0.011264,0.666667,0.012288,2.90909,0.011264,11.6364,0.011264,46.5455,0.011264,157.538,0.013312,431.158,0.019456,642.51,0.052224,780.19,0.172032,815.378,0.658432,812.85,2.64192,808.93,10.6189,
0.0113636,0.011264,0.0416667,0.012288,0.181818,0.011264,0.727273,0.011264,2.90909,0.011264,10.6667,0.012288,42.6667,0.012288,157.538,0.013312,409.6,0.02048,642.51,0.052224,780.19,0.172032,816.648,0.657408,812.535,2.64294,809.399,10.6127,
0.0104167,0.012288,0.0454545,0.011264,0.181818,0.011264,0.727273,0.011264,2.90909,0.011264,10.6667,0.012288,42.6667,0.012288,146.286,0.014336,431.158,0.019456,606.815,0.055296,775.574,0.173056,815.378,0.658432,812.85,2.64192,808.774,10.6209,
0.0113636,0.011264,0.0454545,0.011264,0.2,0.01024,0.666667,0.012288,2.90909,0.011264,10.6667,0.012288,42.6667,0.012288,146.286,0.014336,431.158,0.019456,595.782,0.05632,784.862,0.171008,817.922,0.656384,812.535,2.64294,809.321,10.6138,
0.0104167,0.012288,0.0454545,0.011264,0.181818,0.011264,0.727273,0.011264,2.90909,0.011264,10.6667,0.012288,42.6667,0.012288,146.286,0.014336,455.111,0.018432,642.51,0.052224,780.19,0.172032,815.378,0.658432,811.906,2.64499,809.086,10.6168,
0.0104167,0.012288,0.0454545,0.011264,0.181818,0.011264,0.727273,0.011264,2.90909,0.011264,11.6364,0.011264,42.6667,0.012288,157.538,0.013312,431.158,0.019456,618.264,0.054272,789.59,0.169984,815.378,0.658432,812.535,2.64294,808.852,10.6199,
0.0104167,0.012288,0.0454545,0.011264,0.181818,0.011264,0.727273,0.011264,2.90909,0.011264,10.6667,0.012288,39.3846,0.013312,157.538,0.013312,455.111,0.018432,642.51,0.052224,775.574,0.173056,816.648,0.657408,812.22,2.64397,809.164,10.6158,
0.0113636,0.011264,0.0416667,0.012288,0.2,0.01024,0.727273,0.011264,2.90909,0.011264,10.6667,0.012288,42.6667,0.012288,170.667,0.012288,431.158,0.019456,630.154,0.053248,780.19,0.172032,815.378,0.658432,813.165,2.6409,809.633,10.6097,
0.0104167,0.012288,0.0454545,0.011264,0.181818,0.011264,0.727273,0.011264,2.66667,0.012288,9.84615,0.013312,42.6667,0.012288,157.538,0.013312,431.158,0.019456,618.264,0.054272,780.19,0.172032,817.922,0.656384,811.906,2.64499,809.711,10.6086,
0.0104167,0.012288,0.0416667,0.012288,0.181818,0.011264,0.727273,0.011264,2.66667,0.012288,10.6667,0.012288,42.6667,0.012288,157.538,0.013312,431.158,0.019456,630.154,0.053248,784.862,0.171008,815.378,0.658432,812.85,2.64192,810.494,10.5984,
0.0104167,0.012288,0.0454545,0.011264,0.166667,0.012288,0.727273,0.011264,2.66667,0.012288,10.6667,0.012288,46.5455,0.011264,146.286,0.014336,455.111,0.018432,606.815,0.055296,780.19,0.172032,815.378,0.658432,812.85,2.64192,810.024,10.6045,
0.0113636,0.011264,0.0454545,0.011264,0.166667,0.012288,0.666667,0.012288,2.90909,0.011264,11.6364,0.011264,42.6667,0.012288,157.538,0.013312,431.158,0.019456,642.51,0.052224,784.862,0.171008,816.648,0.657408,811.906,2.64499,811.199,10.5892,
0.0104167,0.012288,0.0454545,0.011264,0.181818,0.011264,0.727273,0.011264,2.90909,0.011264,11.6364,0.011264,42.6667,0.012288,146.286,0.014336,431.158,0.019456,546.133,0.06144,780.19,0.172032,817.922,0.656384,813.165,2.6409,811.199,10.5892,
0.0104167,0.012288,0.0454545,0.011264,0.181818,0.011264,0.615385,0.013312,2.66667,0.012288,10.6667,0.012288,42.6667,0.012288,157.538,0.013312,431.158,0.019456,618.264,0.054272,789.59,0.169984,821.768,0.653312,812.22,2.64397,811.042,10.5912,
0.0113636,0.011264,0.05,0.01024,0.181818,0.011264,0.8,0.01024,2.90909,0.011264,10.6667,0.012288,42.6667,0.012288,146.286,0.014336,431.158,0.019456,618.264,0.054272,775.574,0.173056,823.058,0.652288,811.906,2.64499,810.964,10.5923,
0.0113636,0.011264,0.0454545,0.011264,0.181818,0.011264,0.727273,0.011264,2.90909,0.011264,10.6667,0.012288,42.6667,0.012288,157.538,0.013312,431.158,0.019456,642.51,0.052224,784.862,0.171008,821.768,0.653312,812.22,2.64397,811.277,10.5882,
0.0104167,0.012288,0.05,0.01024,0.181818,0.011264,0.666667,0.012288,2.90909,0.011264,10.6667,0.012288,42.6667,0.012288,146.286,0.014336,431.158,0.019456,630.154,0.053248,784.862,0.171008,823.058,0.652288,811.906,2.64499,810.415,10.5994,
0.0113636,0.011264,0.0454545,0.011264,0.2,0.01024,0.727273,0.011264,2.66667,0.012288,10.6667,0.012288,39.3846,0.013312,157.538,0.013312,455.111,0.018432,618.264,0.054272,780.19,0.172032,821.768,0.653312,811.277,2.64704,811.042,10.5912,
0.0113636,0.011264,0.0454545,0.011264,0.181818,0.011264,0.727273,0.011264,2.66667,0.012288,11.6364,0.011264,42.6667,0.012288,157.538,0.013312,431.158,0.019456,618.264,0.054272,789.59,0.169984,821.768,0.653312,812.22,2.64397,810.729,10.5953,
0.0104167,0.012288,0.0416667,0.012288,0.181818,0.011264,0.727273,0.011264,2.90909,0.011264,11.6364,0.011264,42.6667,0.012288,120.471,0.017408,431.158,0.019456,606.815,0.055296,780.19,0.172032,814.112,0.659456,812.85,2.64192,810.415,10.5994,
0.0104167,0.012288,0.0454545,0.011264,0.181818,0.011264,0.666667,0.012288,2.90909,0.011264,11.6364,0.011264,42.6667,0.012288,157.538,0.013312,431.158,0.019456,642.51,0.052224,784.862,0.171008,816.648,0.657408,812.535,2.64294,810.18,10.6025,
0.0104167,0.012288,0.0454545,0.011264,0.2,0.01024,0.666667,0.012288,2.66667,0.012288,11.6364,0.011264,42.6667,0.012288,157.538,0.013312,409.6,0.02048,618.264,0.054272,780.19,0.172032,814.112,0.659456,812.22,2.64397,810.18,10.6025,
0.00892857,0.014336,0.0454545,0.011264,0.181818,0.011264,0.666667,0.012288,2.90909,0.011264,11.6364,0.011264,42.6667,0.012288,157.538,0.013312,431.158,0.019456,642.51,0.052224,784.862,0.171008,816.648,0.657408,811.591,2.64602,809.555,10.6107,
0.0113636,0.011264,0.0454545,0.011264,0.181818,0.011264,0.727273,0.011264,2.66667,0.012288,11.6364,0.011264,42.6667,0.012288,157.538,0.013312,409.6,0.02048,630.154,0.053248,784.862,0.171008,816.648,0.657408,812.22,2.64397,809.711,10.6086,
0.0113636,0.011264,0.0454545,0.011264,0.181818,0.011264,0.8,0.01024,2.66667,0.012288,10.6667,0.012288,26.9474,0.019456,146.286,0.014336,431.158,0.019456,642.51,0.052224,780.19,0.172032,816.648,0.657408,813.796,2.63885,809.868,10.6066,
0.0104167,0.012288,0.0416667,0.012288,0.181818,0.011264,0.727273,0.011264,2.66667,0.012288,10.6667,0.012288,42.6667,0.012288,157.538,0.013312,431.158,0.019456,630.154,0.053248,771.012,0.17408,815.378,0.658432,813.48,2.63987,809.789,10.6076,
0.0104167,0.012288,0.0454545,0.011264,0.181818,0.011264,0.727273,0.011264,2.66667,0.012288,11.6364,0.011264,42.6667,0.012288,146.286,0.014336,431.158,0.019456,618.264,0.054272,775.574,0.173056,816.648,0.657408,812.22,2.64397,809.164,10.6158,
0.0113636,0.011264,0.0416667,0.012288,0.181818,0.011264,0.727273,0.011264,2.66667,0.012288,11.6364,0.011264,39.3846,0.013312,157.538,0.013312,431.158,0.019456,618.264,0.054272,780.19,0.172032,816.648,0.657408,812.22,2.64397,809.711,10.6086,
0.0113636,0.011264,0.0454545,0.011264,0.181818,0.011264,0.727273,0.011264,2.66667,0.012288,9.84615,0.013312,42.6667,0.012288,157.538,0.013312,431.158,0.019456,630.154,0.053248,784.862,0.171008,815.378,0.658432,812.535,2.64294,810.337,10.6004,
0.0113636,0.011264,0.0454545,0.011264,0.2,0.01024,0.727273,0.011264,2.66667,0.012288,10.6667,0.012288,46.5455,0.011264,157.538,0.013312,455.111,0.018432,655.36,0.0512,753.287,0.178176,807.84,0.664576,811.906,2.64499,809.086,10.6168,
0.0125,0.01024,0.0454545,0.011264,0.181818,0.011264,0.8,0.01024,3.2,0.01024,11.6364,0.011264,46.5455,0.011264,170.667,0.012288,481.882,0.017408,668.735,0.050176,780.19,0.172032,811.591,0.661504,812.535,2.64294,809.008,10.6179,
0.0125,0.01024,0.00862069,0.059392,0.2,0.01024,0.727273,0.011264,2.90909,0.011264,12.8,0.01024,46.5455,0.011264,170.667,0.012288,481.882,0.017408,668.735,0.050176,766.503,0.175104,811.591,0.661504,813.165,2.6409,809.399,10.6127,
0.0125,0.01024,0.0454545,0.011264,0.181818,0.011264,0.8,0.01024,3.2,0.01024,12.8,0.01024,46.5455,0.011264,170.667,0.012288,455.111,0.018432,655.36,0.0512,771.012,0.17408,812.85,0.66048,814.112,2.63782,809.086,10.6168,
0.00892857,0.014336,0.0454545,0.011264,0.2,0.01024,0.727273,0.011264,2.90909,0.011264,12.8,0.01024,46.5455,0.011264,170.667,0.012288,481.882,0.017408,655.36,0.0512,775.574,0.173056,811.591,0.661504,812.535,2.64294,809.164,10.6158,
0.00961538,0.013312,0.05,0.01024,0.2,0.01024,0.8,0.01024,2.90909,0.011264,11.6364,0.011264,51.2,0.01024,157.538,0.013312,481.882,0.017408,630.154,0.053248,766.503,0.175104,812.85,0.66048,812.535,2.64294,808.93,10.6189,
0.0104167,0.012288,0.05,0.01024,0.2,0.01024,0.8,0.01024,3.2,0.01024,11.6364,0.011264,46.5455,0.011264,170.667,0.012288,455.111,0.018432,655.36,0.0512,762.047,0.176128,812.85,0.66048,813.165,2.6409,809.008,10.6179,
0.0113636,0.011264,0.05,0.01024,0.2,0.01024,0.8,0.01024,2.90909,0.011264,11.6364,0.011264,46.5455,0.011264,146.286,0.014336,481.882,0.017408,642.51,0.052224,771.012,0.17408,812.85,0.66048,812.85,2.64192,809.242,10.6148,
0.0125,0.01024,0.05,0.01024,0.2,0.01024,0.8,0.01024,3.2,0.01024,11.6364,0.011264,46.5455,0.011264,170.667,0.012288,455.111,0.018432,642.51,0.052224,775.574,0.173056,812.85,0.66048,813.48,2.63987,809.164,10.6158,
0.0125,0.01024,0.05,0.01024,0.2,0.01024,0.8,0.01024,3.2,0.01024,11.6364,0.011264,46.5455,0.011264,170.667,0.012288,481.882,0.017408,642.51,0.052224,771.012,0.17408,811.591,0.661504,813.165,2.6409,809.399,10.6127,
0.0125,0.01024,0.0454545,0.011264,0.181818,0.011264,0.727273,0.011264,3.2,0.01024,12.8,0.01024,32,0.016384,170.667,0.012288,481.882,0.017408,642.51,0.052224,766.503,0.175104,811.591,0.661504,813.165,2.6409,808.852,10.6199,
0.0113636,0.011264,0.05,0.01024,0.181818,0.011264,0.8,0.01024,2.90909,0.011264,12.8,0.01024,46.5455,0.011264,157.538,0.013312,481.882,0.017408,642.51,0.052224,766.503,0.175104,812.85,0.66048,811.906,2.64499,809.008,10.6179,
0.0125,0.01024,0.05,0.01024,0.2,0.01024,0.727273,0.011264,2.90909,0.011264,12.8,0.01024,46.5455,0.011264,170.667,0.012288,455.111,0.018432,618.264,0.054272,766.503,0.175104,814.112,0.659456,813.796,2.63885,808.852,10.6199,
0.0113636,0.011264,0.05,0.01024,0.2,0.01024,0.8,0.01024,2.90909,0.011264,12.8,0.01024,46.5455,0.011264,170.667,0.012288,481.882,0.017408,655.36,0.0512,766.503,0.175104,810.337,0.662528,813.796,2.63885,809.086,10.6168,
0.0125,0.01024,0.05,0.01024,0.2,0.01024,0.571429,0.014336,2.90909,0.011264,9.84615,0.013312,46.5455,0.011264,170.667,0.012288,481.882,0.017408,642.51,0.052224,771.012,0.17408,812.85,0.66048,812.535,2.64294,808.852,10.6199,
0.0125,0.01024,0.0454545,0.011264,0.2,0.01024,0.727273,0.011264,2.90909,0.011264,12.8,0.01024,46.5455,0.011264,170.667,0.012288,481.882,0.017408,630.154,0.053248,771.012,0.17408,816.648,0.657408,814.112,2.63782,808.93,10.6189,
0.0125,0.01024,0.05,0.01024,0.2,0.01024,0.8,0.01024,3.2,0.01024,12.8,0.01024,46.5455,0.011264,170.667,0.012288,481.882,0.017408,682.667,0.049152,775.574,0.173056,816.648,0.657408,814.112,2.63782,809.555,10.6107,
0.0125,0.01024,0.05,0.01024,0.2,0.01024,0.8,0.01024,3.2,0.01024,12.8,0.01024,46.5455,0.011264,170.667,0.012288,455.111,0.018432,655.36,0.0512,771.012,0.17408,819.2,0.65536,813.48,2.63987,808.93,10.6189,
0.0138889,0.009216,0.0454545,0.011264,0.2,0.01024,0.727273,0.011264,2.90909,0.011264,12.8,0.01024,46.5455,0.011264,170.667,0.012288,481.882,0.017408,668.735,0.050176,771.012,0.17408,817.922,0.656384,812.85,2.64192,808.93,10.6189,
0.0125,0.01024,0.05,0.01024,0.2,0.01024,0.8,0.01024,3.2,0.01024,12.8,0.01024,46.5455,0.011264,157.538,0.013312,481.882,0.017408,630.154,0.053248,771.012,0.17408,819.2,0.65536,813.796,2.63885,809.164,10.6158,
0.0125,0.01024,0.0454545,0.011264,0.2,0.01024,0.727273,0.011264,2.90909,0.011264,11.6364,0.011264,46.5455,0.011264,170.667,0.012288,481.882,0.017408,630.154,0.053248,775.574,0.173056,815.378,0.658432,812.85,2.64192,808.696,10.622,
0.0078125,0.016384,0.05,0.01024,0.181818,0.011264,0.8,0.01024,3.2,0.01024,11.6364,0.011264,46.5455,0.011264,120.471,0.017408,455.111,0.018432,630.154,0.053248,771.012,0.17408,812.85,0.66048,812.535,2.64294,809.477,10.6117,
0.0113636,0.011264,0.05,0.01024,0.2,0.01024,0.727273,0.011264,3.2,0.01024,11.6364,0.011264,42.6667,0.012288,170.667,0.012288,481.882,0.017408,655.36,0.0512,771.012,0.17408,810.337,0.662528,813.48,2.63987,809.086,10.6168,
0.0125,0.01024,0.05,0.01024,0.2,0.01024,0.8,0.01024,2.90909,0.011264,11.6364,0.011264,46.5455,0.011264,113.778,0.018432,481.882,0.017408,655.36,0.0512,766.503,0.175104,812.85,0.66048,812.85,2.64192,808.774,10.6209,
0.0125,0.01024,0.0454545,0.011264,0.2,0.01024,0.8,0.01024,2.90909,0.011264,11.6364,0.011264,46.5455,0.011264,170.667,0.012288,455.111,0.018432,630.154,0.053248,766.503,0.175104,811.591,0.661504,813.165,2.6409,809.164,10.6158,
0.0113636,0.011264,0.05,0.01024,0.181818,0.011264,0.8,0.01024,3.2,0.01024,12.8,0.01024,46.5455,0.011264,157.538,0.013312,481.882,0.017408,642.51,0.052224,771.012,0.17408,812.85,0.66048,811.591,2.64602,809.242,10.6148,
0.0125,0.01024,0.05,0.01024,0.2,0.01024,0.727273,0.011264,2.90909,0.011264,11.6364,0.011264,34.1333,0.01536,170.667,0.012288,455.111,0.018432,655.36,0.0512,771.012,0.17408,810.337,0.662528,811.906,2.64499,809.164,10.6158,
0.0113636,0.011264,0.0454545,0.011264,0.2,0.01024,0.8,0.01024,3.2,0.01024,11.6364,0.011264,46.5455,0.011264,170.667,0.012288,481.882,0.017408,655.36,0.0512,766.503,0.175104,811.591,0.661504,813.165,2.6409,809.164,10.6158,
0.0125,0.01024,0.0454545,0.011264,0.2,0.01024,0.8,0.01024,2.90909,0.011264,11.6364,0.011264,46.5455,0.011264,157.538,0.013312,455.111,0.018432,642.51,0.052224,771.012,0.17408,814.112,0.659456,813.48,2.63987,809.086,10.6168,
0.0113636,0.011264,0.05,0.01024,0.181818,0.011264,0.8,0.01024,3.2,0.01024,12.8,0.01024,46.5455,0.011264,170.667,0.012288,455.111,0.018432,618.264,0.054272,766.503,0.175104,811.591,0.661504,813.165,2.6409,809.321,10.6138,
0.0125,0.01024,0.0454545,0.011264,0.2,0.01024,0.8,0.01024,3.2,0.01024,12.8,0.01024,46.5455,0.011264,170.667,0.012288,455.111,0.018432,668.735,0.050176,775.574,0.173056,811.591,0.661504,813.165,2.6409,808.93,10.6189,
0.0113636,0.011264,0.05,0.01024,0.2,0.01024,0.8,0.01024,2.90909,0.011264,12.8,0.01024,46.5455,0.011264,170.667,0.012288,481.882,0.017408,655.36,0.0512,762.047,0.176128,811.591,0.661504,813.48,2.63987,808.541,10.624,
0.0113636,0.011264,0.05,0.01024,0.2,0.01024,0.727273,0.011264,2.90909,0.011264,11.6364,0.011264,51.2,0.01024,157.538,0.013312,455.111,0.018432,642.51,0.052224,771.012,0.17408,809.086,0.663552,812.535,2.64294,809.633,10.6097,
0.0125,0.01024,0.05,0.01024,0.2,0.01024,0.8,0.01024,3.2,0.01024,12.8,0.01024,46.5455,0.011264,170.667,0.012288,481.882,0.017408,630.154,0.053248,771.012,0.17408,811.591,0.661504,813.796,2.63885,809.242,10.6148,
0.0125,0.01024,0.0454545,0.011264,0.2,0.01024,0.8,0.01024,2.90909,0.011264,11.6364,0.011264,46.5455,0.011264,170.667,0.012288,481.882,0.017408,655.36,0.0512,766.503,0.175104,811.591,0.661504,812.535,2.64294,809.008,10.6179,
0.0125,0.01024,0.05,0.01024,0.2,0.01024,0.8,0.01024,3.2,0.01024,8,0.016384,46.5455,0.011264,170.667,0.012288,481.882,0.017408,655.36,0.0512,766.503,0.175104,811.591,0.661504,813.165,2.6409,809.321,10.6138,
0.0125,0.01024,0.0454545,0.011264,0.2,0.01024,0.8,0.01024,2.28571,0.014336,11.6364,0.011264,46.5455,0.011264,157.538,0.013312,481.882,0.017408,642.51,0.052224,775.574,0.173056,811.591,0.661504,813.165,2.6409,808.541,10.624,
0.0113636,0.011264,0.05,0.01024,0.181818,0.011264,0.8,0.01024,2.90909,0.011264,12.8,0.01024,46.5455,0.011264,170.667,0.012288,481.882,0.017408,668.735,0.050176,766.503,0.175104,810.337,0.662528,812.22,2.64397,809.164,10.6158,
0.0125,0.01024,0.0454545,0.011264,0.2,0.01024,0.727273,0.011264,3.2,0.01024,11.6364,0.011264,46.5455,0.011264,170.667,0.012288,481.882,0.017408,642.51,0.052224,771.012,0.17408,816.648,0.657408,813.165,2.6409,809.086,10.6168,
0.0125,0.01024,0.0384615,0.013312,0.181818,0.011264,0.8,0.01024,2.90909,0.011264,11.6364,0.011264,46.5455,0.011264,120.471,0.017408,455.111,0.018432,642.51,0.052224,762.047,0.176128,816.648,0.657408,812.22,2.64397,809.477,10.6117,
0.0125,0.01024,0.0454545,0.011264,0.2,0.01024,0.8,0.01024,2.90909,0.011264,12.8,0.01024,46.5455,0.011264,170.667,0.012288,455.111,0.018432,655.36,0.0512,766.503,0.175104,817.922,0.656384,811.591,2.64602,808.852,10.6199,
0.0113636,0.011264,0.05,0.01024,0.2,0.01024,0.8,0.01024,2.90909,0.011264,11.6364,0.011264,46.5455,0.011264,170.667,0.012288,455.111,0.018432,655.36,0.0512,775.574,0.173056,819.2,0.65536,812.22,2.64397,808.696,10.622,
0.0125,0.01024,0.0454545,0.011264,0.2,0.01024,0.8,0.01024,2.90909,0.011264,11.6364,0.011264,46.5455,0.011264,170.667,0.012288,455.111,0.018432,642.51,0.052224,766.503,0.175104,817.922,0.656384,811.591,2.64602,809.086,10.6168,
0.0125,0.01024,0.05,0.01024,0.2,0.01024,0.727273,0.011264,3.2,0.01024,11.6364,0.011264,46.5455,0.011264,157.538,0.013312,455.111,0.018432,668.735,0.050176,766.503,0.175104,816.648,0.657408,812.535,2.64294,809.321,10.6138,
0.0113636,0.011264,0.0454545,0.011264,0.181818,0.011264,0.8,0.01024,2.90909,0.011264,12.8,0.01024,39.3846,0.013312,170.667,0.012288,481.882,0.017408,630.154,0.053248,766.503,0.175104,815.378,0.658432,812.535,2.64294,809.399,10.6127,
0.0113636,0.011264,0.05,0.01024,0.181818,0.011264,0.8,0.01024,2.90909,0.011264,11.6364,0.011264,46.5455,0.011264,170.667,0.012288,481.882,0.017408,655.36,0.0512,775.574,0.173056,812.85,0.66048,812.85,2.64192,809.164,10.6158,
0.0125,0.01024,0.05,0.01024,0.2,0.01024,0.8,0.01024,3.2,0.01024,11.6364,0.011264,42.6667,0.012288,170.667,0.012288,481.882,0.017408,655.36,0.0512,784.862,0.171008,811.591,0.661504,811.906,2.64499,809.399,10.6127,
0.0113636,0.011264,0.05,0.01024,0.181818,0.011264,0.8,0.01024,2.90909,0.011264,12.8,0.01024,46.5455,0.011264,170.667,0.012288,455.111,0.018432,655.36,0.0512,780.19,0.172032,811.591,0.661504,812.535,2.64294,809.086,10.6168,
0.0113636,0.011264,0.05,0.01024,0.2,0.01024,0.8,0.01024,3.2,0.01024,11.6364,0.011264,46.5455,0.011264,170.667,0.012288,455.111,0.018432,655.36,0.0512,780.19,0.172032,811.591,0.661504,812.22,2.64397,808.93,10.6189,
0.0125,0.01024,0.05,0.01024,0.2,0.01024,0.8,0.01024,3.2,0.01024,12.8,0.01024,46.5455,0.011264,170.667,0.012288,455.111,0.018432,655.36,0.0512,784.862,0.171008,812.85,0.66048,812.22,2.64397,808.852,10.6199,
0.0125,0.01024,0.05,0.01024,0.2,0.01024,0.8,0.01024,2.90909,0.011264,11.6364,0.011264,46.5455,0.011264,170.667,0.012288,481.882,0.017408,668.735,0.050176,789.59,0.169984,810.337,0.662528,812.22,2.64397,808.541,10.624,
0.0125,0.01024,0.05,0.01024,0.181818,0.011264,0.8,0.01024,3.2,0.01024,11.6364,0.011264,46.5455,0.011264,170.667,0.012288,455.111,0.018432,682.667,0.049152,784.862,0.171008,811.591,0.661504,812.85,2.64192,808.463,10.625,
0.0125,0.01024,0.0454545,0.011264,0.2,0.01024,0.8,0.01024,2.90909,0.011264,11.6364,0.011264,42.6667,0.012288,170.667,0.012288,481.882,0.017408,232.397,0.144384,780.19,0.172032,812.85,0.66048,812.22,2.64397,808.93,10.6189,
0.0113636,0.011264,0.05,0.01024,0.2,0.01024,0.8,0.01024,2.90909,0.011264,11.6364,0.011264,46.5455,0.011264,170.667,0.012288,455.111,0.018432,668.735,0.050176,569.878,0.23552,812.85,0.66048,811.591,2.64602,809.086,10.6168,
0.0125,0.01024,0.05,0.01024,0.2,0.01024,0.8,0.01024,3.2,0.01024,12.8,0.01024,46.5455,0.011264,170.667,0.012288,481.882,0.017408,668.735,0.050176,784.862,0.171008,812.85,0.66048,811.591,2.64602,808.852,10.6199,
0.0125,0.01024,0.05,0.01024,0.181818,0.011264,0.8,0.01024,3.2,0.01024,11.6364,0.011264,46.5455,0.011264,170.667,0.012288,481.882,0.017408,668.735,0.050176,789.59,0.169984,811.591,0.661504,811.591,2.64602,809.086,10.6168,
0.0113636,0.011264,0.05,0.01024,0.2,0.01024,0.727273,0.011264,2.90909,0.011264,12.8,0.01024,46.5455,0.011264,170.667,0.012288,481.882,0.017408,668.735,0.050176,780.19,0.172032,812.85,0.66048,810.964,2.64806,808.93,10.6189,
0.0113636,0.011264,0.05,0.01024,0.181818,0.011264,0.8,0.01024,2.90909,0.011264,12.8,0.01024,46.5455,0.011264,170.667,0.012288,455.111,0.018432,655.36,0.0512,784.862,0.171008,812.85,0.66048,811.906,2.64499,808.696,10.622,
0.0125,0.01024,0.05,0.01024,0.2,0.01024,0.8,0.01024,3.2,0.01024,11.6364,0.011264,46.5455,0.011264,170.667,0.012288,481.882,0.017408,618.264,0.054272,784.862,0.171008,811.591,0.661504,811.591,2.64602,809.008,10.6179,
0.0113636,0.011264,0.05,0.01024,0.181818,0.011264,0.8,0.01024,3.2,0.01024,11.6364,0.011264,46.5455,0.011264,170.667,0.012288,481.882,0.017408,642.51,0.052224,789.59,0.169984,812.85,0.66048,811.277,2.64704,809.164,10.6158,
0.0113636,0.011264,0.05,0.01024,0.2,0.01024,0.727273,0.011264,2.90909,0.011264,12.8,0.01024,39.3846,0.013312,170.667,0.012288,481.882,0.017408,642.51,0.052224,780.19,0.172032,812.85,0.66048,810.65,2.64909,809.086,10.6168,
0.0125,0.01024,0.05,0.01024,0.181818,0.011264,0.888889,0.009216,3.2,0.01024,11.6364,0.011264,46.5455,0.011264,157.538,0.013312,455.111,0.018432,655.36,0.0512,784.862,0.171008,806.597,0.6656,811.591,2.64602,809.242,10.6148,
0.0125,0.01024,0.05,0.01024,0.181818,0.011264,0.8,0.01024,2.90909,0.011264,11.6364,0.011264,46.5455,0.011264,170.667,0.012288,431.158,0.019456,642.51,0.052224,775.574,0.173056,815.378,0.658432,812.85,2.64192,809.008,10.6179,
0.0113636,0.011264,0.05,0.01024,0.181818,0.011264,0.727273,0.011264,2.90909,0.011264,12.8,0.01024,46.5455,0.011264,170.667,0.012288,481.882,0.017408,655.36,0.0512,766.503,0.175104,816.648,0.657408,813.165,2.6409,808.774,10.6209,
0.0125,0.01024,0.0454545,0.011264,0.2,0.01024,0.666667,0.012288,3.2,0.01024,11.6364,0.011264,46.5455,0.011264,170.667,0.012288,455.111,0.018432,655.36,0.0512,762.047,0.176128,817.922,0.656384,812.85,2.64192,808.852,10.6199,
0.0113636,0.011264,0.05,0.01024,0.2,0.01024,0.8,0.01024,3.2,0.01024,11.6364,0.011264,46.5455,0.011264,170.667,0.012288,481.882,0.017408,642.51,0.052224,771.012,0.17408,817.922,0.656384,811.906,2.64499,809.164,10.6158,
0.0113636,0.011264,0.0454545,0.011264,0.2,0.01024,0.727273,0.011264,2.90909,0.011264,12.8,0.01024,46.5455,0.011264,170.667,0.012288,481.882,0.017408,655.36,0.0512,771.012,0.17408,819.2,0.65536,812.22,2.64397,808.93,10.6189,
0.0125,0.01024,0.05,0.01024,0.2,0.01024,0.8,0.01024,2.90909,0.011264,11.6364,0.011264,46.5455,0.011264,170.667,0.012288,481.882,0.017408,655.36,0.0512,771.012,0.17408,817.922,0.656384,811.591,2.64602,808.618,10.623,
0.0125,0.01024,0.0454545,0.011264,0.2,0.01024,0.8,0.01024,2.90909,0.011264,11.6364,0.011264,42.6667,0.012288,170.667,0.012288,481.882,0.017408,595.782,0.05632,775.574,0.173056,815.378,0.658432,812.535,2.64294,809.008,10.6179,
0.0113636,0.011264,0.05,0.01024,0.2,0.01024,0.8,0.01024,2.90909,0.011264,11.6364,0.011264,46.5455,0.011264,170.667,0.012288,481.882,0.017408,642.51,0.052224,766.503,0.175104,814.112,0.659456,812.22,2.64397,809.008,10.6179,
0.0113636,0.011264,0.05,0.01024,0.2,0.01024,0.727273,0.011264,2.90909,0.011264,11.6364,0.011264,51.2,0.01024,170.667,0.012288,455.111,0.018432,642.51,0.052224,748.983,0.1792,812.85,0.66048,810.65,2.64909,809.086,10.6168,
0.0113636,0.011264,0.0555556,0.009216,0.2,0.01024,0.8,0.01024,3.2,0.01024,12.8,0.01024,51.2,0.01024,170.667,0.012288,455.111,0.018432,618.264,0.054272,766.503,0.175104,811.591,0.661504,811.906,2.64499,808.93,10.6189,
0.0125,0.01024,0.05,0.01024,0.2,0.01024,0.8,0.01024,2.90909,0.011264,11.6364,0.011264,46.5455,0.011264,157.538,0.013312,455.111,0.018432,668.735,0.050176,775.574,0.173056,810.337,0.662528,813.165,2.6409,808.852,10.6199,
0.0113636,0.011264,0.05,0.01024,0.181818,0.011264,0.8,0.01024,3.2,0.01024,12.8,0.01024,46.5455,0.011264,170.667,0.012288,455.111,0.018432,630.154,0.053248,771.012,0.17408,811.591,0.661504,813.796,2.63885,808.541,10.624,
0.0125,0.01024,0.0454545,0.011264,0.2,0.01024,0.727273,0.011264,2.90909,0.011264,11.6364,0.011264,46.5455,0.011264,170.667,0.012288,455.111,0.018432,655.36,0.0512,766.503,0.175104,811.591,0.661504,812.22,2.64397,808.696,10.622,
0.0113636,0.011264,0.05,0.01024,0.181818,0.011264,0.727273,0.011264,2.90909,0.011264,11.6364,0.011264,46.5455,0.011264,136.533,0.01536,481.882,0.017408,655.36,0.0512,771.012,0.17408,811.591,0.661504,812.22,2.64397,808.463,10.625,
0.0125,0.01024,0.05,0.01024,0.2,0.01024,0.727273,0.011264,3.2,0.01024,12.8,0.01024,46.5455,0.011264,157.538,0.013312,455.111,0.018432,630.154,0.053248,766.503,0.175104,811.591,0.661504,811.906,2.64499,808.93,10.6189,
0.0113636,0.011264,0.05,0.01024,0.2,0.01024,0.8,0.01024,2.90909,0.011264,11.6364,0.011264,46.5455,0.011264,170.667,0.012288,481.882,0.017408,655.36,0.0512,775.574,0.173056,812.85,0.66048,811.906,2.64499,808.307,10.6271,
0.0125,0.01024,0.05,0.01024,0.2,0.01024,0.727273,0.011264,2.90909,0.011264,11.6364,0.011264,51.2,0.01024,170.667,0.012288,481.882,0.017408,655.36,0.0512,775.574,0.173056,811.591,0.661504,811.591,2.64602,809.086,10.6168,
0.0113636,0.011264,0.05,0.01024,0.181818,0.011264,0.8,0.01024,2.46154,0.013312,11.6364,0.011264,46.5455,0.011264,170.667,0.012288,481.882,0.017408,642.51,0.052224,762.047,0.176128,812.85,0.66048,811.591,2.64602,809.086,10.6168,
0.0125,0.01024,0.0454545,0.011264,0.2,0.01024,0.727273,0.011264,2.90909,0.011264,12.8,0.01024,46.5455,0.011264,157.538,0.013312,481.882,0.017408,642.51,0.052224,780.19,0.172032,812.85,0.66048,811.906,2.64499,810.337,10.6004,
0.0113636,0.011264,0.05,0.01024,0.2,0.01024,0.8,0.01024,2.90909,0.011264,11.6364,0.011264,39.3846,0.013312,170.667,0.012288,481.882,0.017408,668.735,0.050176,771.012,0.17408,811.591,0.661504,811.906,2.64499,810.337,10.6004,
0.0125,0.01024,0.0454545,0.011264,0.2,0.01024,0.727273,0.011264,3.2,0.01024,11.6364,0.011264,46.5455,0.011264,170.667,0.012288,481.882,0.017408,655.36,0.0512,771.012,0.17408,811.591,0.661504,812.85,2.64192,810.415,10.5994,
0.0113636,0.011264,0.05,0.01024,0.181818,0.011264,0.8,0.01024,3.2,0.01024,11.6364,0.011264,46.5455,0.011264,170.667,0.012288,455.111,0.018432,642.51,0.052224,771.012,0.17408,810.337,0.662528,812.535,2.64294,809.868,10.6066,
0.0125,0.01024,0.0454545,0.011264,0.2,0.01024,0.8,0.01024,2.90909,0.011264,11.6364,0.011264,42.6667,0.012288,170.667,0.012288,481.882,0.017408,642.51,0.052224,766.503,0.175104,811.591,0.661504,812.22,2.64397,810.572,10.5974,
0.0125,0.01024,0.05,0.01024,0.181818,0.011264,0.8,0.01024,3.2,0.01024,11.6364,0.011264,46.5455,0.011264,157.538,0.013312,455.111,0.018432,642.51,0.052224,775.574,0.173056,812.85,0.66048,811.591,2.64602,810.102,10.6035,
0.0125,0.01024,0.0454545,0.011264,0.2,0.01024,0.8,0.01024,2.90909,0.011264,11.6364,0.011264,46.5455,0.011264,170.667,0.012288,481.882,0.017408,655.36,0.0512,771.012,0.17408,811.591,0.661504,811.906,2.64499,810.18,10.6025,
0.0113636,0.011264,0.05,0.01024,0.2,0.01024,0.8,0.01024,3.2,0.01024,12.8,0.01024,46.5455,0.011264,170.667,0.012288,455.111,0.018432,642.51,0.052224,775.574,0.173056,815.378,0.658432,811.906,2.64499,811.356,10.5871,
0.0125,0.01024,0.05,0.01024,0.2,0.01024,0.8,0.01024,2.90909,0.011264,11.6364,0.011264,46.5455,0.011264,170.667,0.012288,481.882,0.017408,642.51,0.052224,775.574,0.173056,816.648,0.657408,812.85,2.64192,811.042,10.5912,
0.0113636,0.011264,0.05,0.01024,0.2,0.01024,0.8,0.01024,3.2,0.01024,11.6364,0.011264,42.6667,0.012288,170.667,0.012288,455.111,0.018432,655.36,0.0512,775.574,0.173056,816.648,0.657408,811.591,2.64602,811.199,10.5892,
0.0125,0.01024,0.0454545,0.011264,0.2,0.01024,0.8,0.01024,2.90909,0.011264,11.6364,0.011264,46.5455,0.011264,170.667,0.012288,481.882,0.017408,668.735,0.050176,775.574,0.173056,819.2,0.65536,811.906,2.64499,810.885,10.5933,
0.0113636,0.011264,0.05,0.01024,0.181818,0.011264,0.727273,0.011264,3.2,0.01024,12.8,0.01024,46.5455,0.011264,157.538,0.013312,481.882,0.017408,655.36,0.0512,771.012,0.17408,817.922,0.656384,811.906,2.64499,811.199,10.5892,
0.0125,0.01024,0.0454545,0.011264,0.2,0.01024,0.8,0.01024,2.90909,0.011264,11.6364,0.011264,46.5455,0.011264,170.667,0.012288,481.882,0.017408,682.667,0.049152,775.574,0.173056,817.922,0.656384,811.591,2.64602,810.729,10.5953,
0.0113636,0.011264,0.05,0.01024,0.2,0.01024,0.727273,0.011264,3.2,0.01024,11.6364,0.011264,46.5455,0.011264,157.538,0.013312,455.111,0.018432,655.36,0.0512,771.012,0.17408,814.112,0.659456,811.591,2.64602,809.789,10.6076,
0.0125,0.01024,0.0454545,0.011264,0.2,0.01024,0.8,0.01024,3.2,0.01024,12.8,0.01024,46.5455,0.011264,170.667,0.012288,481.882,0.017408,642.51,0.052224,775.574,0.173056,809.086,0.663552,812.85,2.64192,810.18,10.6025,
0.0125,0.01024,0.05,0.01024,0.181818,0.011264,0.727273,0.011264,2.90909,0.011264,11.6364,0.011264,46.5455,0.011264,157.538,0.013312,481.882,0.017408,655.36,0.0512,771.012,0.17408,812.85,0.66048,812.85,2.64192,810.102,10.6035,
0.0125,0.01024,0.05,0.01024,0.2,0.01024,0.727273,0.011264,3.2,0.01024,12.8,0.01024,46.5455,0.011264,170.667,0.012288,481.882,0.017408,642.51,0.052224,775.574,0.173056,810.337,0.662528,813.48,2.63987,809.711,10.6086,
0.0125,0.01024,0.05,0.01024,0.2,0.01024,0.8,0.01024,3.2,0.01024,11.6364,0.011264,46.5455,0.011264,170.667,0.012288,481.882,0.017408,655.36,0.0512,766.503,0.175104,811.591,0.661504,811.591,2.64602,809.711,10.6086,
0.0125,0.01024,0.05,0.01024,0.2,0.01024,0.727273,0.011264,2.90909,0.011264,12.8,0.01024,46.5455,0.011264,170.667,0.012288,455.111,0.018432,642.51,0.052224,771.012,0.17408,811.591,0.661504,811.277,2.64704,810.102,10.6035,
0.0125,0.01024,0.05,0.01024,0.181818,0.011264,0.8,0.01024,3.2,0.01024,11.6364,0.011264,51.2,0.01024,157.538,0.013312,481.882,0.017408,655.36,0.0512,771.012,0.17408,811.591,0.661504,811.277,2.64704,809.946,10.6056,
0.0104167,0.012288,0.0416667,0.012288,0.166667,0.012288,0.666667,0.012288,2.66667,0.012288,10.6667,0.012288,42.6667,0.012288,157.538,0.013312,409.6,0.02048,585.143,0.057344,762.047,0.176128,807.84,0.664576,811.277,2.64704,808.463,10.625,
0.0113636,0.011264,0.0454545,0.011264,0.181818,0.011264,0.727273,0.011264,2.90909,0.011264,10.6667,0.012288,46.5455,0.011264,157.538,0.013312,431.158,0.019456,642.51,0.052224,784.862,0.171008,816.648,0.657408,812.22,2.64397,809.711,10.6086,
0.0113636,0.011264,0.0454545,0.011264,0.181818,0.011264,0.727273,0.011264,2.90909,0.011264,10.6667,0.012288,42.6667,0.012288,157.538,0.013312,431.158,0.019456,642.51,0.052224,780.19,0.172032,816.648,0.657408,812.22,2.64397,810.102,10.6035,
0.0104167,0.012288,0.0454545,0.011264,0.166667,0.012288,0.727273,0.011264,2.90909,0.011264,9.84615,0.013312,42.6667,0.012288,157.538,0.013312,409.6,0.02048,642.51,0.052224,794.376,0.16896,812.85,0.66048,811.591,2.64602,809.008,10.6179,
0.0113636,0.011264,0.0454545,0.011264,0.181818,0.011264,0.727273,0.011264,1.77778,0.018432,10.6667,0.012288,42.6667,0.012288,170.667,0.012288,409.6,0.02048,630.154,0.053248,771.012,0.17408,811.591,0.661504,812.535,2.64294,809.477,10.6117,
0.0104167,0.012288,0.0454545,0.011264,0.166667,0.012288,0.727273,0.011264,2.66667,0.012288,10.6667,0.012288,46.5455,0.011264,157.538,0.013312,431.158,0.019456,642.51,0.052224,794.376,0.16896,811.591,0.661504,813.165,2.6409,809.086,10.6168,
0.0113636,0.011264,0.0454545,0.011264,0.2,0.01024,0.666667,0.012288,2.90909,0.011264,10.6667,0.012288,42.6667,0.012288,157.538,0.013312,431.158,0.019456,630.154,0.053248,771.012,0.17408,814.112,0.659456,813.796,2.63885,809.008,10.6179,
0.0104167,0.012288,0.0454545,0.011264,0.166667,0.012288,0.727273,0.011264,2.90909,0.011264,10.6667,0.012288,46.5455,0.011264,146.286,0.014336,431.158,0.019456,642.51,0.052224,784.862,0.171008,811.591,0.661504,812.85,2.64192,809.477,10.6117,
0.0104167,0.012288,0.0454545,0.011264,0.181818,0.011264,0.347826,0.023552,2.28571,0.014336,11.6364,0.011264,42.6667,0.012288,157.538,0.013312,431.158,0.019456,630.154,0.053248,762.047,0.176128,811.591,0.661504,813.165,2.6409,809.633,10.6097,
0.0113636,0.011264,0.0454545,0.011264,0.181818,0.011264,0.727273,0.011264,2.90909,0.011264,11.6364,0.011264,46.5455,0.011264,157.538,0.013312,431.158,0.019456,642.51,0.052224,775.574,0.173056,815.378,0.658432,812.22,2.64397,809.477,10.6117,
0.0113636,0.011264,0.0454545,0.011264,0.181818,0.011264,0.727273,0.011264,2.46154,0.013312,11.6364,0.011264,42.6667,0.012288,157.538,0.013312,431.158,0.019456,618.264,0.054272,771.012,0.17408,815.378,0.658432,811.906,2.64499,809.711,10.6086,
0.0104167,0.012288,0.0294118,0.017408,0.181818,0.011264,0.8,0.01024,2.90909,0.011264,11.6364,0.011264,46.5455,0.011264,157.538,0.013312,431.158,0.019456,618.264,0.054272,771.012,0.17408,816.648,0.657408,812.85,2.64192,809.321,10.6138,
0.0104167,0.012288,0.0416667,0.012288,0.181818,0.011264,0.727273,0.011264,2.90909,0.011264,11.6364,0.011264,42.6667,0.012288,157.538,0.013312,431.158,0.019456,618.264,0.054272,762.047,0.176128,814.112,0.659456,813.165,2.6409,808.696,10.622,
0.0104167,0.012288,0.0454545,0.011264,0.181818,0.011264,0.727273,0.011264,2.90909,0.011264,10.6667,0.012288,46.5455,0.011264,157.538,0.013312,431.158,0.019456,618.264,0.054272,780.19,0.172032,814.112,0.659456,812.535,2.64294,808.852,10.6199,
0.0113636,0.011264,0.0416667,0.012288,0.181818,0.011264,0.727273,0.011264,2.66667,0.012288,11.6364,0.011264,42.6667,0.012288,157.538,0.013312,431.158,0.019456,618.264,0.054272,762.047,0.176128,815.378,0.658432,812.535,2.64294,809.086,10.6168,
0.0113636,0.011264,0.0454545,0.011264,0.181818,0.011264,0.727273,0.011264,2.90909,0.011264,10.6667,0.012288,42.6667,0.012288,157.538,0.013312,431.158,0.019456,630.154,0.053248,771.012,0.17408,814.112,0.659456,812.535,2.64294,808.696,10.622,
0.0113636,0.011264,0.0454545,0.011264,0.2,0.01024,0.727273,0.011264,2.90909,0.011264,11.6364,0.011264,42.6667,0.012288,157.538,0.013312,431.158,0.019456,642.51,0.052224,762.047,0.176128,812.85,0.66048,813.165,2.6409,808.93,10.6189,
0.0078125,0.016384,0.0454545,0.011264,0.133333,0.01536,0.727273,0.011264,2.90909,0.011264,10.6667,0.012288,42.6667,0.012288,157.538,0.013312,431.158,0.019456,606.815,0.055296,775.574,0.173056,814.112,0.659456,812.85,2.64192,808.696,10.622,
0.0113636,0.011264,0.0454545,0.011264,0.2,0.01024,0.727273,0.011264,2.66667,0.012288,10.6667,0.012288,42.6667,0.012288,157.538,0.013312,431.158,0.019456,630.154,0.053248,762.047,0.176128,814.112,0.659456,814.112,2.63782,809.008,10.6179,
0.0113636,0.011264,0.0454545,0.011264,0.181818,0.011264,0.727273,0.011264,2.90909,0.011264,10.6667,0.012288,42.6667,0.012288,136.533,0.01536,431.158,0.019456,630.154,0.053248,771.012,0.17408,811.591,0.661504,812.535,2.64294,809.008,10.6179,
0.0104167,0.012288,0.0416667,0.012288,0.181818,0.011264,0.470588,0.017408,2.90909,0.011264,11.6364,0.011264,42.6667,0.012288,157.538,0.013312,455.111,0.018432,630.154,0.053248,771.012,0.17408,815.378,0.658432,812.85,2.64192,809.633,10.6097,
0.0104167,0.012288,0.0454545,0.011264,0.181818,0.011264,0.727273,0.011264,2.90909,0.011264,11.6364,0.011264,46.5455,0.011264,128,0.016384,431.158,0.019456,642.51,0.052224,771.012,0.17408,814.112,0.659456,812.85,2.64192,809.321,10.6138,
0.0104167,0.012288,0.0454545,0.011264,0.181818,0.011264,0.727273,0.011264,2.90909,0.011264,10.6667,0.012288,46.5455,0.011264,146.286,0.014336,431.158,0.019456,630.154,0.053248,775.574,0.173056,812.85,0.66048,812.22,2.64397,809.321,10.6138,
0.0113636,0.011264,0.0454545,0.011264,0.166667,0.012288,0.727273,0.011264,2.90909,0.011264,10.6667,0.012288,46.5455,0.011264,157.538,0.013312,431.158,0.019456,630.154,0.053248,771.012,0.17408,815.378,0.658432,812.535,2.64294,808.93,10.6189,
0.0113636,0.011264,0.0416667,0.012288,0.181818,0.011264,0.666667,0.012288,2.90909,0.011264,10.6667,0.012288,42.6667,0.012288,157.538,0.013312,431.158,0.019456,630.154,0.053248,771.012,0.17408,814.112,0.659456,814.112,2.63782,809.086,10.6168,
0.0104167,0.012288,0.0454545,0.011264,0.166667,0.012288,0.727273,0.011264,2.90909,0.011264,10.6667,0.012288,46.5455,0.011264,157.538,0.013312,409.6,0.02048,618.264,0.054272,766.503,0.175104,815.378,0.658432,813.48,2.63987,808.852,10.6199,
0.0113636,0.011264,0.0454545,0.011264,0.181818,0.011264,0.727273,0.011264,2.90909,0.011264,11.6364,0.011264,42.6667,0.012288,157.538,0.013312,431.158,0.019456,642.51,0.052224,775.574,0.173056,815.378,0.658432,811.906,2.64499,809.086,10.6168,
0.0104167,0.012288,0.0454545,0.011264,0.166667,0.012288,0.727273,0.011264,2.90909,0.011264,7.11111,0.018432,42.6667,0.012288,157.538,0.013312,409.6,0.02048,642.51,0.052224,766.503,0.175104,812.85,0.66048,812.85,2.64192,808.93,10.6189,
0.0113636,0.011264,0.0454545,0.011264,0.181818,0.011264,0.666667,0.012288,2.66667,0.012288,11.6364,0.011264,42.6667,0.012288,157.538,0.013312,409.6,0.02048,606.815,0.055296,771.012,0.17408,812.85,0.66048,813.165,2.6409,808.852,10.6199,
0.0113636,0.011264,0.0454545,0.011264,0.166667,0.012288,0.666667,0.012288,2.90909,0.011264,10.6667,0.012288,42.6667,0.012288,157.538,0.013312,431.158,0.019456,630.154,0.053248,766.503,0.175104,815.378,0.658432,812.85,2.64192,809.242,10.6148,
0.0113636,0.011264,0.0454545,0.011264,0.181818,0.011264,0.727273,0.011264,2.90909,0.011264,10.6667,0.012288,42.6667,0.012288,157.538,0.013312,409.6,0.02048,618.264,0.054272,766.503,0.175104,812.85,0.66048,813.165,2.6409,809.555,10.6107,
0.0104167,0.012288,0.05,0.01024,0.166667,0.012288,0.727273,0.011264,2.90909,0.011264,10.6667,0.012288,42.6667,0.012288,157.538,0.013312,431.158,0.019456,618.264,0.054272,775.574,0.173056,814.112,0.659456,813.796,2.63885,809.086,10.6168,
0.0113636,0.011264,0.0454545,0.011264,0.181818,0.011264,0.666667,0.012288,2.90909,0.011264,10.6667,0.012288,42.6667,0.012288,146.286,0.014336,431.158,0.019456,163.84,0.2048,775.574,0.173056,814.112,0.659456,812.535,2.64294,808.696,10.622,
0.0104167,0.012288,0.0454545,0.011264,0.166667,0.012288,0.727273,0.011264,2.90909,0.011264,10.6667,0.012288,42.6667,0.012288,146.286,0.014336,431.158,0.019456,618.264,0.054272,771.012,0.17408,815.378,0.658432,812.535,2.64294,808.852,10.6199,
0.0113636,0.011264,0.0416667,0.012288,0.2,0.01024,0.727273,0.011264,2.90909,0.011264,11.6364,0.011264,42.6667,0.012288,157.538,0.013312,409.6,0.02048,642.51,0.052224,762.047,0.176128,812.85,0.66048,812.535,2.64294,808.93,10.6189,
0.0104167,0.012288,0.0454545,0.011264,0.181818,0.011264,0.727273,0.011264,2.90909,0.011264,11.6364,0.011264,39.3846,0.013312,146.286,0.014336,431.158,0.019456,642.51,0.052224,771.012,0.17408,811.591,0.661504,812.85,2.64192,808.852,10.6199,
0.00568182,0.022528,0.0416667,0.012288,0.181818,0.011264,0.666667,0.012288,2.90909,0.011264,11.6364,0.011264,42.6667,0.012288,157.538,0.013312,431.158,0.019456,642.51,0.052224,766.503,0.175104,814.112,0.659456,813.48,2.63987,808.852,10.6199,
0.0104167,0.012288,0.0454545,0.011264,0.181818,0.011264,0.727273,0.011264,2.66667,0.012288,11.6364,0.011264,42.6667,0.012288,157.538,0.013312,409.6,0.02048,630.154,0.053248,766.503,0.175104,810.337,0.662528,813.796,2.63885,808.774,10.6209,
0.0113636,0.011264,0.0454545,0.011264,0.181818,0.011264,0.727273,0.011264,2.90909,0.011264,10.6667,0.012288,42.6667,0.012288,157.538,0.013312,409.6,0.02048,630.154,0.053248,748.983,0.1792,810.337,0.662528,812.22,2.64397,808.618,10.623,
0.0113636,0.011264,0.0454545,0.011264,0.166667,0.012288,0.727273,0.011264,2.90909,0.011264,9.84615,0.013312,42.6667,0.012288,157.538,0.013312,431.158,0.019456,642.51,0.052224,771.012,0.17408,806.597,0.6656,812.535,2.64294,808.385,10.626,
0.0113636,0.011264,0.0454545,0.011264,0.181818,0.011264,0.666667,0.012288,2.90909,0.011264,11.6364,0.011264,42.6667,0.012288,157.538,0.013312,431.158,0.019456,642.51,0.052224,771.012,0.17408,810.337,0.662528,812.535,2.64294,808.385,10.626,
0.0104167,0.012288,0.0454545,0.011264,0.181818,0.011264,0.666667,0.012288,2.90909,0.011264,11.6364,0.011264,42.6667,0.012288,157.538,0.013312,431.158,0.019456,642.51,0.052224,775.574,0.173056,812.85,0.66048,812.85,2.64192,808.774,10.6209,
0.0113636,0.011264,0.0454545,0.011264,0.181818,0.011264,0.666667,0.012288,2.66667,0.012288,11.6364,0.011264,42.6667,0.012288,157.538,0.013312,431.158,0.019456,618.264,0.054272,775.574,0.173056,812.85,0.66048,813.796,2.63885,808.541,10.624,
0.0104167,0.012288,0.0384615,0.013312,0.181818,0.011264,0.727273,0.011264,2.90909,0.011264,10.6667,0.012288,42.6667,0.012288,146.286,0.014336,431.158,0.019456,630.154,0.053248,771.012,0.17408,812.85,0.66048,813.165,2.6409,808.852,10.6199,
0.0113636,0.011264,0.0416667,0.012288,0.181818,0.011264,0.666667,0.012288,2.90909,0.011264,11.6364,0.011264,42.6667,0.012288,146.286,0.014336,455.111,0.018432,618.264,0.054272,766.503,0.175104,814.112,0.659456,812.22,2.64397,808.618,10.623,
0.0113636,0.011264,0.0454545,0.011264,0.166667,0.012288,0.727273,0.011264,2.90909,0.011264,11.6364,0.011264,42.6667,0.012288,146.286,0.014336,431.158,0.019456,606.815,0.055296,771.012,0.17408,814.112,0.659456,812.535,2.64294,808.073,10.6301,
0.0125,0.01024,0.0416667,0.012288,0.181818,0.011264,0.727273,0.011264,2.90909,0.011264,11.6364,0.011264,42.6667,0.012288,157.538,0.013312,431.158,0.019456,630.154,0.053248,766.503,0.175104,812.85,0.66048,812.535,2.64294,808.541,10.624,
0.0113636,0.011264,0.0454545,0.011264,0.181818,0.011264,0.8,0.01024,2.90909,0.011264,11.6364,0.011264,46.5455,0.011264,157.538,0.013312,431.158,0.019456,618.264,0.054272,775.574,0.173056,814.112,0.659456,811.591,2.64602,808.463,10.625,
0.0104167,0.012288,0.0454545,0.011264,0.181818,0.011264,0.727273,0.011264,2.66667,0.012288,11.6364,0.011264,42.6667,0.012288,157.538,0.013312,431.158,0.019456,618.264,0.054272,771.012,0.17408,814.112,0.659456,813.796,2.63885,808.541,10.624,
0.0104167,0.012288,0.0333333,0.01536,0.181818,0.011264,0.727273,0.011264,2.90909,0.011264,10.6667,0.012288,42.6667,0.012288,157.538,0.013312,315.077,0.026624,618.264,0.054272,771.012,0.17408,814.112,0.659456,813.48,2.63987,809.242,10.6148,
0.0104167,0.012288,0.0454545,0.011264,0.181818,0.011264,0.727273,0.011264,2.66667,0.012288,10.6667,0.012288,42.6667,0.012288,157.538,0.013312,409.6,0.02048,630.154,0.053248,771.012,0.17408,811.591,0.661504,812.535,2.64294,809.555,10.6107,
0.0113636,0.011264,0.0454545,0.011264,0.181818,0.011264,0.8,0.01024,2.66667,0.012288,10.6667,0.012288,42.6667,0.012288,157.538,0.013312,431.158,0.019456,642.51,0.052224,766.503,0.175104,814.112,0.659456,813.48,2.63987,809.711,10.6086,
0.0113636,0.011264,0.0454545,0.011264,0.181818,0.011264,0.727273,0.011264,2.46154,0.013312,10.6667,0.012288,42.6667,0.012288,157.538,0.013312,431.158,0.019456,630.154,0.053248,771.012,0.17408,816.648,0.657408,812.22,2.64397,809.555,10.6107,
0.00961538,0.013312,0.0454545,0.011264,0.181818,0.011264,0.727273,0.011264,2.90909,0.011264,10.6667,0.012288,42.6667,0.012288,146.286,0.014336,431.158,0.019456,630.154,0.053248,771.012,0.17408,817.922,0.656384,813.165,2.6409,810.024,10.6045,
0.0113636,0.011264,0.0454545,0.011264,0.181818,0.011264,0.727273,0.011264,2.90909,0.011264,10.6667,0.012288,39.3846,0.013312,157.538,0.013312,431.158,0.019456,642.51,0.052224,762.047,0.176128,819.2,0.65536,813.165,2.6409,809.399,10.6127,
0.0113636,0.011264,0.02,0.0256,0.166667,0.012288,0.727273,0.011264,2,0.016384,11.6364,0.011264,42.6667,0.012288,157.538,0.013312,431.158,0.019456,618.264,0.054272,766.503,0.175104,816.648,0.657408,813.165,2.6409,809.086,10.6168,
0.0113636,0.011264,0.0416667,0.012288,0.181818,0.011264,0.727273,0.011264,2.90909,0.011264,11.6364,0.011264,10.0392,0.052224,107.789,0.019456,431.158,0.019456,642.51,0.052224,771.012,0.17408,817.922,0.656384,812.535,2.64294,808.307,10.6271,
0.0104167,0.012288,0.03125,0.016384,0.166667,0.012288,0.727273,0.011264,2.66667,0.012288,11.6364,0.011264,39.3846,0.013312,146.286,0.014336,431.158,0.019456,630.154,0.053248,771.012,0.17408,819.2,0.65536,813.165,2.6409,809.321,10.6138,
0.0113636,0.011264,0.0454545,0.011264,0.181818,0.011264,0.666667,0.012288,2.90909,0.011264,10.6667,0.012288,39.3846,0.013312,157.538,0.013312,431.158,0.019456,630.154,0.053248,771.012,0.17408,817.922,0.656384,812.22,2.64397,809.008,10.6179,
0.0104167,0.012288,0.0454545,0.011264,0.166667,0.012288,0.727273,0.011264,2.90909,0.011264,10.6667,0.012288,42.6667,0.012288,157.538,0.013312,409.6,0.02048,618.264,0.054272,762.047,0.176128,817.922,0.656384,812.85,2.64192,809.008,10.6179,
0.0104167,0.012288,0.0416667,0.012288,0.181818,0.011264,0.727273,0.011264,2.66667,0.012288,10.6667,0.012288,42.6667,0.012288,157.538,0.013312,431.158,0.019456,630.154,0.053248,771.012,0.17408,819.2,0.65536,813.48,2.63987,808.93,10.6189,
0.0104167,0.012288,0.0454545,0.011264,0.181818,0.011264,0.727273,0.011264,2.66667,0.012288,10.6667,0.012288,42.6667,0.012288,157.538,0.013312,431.158,0.019456,642.51,0.052224,771.012,0.17408,817.922,0.656384,813.48,2.63987,809.008,10.6179,
0.0113636,0.011264,0.0454545,0.011264,0.181818,0.011264,0.4,0.02048,2.66667,0.012288,10.6667,0.012288,42.6667,0.012288,146.286,0.014336,409.6,0.02048,630.154,0.053248,766.503,0.175104,819.2,0.65536,813.48,2.63987,808.774,10.6209,
0.0113636,0.011264,0.0454545,0.011264,0.166667,0.012288,0.727273,0.011264,2.90909,0.011264,11.6364,0.011264,42.6667,0.012288,146.286,0.014336,431.158,0.019456,630.154,0.053248,775.574,0.173056,817.922,0.656384,812.535,2.64294,809.242,10.6148,
0.0125,0.01024,0.0416667,0.012288,0.125,0.016384,0.666667,0.012288,2.90909,0.011264,10.6667,0.012288,42.6667,0.012288,157.538,0.013312,431.158,0.019456,606.815,0.055296,771.012,0.17408,817.922,0.656384,812.22,2.64397,809.008,10.6179,
0.0113636,0.011264,0.0454545,0.011264,0.181818,0.011264,0.727273,0.011264,2.66667,0.012288,10.6667,0.012288,42.6667,0.012288,157.538,0.013312,409.6,0.02048,606.815,0.055296,771.012,0.17408,819.2,0.65536,812.85,2.64192,809.321,10.6138,
0.0104167,0.012288,0.0416667,0.012288,0.181818,0.011264,0.444444,0.018432,2.66667,0.012288,10.6667,0.012288,46.5455,0.011264,157.538,0.013312,409.6,0.02048,630.154,0.053248,771.012,0.17408,819.2,0.65536,812.22,2.64397,809.086,10.6168,
0.0113636,0.011264,0.0454545,0.011264,0.181818,0.011264,0.727273,0.011264,2.66667,0.012288,10.6667,0.012288,42.6667,0.012288,146.286,0.014336,409.6,0.02048,618.264,0.054272,771.012,0.17408,820.482,0.654336,813.796,2.63885,809.242,10.6148,
0.00961538,0.013312,0.0416667,0.012288,0.181818,0.011264,0.727273,0.011264,2.66667,0.012288,11.6364,0.011264,42.6667,0.012288,157.538,0.013312,431.158,0.019456,606.815,0.055296,771.012,0.17408,820.482,0.654336,813.48,2.63987,808.618,10.623,
0.0104167,0.012288,0.0454545,0.011264,0.181818,0.011264,0.727273,0.011264,2.90909,0.011264,11.6364,0.011264,42.6667,0.012288,157.538,0.013312,431.158,0.019456,630.154,0.053248,766.503,0.175104,819.2,0.65536,811.906,2.64499,809.086,10.6168,
0.0104167,0.012288,0.0454545,0.011264,0.181818,0.011264,0.666667,0.012288,2.66667,0.012288,11.6364,0.011264,42.6667,0.012288,157.538,0.013312,431.158,0.019456,642.51,0.052224,775.574,0.173056,816.648,0.657408,812.535,2.64294,809.321,10.6138,
0.0113636,0.011264,0.0454545,0.011264,0.166667,0.012288,0.727273,0.011264,2.66667,0.012288,10.6667,0.012288,46.5455,0.011264,146.286,0.014336,431.158,0.019456,630.154,0.053248,771.012,0.17408,816.648,0.657408,810.964,2.64806,808.93,10.6189,
0.0113636,0.011264,0.0416667,0.012288,0.181818,0.011264,0.666667,0.012288,2.66667,0.012288,6.73684,0.019456,42.6667,0.012288,146.286,0.014336,431.158,0.019456,642.51,0.052224,775.574,0.173056,816.648,0.657408,813.165,2.6409,808.93,10.6189,
0.0113636,0.011264,0.0454545,0.011264,0.166667,0.012288,0.727273,0.011264,2.90909,0.011264,10.6667,0.012288,42.6667,0.012288,146.286,0.014336,431.158,0.019456,642.51,0.052224,784.862,0.171008,817.922,0.656384,813.796,2.63885,809.086,10.6168,
0.0113636,0.011264,0.0454545,0.011264,0.181818,0.011264,0.727273,0.011264,2.66667,0.012288,10.6667,0.012288,42.6667,0.012288,146.286,0.014336,431.158,0.019456,618.264,0.054272,784.862,0.171008,820.482,0.654336,813.165,2.6409,808.852,10.6199,
0.0113636,0.011264,0.0454545,0.011264,0.181818,0.011264,0.8,0.01024,2.66667,0.012288,11.6364,0.011264,46.5455,0.011264,146.286,0.014336,409.6,0.02048,618.264,0.054272,780.19,0.172032,817.922,0.656384,812.22,2.64397,808.852,10.6199,
0.0113636,0.011264,0.0454545,0.011264,0.181818,0.011264,0.727273,0.011264,2.66667,0.012288,11.6364,0.011264,42.6667,0.012288,157.538,0.013312,431.158,0.019456,630.154,0.053248,766.503,0.175104,820.482,0.654336,811.906,2.64499,809.164,10.6158,
0.0113636,0.011264,0.05,0.01024,0.181818,0.011264,0.8,0.01024,2.66667,0.012288,11.6364,0.011264,42.6667,0.012288,157.538,0.013312,455.111,0.018432,618.264,0.054272,780.19,0.172032,819.2,0.65536,812.535,2.64294,809.321,10.6138,
0.0125,0.01024,0.0454545,0.011264,0.181818,0.011264,0.727273,0.011264,2.66667,0.012288,11.6364,0.011264,42.6667,0.012288,146.286,0.014336,455.111,0.018432,618.264,0.054272,780.19,0.172032,817.922,0.656384,812.85,2.64192,809.164,10.6158,
0.0104167,0.012288,0.0454545,0.011264,0.181818,0.011264,0.727273,0.011264,2.90909,0.011264,11.6364,0.011264,42.6667,0.012288,157.538,0.013312,431.158,0.019456,642.51,0.052224,780.19,0.172032,817.922,0.656384,813.796,2.63885,809.321,10.6138,
0.0113636,0.011264,0.0416667,0.012288,0.181818,0.011264,0.666667,0.012288,2.66667,0.012288,11.6364,0.011264,42.6667,0.012288,157.538,0.013312,455.111,0.018432,630.154,0.053248,775.574,0.173056,820.482,0.654336,813.48,2.63987,809.868,10.6066,
0.0113636,0.011264,0.0454545,0.011264,0.181818,0.011264,0.727273,0.011264,2.66667,0.012288,10.6667,0.012288,39.3846,0.013312,157.538,0.013312,431.158,0.019456,630.154,0.053248,775.574,0.173056,820.482,0.654336,812.22,2.64397,810.259,10.6015,
0.0113636,0.011264,0.0454545,0.011264,0.181818,0.011264,0.666667,0.012288,2.66667,0.012288,10.6667,0.012288,42.6667,0.012288,157.538,0.013312,431.158,0.019456,618.264,0.054272,784.862,0.171008,817.922,0.656384,813.165,2.6409,810.885,10.5933,
0.0113636,0.011264,0.0416667,0.012288,0.181818,0.011264,0.666667,0.012288,2.90909,0.011264,10.6667,0.012288,42.6667,0.012288,157.538,0.013312,409.6,0.02048,642.51,0.052224,775.574,0.173056,817.922,0.656384,813.165,2.6409,811.356,10.5871,
0.0104167,0.012288,0.0454545,0.011264,0.181818,0.011264,0.666667,0.012288,2.90909,0.011264,11.6364,0.011264,46.5455,0.011264,157.538,0.013312,431.158,0.019456,642.51,0.052224,784.862,0.171008,817.922,0.656384,812.85,2.64192,810.65,10.5964,
0.0104167,0.012288,0.0454545,0.011264,0.181818,0.011264,0.727273,0.011264,2.90909,0.011264,10.6667,0.012288,42.6667,0.012288,157.538,0.013312,431.158,0.019456,606.815,0.055296,784.862,0.171008,817.922,0.656384,813.165,2.6409,811.12,10.5902,
0.0113636,0.011264,0.0416667,0.012288,0.181818,0.011264,0.727273,0.011264,2.90909,0.011264,11.6364,0.011264,42.6667,0.012288,146.286,0.014336,431.158,0.019456,618.264,0.054272,780.19,0.172032,819.2,0.65536,813.48,2.63987,811.042,10.5912,
0.0113636,0.011264,0.0454545,0.011264,0.166667,0.012288,0.727273,0.011264,2.90909,0.011264,10.6667,0.012288,42.6667,0.012288,157.538,0.013312,455.111,0.018432,618.264,0.054272,771.012,0.17408,819.2,0.65536,812.535,2.64294,810.494,10.5984,
0.0104167,0.012288,0.0416667,0.012288,0.166667,0.012288,0.727273,0.011264,2.66667,0.012288,10.6667,0.012288,46.5455,0.011264,157.538,0.013312,431.158,0.019456,618.264,0.054272,780.19,0.172032,816.648,0.657408,812.535,2.64294,810.65,10.5964,
0.0104167,0.012288,0.0454545,0.011264,0.181818,0.011264,0.727273,0.011264,2.90909,0.011264,10.6667,0.012288,46.5455,0.011264,146.286,0.014336,431.158,0.019456,618.264,0.054272,780.19,0.172032,819.2,0.65536,811.906,2.64499,810.494,10.5984,
0.0125,0.01024,0.0454545,0.011264,0.181818,0.011264,0.666667,0.012288,2.90909,0.011264,11.6364,0.011264,42.6667,0.012288,146.286,0.014336,455.111,0.018432,642.51,0.052224,784.862,0.171008,816.648,0.657408,812.85,2.64192,810.729,10.5953,
0.0104167,0.012288,0.0333333,0.01536,0.166667,0.012288,0.727273,0.011264,2.90909,0.011264,11.6364,0.011264,42.6667,0.012288,146.286,0.014336,431.158,0.019456,630.154,0.053248,780.19,0.172032,819.2,0.65536,813.796,2.63885,810.337,10.6004,
0.0104167,0.012288,0.0454545,0.011264,0.181818,0.011264,0.666667,0.012288,2.66667,0.012288,10.6667,0.012288,39.3846,0.013312,157.538,0.013312,455.111,0.018432,630.154,0.053248,780.19,0.172032,817.922,0.656384,813.165,2.6409,810.259,10.6015,
0.0104167,0.012288,0.0454545,0.011264,0.166667,0.012288,0.666667,0.012288,2.66667,0.012288,10.6667,0.012288,42.6667,0.012288,157.538,0.013312,431.158,0.019456,642.51,0.052224,784.862,0.171008,817.922,0.656384,812.535,2.64294,810.259,10.6015,
0.0113636,0.011264,0.0416667,0.012288,0.181818,0.011264,0.666667,0.012288,2.66667,0.012288,11.6364,0.011264,46.5455,0.011264,157.538,0.013312,431.158,0.019456,642.51,0.052224,775.574,0.173056,819.2,0.65536,812.535,2.64294,809.868,10.6066,
0.0113636,0.011264,0.0454545,0.011264,0.166667,0.012288,0.727273,0.011264,2.90909,0.011264,10.6667,0.012288,42.6667,0.012288,157.538,0.013312,431.158,0.019456,642.51,0.052224,780.19,0.172032,817.922,0.656384,812.22,2.64397,809.789,10.6076,
0.0113636,0.011264,0.0454545,0.011264,0.2,0.01024,0.727273,0.011264,2.66667,0.012288,10.6667,0.012288,42.6667,0.012288,146.286,0.014336,431.158,0.019456,642.51,0.052224,775.574,0.173056,817.922,0.656384,812.535,2.64294,809.164,10.6158,
0.00961538,0.013312,0.0454545,0.011264,0.181818,0.011264,0.727273,0.011264,2.66667,0.012288,10.6667,0.012288,42.6667,0.012288,157.538,0.013312,431.158,0.019456,630.154,0.053248,762.047,0.176128,817.922,0.656384,813.48,2.63987,810.024,10.6045,
0.0113636,0.011264,0.0454545,0.011264,0.181818,0.011264,0.666667,0.012288,2.90909,0.011264,10.6667,0.012288,42.6667,0.012288,157.538,0.013312,431.158,0.019456,630.154,0.053248,766.503,0.175104,819.2,0.65536,812.85,2.64192,809.633,10.6097,
0.0104167,0.012288,0.0454545,0.011264,0.181818,0.011264,0.727273,0.011264,2.90909,0.011264,10.6667,0.012288,42.6667,0.012288,107.789,0.019456,455.111,0.018432,618.264,0.054272,766.503,0.175104,817.922,0.656384,812.22,2.64397,809.633,10.6097,
0.0104167,0.012288,0.0416667,0.012288,0.181818,0.011264,0.666667,0.012288,2.90909,0.011264,10.6667,0.012288,46.5455,0.011264,170.667,0.012288,431.158,0.019456,655.36,0.0512,771.012,0.17408,815.378,0.658432,813.796,2.63885,808.385,10.626,
0.0113636,0.011264,0.0454545,0.011264,0.181818,0.011264,0.727273,0.011264,3.2,0.01024,11.6364,0.011264,46.5455,0.011264,170.667,0.012288,455.111,0.018432,655.36,0.0512,753.287,0.178176,817.922,0.656384,814.428,2.6368,809.321,10.6138,
0.0113636,0.011264,0.0454545,0.011264,0.181818,0.011264,0.727273,0.011264,2.90909,0.011264,11.6364,0.011264,46.5455,0.011264,170.667,0.012288,455.111,0.018432,655.36,0.0512,775.574,0.173056,817.922,0.656384,814.744,2.63578,809.164,10.6158,
0.0113636,0.011264,0.05,0.01024,0.181818,0.011264,0.727273,0.011264,3.2,0.01024,10.6667,0.012288,46.5455,0.011264,170.667,0.012288,431.158,0.019456,655.36,0.0512,766.503,0.175104,819.2,0.65536,814.428,2.6368,809.008,10.6179,
0.0104167,0.012288,0.0454545,0.011264,0.2,0.01024,0.727273,0.011264,2.90909,0.011264,10.6667,0.012288,42.6667,0.012288,170.667,0.012288,455.111,0.018432,655.36,0.0512,771.012,0.17408,819.2,0.65536,814.744,2.63578,809.164,10.6158,
0.0113636,0.011264,0.0454545,0.011264,0.181818,0.011264,0.727273,0.011264,2.90909,0.011264,10.6667,0.012288,46.5455,0.011264,157.538,0.013312,431.158,0.019456,668.735,0.050176,766.503,0.175104,817.922,0.656384,814.428,2.6368,808.774,10.6209,
0.0113636,0.011264,0.0416667,0.012288,0.166667,0.012288,0.727273,0.011264,2.90909,0.011264,11.6364,0.011264,46.5455,0.011264,157.538,0.013312,455.111,0.018432,668.735,0.050176,771.012,0.17408,816.648,0.657408,815.061,2.63475,809.086,10.6168,
0.0113636,0.011264,0.0454545,0.011264,0.2,0.01024,0.727273,0.011264,3.2,0.01024,11.6364,0.011264,46.5455,0.011264,170.667,0.012288,455.111,0.018432,642.51,0.052224,771.012,0.17408,815.378,0.658432,814.428,2.6368,809.086,10.6168,
0.0113636,0.011264,0.05,0.01024,0.2,0.01024,0.727273,0.011264,2.90909,0.011264,11.6364,0.011264,46.5455,0.011264,170.667,0.012288,455.111,0.018432,642.51,0.052224,766.503,0.175104,816.648,0.657408,814.428,2.6368,808.93,10.6189,
0.0104167,0.012288,0.0454545,0.011264,0.181818,0.011264,0.8,0.01024,2.90909,0.011264,11.6364,0.011264,46.5455,0.011264,170.667,0.012288,455.111,0.018432,642.51,0.052224,775.574,0.173056,820.482,0.654336,814.744,2.63578,809.086,10.6168,
0.0113636,0.011264,0.0454545,0.011264,0.2,0.01024,0.727273,0.011264,2.90909,0.011264,11.6364,0.011264,46.5455,0.011264,170.667,0.012288,455.111,0.018432,630.154,0.053248,771.012,0.17408,819.2,0.65536,814.744,2.63578,809.164,10.6158,
0.0113636,0.011264,0.0454545,0.011264,0.166667,0.012288,0.727273,0.011264,3.2,0.01024,11.6364,0.011264,46.5455,0.011264,170.667,0.012288,431.158,0.019456,630.154,0.053248,775.574,0.173056,817.922,0.656384,814.112,2.63782,808.385,10.626,
0.0104167,0.012288,0.0454545,0.011264,0.2,0.01024,0.727273,0.011264,2.90909,0.011264,11.6364,0.011264,46.5455,0.011264,146.286,0.014336,431.158,0.019456,655.36,0.0512,771.012,0.17408,819.2,0.65536,814.112,2.63782,809.399,10.6127,
0.0104167,0.012288,0.05,0.01024,0.181818,0.011264,0.727273,0.011264,2.90909,0.011264,10.6667,0.012288,46.5455,0.011264,157.538,0.013312,431.158,0.019456,655.36,0.0512,771.012,0.17408,820.482,0.654336,814.428,2.6368,808.93,10.6189,
0.0125,0.01024,0.0454545,0.011264,0.181818,0.011264,0.8,0.01024,2.90909,0.011264,11.6364,0.011264,46.5455,0.011264,170.667,0.012288,455.111,0.018432,642.51,0.052224,771.012,0.17408,817.922,0.656384,814.744,2.63578,809.164,10.6158,
0.0125,0.01024,0.05,0.01024,0.181818,0.011264,0.8,0.01024,2.90909,0.011264,10.6667,0.012288,46.5455,0.011264,157.538,0.013312,455.111,0.018432,668.735,0.050176,766.503,0.175104,819.2,0.65536,815.061,2.63475,809.164,10.6158,
0.0104167,0.012288,0.05,0.01024,0.181818,0.011264,0.727273,0.011264,2.90909,0.011264,10.6667,0.012288,46.5455,0.011264,157.538,0.013312,431.158,0.019456,642.51,0.052224,766.503,0.175104,819.2,0.65536,814.744,2.63578,809.086,10.6168,
0.0113636,0.011264,0.05,0.01024,0.181818,0.011264,0.727273,0.011264,2.90909,0.011264,10.6667,0.012288,46.5455,0.011264,157.538,0.013312,327.68,0.0256,655.36,0.0512,766.503,0.175104,817.922,0.656384,814.428,2.6368,809.086,10.6168,
0.0125,0.01024,0.0454545,0.011264,0.166667,0.012288,0.727273,0.011264,2.90909,0.011264,11.6364,0.011264,42.6667,0.012288,170.667,0.012288,455.111,0.018432,655.36,0.0512,775.574,0.173056,817.922,0.656384,815.061,2.63475,809.242,10.6148,
0.0113636,0.011264,0.05,0.01024,0.2,0.01024,0.727273,0.011264,3.2,0.01024,11.6364,0.011264,46.5455,0.011264,157.538,0.013312,455.111,0.018432,655.36,0.0512,766.503,0.175104,817.922,0.656384,814.744,2.63578,808.852,10.6199,
0.0125,0.01024,0.0454545,0.011264,0.181818,0.011264,0.727273,0.011264,3.2,0.01024,11.6364,0.011264,46.5455,0.011264,170.667,0.012288,431.158,0.019456,668.735,0.050176,775.574,0.173056,817.922,0.656384,814.428,2.6368,809.008,10.6179,
0.0113636,0.011264,0.0454545,0.011264,0.166667,0.012288,0.727273,0.011264,2.90909,0.011264,11.6364,0.011264,46.5455,0.011264,157.538,0.013312,431.158,0.019456,642.51,0.052224,771.012,0.17408,814.112,0.659456,814.428,2.6368,809.086,10.6168,
0.0113636,0.011264,0.0454545,0.011264,0.2,0.01024,0.727273,0.011264,2.90909,0.011264,10.6667,0.012288,46.5455,0.011264,170.667,0.012288,455.111,0.018432,642.51,0.052224,771.012,0.17408,812.85,0.66048,815.061,2.63475,809.555,10.6107,
0.0113636,0.011264,0.0454545,0.011264,0.181818,0.011264,0.727273,0.011264,2.90909,0.011264,10.6667,0.012288,46.5455,0.011264,170.667,0.012288,431.158,0.019456,642.51,0.052224,771.012,0.17408,812.85,0.66048,814.428,2.6368,808.93,10.6189,
0.0113636,0.011264,0.0454545,0.011264,0.2,0.01024,0.666667,0.012288,2.90909,0.011264,11.6364,0.011264,46.5455,0.011264,157.538,0.013312,455.111,0.018432,642.51,0.052224,780.19,0.172032,815.378,0.658432,814.744,2.63578,809.164,10.6158,
0.0113636,0.011264,0.05,0.01024,0.181818,0.011264,0.727273,0.011264,2.90909,0.011264,11.6364,0.011264,46.5455,0.011264,157.538,0.013312,455.111,0.018432,630.154,0.053248,789.59,0.169984,817.922,0.656384,814.744,2.63578,809.086,10.6168,
0.0113636,0.011264,0.05,0.01024,0.166667,0.012288,0.666667,0.012288,2.90909,0.011264,11.6364,0.011264,42.6667,0.012288,157.538,0.013312,455.111,0.018432,630.154,0.053248,780.19,0.172032,816.648,0.657408,814.744,2.63578,808.774,10.6209,
0.0113636,0.011264,0.0454545,0.011264,0.181818,0.011264,0.727273,0.011264,2.90909,0.011264,10.6667,0.012288,46.5455,0.011264,157.538,0.013312,431.158,0.019456,642.51,0.052224,784.862,0.171008,817.922,0.656384,814.744,2.63578,809.164,10.6158,
0.0113636,0.011264,0.0454545,0.011264,0.2,0.01024,0.727273,0.011264,3.2,0.01024,11.6364,0.011264,46.5455,0.011264,157.538,0.013312,431.158,0.019456,630.154,0.053248,771.012,0.17408,819.2,0.65536,814.744,2.63578,808.852,10.6199,
0.0113636,0.011264,0.05,0.01024,0.166667,0.012288,0.666667,0.012288,3.2,0.01024,10.6667,0.012288,46.5455,0.011264,170.667,0.012288,431.158,0.019456,655.36,0.0512,780.19,0.172032,817.922,0.656384,813.796,2.63885,808.463,10.625,
0.0113636,0.011264,0.0454545,0.011264,0.181818,0.011264,0.727273,0.011264,2.90909,0.011264,10.6667,0.012288,42.6667,0.012288,157.538,0.013312,431.158,0.019456,618.264,0.054272,789.59,0.169984,819.2,0.65536,814.428,2.6368,809.164,10.6158,
0.0113636,0.011264,0.0454545,0.011264,0.181818,0.011264,0.727273,0.011264,3.2,0.01024,11.6364,0.011264,46.5455,0.011264,170.667,0.012288,455.111,0.018432,630.154,0.053248,775.574,0.173056,816.648,0.657408,814.428,2.6368,808.852,10.6199,
0.0113636,0.011264,0.0416667,0.012288,0.2,0.01024,0.666667,0.012288,2.90909,0.011264,10.6667,0.012288,46.5455,0.011264,170.667,0.012288,431.158,0.019456,618.264,0.054272,780.19,0.172032,812.85,0.66048,814.744,2.63578,808.774,10.6209,
0.0113636,0.011264,0.0454545,0.011264,0.181818,0.011264,0.727273,0.011264,2.90909,0.011264,10.6667,0.012288,46.5455,0.011264,170.667,0.012288,431.158,0.019456,630.154,0.053248,780.19,0.172032,812.85,0.66048,814.744,2.63578,808.93,10.6189,
0.0113636,0.011264,0.0454545,0.011264,0.2,0.01024,0.727273,0.011264,2.90909,0.011264,11.6364,0.011264,46.5455,0.011264,170.667,0.012288,431.158,0.019456,655.36,0.0512,784.862,0.171008,812.85,0.66048,814.428,2.6368,809.164,10.6158,
0.0113636,0.011264,0.0454545,0.011264,0.181818,0.011264,0.533333,0.01536,2.90909,0.011264,11.6364,0.011264,46.5455,0.011264,170.667,0.012288,431.158,0.019456,618.264,0.054272,784.862,0.171008,815.378,0.658432,814.744,2.63578,809.477,10.6117,
0.0113636,0.011264,0.0454545,0.011264,0.181818,0.011264,0.666667,0.012288,2.90909,0.011264,11.6364,0.011264,46.5455,0.011264,170.667,0.012288,455.111,0.018432,618.264,0.054272,784.862,0.171008,816.648,0.657408,815.061,2.63475,809.164,10.6158,
0.0113636,0.011264,0.05,0.01024,0.181818,0.011264,0.727273,0.011264,2.90909,0.011264,11.6364,0.011264,46.5455,0.011264,170.667,0.012288,455.111,0.018432,618.264,0.054272,784.862,0.171008,816.648,0.657408,814.428,2.6368,809.008,10.6179,
0.0113636,0.011264,0.0454545,0.011264,0.181818,0.011264,0.727273,0.011264,2.90909,0.011264,11.6364,0.011264,46.5455,0.011264,170.667,0.012288,455.111,0.018432,606.815,0.055296,784.862,0.171008,816.648,0.657408,814.428,2.6368,809.086,10.6168,
0.0104167,0.012288,0.0454545,0.011264,0.181818,0.011264,0.8,0.01024,3.2,0.01024,11.6364,0.011264,46.5455,0.011264,157.538,0.013312,455.111,0.018432,642.51,0.052224,780.19,0.172032,817.922,0.656384,814.744,2.63578,808.774,10.6209,
0.0113636,0.011264,0.0416667,0.012288,0.181818,0.011264,0.727273,0.011264,3.2,0.01024,12.8,0.01024,46.5455,0.011264,157.538,0.013312,455.111,0.018432,618.264,0.054272,771.012,0.17408,817.922,0.656384,814.428,2.6368,809.008,10.6179,
0.0113636,0.011264,0.05,0.01024,0.181818,0.011264,0.727273,0.011264,3.2,0.01024,11.6364,0.011264,46.5455,0.011264,157.538,0.013312,455.111,0.018432,618.264,0.054272,775.574,0.173056,817.922,0.656384,814.744,2.63578,809.164,10.6158,
0.0113636,0.011264,0.0416667,0.012288,0.181818,0.011264,0.666667,0.012288,2.90909,0.011264,11.6364,0.011264,46.5455,0.011264,157.538,0.013312,431.158,0.019456,618.264,0.054272,771.012,0.17408,817.922,0.656384,815.061,2.63475,809.008,10.6179,
0.0125,0.01024,0.0454545,0.011264,0.166667,0.012288,0.8,0.01024,2.90909,0.011264,11.6364,0.011264,46.5455,0.011264,170.667,0.012288,431.158,0.019456,630.154,0.053248,771.012,0.17408,812.85,0.66048,813.48,2.63987,809.164,10.6158,
0.0113636,0.011264,0.0454545,0.011264,0.181818,0.011264,0.727273,0.011264,2.90909,0.011264,11.6364,0.011264,46.5455,0.011264,157.538,0.013312,455.111,0.018432,642.51,0.052224,771.012,0.17408,812.85,0.66048,814.428,2.6368,809.399,10.6127,
0.0104167,0.012288,0.0454545,0.011264,0.181818,0.011264,0.727273,0.011264,2.90909,0.011264,11.6364,0.011264,46.5455,0.011264,157.538,0.013312,455.111,0.018432,606.815,0.055296,775.574,0.173056,816.648,0.657408,814.428,2.6368,809.086,10.6168,
0.0113636,0.011264,0.0454545,0.011264,0.2,0.01024,0.727273,0.011264,3.2,0.01024,10.6667,0.012288,46.5455,0.011264,170.667,0.012288,431.158,0.019456,606.815,0.055296,766.503,0.175104,816.648,0.657408,815.061,2.63475,809.008,10.6179,
0.0113636,0.011264,0.05,0.01024,0.181818,0.011264,0.571429,0.014336,3.2,0.01024,11.6364,0.011264,46.5455,0.011264,170.667,0.012288,431.158,0.019456,642.51,0.052224,766.503,0.175104,817.922,0.656384,814.744,2.63578,809.242,10.6148,
0.0104167,0.012288,0.0454545,0.011264,0.181818,0.011264,0.727273,0.011264,2.66667,0.012288,11.6364,0.011264,46.5455,0.011264,157.538,0.013312,455.111,0.018432,642.51,0.052224,771.012,0.17408,819.2,0.65536,814.744,2.63578,809.321,10.6138,
0.0113636,0.011264,0.05,0.01024,0.2,0.01024,0.727273,0.011264,2.90909,0.011264,11.6364,0.011264,42.6667,0.012288,146.286,0.014336,431.158,0.019456,630.154,0.053248,775.574,0.173056,819.2,0.65536,814.428,2.6368,809.164,10.6158,
0.0113636,0.011264,0.0416667,0.012288,0.181818,0.011264,0.727273,0.011264,3.2,0.01024,10.6667,0.012288,46.5455,0.011264,157.538,0.013312,431.158,0.019456,630.154,0.053248,771.012,0.17408,817.922,0.656384,815.378,2.63373,809.086,10.6168,
0.0113636,0.011264,0.0454545,0.011264,0.181818,0.011264,0.727273,0.011264,2.90909,0.011264,11.6364,0.011264,42.6667,0.012288,157.538,0.013312,455.111,0.018432,642.51,0.052224,766.503,0.175104,816.648,0.657408,814.744,2.63578,808.618,10.623,
0.0113636,0.011264,0.0454545,0.011264,0.2,0.01024,0.727273,0.011264,2.90909,0.011264,10.6667,0.012288,46.5455,0.011264,170.667,0.012288,341.333,0.024576,642.51,0.052224,766.503,0.175104,812.85,0.66048,814.744,2.63578,809.008,10.6179,
0.0104167,0.012288,0.0454545,0.011264,0.181818,0.011264,0.727273,0.011264,2.90909,0.011264,11.6364,0.011264,46.5455,0.011264,170.667,0.012288,431.158,0.019456,630.154,0.053248,766.503,0.175104,814.112,0.659456,814.744,2.63578,809.164,10.6158,
0.0113636,0.011264,0.0454545,0.011264,0.181818,0.011264,0.666667,0.012288,3.2,0.01024,11.6364,0.011264,46.5455,0.011264,170.667,0.012288,455.111,0.018432,606.815,0.055296,775.574,0.173056,817.922,0.656384,813.796,2.63885,808.463,10.625,
0.0104167,0.012288,0.05,0.01024,0.181818,0.011264,0.727273,0.011264,2.90909,0.011264,10.6667,0.012288,46.5455,0.011264,170.667,0.012288,481.882,0.017408,642.51,0.052224,771.012,0.17408,816.648,0.657408,814.744,2.63578,809.164,10.6158,
0.0125,0.01024,0.0454545,0.011264,0.181818,0.011264,0.727273,0.011264,2.90909,0.011264,10.6667,0.012288,46.5455,0.011264,170.667,0.012288,455.111,0.018432,630.154,0.053248,771.012,0.17408,816.648,0.657408,815.061,2.63475,809.399,10.6127,
0.0113636,0.011264,0.0454545,0.011264,0.2,0.01024,0.8,0.01024,2.90909,0.011264,11.6364,0.011264,42.6667,0.012288,157.538,0.013312,455.111,0.018432,606.815,0.055296,771.012,0.17408,817.922,0.656384,814.744,2.63578,808.93,10.6189,
0.0113636,0.011264,0.0454545,0.011264,0.181818,0.011264,0.8,0.01024,2.66667,0.012288,10.6667,0.012288,42.6667,0.012288,170.667,0.012288,455.111,0.018432,618.264,0.054272,771.012,0.17408,817.922,0.656384,814.428,2.6368,808.541,10.624,
0.0104167,0.012288,0.05,0.01024,0.181818,0.011264,0.727273,0.011264,2.66667,0.012288,11.6364,0.011264,46.5455,0.011264,170.667,0.012288,390.095,0.021504,618.264,0.054272,766.503,0.175104,816.648,0.657408,814.744,2.63578,809.008,10.6179,
0.0113636,0.011264,0.0454545,0.011264,0.166667,0.012288,0.727273,0.011264,2.90909,0.011264,11.6364,0.011264,46.5455,0.011264,146.286,0.014336,455.111,0.018432,618.264,0.054272,771.012,0.17408,819.2,0.65536,814.428,2.6368,808.852,10.6199,
0.0125,0.01024,0.05,0.01024,0.181818,0.011264,0.8,0.01024,2.90909,0.011264,10.6667,0.012288,42.6667,0.012288,157.538,0.013312,431.158,0.019456,630.154,0.053248,766.503,0.175104,814.112,0.659456,814.744,2.63578,809.008,10.6179,
0.0113636,0.011264,0.0454545,0.011264,0.2,0.01024,0.727273,0.011264,2.90909,0.011264,11.6364,0.011264,46.5455,0.011264,157.538,0.013312,455.111,0.018432,618.264,0.054272,780.19,0.172032,811.591,0.661504,815.061,2.63475,808.93,10.6189,
0.0125,0.01024,0.05,0.01024,0.181818,0.011264,0.727273,0.011264,3.2,0.01024,10.6667,0.012288,46.5455,0.011264,170.667,0.012288,455.111,0.018432,642.51,0.052224,766.503,0.175104,811.591,0.661504,815.695,2.6327,808.93,10.6189,
0.0113636,0.011264,0.05,0.01024,0.2,0.01024,0.666667,0.012288,2.90909,0.011264,11.6364,0.011264,46.5455,0.011264,157.538,0.013312,431.158,0.019456,630.154,0.053248,766.503,0.175104,816.648,0.657408,814.112,2.63782,809.086,10.6168,
0.0113636,0.011264,0.05,0.01024,0.181818,0.011264,0.727273,0.011264,2.90909,0.011264,10.6667,0.012288,42.6667,0.012288,170.667,0.012288,431.158,0.019456,630.154,0.053248,775.574,0.173056,816.648,0.657408,814.112,2.63782,809.399,10.6127,
0.0104167,0.012288,0.0416667,0.012288,0.2,0.01024,0.727273,0.011264,2.66667,0.012288,11.6364,0.011264,46.5455,0.011264,157.538,0.013312,455.111,0.018432,630.154,0.053248,771.012,0.17408,817.922,0.656384,814.428,2.6368,808.618,10.623,
0.0113636,0.011264,0.05,0.01024,0.166667,0.012288,0.8,0.01024,3.2,0.01024,11.6364,0.011264,46.5455,0.011264,170.667,0.012288,455.111,0.018432,618.264,0.054272,771.012,0.17408,815.378,0.658432,814.428,2.6368,809.555,10.6107,
0.0113636,0.011264,0.05,0.01024,0.181818,0.011264,0.727273,0.011264,2.66667,0.012288,11.6364,0.011264,46.5455,0.011264,157.538,0.013312,455.111,0.018432,606.815,0.055296,771.012,0.17408,816.648,0.657408,815.061,2.63475,808.774,10.6209,
0.0104167,0.012288,0.0454545,0.011264,0.111111,0.018432,0.727273,0.011264,3.2,0.01024,10.6667,0.012288,46.5455,0.011264,170.667,0.012288,431.158,0.019456,606.815,0.055296,775.574,0.173056,816.648,0.657408,814.112,2.63782,809.008,10.6179,
0.0113636,0.011264,0.05,0.01024,0.181818,0.011264,0.727273,0.011264,2.66667,0.012288,10.6667,0.012288,42.6667,0.012288,157.538,0.013312,455.111,0.018432,618.264,0.054272,766.503,0.175104,819.2,0.65536,814.428,2.6368,808.93,10.6189,
0.0113636,0.011264,0.05,0.01024,0.181818,0.011264,0.727273,0.011264,2.90909,0.011264,11.6364,0.011264,46.5455,0.011264,170.667,0.012288,455.111,0.018432,618.264,0.054272,775.574,0.173056,811.591,0.661504,814.744,2.63578,809.399,10.6127,
0.0113636,0.011264,0.0454545,0.011264,0.166667,0.012288,0.727273,0.011264,2.90909,0.011264,11.6364,0.011264,42.6667,0.012288,170.667,0.012288,455.111,0.018432,630.154,0.053248,771.012,0.17408,810.337,0.662528,814.428,2.6368,809.164,10.6158,
0.0113636,0.011264,0.0454545,0.011264,0.181818,0.011264,0.727273,0.011264,2.66667,0.012288,11.6364,0.011264,39.3846,0.013312,157.538,0.013312,431.158,0.019456,606.815,0.055296,775.574,0.173056,815.378,0.658432,814.428,2.6368,809.008,10.6179,
0.0125,0.01024,0.0454545,0.011264,0.2,0.01024,0.727273,0.011264,2.90909,0.011264,11.6364,0.011264,42.6667,0.012288,157.538,0.013312,431.158,0.019456,606.815,0.055296,766.503,0.175104,817.922,0.656384,814.744,2.63578,809.789,10.6076,
0.0113636,0.011264,0.05,0.01024,0.181818,0.011264,0.8,0.01024,2.66667,0.012288,11.6364,0.011264,46.5455,0.011264,170.667,0.012288,455.111,0.018432,642.51,0.052224,771.012,0.17408,816.648,0.657408,815.378,2.63373,808.93,10.6189,
0.0078125,0.016384,0.05,0.01024,0.2,0.01024,0.727273,0.011264,2.90909,0.011264,10.6667,0.012288,46.5455,0.011264,157.538,0.013312,409.6,0.02048,618.264,0.054272,775.574,0.173056,819.2,0.65536,813.796,2.63885,809.164,10.6158,
0.0113636,0.011264,0.05,0.01024,0.181818,0.011264,0.727273,0.011264,2.90909,0.011264,11.6364,0.011264,42.6667,0.012288,157.538,0.013312,455.111,0.018432,618.264,0.054272,771.012,0.17408,816.648,0.657408,814.428,2.6368,808.852,10.6199,
0.0125,0.01024,0.0454545,0.011264,0.181818,0.011264,0.666667,0.012288,3.2,0.01024,11.6364,0.011264,46.5455,0.011264,170.667,0.012288,431.158,0.019456,618.264,0.054272,771.012,0.17408,815.378,0.658432,815.695,2.6327,808.93,10.6189,
0.0113636,0.011264,0.0454545,0.011264,0.181818,0.011264,0.727273,0.011264,2.90909,0.011264,11.6364,0.011264,42.6667,0.012288,170.667,0.012288,455.111,0.018432,630.154,0.053248,771.012,0.17408,819.2,0.65536,814.112,2.63782,809.868,10.6066,
0.0113636,0.011264,0.0454545,0.011264,0.2,0.01024,0.727273,0.011264,2.90909,0.011264,11.6364,0.011264,42.6667,0.012288,157.538,0.013312,431.158,0.019456,655.36,0.0512,766.503,0.175104,817.922,0.656384,814.744,2.63578,809.789,10.6076,
0.0104167,0.012288,0.05,0.01024,0.166667,0.012288,0.727273,0.011264,3.2,0.01024,11.6364,0.011264,42.6667,0.012288,170.667,0.012288,431.158,0.019456,630.154,0.053248,748.983,0.1792,817.922,0.656384,814.428,2.6368,811.12,10.5902,
0.0113636,0.011264,0.0416667,0.012288,0.166667,0.012288,0.727273,0.011264,2.90909,0.011264,9.84615,0.013312,42.6667,0.012288,157.538,0.013312,431.158,0.019456,630.154,0.053248,771.012,0.17408,811.591,0.661504,814.744,2.63578,810.337,10.6004,
0.0113636,0.011264,0.0454545,0.011264,0.181818,0.011264,0.470588,0.017408,2.90909,0.011264,11.6364,0.011264,46.5455,0.011264,170.667,0.012288,431.158,0.019456,606.815,0.055296,775.574,0.173056,811.591,0.661504,814.744,2.63578,811.12,10.5902,
0.0104167,0.012288,0.0454545,0.011264,0.166667,0.012288,0.727273,0.011264,2.66667,0.012288,10.6667,0.012288,46.5455,0.011264,157.538,0.013312,431.158,0.019456,606.815,0.055296,771.012,0.17408,814.112,0.659456,814.112,2.63782,811.12,10.5902,
0.0104167,0.012288,0.0454545,0.011264,0.181818,0.011264,0.8,0.01024,2.90909,0.011264,11.6364,0.011264,46.5455,0.011264,170.667,0.012288,431.158,0.019456,618.264,0.054272,775.574,0.173056,819.2,0.65536,815.061,2.63475,810.885,10.5933,
0.0113636,0.011264,0.05,0.01024,0.181818,0.011264,0.727273,0.011264,2.66667,0.012288,11.6364,0.011264,42.6667,0.012288,170.667,0.012288,455.111,0.018432,630.154,0.053248,775.574,0.173056,816.648,0.657408,814.744,2.63578,810.729,10.5953,
0.0113636,0.011264,0.05,0.01024,0.181818,0.011264,0.727273,0.011264,2.90909,0.011264,11.6364,0.011264,42.6667,0.012288,170.667,0.012288,431.158,0.019456,618.264,0.054272,771.012,0.17408,815.378,0.658432,814.428,2.6368,810.807,10.5943,
0.0104167,0.012288,0.0454545,0.011264,0.181818,0.011264,0.666667,0.012288,2.66667,0.012288,11.6364,0.011264,46.5455,0.011264,157.538,0.013312,431.158,0.019456,618.264,0.054272,766.503,0.175104,819.2,0.65536,814.428,2.6368,810.102,10.6035,
0.0113636,0.011264,0.0454545,0.011264,0.181818,0.011264,0.727273,0.011264,2.90909,0.011264,11.6364,0.011264,42.6667,0.012288,157.538,0.013312,431.158,0.019456,630.154,0.053248,775.574,0.173056,817.922,0.656384,815.061,2.63475,811.042,10.5912,
0.0113636,0.011264,0.0454545,0.011264,0.181818,0.011264,0.666667,0.012288,2.90909,0.011264,12.8,0.01024,42.6667,0.012288,157.538,0.013312,431.158,0.019456,618.264,0.054272,771.012,0.17408,816.648,0.657408,814.112,2.63782,811.042,10.5912,
0.0113636,0.011264,0.0294118,0.017408,0.181818,0.011264,0.8,0.01024,2.90909,0.011264,11.6364,0.011264,42.6667,0.012288,170.667,0.012288,481.882,0.017408,630.154,0.053248,766.503,0.175104,817.922,0.656384,814.428,2.6368,810.572,10.5974,
0.0125,0.01024,0.0454545,0.011264,0.181818,0.011264,0.727273,0.011264,2.90909,0.011264,11.6364,0.011264,42.6667,0.012288,157.538,0.013312,431.158,0.019456,618.264,0.054272,771.012,0.17408,812.85,0.66048,814.428,2.6368,810.18,10.6025,
0.0104167,0.012288,0.0416667,0.012288,0.181818,0.011264,0.8,0.01024,2.90909,0.011264,10.6667,0.012288,42.6667,0.012288,157.538,0.013312,455.111,0.018432,618.264,0.054272,775.574,0.173056,814.112,0.659456,814.428,2.6368,809.946,10.6056,
0.0113636,0.011264,0.0454545,0.011264,0.181818,0.011264,0.727273,0.011264,2,0.016384,12.8,0.01024,42.6667,0.012288,157.538,0.013312,455.111,0.018432,642.51,0.052224,766.503,0.175104,812.85,0.66048,814.428,2.6368,810.024,10.6045,
0.0113636,0.011264,0.0454545,0.011264,0.181818,0.011264,0.8,0.01024,2.66667,0.012288,11.6364,0.011264,46.5455,0.011264,157.538,0.013312,431.158,0.019456,642.51,0.052224,762.047,0.176128,817.922,0.656384,814.428,2.6368,809.633,10.6097,
0.0113636,0.011264,0.0454545,0.011264,0.181818,0.011264,0.727273,0.011264,2.90909,0.011264,11.6364,0.011264,42.6667,0.012288,170.667,0.012288,431.158,0.019456,618.264,0.054272,775.574,0.173056,817.922,0.656384,814.744,2.63578,810.102,10.6035,
0.0104167,0.012288,0.0454545,0.011264,0.166667,0.012288,0.8,0.01024,2.90909,0.011264,11.6364,0.011264,46.5455,0.011264,157.538,0.013312,431.158,0.019456,642.51,0.052224,771.012,0.17408,817.922,0.656384,813.796,2.63885,809.868,10.6066,
0.0113636,0.011264,0.0454545,0.011264,0.2,0.01024,0.666667,0.012288,2.90909,0.011264,11.6364,0.011264,42.6667,0.012288,170.667,0.012288,431.158,0.019456,642.51,0.052224,771.012,0.17408,816.648,0.657408,815.061,2.63475,809.789,10.6076,
0.0113636,0.011264,0.0454545,0.011264,0.181818,0.011264,0.727273,0.011264,2.90909,0.011264,11.6364,0.011264,46.5455,0.011264,157.538,0.013312,431.158,0.019456,630.154,0.053248,766.503,0.175104,817.922,0.656384,814.112,2.63782,810.337,10.6004,
0.0104167,0.012288,0.0416667,0.012288,0.2,0.01024,0.727273,0.011264,2.90909,0.011264,11.6364,0.011264,42.6667,0.012288,157.538,0.013312,409.6,0.02048,668.735,0.050176,757.642,0.177152,823.058,0.652288,810.65,2.64909,808.93,10.6189,
0.0104167,0.012288,0.05,0.01024,0.181818,0.011264,0.727273,0.011264,2.90909,0.011264,11.6364,0.011264,46.5455,0.011264,157.538,0.013312,455.111,0.018432,655.36,0.0512,771.012,0.17408,821.768,0.653312,811.906,2.64499,809.164,10.6158,
0.0113636,0.011264,0.0357143,0.014336,0.181818,0.011264,0.727273,0.011264,2.90909,0.011264,11.6364,0.011264,46.5455,0.011264,157.538,0.013312,431.158,0.019456,655.36,0.0512,775.574,0.173056,823.058,0.652288,811.906,2.64499,808.151,10.6291,
0.0113636,0.011264,0.0454545,0.011264,0.181818,0.011264,0.727273,0.011264,2.90909,0.011264,11.6364,0.011264,46.5455,0.011264,157.538,0.013312,431.158,0.019456,655.36,0.0512,780.19,0.172032,824.352,0.651264,811.591,2.64602,809.242,10.6148,
0.0104167,0.012288,0.0454545,0.011264,0.2,0.01024,0.666667,0.012288,2.90909,0.011264,11.6364,0.011264,46.5455,0.011264,157.538,0.013312,431.158,0.019456,655.36,0.0512,780.19,0.172032,824.352,0.651264,811.277,2.64704,808.93,10.6189,
0.0104167,0.012288,0.05,0.01024,0.181818,0.011264,0.8,0.01024,2.90909,0.011264,11.6364,0.011264,42.6667,0.012288,157.538,0.013312,431.158,0.019456,642.51,0.052224,780.19,0.172032,823.058,0.652288,811.591,2.64602,808.463,10.625,
0.0113636,0.011264,0.0454545,0.011264,0.181818,0.011264,0.727273,0.011264,2.90909,0.011264,11.6364,0.011264,42.6667,0.012288,157.538,0.013312,431.158,0.019456,642.51,0.052224,780.19,0.172032,824.352,0.651264,812.22,2.64397,809.164,10.6158,
0.0113636,0.011264,0.0454545,0.011264,0.181818,0.011264,0.727273,0.011264,2.90909,0.011264,11.6364,0.011264,46.5455,0.011264,157.538,0.013312,455.111,0.018432,642.51,0.052224,789.59,0.169984,825.65,0.65024,811.906,2.64499,809.086,10.6168,
0.0113636,0.011264,0.0454545,0.011264,0.181818,0.011264,0.727273,0.011264,2.66667,0.012288,12.8,0.01024,46.5455,0.011264,157.538,0.013312,431.158,0.019456,642.51,0.052224,775.574,0.173056,823.058,0.652288,812.22,2.64397,808.774,10.6209,
0.0104167,0.012288,0.0454545,0.011264,0.181818,0.011264,0.727273,0.011264,2.90909,0.011264,11.6364,0.011264,42.6667,0.012288,157.538,0.013312,431.158,0.019456,630.154,0.053248,789.59,0.169984,823.058,0.652288,812.535,2.64294,809.399,10.6127,
0.0113636,0.011264,0.0454545,0.011264,0.181818,0.011264,0.727273,0.011264,2.90909,0.011264,11.6364,0.011264,42.6667,0.012288,157.538,0.013312,431.158,0.019456,630.154,0.053248,780.19,0.172032,823.058,0.652288,812.535,2.64294,808.774,10.6209,
0.0104167,0.012288,0.0416667,0.012288,0.181818,0.011264,0.727273,0.011264,2.90909,0.011264,11.6364,0.011264,42.6667,0.012288,157.538,0.013312,431.158,0.019456,618.264,0.054272,784.862,0.171008,823.058,0.652288,811.591,2.64602,809.008,10.6179,
0.0113636,0.011264,0.0416667,0.012288,0.2,0.01024,0.727273,0.011264,2.90909,0.011264,11.6364,0.011264,42.6667,0.012288,157.538,0.013312,455.111,0.018432,630.154,0.053248,775.574,0.173056,823.058,0.652288,811.906,2.64499,808.541,10.624,
0.0113636,0.011264,0.0357143,0.014336,0.181818,0.011264,0.666667,0.012288,2.90909,0.011264,11.6364,0.011264,42.6667,0.012288,157.538,0.013312,431.158,0.019456,618.264,0.054272,784.862,0.171008,820.482,0.654336,812.22,2.64397,809.321,10.6138,
0.0125,0.01024,0.0454545,0.011264,0.181818,0.011264,0.727273,0.011264,2.90909,0.011264,11.6364,0.011264,42.6667,0.012288,146.286,0.014336,431.158,0.019456,618.264,0.054272,784.862,0.171008,825.65,0.65024,811.277,2.64704,808.852,10.6199,
0.0125,0.01024,0.05,0.01024,0.181818,0.011264,0.727273,0.011264,2.90909,0.011264,11.6364,0.011264,42.6667,0.012288,146.286,0.014336,455.111,0.018432,642.51,0.052224,780.19,0.172032,823.058,0.652288,811.277,2.64704,808.696,10.622,
0.0113636,0.011264,0.0454545,0.011264,0.181818,0.011264,0.727273,0.011264,2.66667,0.012288,11.6364,0.011264,46.5455,0.011264,146.286,0.014336,455.111,0.018432,618.264,0.054272,784.862,0.171008,823.058,0.652288,812.22,2.64397,809.008,10.6179,
0.0113636,0.011264,0.05,0.01024,0.181818,0.011264,0.8,0.01024,2.66667,0.012288,11.6364,0.011264,46.5455,0.011264,157.538,0.013312,431.158,0.019456,630.154,0.053248,784.862,0.171008,821.768,0.653312,811.906,2.64499,809.008,10.6179,
0.0113636,0.011264,0.0454545,0.011264,0.2,0.01024,0.727273,0.011264,2.90909,0.011264,11.6364,0.011264,46.5455,0.011264,170.667,0.012288,455.111,0.018432,642.51,0.052224,775.574,0.173056,823.058,0.652288,812.22,2.64397,808.852,10.6199,
0.0113636,0.011264,0.05,0.01024,0.181818,0.011264,0.727273,0.011264,2.90909,0.011264,11.6364,0.011264,46.5455,0.011264,157.538,0.013312,455.111,0.018432,642.51,0.052224,784.862,0.171008,821.768,0.653312,811.906,2.64499,809.242,10.6148,
0.0113636,0.011264,0.0454545,0.011264,0.181818,0.011264,0.727273,0.011264,2.66667,0.012288,11.6364,0.011264,46.5455,0.011264,170.667,0.012288,455.111,0.018432,630.154,0.053248,775.574,0.173056,821.768,0.653312,811.591,2.64602,808.852,10.6199,
0.0113636,0.011264,0.0454545,0.011264,0.181818,0.011264,0.727273,0.011264,2.90909,0.011264,11.6364,0.011264,46.5455,0.011264,136.533,0.01536,431.158,0.019456,642.51,0.052224,775.574,0.173056,821.768,0.653312,810.65,2.64909,809.086,10.6168,
0.0125,0.01024,0.0454545,0.011264,0.2,0.01024,0.8,0.01024,2.90909,0.011264,10.6667,0.012288,46.5455,0.011264,157.538,0.013312,431.158,0.019456,642.51,0.052224,766.503,0.175104,824.352,0.651264,811.906,2.64499,809.008,10.6179,
0.0113636,0.011264,0.0454545,0.011264,0.181818,0.011264,0.727273,0.011264,2.90909,0.011264,10.6667,0.012288,42.6667,0.012288,157.538,0.013312,431.158,0.019456,630.154,0.053248,757.642,0.177152,823.058,0.652288,811.906,2.64499,808.852,10.6199,
0.0125,0.01024,0.0454545,0.011264,0.181818,0.011264,0.727273,0.011264,2.90909,0.011264,9.84615,0.013312,28.4444,0.018432,157.538,0.013312,431.158,0.019456,630.154,0.053248,771.012,0.17408,823.058,0.652288,811.277,2.64704,808.93,10.6189,
0.0113636,0.011264,0.0454545,0.011264,0.181818,0.011264,0.727273,0.011264,2.66667,0.012288,10.6667,0.012288,42.6667,0.012288,120.471,0.017408,431.158,0.019456,642.51,0.052224,766.503,0.175104,825.65,0.65024,811.906,2.64499,809.321,10.6138,
0.0125,0.01024,0.0454545,0.011264,0.181818,0.011264,0.666667,0.012288,2.90909,0.011264,11.6364,0.011264,34.1333,0.01536,157.538,0.013312,455.111,0.018432,606.815,0.055296,766.503,0.175104,820.482,0.654336,812.22,2.64397,809.242,10.6148,
0.0113636,0.011264,0.0454545,0.011264,0.181818,0.011264,0.727273,0.011264,2.90909,0.011264,10.6667,0.012288,42.6667,0.012288,146.286,0.014336,455.111,0.018432,642.51,0.052224,762.047,0.176128,823.058,0.652288,811.591,2.64602,808.618,10.623,
0.0125,0.01024,0.0454545,0.011264,0.181818,0.011264,0.727273,0.011264,2.90909,0.011264,10.6667,0.012288,42.6667,0.012288,157.538,0.013312,455.111,0.018432,630.154,0.053248,771.012,0.17408,823.058,0.652288,811.906,2.64499,808.93,10.6189,
0.0113636,0.011264,0.05,0.01024,0.181818,0.011264,0.8,0.01024,2.90909,0.011264,10.6667,0.012288,42.6667,0.012288,157.538,0.013312,431.158,0.019456,630.154,0.053248,771.012,0.17408,821.768,0.653312,811.277,2.64704,809.242,10.6148,
0.0125,0.01024,0.0454545,0.011264,0.181818,0.011264,0.727273,0.011264,2.90909,0.011264,11.6364,0.011264,42.6667,0.012288,157.538,0.013312,431.158,0.019456,618.264,0.054272,775.574,0.173056,824.352,0.651264,811.906,2.64499,809.086,10.6168,
0.0113636,0.011264,0.0454545,0.011264,0.181818,0.011264,0.727273,0.011264,2.90909,0.011264,11.6364,0.011264,42.6667,0.012288,157.538,0.013312,431.158,0.019456,630.154,0.053248,771.012,0.17408,823.058,0.652288,811.591,2.64602,809.321,10.6138,
0.0113636,0.011264,0.0416667,0.012288,0.2,0.01024,0.727273,0.011264,2.90909,0.011264,11.6364,0.011264,46.5455,0.011264,157.538,0.013312,431.158,0.019456,618.264,0.054272,775.574,0.173056,821.768,0.653312,811.906,2.64499,809.242,10.6148,
0.0113636,0.011264,0.0454545,0.011264,0.181818,0.011264,0.727273,0.011264,2.90909,0.011264,11.6364,0.011264,42.6667,0.012288,157.538,0.013312,431.158,0.019456,618.264,0.054272,771.012,0.17408,824.352,0.651264,812.85,2.64192,809.086,10.6168,
0.0113636,0.011264,0.0454545,0.011264,0.181818,0.011264,0.727273,0.011264,2.66667,0.012288,10.6667,0.012288,42.6667,0.012288,157.538,0.013312,409.6,0.02048,618.264,0.054272,771.012,0.17408,821.768,0.653312,812.535,2.64294,808.93,10.6189,
0.0113636,0.011264,0.0454545,0.011264,0.181818,0.011264,0.727273,0.011264,2.90909,0.011264,10.6667,0.012288,39.3846,0.013312,146.286,0.014336,431.158,0.019456,630.154,0.053248,775.574,0.173056,823.058,0.652288,813.165,2.6409,809.399,10.6127,
0.0113636,0.011264,0.0416667,0.012288,0.181818,0.011264,0.666667,0.012288,2.90909,0.011264,11.6364,0.011264,39.3846,0.013312,157.538,0.013312,455.111,0.018432,630.154,0.053248,771.012,0.17408,823.058,0.652288,812.535,2.64294,809.008,10.6179,
0.00735294,0.017408,0.0454545,0.011264,0.181818,0.011264,0.727273,0.011264,2.90909,0.011264,11.6364,0.011264,42.6667,0.012288,157.538,0.013312,455.111,0.018432,642.51,0.052224,766.503,0.175104,820.482,0.654336,813.48,2.63987,809.242,10.6148,
0.0113636,0.011264,0.0454545,0.011264,0.181818,0.011264,0.727273,0.011264,2.66667,0.012288,11.6364,0.011264,46.5455,0.011264,157.538,0.013312,431.158,0.019456,165.495,0.202752,771.012,0.17408,819.2,0.65536,812.85,2.64192,809.555,10.6107,
0.0113636,0.011264,0.0454545,0.011264,0.181818,0.011264,0.8,0.01024,2.90909,0.011264,10.6667,0.012288,42.6667,0.012288,157.538,0.013312,455.111,0.018432,630.154,0.053248,762.047,0.176128,820.482,0.654336,813.48,2.63987,808.852,10.6199,
0.0125,0.01024,0.0454545,0.011264,0.181818,0.011264,0.8,0.01024,2.46154,0.013312,9.14286,0.014336,42.6667,0.012288,157.538,0.013312,431.158,0.019456,630.154,0.053248,766.503,0.175104,823.058,0.652288,811.906,2.64499,809.008,10.6179,
0.0113636,0.011264,0.05,0.01024,0.181818,0.011264,0.8,0.01024,2.90909,0.011264,10.6667,0.012288,39.3846,0.013312,157.538,0.013312,431.158,0.019456,630.154,0.053248,771.012,0.17408,820.482,0.654336,809.399,2.65318,809.321,10.6138,
0.0113636,0.011264,0.0454545,0.011264,0.181818,0.011264,0.666667,0.012288,2.90909,0.011264,11.6364,0.011264,42.6667,0.012288,170.667,0.012288,455.111,0.018432,642.51,0.052224,771.012,0.17408,825.65,0.65024,810.024,2.65114,808.852,10.6199,
0.0113636,0.011264,0.05,0.01024,0.181818,0.011264,0.666667,0.012288,2.66667,0.012288,10.6667,0.012288,42.6667,0.012288,157.538,0.013312,431.158,0.019456,642.51,0.052224,771.012,0.17408,820.482,0.654336,812.85,2.64192,809.164,10.6158,
0.0113636,0.011264,0.05,0.01024,0.2,0.01024,0.727273,0.011264,3.2,0.01024,10.6667,0.012288,39.3846,0.013312,157.538,0.013312,431.158,0.019456,630.154,0.053248,766.503,0.175104,824.352,0.651264,812.85,2.64192,809.164,10.6158,
0.0113636,0.011264,0.0454545,0.011264,0.181818,0.011264,0.666667,0.012288,2.90909,0.011264,10.6667,0.012288,42.6667,0.012288,157.538,0.013312,431.158,0.019456,630.154,0.053248,775.574,0.173056,821.768,0.653312,813.48,2.63987,808.93,10.6189,
0.0125,0.01024,0.0454545,0.011264,0.2,0.01024,0.615385,0.013312,2.90909,0.011264,11.6364,0.011264,46.5455,0.011264,157.538,0.013312,431.158,0.019456,630.154,0.053248,771.012,0.17408,821.768,0.653312,814.112,2.63782,809.086,10.6168,
0.0125,0.01024,0.0454545,0.011264,0.181818,0.011264,0.727273,0.011264,2.90909,0.011264,11.6364,0.011264,42.6667,0.012288,157.538,0.013312,431.158,0.019456,630.154,0.053248,766.503,0.175104,819.2,0.65536,814.428,2.6368,808.852,10.6199,
0.0113636,0.011264,0.0454545,0.011264,0.2,0.01024,0.727273,0.011264,2.90909,0.011264,10.6667,0.012288,42.6667,0.012288,157.538,0.013312,455.111,0.018432,618.264,0.054272,771.012,0.17408,810.337,0.662528,815.061,2.63475,809.321,10.6138,
0.0104167,0.012288,0.0454545,0.011264,0.181818,0.011264,0.727273,0.011264,2.90909,0.011264,11.6364,0.011264,34.1333,0.01536,157.538,0.013312,455.111,0.018432,618.264,0.054272,766.503,0.175104,824.352,0.651264,813.796,2.63885,809.242,10.6148,
0.0113636,0.011264,0.0294118,0.017408,0.181818,0.011264,0.615385,0.013312,2.90909,0.011264,10.6667,0.012288,42.6667,0.012288,157.538,0.013312,431.158,0.019456,618.264,0.054272,766.503,0.175104,821.768,0.653312,814.428,2.6368,808.852,10.6199,
0.0113636,0.011264,0.0454545,0.011264,0.181818,0.011264,0.615385,0.013312,2.90909,0.011264,11.6364,0.011264,42.6667,0.012288,157.538,0.013312,431.158,0.019456,564.966,0.059392,771.012,0.17408,821.768,0.653312,814.428,2.6368,808.93,10.6189,
0.0113636,0.011264,0.0454545,0.011264,0.181818,0.011264,0.727273,0.011264,2.66667,0.012288,11.6364,0.011264,39.3846,0.013312,157.538,0.013312,431.158,0.019456,630.154,0.053248,771.012,0.17408,823.058,0.652288,814.428,2.6368,809.008,10.6179,
0.0104167,0.012288,0.05,0.01024,0.181818,0.011264,0.666667,0.012288,2.90909,0.011264,11.6364,0.011264,42.6667,0.012288,157.538,0.013312,431.158,0.019456,618.264,0.054272,766.503,0.175104,824.352,0.651264,814.428,2.6368,809.242,10.6148,
0.0113636,0.011264,0.0454545,0.011264,0.181818,0.011264,0.727273,0.011264,2.90909,0.011264,10.6667,0.012288,42.6667,0.012288,157.538,0.013312,431.158,0.019456,618.264,0.054272,771.012,0.17408,821.768,0.653312,814.428,2.6368,808.93,10.6189,
0.0113636,0.011264,0.0454545,0.011264,0.181818,0.011264,0.727273,0.011264,2.66667,0.012288,11.6364,0.011264,42.6667,0.012288,157.538,0.013312,431.158,0.019456,630.154,0.053248,771.012,0.17408,823.058,0.652288,814.428,2.6368,808.852,10.6199,
0.0113636,0.011264,0.0454545,0.011264,0.181818,0.011264,0.727273,0.011264,2.90909,0.011264,11.6364,0.011264,46.5455,0.011264,157.538,0.013312,455.111,0.018432,618.264,0.054272,766.503,0.175104,823.058,0.652288,814.428,2.6368,808.696,10.622,
0.0113636,0.011264,0.05,0.01024,0.181818,0.011264,0.727273,0.011264,2.90909,0.011264,10.6667,0.012288,42.6667,0.012288,157.538,0.013312,431.158,0.019456,606.815,0.055296,771.012,0.17408,823.058,0.652288,814.744,2.63578,808.93,10.6189,
0.0113636,0.011264,0.0454545,0.011264,0.2,0.01024,0.666667,0.012288,2.66667,0.012288,11.6364,0.011264,42.6667,0.012288,157.538,0.013312,431.158,0.019456,618.264,0.054272,766.503,0.175104,821.768,0.653312,814.744,2.63578,808.852,10.6199,
0.0104167,0.012288,0.0454545,0.011264,0.181818,0.011264,0.727273,0.011264,2.66667,0.012288,11.6364,0.011264,42.6667,0.012288,157.538,0.013312,431.158,0.019456,618.264,0.054272,766.503,0.175104,821.768,0.653312,814.112,2.63782,809.555,10.6107,
0.0113636,0.011264,0.0454545,0.011264,0.181818,0.011264,0.666667,0.012288,2.90909,0.011264,11.6364,0.011264,39.3846,0.013312,146.286,0.014336,431.158,0.019456,618.264,0.054272,775.574,0.173056,820.482,0.654336,813.165,2.6409,808.541,10.624,
0.0104167,0.012288,0.0454545,0.011264,0.181818,0.011264,0.727273,0.011264,2.90909,0.011264,10.6667,0.012288,42.6667,0.012288,146.286,0.014336,431.158,0.019456,642.51,0.052224,740.52,0.181248,823.058,0.652288,814.428,2.6368,809.086,10.6168,
0.0113636,0.011264,0.05,0.01024,0.181818,0.011264,0.666667,0.012288,2.90909,0.011264,10.6667,0.012288,42.6667,0.012288,157.538,0.013312,431.158,0.019456,642.51,0.052224,762.047,0.176128,821.768,0.653312,814.112,2.63782,809.242,10.6148,
0.0113636,0.011264,0.05,0.01024,0.181818,0.011264,0.727273,0.011264,2.90909,0.011264,10.6667,0.012288,42.6667,0.012288,157.538,0.013312,455.111,0.018432,618.264,0.054272,762.047,0.176128,821.768,0.653312,814.112,2.63782,808.93,10.6189,
0.0125,0.01024,0.0454545,0.011264,0.181818,0.011264,0.666667,0.012288,2.90909,0.011264,10.6667,0.012288,42.6667,0.012288,157.538,0.013312,431.158,0.019456,642.51,0.052224,775.574,0.173056,823.058,0.652288,814.112,2.63782,808.618,10.623,
0.0113636,0.011264,0.0454545,0.011264,0.181818,0.011264,0.727273,0.011264,2.90909,0.011264,11.6364,0.011264,46.5455,0.011264,157.538,0.013312,431.158,0.019456,606.815,0.055296,762.047,0.176128,821.768,0.653312,814.428,2.6368,809.164,10.6158,
0.0104167,0.012288,0.0454545,0.011264,0.181818,0.011264,0.727273,0.011264,2.90909,0.011264,11.6364,0.011264,42.6667,0.012288,157.538,0.013312,431.158,0.019456,606.815,0.055296,775.574,0.173056,823.058,0.652288,814.744,2.63578,809.008,10.6179,
0.0113636,0.011264,0.0454545,0.011264,0.2,0.01024,0.727273,0.011264,2.90909,0.011264,10.6667,0.012288,42.6667,0.012288,157.538,0.013312,431.158,0.019456,630.154,0.053248,762.047,0.176128,824.352,0.651264,814.112,2.63782,808.774,10.6209,
0.0113636,0.011264,0.0454545,0.011264,0.181818,0.011264,0.727273,0.011264,2.90909,0.011264,11.6364,0.011264,46.5455,0.011264,157.538,0.013312,431.158,0.019456,606.815,0.055296,762.047,0.176128,825.65,0.65024,814.744,2.63578,808.774,10.6209,
0.0104167,0.012288,0.0454545,0.011264,0.181818,0.011264,0.727273,0.011264,2.90909,0.011264,11.6364,0.011264,39.3846,0.013312,157.538,0.013312,431.158,0.019456,618.264,0.054272,775.574,0.173056,820.482,0.654336,813.165,2.6409,808.93,10.6189,
0.0113636,0.011264,0.0454545,0.011264,0.2,0.01024,0.666667,0.012288,2.90909,0.011264,11.6364,0.011264,42.6667,0.012288,157.538,0.013312,455.111,0.018432,630.154,0.053248,775.574,0.173056,824.352,0.651264,812.85,2.64192,809.242,10.6148,
0.0104167,0.012288,0.0454545,0.011264,0.166667,0.012288,0.727273,0.011264,3.2,0.01024,10.6667,0.012288,42.6667,0.012288,157.538,0.013312,431.158,0.019456,618.264,0.054272,766.503,0.175104,825.65,0.65024,812.22,2.64397,809.086,10.6168,
0.0113636,0.011264,0.0416667,0.012288,0.181818,0.011264,0.727273,0.011264,2.90909,0.011264,11.6364,0.011264,46.5455,0.011264,170.667,0.012288,431.158,0.019456,630.154,0.053248,775.574,0.173056,823.058,0.652288,812.535,2.64294,809.633,10.6097,
0.0104167,0.012288,0.0454545,0.011264,0.166667,0.012288,0.727273,0.011264,2.90909,0.011264,11.6364,0.011264,42.6667,0.012288,157.538,0.013312,431.158,0.019456,630.154,0.053248,766.503,0.175104,823.058,0.652288,812.22,2.64397,809.086,10.6168,
0.0113636,0.011264,0.05,0.01024,0.181818,0.011264,0.666667,0.012288,2.90909,0.011264,11.6364,0.011264,39.3846,0.013312,170.667,0.012288,431.158,0.019456,618.264,0.054272,771.012,0.17408,821.768,0.653312,812.22,2.64397,808.93,10.6189,
0.00961538,0.013312,0.05,0.01024,0.181818,0.011264,0.727273,0.011264,2.90909,0.011264,11.6364,0.011264,46.5455,0.011264,157.538,0.013312,431.158,0.019456,630.154,0.053248,771.012,0.17408,821.768,0.653312,813.165,2.6409,809.321,10.6138,
0.0113636,0.011264,0.0454545,0.011264,0.181818,0.011264,0.727273,0.011264,2.90909,0.011264,10.6667,0.012288,46.5455,0.011264,170.667,0.012288,431.158,0.019456,630.154,0.053248,771.012,0.17408,823.058,0.652288,813.48,2.63987,809.242,10.6148,
0.00833333,0.01536,0.05,0.01024,0.181818,0.011264,0.727273,0.011264,2.66667,0.012288,11.6364,0.011264,46.5455,0.011264,157.538,0.013312,431.158,0.019456,642.51,0.052224,766.503,0.175104,824.352,0.651264,812.535,2.64294,808.93,10.6189,
0.0125,0.01024,0.0454545,0.011264,0.181818,0.011264,0.666667,0.012288,2.90909,0.011264,10.6667,0.012288,42.6667,0.012288,157.538,0.013312,431.158,0.019456,618.264,0.054272,762.047,0.176128,821.768,0.653312,812.535,2.64294,808.852,10.6199,
0.0113636,0.011264,0.0454545,0.011264,0.181818,0.011264,0.470588,0.017408,2.90909,0.011264,10.6667,0.012288,42.6667,0.012288,157.538,0.013312,455.111,0.018432,630.154,0.053248,766.503,0.175104,821.768,0.653312,812.22,2.64397,810.024,10.6045,
0.0113636,0.011264,0.0454545,0.011264,0.181818,0.011264,0.727273,0.011264,2.90909,0.011264,11.6364,0.011264,46.5455,0.011264,170.667,0.012288,431.158,0.019456,642.51,0.052224,771.012,0.17408,823.058,0.652288,813.165,2.6409,810.024,10.6045,
0.0104167,0.012288,0.05,0.01024,0.181818,0.011264,0.8,0.01024,2.66667,0.012288,11.6364,0.011264,42.6667,0.012288,170.667,0.012288,431.158,0.019456,618.264,0.054272,771.012,0.17408,823.058,0.652288,813.165,2.6409,810.572,10.5974,
0.0113636,0.011264,0.0454545,0.011264,0.181818,0.011264,0.727273,0.011264,2.46154,0.013312,11.6364,0.011264,46.5455,0.011264,157.538,0.013312,431.158,0.019456,618.264,0.054272,766.503,0.175104,824.352,0.651264,813.48,2.63987,811.12,10.5902,
0.0113636,0.011264,0.0454545,0.011264,0.181818,0.011264,0.666667,0.012288,2.90909,0.011264,10.6667,0.012288,42.6667,0.012288,157.538,0.013312,431.158,0.019456,618.264,0.054272,771.012,0.17408,821.768,0.653312,812.85,2.64192,810.885,10.5933,
0.00735294,0.017408,0.0454545,0.011264,0.181818,0.011264,0.727273,0.011264,2.90909,0.011264,11.6364,0.011264,42.6667,0.012288,146.286,0.014336,409.6,0.02048,618.264,0.054272,771.012,0.17408,821.768,0.653312,812.85,2.64192,810.572,10.5974,
0.0113636,0.011264,0.05,0.01024,0.181818,0.011264,0.8,0.01024,2.90909,0.011264,11.6364,0.011264,42.6667,0.012288,157.538,0.013312,455.111,0.018432,630.154,0.053248,780.19,0.172032,824.352,0.651264,812.535,2.64294,810.65,10.5964,
0.0125,0.01024,0.0454545,0.011264,0.181818,0.011264,0.727273,0.011264,2.66667,0.012288,11.6364,0.011264,42.6667,0.012288,157.538,0.013312,455.111,0.018432,642.51,0.052224,784.862,0.171008,823.058,0.652288,813.165,2.6409,810.494,10.5984,
0.0104167,0.012288,0.0454545,0.011264,0.181818,0.011264,0.8,0.01024,2.66667,0.012288,10.6667,0.012288,42.6667,0.012288,157.538,0.013312,409.6,0.02048,642.51,0.052224,789.59,0.169984,821.768,0.653312,813.796,2.63885,810.885,10.5933,
0.0113636,0.011264,0.0454545,0.011264,0.181818,0.011264,0.727273,0.011264,2.66667,0.012288,10.6667,0.012288,42.6667,0.012288,146.286,0.014336,431.158,0.019456,630.154,0.053248,784.862,0.171008,821.768,0.653312,812.535,2.64294,810.729,10.5953,
0.0113636,0.011264,0.0454545,0.011264,0.181818,0.011264,0.727273,0.011264,2.90909,0.011264,11.6364,0.011264,42.6667,0.012288,146.286,0.014336,409.6,0.02048,642.51,0.052224,780.19,0.172032,824.352,0.651264,812.535,2.64294,810.18,10.6025,
0.0113636,0.011264,0.0454545,0.011264,0.2,0.01024,0.666667,0.012288,2.90909,0.011264,12.8,0.01024,42.6667,0.012288,157.538,0.013312,431.158,0.019456,618.264,0.054272,771.012,0.17408,824.352,0.651264,812.535,2.64294,810.729,10.5953,
0.0113636,0.011264,0.0454545,0.011264,0.181818,0.011264,0.727273,0.011264,2.90909,0.011264,11.6364,0.011264,42.6667,0.012288,157.538,0.013312,431.158,0.019456,618.264,0.054272,780.19,0.172032,823.058,0.652288,812.85,2.64192,810.885,10.5933,
0.0104167,0.012288,0.0454545,0.011264,0.181818,0.011264,0.727273,0.011264,2.90909,0.011264,11.6364,0.011264,42.6667,0.012288,157.538,0.013312,431.158,0.019456,630.154,0.053248,780.19,0.172032,823.058,0.652288,812.22,2.64397,810.259,10.6015,
0.0104167,0.012288,0.0454545,0.011264,0.181818,0.011264,0.8,0.01024,2.90909,0.011264,10.6667,0.012288,42.6667,0.012288,157.538,0.013312,431.158,0.019456,642.51,0.052224,784.862,0.171008,821.768,0.653312,813.796,2.63885,810.102,10.6035,
0.0113636,0.011264,0.0454545,0.011264,0.181818,0.011264,0.727273,0.011264,2.90909,0.011264,11.6364,0.011264,42.6667,0.012288,157.538,0.013312,431.158,0.019456,618.264,0.054272,784.862,0.171008,823.058,0.652288,812.85,2.64192,809.789,10.6076,
0.0113636,0.011264,0.0416667,0.012288,0.181818,0.011264,0.8,0.01024,3.2,0.01024,11.6364,0.011264,42.6667,0.012288,157.538,0.013312,455.111,0.018432,630.154,0.053248,780.19,0.172032,823.058,0.652288,812.535,2.64294,810.259,10.6015,
0.0113636,0.011264,0.0454545,0.011264,0.181818,0.011264,0.666667,0.012288,2.66667,0.012288,11.6364,0.011264,42.6667,0.012288,170.667,0.012288,431.158,0.019456,630.154,0.053248,780.19,0.172032,823.058,0.652288,812.85,2.64192,810.415,10.5994,
0.0113636,0.011264,0.05,0.01024,0.181818,0.011264,0.666667,0.012288,2.90909,0.011264,10.6667,0.012288,42.6667,0.012288,146.286,0.014336,431.158,0.019456,630.154,0.053248,780.19,0.172032,819.2,0.65536,812.85,2.64192,809.555,10.6107,
0.0113636,0.011264,0.0454545,0.011264,0.2,0.01024,0.727273,0.011264,2.90909,0.011264,11.6364,0.011264,42.6667,0.012288,170.667,0.012288,431.158,0.019456,564.966,0.059392,784.862,0.171008,814.112,0.659456,812.85,2.64192,810.415,10.5994,
0.0113636,0.011264,0.0454545,0.011264,0.181818,0.011264,0.8,0.01024,2.90909,0.011264,11.6364,0.011264,42.6667,0.012288,157.538,0.013312,455.111,0.018432,618.264,0.054272,784.862,0.171008,815.378,0.658432,813.165,2.6409,809.789,10.6076,
